distributor,source,manufacturer,mpn,distributor_pn,material,material_class,shape_family,size_name,price_basis,price_basis_evidence,currency,qty_break,unit_price,is_1pc,applies_to_1000pc_order,min_order_qty,stock,distributor_description,page_url,distributor_link,retrieved,ve_mm3,ve_basis,mass_g,mass_basis,ve_mass_source,material_composition,material_composition_note,fx_usd_per_unit_currency,fx_source,unit_price_usd
"RF Microwave (rf-microwave.com, IT)","distributor product page (quantity price table, VAT status not stated on page)",Fair-Rite,2631803802,,31,MnZn ferrite,T,,per toroid,"toroid; price table ""Price each"" per pcs",EUR,1,7.3500,1,0,,,Ferrite toroids,https://www.rf-microwave.com/en/fair-rite/2631803802/toroid-ft-240-31-for-broadband-emi-filters/ft-240-31/,,2026-09-30T20:24:59Z,,,,,,MnZn,"MAS material ""31""",1.13550,ECB euro reference rate 2026-09-30: 1 EUR = 1.1355 USD; https://www.ecb.europa.eu/stats/eurofxref/eurofxref-daily.xml fetched 2026-09-30T20:12:47Z,8.3459
"RF Microwave (rf-microwave.com, IT)","distributor product page (quantity price table, VAT status not stated on page)",Fair-Rite,2631803802,,31,MnZn ferrite,T,,per toroid,"toroid; price table ""Price each"" per pcs",EUR,5,6.9800,0,1,,,Ferrite toroids,https://www.rf-microwave.com/en/fair-rite/2631803802/toroid-ft-240-31-for-broadband-emi-filters/ft-240-31/,,2026-09-30T20:24:59Z,,,,,,MnZn,"MAS material ""31""",1.13550,ECB euro reference rate 2026-09-30: 1 EUR = 1.1355 USD; https://www.ecb.europa.eu/stats/eurofxref/eurofxref-daily.xml fetched 2026-09-30T20:12:47Z,7.9258
"RF Microwave (rf-microwave.com, IT)","distributor product page (quantity price table, VAT status not stated on page)",Fair-Rite,5975000101,,75,MnZn ferrite,T,,per toroid,"toroid; price table ""Price each"" per pcs",EUR,1,0.2400,1,0,,3130,Ferrite toroids,https://www.rf-microwave.com/en/fair-rite/5975000101/toroid-ft-23-75-for-broadband-emi-filters/ft-23-75/,,2026-09-30T20:25:48Z,27.0,toroid,0.14,per toroid,https://fair-rite.com/product/toroids-5975000101/ (fetched 2026-09-30T20:33:53Z),MnZn,"MAS material ""75""",1.13550,ECB euro reference rate 2026-09-30: 1 EUR = 1.1355 USD; https://www.ecb.europa.eu/stats/eurofxref/eurofxref-daily.xml fetched 2026-09-30T20:12:47Z,0.2725
"RF Microwave (rf-microwave.com, IT)","distributor product page (quantity price table, VAT status not stated on page)",Fair-Rite,5975000101,,75,MnZn ferrite,T,,per toroid,"toroid; price table ""Price each"" per pcs",EUR,50,0.1750,0,0,,3130,Ferrite toroids,https://www.rf-microwave.com/en/fair-rite/5975000101/toroid-ft-23-75-for-broadband-emi-filters/ft-23-75/,,2026-09-30T20:25:48Z,27.0,toroid,0.14,per toroid,https://fair-rite.com/product/toroids-5975000101/ (fetched 2026-09-30T20:33:53Z),MnZn,"MAS material ""75""",1.13550,ECB euro reference rate 2026-09-30: 1 EUR = 1.1355 USD; https://www.ecb.europa.eu/stats/eurofxref/eurofxref-daily.xml fetched 2026-09-30T20:12:47Z,0.1987
"RF Microwave (rf-microwave.com, IT)","distributor product page (quantity price table, VAT status not stated on page)",Fair-Rite,5975000101,,75,MnZn ferrite,T,,per toroid,"toroid; price table ""Price each"" per pcs",EUR,100,0.1340,0,0,,3130,Ferrite toroids,https://www.rf-microwave.com/en/fair-rite/5975000101/toroid-ft-23-75-for-broadband-emi-filters/ft-23-75/,,2026-09-30T20:25:48Z,27.0,toroid,0.14,per toroid,https://fair-rite.com/product/toroids-5975000101/ (fetched 2026-09-30T20:33:53Z),MnZn,"MAS material ""75""",1.13550,ECB euro reference rate 2026-09-30: 1 EUR = 1.1355 USD; https://www.ecb.europa.eu/stats/eurofxref/eurofxref-daily.xml fetched 2026-09-30T20:12:47Z,0.1522
"RF Microwave (rf-microwave.com, IT)","distributor product page (quantity price table, VAT status not stated on page)",Fair-Rite,5975000101,,75,MnZn ferrite,T,,per toroid,"toroid; price table ""Price each"" per pcs",EUR,250,0.1200,0,0,,3130,Ferrite toroids,https://www.rf-microwave.com/en/fair-rite/5975000101/toroid-ft-23-75-for-broadband-emi-filters/ft-23-75/,,2026-09-30T20:25:48Z,27.0,toroid,0.14,per toroid,https://fair-rite.com/product/toroids-5975000101/ (fetched 2026-09-30T20:33:53Z),MnZn,"MAS material ""75""",1.13550,ECB euro reference rate 2026-09-30: 1 EUR = 1.1355 USD; https://www.ecb.europa.eu/stats/eurofxref/eurofxref-daily.xml fetched 2026-09-30T20:12:47Z,0.1363
"RF Microwave (rf-microwave.com, IT)","distributor product page (quantity price table, VAT status not stated on page)",Fair-Rite,5975000101,,75,MnZn ferrite,T,,per toroid,"toroid; price table ""Price each"" per pcs",EUR,500,0.1090,0,0,,3130,Ferrite toroids,https://www.rf-microwave.com/en/fair-rite/5975000101/toroid-ft-23-75-for-broadband-emi-filters/ft-23-75/,,2026-09-30T20:25:48Z,27.0,toroid,0.14,per toroid,https://fair-rite.com/product/toroids-5975000101/ (fetched 2026-09-30T20:33:53Z),MnZn,"MAS material ""75""",1.13550,ECB euro reference rate 2026-09-30: 1 EUR = 1.1355 USD; https://www.ecb.europa.eu/stats/eurofxref/eurofxref-daily.xml fetched 2026-09-30T20:12:47Z,0.1238
"RF Microwave (rf-microwave.com, IT)","distributor product page (quantity price table, VAT status not stated on page)",Fair-Rite,5975000101,,75,MnZn ferrite,T,,per toroid,"toroid; price table ""Price each"" per pcs",EUR,1000,0.0990,0,1,,3130,Ferrite toroids,https://www.rf-microwave.com/en/fair-rite/5975000101/toroid-ft-23-75-for-broadband-emi-filters/ft-23-75/,,2026-09-30T20:25:48Z,27.0,toroid,0.14,per toroid,https://fair-rite.com/product/toroids-5975000101/ (fetched 2026-09-30T20:33:53Z),MnZn,"MAS material ""75""",1.13550,ECB euro reference rate 2026-09-30: 1 EUR = 1.1355 USD; https://www.ecb.europa.eu/stats/eurofxref/eurofxref-daily.xml fetched 2026-09-30T20:12:47Z,0.1124
"RF Microwave (rf-microwave.com, IT)","distributor product page (quantity price table, ""VAT excluded"")",Fair-Rite,5975000201,,75,MnZn ferrite,T,,per toroid,"toroid; price table ""Price each"" per pcs",EUR,1,0.3300,1,0,,182,Ferrite toroids,https://www.rf-microwave.com/en/fair-rite/5975000201/toroid-ft-37-75-for-broadband-emi-filters/ft-37-75/,,2026-09-30T20:25:51Z,150.0,toroid,0.83,per toroid,https://fair-rite.com/product/toroids-5975000201/ (fetched 2026-09-30T20:33:59Z),MnZn,"MAS material ""75""",1.13550,ECB euro reference rate 2026-09-30: 1 EUR = 1.1355 USD; https://www.ecb.europa.eu/stats/eurofxref/eurofxref-daily.xml fetched 2026-09-30T20:12:47Z,0.3747
"RF Microwave (rf-microwave.com, IT)","distributor product page (quantity price table, ""VAT excluded"")",Fair-Rite,5975000201,,75,MnZn ferrite,T,,per toroid,"toroid; price table ""Price each"" per pcs",EUR,50,0.2520,0,0,,182,Ferrite toroids,https://www.rf-microwave.com/en/fair-rite/5975000201/toroid-ft-37-75-for-broadband-emi-filters/ft-37-75/,,2026-09-30T20:25:51Z,150.0,toroid,0.83,per toroid,https://fair-rite.com/product/toroids-5975000201/ (fetched 2026-09-30T20:33:59Z),MnZn,"MAS material ""75""",1.13550,ECB euro reference rate 2026-09-30: 1 EUR = 1.1355 USD; https://www.ecb.europa.eu/stats/eurofxref/eurofxref-daily.xml fetched 2026-09-30T20:12:47Z,0.2861
"RF Microwave (rf-microwave.com, IT)","distributor product page (quantity price table, ""VAT excluded"")",Fair-Rite,5975000201,,75,MnZn ferrite,T,,per toroid,"toroid; price table ""Price each"" per pcs",EUR,100,0.1970,0,0,,182,Ferrite toroids,https://www.rf-microwave.com/en/fair-rite/5975000201/toroid-ft-37-75-for-broadband-emi-filters/ft-37-75/,,2026-09-30T20:25:51Z,150.0,toroid,0.83,per toroid,https://fair-rite.com/product/toroids-5975000201/ (fetched 2026-09-30T20:33:59Z),MnZn,"MAS material ""75""",1.13550,ECB euro reference rate 2026-09-30: 1 EUR = 1.1355 USD; https://www.ecb.europa.eu/stats/eurofxref/eurofxref-daily.xml fetched 2026-09-30T20:12:47Z,0.2237
"RF Microwave (rf-microwave.com, IT)","distributor product page (quantity price table, ""VAT excluded"")",Fair-Rite,5975000201,,75,MnZn ferrite,T,,per toroid,"toroid; price table ""Price each"" per pcs",EUR,250,0.1790,0,0,,182,Ferrite toroids,https://www.rf-microwave.com/en/fair-rite/5975000201/toroid-ft-37-75-for-broadband-emi-filters/ft-37-75/,,2026-09-30T20:25:51Z,150.0,toroid,0.83,per toroid,https://fair-rite.com/product/toroids-5975000201/ (fetched 2026-09-30T20:33:59Z),MnZn,"MAS material ""75""",1.13550,ECB euro reference rate 2026-09-30: 1 EUR = 1.1355 USD; https://www.ecb.europa.eu/stats/eurofxref/eurofxref-daily.xml fetched 2026-09-30T20:12:47Z,0.2033
"RF Microwave (rf-microwave.com, IT)","distributor product page (quantity price table, ""VAT excluded"")",Fair-Rite,5975000201,,75,MnZn ferrite,T,,per toroid,"toroid; price table ""Price each"" per pcs",EUR,500,0.1660,0,0,,182,Ferrite toroids,https://www.rf-microwave.com/en/fair-rite/5975000201/toroid-ft-37-75-for-broadband-emi-filters/ft-37-75/,,2026-09-30T20:25:51Z,150.0,toroid,0.83,per toroid,https://fair-rite.com/product/toroids-5975000201/ (fetched 2026-09-30T20:33:59Z),MnZn,"MAS material ""75""",1.13550,ECB euro reference rate 2026-09-30: 1 EUR = 1.1355 USD; https://www.ecb.europa.eu/stats/eurofxref/eurofxref-daily.xml fetched 2026-09-30T20:12:47Z,0.1885
"RF Microwave (rf-microwave.com, IT)","distributor product page (quantity price table, ""VAT excluded"")",Fair-Rite,5975000201,,75,MnZn ferrite,T,,per toroid,"toroid; price table ""Price each"" per pcs",EUR,1000,0.1540,0,1,,182,Ferrite toroids,https://www.rf-microwave.com/en/fair-rite/5975000201/toroid-ft-37-75-for-broadband-emi-filters/ft-37-75/,,2026-09-30T20:25:51Z,150.0,toroid,0.83,per toroid,https://fair-rite.com/product/toroids-5975000201/ (fetched 2026-09-30T20:33:59Z),MnZn,"MAS material ""75""",1.13550,ECB euro reference rate 2026-09-30: 1 EUR = 1.1355 USD; https://www.ecb.europa.eu/stats/eurofxref/eurofxref-daily.xml fetched 2026-09-30T20:12:47Z,0.1749
"RF Microwave (rf-microwave.com, IT)","distributor product page (quantity price table, ""VAT excluded"")",Fair-Rite,5975000301,,75,MnZn ferrite,T,,per toroid,"toroid; price table ""Price each"" per pcs",EUR,1,0.5200,1,0,,1119,Ferrite toroids,https://www.rf-microwave.com/en/fair-rite/5975000301/toroid-ft-50-75-for-broadband-emi-filters/ft-50-75/,,2026-09-30T20:25:55Z,380.0,toroid,2.0,per toroid,https://fair-rite.com/product/toroids-5975000301/ (fetched 2026-09-30T20:34:02Z),MnZn,"MAS material ""75""",1.13550,ECB euro reference rate 2026-09-30: 1 EUR = 1.1355 USD; https://www.ecb.europa.eu/stats/eurofxref/eurofxref-daily.xml fetched 2026-09-30T20:12:47Z,0.5905
"RF Microwave (rf-microwave.com, IT)","distributor product page (quantity price table, ""VAT excluded"")",Fair-Rite,5975000301,,75,MnZn ferrite,T,,per toroid,"toroid; price table ""Price each"" per pcs",EUR,50,0.4140,0,0,,1119,Ferrite toroids,https://www.rf-microwave.com/en/fair-rite/5975000301/toroid-ft-50-75-for-broadband-emi-filters/ft-50-75/,,2026-09-30T20:25:55Z,380.0,toroid,2.0,per toroid,https://fair-rite.com/product/toroids-5975000301/ (fetched 2026-09-30T20:34:02Z),MnZn,"MAS material ""75""",1.13550,ECB euro reference rate 2026-09-30: 1 EUR = 1.1355 USD; https://www.ecb.europa.eu/stats/eurofxref/eurofxref-daily.xml fetched 2026-09-30T20:12:47Z,0.4701
"RF Microwave (rf-microwave.com, IT)","distributor product page (quantity price table, ""VAT excluded"")",Fair-Rite,5975000301,,75,MnZn ferrite,T,,per toroid,"toroid; price table ""Price each"" per pcs",EUR,100,0.3280,0,0,,1119,Ferrite toroids,https://www.rf-microwave.com/en/fair-rite/5975000301/toroid-ft-50-75-for-broadband-emi-filters/ft-50-75/,,2026-09-30T20:25:55Z,380.0,toroid,2.0,per toroid,https://fair-rite.com/product/toroids-5975000301/ (fetched 2026-09-30T20:34:02Z),MnZn,"MAS material ""75""",1.13550,ECB euro reference rate 2026-09-30: 1 EUR = 1.1355 USD; https://www.ecb.europa.eu/stats/eurofxref/eurofxref-daily.xml fetched 2026-09-30T20:12:47Z,0.3724
"RF Microwave (rf-microwave.com, IT)","distributor product page (quantity price table, ""VAT excluded"")",Fair-Rite,5975000301,,75,MnZn ferrite,T,,per toroid,"toroid; price table ""Price each"" per pcs",EUR,250,0.2990,0,0,,1119,Ferrite toroids,https://www.rf-microwave.com/en/fair-rite/5975000301/toroid-ft-50-75-for-broadband-emi-filters/ft-50-75/,,2026-09-30T20:25:55Z,380.0,toroid,2.0,per toroid,https://fair-rite.com/product/toroids-5975000301/ (fetched 2026-09-30T20:34:02Z),MnZn,"MAS material ""75""",1.13550,ECB euro reference rate 2026-09-30: 1 EUR = 1.1355 USD; https://www.ecb.europa.eu/stats/eurofxref/eurofxref-daily.xml fetched 2026-09-30T20:12:47Z,0.3395
"RF Microwave (rf-microwave.com, IT)","distributor product page (quantity price table, ""VAT excluded"")",Fair-Rite,5975000301,,75,MnZn ferrite,T,,per toroid,"toroid; price table ""Price each"" per pcs",EUR,500,0.2760,0,0,,1119,Ferrite toroids,https://www.rf-microwave.com/en/fair-rite/5975000301/toroid-ft-50-75-for-broadband-emi-filters/ft-50-75/,,2026-09-30T20:25:55Z,380.0,toroid,2.0,per toroid,https://fair-rite.com/product/toroids-5975000301/ (fetched 2026-09-30T20:34:02Z),MnZn,"MAS material ""75""",1.13550,ECB euro reference rate 2026-09-30: 1 EUR = 1.1355 USD; https://www.ecb.europa.eu/stats/eurofxref/eurofxref-daily.xml fetched 2026-09-30T20:12:47Z,0.3134
"RF Microwave (rf-microwave.com, IT)","distributor product page (quantity price table, ""VAT excluded"")",Fair-Rite,5975000301,,75,MnZn ferrite,T,,per toroid,"toroid; price table ""Price each"" per pcs",EUR,1000,0.2560,0,1,,1119,Ferrite toroids,https://www.rf-microwave.com/en/fair-rite/5975000301/toroid-ft-50-75-for-broadband-emi-filters/ft-50-75/,,2026-09-30T20:25:55Z,380.0,toroid,2.0,per toroid,https://fair-rite.com/product/toroids-5975000301/ (fetched 2026-09-30T20:34:02Z),MnZn,"MAS material ""75""",1.13550,ECB euro reference rate 2026-09-30: 1 EUR = 1.1355 USD; https://www.ecb.europa.eu/stats/eurofxref/eurofxref-daily.xml fetched 2026-09-30T20:12:47Z,0.2907
"RF Microwave (rf-microwave.com, IT)","distributor product page (quantity price table, VAT status not stated on page)",Fair-Rite,5975003801,,75,MnZn ferrite,T,,per toroid,"toroid; price table ""Price each"" per pcs",EUR,1,10.7100,1,0,,57,Ferrite toroids,https://www.rf-microwave.com/en/fair-rite/5975003801/toroid-ft-240-75-for-broadband-emi-filters/ft-240-75/,,2026-09-30T20:25:57Z,22800.0,toroid,106.0,per toroid,https://fair-rite.com/product/toroids-5975003801/ (fetched 2026-09-30T20:34:09Z),MnZn,"MAS material ""75""",1.13550,ECB euro reference rate 2026-09-30: 1 EUR = 1.1355 USD; https://www.ecb.europa.eu/stats/eurofxref/eurofxref-daily.xml fetched 2026-09-30T20:12:47Z,12.1612
"RF Microwave (rf-microwave.com, IT)","distributor product page (quantity price table, VAT status not stated on page)",Fair-Rite,5975003801,,75,MnZn ferrite,T,,per toroid,"toroid; price table ""Price each"" per pcs",EUR,5,9.5600,0,0,,57,Ferrite toroids,https://www.rf-microwave.com/en/fair-rite/5975003801/toroid-ft-240-75-for-broadband-emi-filters/ft-240-75/,,2026-09-30T20:25:57Z,22800.0,toroid,106.0,per toroid,https://fair-rite.com/product/toroids-5975003801/ (fetched 2026-09-30T20:34:09Z),MnZn,"MAS material ""75""",1.13550,ECB euro reference rate 2026-09-30: 1 EUR = 1.1355 USD; https://www.ecb.europa.eu/stats/eurofxref/eurofxref-daily.xml fetched 2026-09-30T20:12:47Z,10.8554
"RF Microwave (rf-microwave.com, IT)","distributor product page (quantity price table, VAT status not stated on page)",Fair-Rite,5975003801,,75,MnZn ferrite,T,,per toroid,"toroid; price table ""Price each"" per pcs",EUR,10,8.8500,0,0,,57,Ferrite toroids,https://www.rf-microwave.com/en/fair-rite/5975003801/toroid-ft-240-75-for-broadband-emi-filters/ft-240-75/,,2026-09-30T20:25:57Z,22800.0,toroid,106.0,per toroid,https://fair-rite.com/product/toroids-5975003801/ (fetched 2026-09-30T20:34:09Z),MnZn,"MAS material ""75""",1.13550,ECB euro reference rate 2026-09-30: 1 EUR = 1.1355 USD; https://www.ecb.europa.eu/stats/eurofxref/eurofxref-daily.xml fetched 2026-09-30T20:12:47Z,10.0492
"RF Microwave (rf-microwave.com, IT)","distributor product page (quantity price table, VAT status not stated on page)",Fair-Rite,5975003801,,75,MnZn ferrite,T,,per toroid,"toroid; price table ""Price each"" per pcs",EUR,30,8.3500,0,0,,57,Ferrite toroids,https://www.rf-microwave.com/en/fair-rite/5975003801/toroid-ft-240-75-for-broadband-emi-filters/ft-240-75/,,2026-09-30T20:25:57Z,22800.0,toroid,106.0,per toroid,https://fair-rite.com/product/toroids-5975003801/ (fetched 2026-09-30T20:34:09Z),MnZn,"MAS material ""75""",1.13550,ECB euro reference rate 2026-09-30: 1 EUR = 1.1355 USD; https://www.ecb.europa.eu/stats/eurofxref/eurofxref-daily.xml fetched 2026-09-30T20:12:47Z,9.4814
"RF Microwave (rf-microwave.com, IT)","distributor product page (quantity price table, VAT status not stated on page)",Fair-Rite,5975003801,,75,MnZn ferrite,T,,per toroid,"toroid; price table ""Price each"" per pcs",EUR,50,7.8800,0,1,,57,Ferrite toroids,https://www.rf-microwave.com/en/fair-rite/5975003801/toroid-ft-240-75-for-broadband-emi-filters/ft-240-75/,,2026-09-30T20:25:57Z,22800.0,toroid,106.0,per toroid,https://fair-rite.com/product/toroids-5975003801/ (fetched 2026-09-30T20:34:09Z),MnZn,"MAS material ""75""",1.13550,ECB euro reference rate 2026-09-30: 1 EUR = 1.1355 USD; https://www.ecb.europa.eu/stats/eurofxref/eurofxref-daily.xml fetched 2026-09-30T20:12:47Z,8.9477
"RF Microwave (rf-microwave.com, IT)","distributor product page (quantity price table, VAT status not stated on page)",Fair-Rite,5977000101,,77,MnZn ferrite,T,,per toroid,"toroid; price table ""Price each"" per pcs",EUR,1,0.2200,1,0,,1386,Ferrite toroids,https://www.rf-microwave.com/en/fair-rite/5977000101/toroid-ft-23-77-for-broadband-emi-filters/ft-23-77/,,2026-09-30T20:26:01Z,27.0,toroid,0.14,per toroid,https://fair-rite.com/product/toroids-5977000101/ (fetched 2026-09-30T20:34:11Z),MnZn,"MAS material ""77""",1.13550,ECB euro reference rate 2026-09-30: 1 EUR = 1.1355 USD; https://www.ecb.europa.eu/stats/eurofxref/eurofxref-daily.xml fetched 2026-09-30T20:12:47Z,0.2498
"RF Microwave (rf-microwave.com, IT)","distributor product page (quantity price table, VAT status not stated on page)",Fair-Rite,5977000101,,77,MnZn ferrite,T,,per toroid,"toroid; price table ""Price each"" per pcs",EUR,50,0.1720,0,0,,1386,Ferrite toroids,https://www.rf-microwave.com/en/fair-rite/5977000101/toroid-ft-23-77-for-broadband-emi-filters/ft-23-77/,,2026-09-30T20:26:01Z,27.0,toroid,0.14,per toroid,https://fair-rite.com/product/toroids-5977000101/ (fetched 2026-09-30T20:34:11Z),MnZn,"MAS material ""77""",1.13550,ECB euro reference rate 2026-09-30: 1 EUR = 1.1355 USD; https://www.ecb.europa.eu/stats/eurofxref/eurofxref-daily.xml fetched 2026-09-30T20:12:47Z,0.1953
"RF Microwave (rf-microwave.com, IT)","distributor product page (quantity price table, VAT status not stated on page)",Fair-Rite,5977000101,,77,MnZn ferrite,T,,per toroid,"toroid; price table ""Price each"" per pcs",EUR,100,0.1320,0,0,,1386,Ferrite toroids,https://www.rf-microwave.com/en/fair-rite/5977000101/toroid-ft-23-77-for-broadband-emi-filters/ft-23-77/,,2026-09-30T20:26:01Z,27.0,toroid,0.14,per toroid,https://fair-rite.com/product/toroids-5977000101/ (fetched 2026-09-30T20:34:11Z),MnZn,"MAS material ""77""",1.13550,ECB euro reference rate 2026-09-30: 1 EUR = 1.1355 USD; https://www.ecb.europa.eu/stats/eurofxref/eurofxref-daily.xml fetched 2026-09-30T20:12:47Z,0.1499
"RF Microwave (rf-microwave.com, IT)","distributor product page (quantity price table, VAT status not stated on page)",Fair-Rite,5977000101,,77,MnZn ferrite,T,,per toroid,"toroid; price table ""Price each"" per pcs",EUR,250,0.1150,0,0,,1386,Ferrite toroids,https://www.rf-microwave.com/en/fair-rite/5977000101/toroid-ft-23-77-for-broadband-emi-filters/ft-23-77/,,2026-09-30T20:26:01Z,27.0,toroid,0.14,per toroid,https://fair-rite.com/product/toroids-5977000101/ (fetched 2026-09-30T20:34:11Z),MnZn,"MAS material ""77""",1.13550,ECB euro reference rate 2026-09-30: 1 EUR = 1.1355 USD; https://www.ecb.europa.eu/stats/eurofxref/eurofxref-daily.xml fetched 2026-09-30T20:12:47Z,0.1306
"RF Microwave (rf-microwave.com, IT)","distributor product page (quantity price table, VAT status not stated on page)",Fair-Rite,5977000101,,77,MnZn ferrite,T,,per toroid,"toroid; price table ""Price each"" per pcs",EUR,500,0.1050,0,0,,1386,Ferrite toroids,https://www.rf-microwave.com/en/fair-rite/5977000101/toroid-ft-23-77-for-broadband-emi-filters/ft-23-77/,,2026-09-30T20:26:01Z,27.0,toroid,0.14,per toroid,https://fair-rite.com/product/toroids-5977000101/ (fetched 2026-09-30T20:34:11Z),MnZn,"MAS material ""77""",1.13550,ECB euro reference rate 2026-09-30: 1 EUR = 1.1355 USD; https://www.ecb.europa.eu/stats/eurofxref/eurofxref-daily.xml fetched 2026-09-30T20:12:47Z,0.1192
"RF Microwave (rf-microwave.com, IT)","distributor product page (quantity price table, VAT status not stated on page)",Fair-Rite,5977000101,,77,MnZn ferrite,T,,per toroid,"toroid; price table ""Price each"" per pcs",EUR,1000,0.0950,0,1,,1386,Ferrite toroids,https://www.rf-microwave.com/en/fair-rite/5977000101/toroid-ft-23-77-for-broadband-emi-filters/ft-23-77/,,2026-09-30T20:26:01Z,27.0,toroid,0.14,per toroid,https://fair-rite.com/product/toroids-5977000101/ (fetched 2026-09-30T20:34:11Z),MnZn,"MAS material ""77""",1.13550,ECB euro reference rate 2026-09-30: 1 EUR = 1.1355 USD; https://www.ecb.europa.eu/stats/eurofxref/eurofxref-daily.xml fetched 2026-09-30T20:12:47Z,0.1079
"RF Microwave (rf-microwave.com, IT)","distributor product page (quantity price table, ""VAT excluded"")",Fair-Rite,5977000201,,77,MnZn ferrite,T,,per toroid,"toroid; price table ""Price each"" per pcs",EUR,1,0.3400,1,0,,1634,Ferrite toroids,https://www.rf-microwave.com/en/fair-rite/5977000201/toroid-ft-37-77-for-broadband-emi-filters/ft-37-77/,,2026-09-30T20:26:04Z,150.0,toroid,0.83,per toroid,https://fair-rite.com/product/toroids-5977000201/ (fetched 2026-09-30T20:34:18Z),MnZn,"MAS material ""77""",1.13550,ECB euro reference rate 2026-09-30: 1 EUR = 1.1355 USD; https://www.ecb.europa.eu/stats/eurofxref/eurofxref-daily.xml fetched 2026-09-30T20:12:47Z,0.3861
"RF Microwave (rf-microwave.com, IT)","distributor product page (quantity price table, ""VAT excluded"")",Fair-Rite,5977000201,,77,MnZn ferrite,T,,per toroid,"toroid; price table ""Price each"" per pcs",EUR,50,0.2700,0,0,,1634,Ferrite toroids,https://www.rf-microwave.com/en/fair-rite/5977000201/toroid-ft-37-77-for-broadband-emi-filters/ft-37-77/,,2026-09-30T20:26:04Z,150.0,toroid,0.83,per toroid,https://fair-rite.com/product/toroids-5977000201/ (fetched 2026-09-30T20:34:18Z),MnZn,"MAS material ""77""",1.13550,ECB euro reference rate 2026-09-30: 1 EUR = 1.1355 USD; https://www.ecb.europa.eu/stats/eurofxref/eurofxref-daily.xml fetched 2026-09-30T20:12:47Z,0.3066
"RF Microwave (rf-microwave.com, IT)","distributor product page (quantity price table, ""VAT excluded"")",Fair-Rite,5977000201,,77,MnZn ferrite,T,,per toroid,"toroid; price table ""Price each"" per pcs",EUR,100,0.2230,0,0,,1634,Ferrite toroids,https://www.rf-microwave.com/en/fair-rite/5977000201/toroid-ft-37-77-for-broadband-emi-filters/ft-37-77/,,2026-09-30T20:26:04Z,150.0,toroid,0.83,per toroid,https://fair-rite.com/product/toroids-5977000201/ (fetched 2026-09-30T20:34:18Z),MnZn,"MAS material ""77""",1.13550,ECB euro reference rate 2026-09-30: 1 EUR = 1.1355 USD; https://www.ecb.europa.eu/stats/eurofxref/eurofxref-daily.xml fetched 2026-09-30T20:12:47Z,0.2532
"RF Microwave (rf-microwave.com, IT)","distributor product page (quantity price table, ""VAT excluded"")",Fair-Rite,5977000201,,77,MnZn ferrite,T,,per toroid,"toroid; price table ""Price each"" per pcs",EUR,250,0.2030,0,0,,1634,Ferrite toroids,https://www.rf-microwave.com/en/fair-rite/5977000201/toroid-ft-37-77-for-broadband-emi-filters/ft-37-77/,,2026-09-30T20:26:04Z,150.0,toroid,0.83,per toroid,https://fair-rite.com/product/toroids-5977000201/ (fetched 2026-09-30T20:34:18Z),MnZn,"MAS material ""77""",1.13550,ECB euro reference rate 2026-09-30: 1 EUR = 1.1355 USD; https://www.ecb.europa.eu/stats/eurofxref/eurofxref-daily.xml fetched 2026-09-30T20:12:47Z,0.2305
"RF Microwave (rf-microwave.com, IT)","distributor product page (quantity price table, ""VAT excluded"")",Fair-Rite,5977000201,,77,MnZn ferrite,T,,per toroid,"toroid; price table ""Price each"" per pcs",EUR,500,0.1880,0,0,,1634,Ferrite toroids,https://www.rf-microwave.com/en/fair-rite/5977000201/toroid-ft-37-77-for-broadband-emi-filters/ft-37-77/,,2026-09-30T20:26:04Z,150.0,toroid,0.83,per toroid,https://fair-rite.com/product/toroids-5977000201/ (fetched 2026-09-30T20:34:18Z),MnZn,"MAS material ""77""",1.13550,ECB euro reference rate 2026-09-30: 1 EUR = 1.1355 USD; https://www.ecb.europa.eu/stats/eurofxref/eurofxref-daily.xml fetched 2026-09-30T20:12:47Z,0.2135
"RF Microwave (rf-microwave.com, IT)","distributor product page (quantity price table, ""VAT excluded"")",Fair-Rite,5977000201,,77,MnZn ferrite,T,,per toroid,"toroid; price table ""Price each"" per pcs",EUR,1000,0.1740,0,1,,1634,Ferrite toroids,https://www.rf-microwave.com/en/fair-rite/5977000201/toroid-ft-37-77-for-broadband-emi-filters/ft-37-77/,,2026-09-30T20:26:04Z,150.0,toroid,0.83,per toroid,https://fair-rite.com/product/toroids-5977000201/ (fetched 2026-09-30T20:34:18Z),MnZn,"MAS material ""77""",1.13550,ECB euro reference rate 2026-09-30: 1 EUR = 1.1355 USD; https://www.ecb.europa.eu/stats/eurofxref/eurofxref-daily.xml fetched 2026-09-30T20:12:47Z,0.1976
"RF Microwave (rf-microwave.com, IT)","distributor product page (quantity price table, ""VAT excluded"")",Fair-Rite,5977000301,,77,MnZn ferrite,T,,per toroid,"toroid; price table ""Price each"" per pcs",EUR,1,0.4700,1,0,,1337,Ferrite toroids,https://www.rf-microwave.com/en/fair-rite/5977000301/toroid-ft-50-77-for-broadband-emi-filters/ft-50-77/,,2026-09-30T20:26:08Z,380.0,toroid,2.0,per toroid,https://fair-rite.com/product/toroids-5977000301/ (fetched 2026-09-30T20:34:24Z),MnZn,"MAS material ""77""",1.13550,ECB euro reference rate 2026-09-30: 1 EUR = 1.1355 USD; https://www.ecb.europa.eu/stats/eurofxref/eurofxref-daily.xml fetched 2026-09-30T20:12:47Z,0.5337
"RF Microwave (rf-microwave.com, IT)","distributor product page (quantity price table, ""VAT excluded"")",Fair-Rite,5977000301,,77,MnZn ferrite,T,,per toroid,"toroid; price table ""Price each"" per pcs",EUR,50,0.3760,0,0,,1337,Ferrite toroids,https://www.rf-microwave.com/en/fair-rite/5977000301/toroid-ft-50-77-for-broadband-emi-filters/ft-50-77/,,2026-09-30T20:26:08Z,380.0,toroid,2.0,per toroid,https://fair-rite.com/product/toroids-5977000301/ (fetched 2026-09-30T20:34:24Z),MnZn,"MAS material ""77""",1.13550,ECB euro reference rate 2026-09-30: 1 EUR = 1.1355 USD; https://www.ecb.europa.eu/stats/eurofxref/eurofxref-daily.xml fetched 2026-09-30T20:12:47Z,0.4269
"RF Microwave (rf-microwave.com, IT)","distributor product page (quantity price table, ""VAT excluded"")",Fair-Rite,5977000301,,77,MnZn ferrite,T,,per toroid,"toroid; price table ""Price each"" per pcs",EUR,100,0.3010,0,0,,1337,Ferrite toroids,https://www.rf-microwave.com/en/fair-rite/5977000301/toroid-ft-50-77-for-broadband-emi-filters/ft-50-77/,,2026-09-30T20:26:08Z,380.0,toroid,2.0,per toroid,https://fair-rite.com/product/toroids-5977000301/ (fetched 2026-09-30T20:34:24Z),MnZn,"MAS material ""77""",1.13550,ECB euro reference rate 2026-09-30: 1 EUR = 1.1355 USD; https://www.ecb.europa.eu/stats/eurofxref/eurofxref-daily.xml fetched 2026-09-30T20:12:47Z,0.3418
"RF Microwave (rf-microwave.com, IT)","distributor product page (quantity price table, ""VAT excluded"")",Fair-Rite,5977000301,,77,MnZn ferrite,T,,per toroid,"toroid; price table ""Price each"" per pcs",EUR,250,0.2740,0,0,,1337,Ferrite toroids,https://www.rf-microwave.com/en/fair-rite/5977000301/toroid-ft-50-77-for-broadband-emi-filters/ft-50-77/,,2026-09-30T20:26:08Z,380.0,toroid,2.0,per toroid,https://fair-rite.com/product/toroids-5977000301/ (fetched 2026-09-30T20:34:24Z),MnZn,"MAS material ""77""",1.13550,ECB euro reference rate 2026-09-30: 1 EUR = 1.1355 USD; https://www.ecb.europa.eu/stats/eurofxref/eurofxref-daily.xml fetched 2026-09-30T20:12:47Z,0.3111
"RF Microwave (rf-microwave.com, IT)","distributor product page (quantity price table, ""VAT excluded"")",Fair-Rite,5977000301,,77,MnZn ferrite,T,,per toroid,"toroid; price table ""Price each"" per pcs",EUR,500,0.2510,0,0,,1337,Ferrite toroids,https://www.rf-microwave.com/en/fair-rite/5977000301/toroid-ft-50-77-for-broadband-emi-filters/ft-50-77/,,2026-09-30T20:26:08Z,380.0,toroid,2.0,per toroid,https://fair-rite.com/product/toroids-5977000301/ (fetched 2026-09-30T20:34:24Z),MnZn,"MAS material ""77""",1.13550,ECB euro reference rate 2026-09-30: 1 EUR = 1.1355 USD; https://www.ecb.europa.eu/stats/eurofxref/eurofxref-daily.xml fetched 2026-09-30T20:12:47Z,0.2850
"RF Microwave (rf-microwave.com, IT)","distributor product page (quantity price table, ""VAT excluded"")",Fair-Rite,5977000301,,77,MnZn ferrite,T,,per toroid,"toroid; price table ""Price each"" per pcs",EUR,1000,0.2300,0,1,,1337,Ferrite toroids,https://www.rf-microwave.com/en/fair-rite/5977000301/toroid-ft-50-77-for-broadband-emi-filters/ft-50-77/,,2026-09-30T20:26:08Z,380.0,toroid,2.0,per toroid,https://fair-rite.com/product/toroids-5977000301/ (fetched 2026-09-30T20:34:24Z),MnZn,"MAS material ""77""",1.13550,ECB euro reference rate 2026-09-30: 1 EUR = 1.1355 USD; https://www.ecb.europa.eu/stats/eurofxref/eurofxref-daily.xml fetched 2026-09-30T20:12:47Z,0.2612
"RF Microwave (rf-microwave.com, IT)","distributor product page (quantity price table, ""VAT excluded"")",Fair-Rite,5977000601,,77,MnZn ferrite,T,,per toroid,"toroid; price table ""Price each"" per pcs",EUR,1,0.7900,1,0,,785,Ferrite toroids,https://www.rf-microwave.com/en/fair-rite/5977000601/toroid-ft-82-77-for-broadband-emi-filters/ft-82-77/,,2026-09-30T20:26:11Z,1260.0,toroid,6.4,per toroid,https://fair-rite.com/product/toroids-5977000601/ (fetched 2026-09-30T20:34:31Z),MnZn,"MAS material ""77""",1.13550,ECB euro reference rate 2026-09-30: 1 EUR = 1.1355 USD; https://www.ecb.europa.eu/stats/eurofxref/eurofxref-daily.xml fetched 2026-09-30T20:12:47Z,0.8970
"RF Microwave (rf-microwave.com, IT)","distributor product page (quantity price table, ""VAT excluded"")",Fair-Rite,5977000601,,77,MnZn ferrite,T,,per toroid,"toroid; price table ""Price each"" per pcs",EUR,10,0.6840,0,0,,785,Ferrite toroids,https://www.rf-microwave.com/en/fair-rite/5977000601/toroid-ft-82-77-for-broadband-emi-filters/ft-82-77/,,2026-09-30T20:26:11Z,1260.0,toroid,6.4,per toroid,https://fair-rite.com/product/toroids-5977000601/ (fetched 2026-09-30T20:34:31Z),MnZn,"MAS material ""77""",1.13550,ECB euro reference rate 2026-09-30: 1 EUR = 1.1355 USD; https://www.ecb.europa.eu/stats/eurofxref/eurofxref-daily.xml fetched 2026-09-30T20:12:47Z,0.7767
"RF Microwave (rf-microwave.com, IT)","distributor product page (quantity price table, ""VAT excluded"")",Fair-Rite,5977000601,,77,MnZn ferrite,T,,per toroid,"toroid; price table ""Price each"" per pcs",EUR,50,0.5950,0,0,,785,Ferrite toroids,https://www.rf-microwave.com/en/fair-rite/5977000601/toroid-ft-82-77-for-broadband-emi-filters/ft-82-77/,,2026-09-30T20:26:11Z,1260.0,toroid,6.4,per toroid,https://fair-rite.com/product/toroids-5977000601/ (fetched 2026-09-30T20:34:31Z),MnZn,"MAS material ""77""",1.13550,ECB euro reference rate 2026-09-30: 1 EUR = 1.1355 USD; https://www.ecb.europa.eu/stats/eurofxref/eurofxref-daily.xml fetched 2026-09-30T20:12:47Z,0.6756
"RF Microwave (rf-microwave.com, IT)","distributor product page (quantity price table, ""VAT excluded"")",Fair-Rite,5977000601,,77,MnZn ferrite,T,,per toroid,"toroid; price table ""Price each"" per pcs",EUR,100,0.5510,0,0,,785,Ferrite toroids,https://www.rf-microwave.com/en/fair-rite/5977000601/toroid-ft-82-77-for-broadband-emi-filters/ft-82-77/,,2026-09-30T20:26:11Z,1260.0,toroid,6.4,per toroid,https://fair-rite.com/product/toroids-5977000601/ (fetched 2026-09-30T20:34:31Z),MnZn,"MAS material ""77""",1.13550,ECB euro reference rate 2026-09-30: 1 EUR = 1.1355 USD; https://www.ecb.europa.eu/stats/eurofxref/eurofxref-daily.xml fetched 2026-09-30T20:12:47Z,0.6257
"RF Microwave (rf-microwave.com, IT)","distributor product page (quantity price table, ""VAT excluded"")",Fair-Rite,5977000601,,77,MnZn ferrite,T,,per toroid,"toroid; price table ""Price each"" per pcs",EUR,250,0.5100,0,0,,785,Ferrite toroids,https://www.rf-microwave.com/en/fair-rite/5977000601/toroid-ft-82-77-for-broadband-emi-filters/ft-82-77/,,2026-09-30T20:26:11Z,1260.0,toroid,6.4,per toroid,https://fair-rite.com/product/toroids-5977000601/ (fetched 2026-09-30T20:34:31Z),MnZn,"MAS material ""77""",1.13550,ECB euro reference rate 2026-09-30: 1 EUR = 1.1355 USD; https://www.ecb.europa.eu/stats/eurofxref/eurofxref-daily.xml fetched 2026-09-30T20:12:47Z,0.5791
"RF Microwave (rf-microwave.com, IT)","distributor product page (quantity price table, ""VAT excluded"")",Fair-Rite,5977000601,,77,MnZn ferrite,T,,per toroid,"toroid; price table ""Price each"" per pcs",EUR,500,0.4730,0,1,,785,Ferrite toroids,https://www.rf-microwave.com/en/fair-rite/5977000601/toroid-ft-82-77-for-broadband-emi-filters/ft-82-77/,,2026-09-30T20:26:11Z,1260.0,toroid,6.4,per toroid,https://fair-rite.com/product/toroids-5977000601/ (fetched 2026-09-30T20:34:31Z),MnZn,"MAS material ""77""",1.13550,ECB euro reference rate 2026-09-30: 1 EUR = 1.1355 USD; https://www.ecb.europa.eu/stats/eurofxref/eurofxref-daily.xml fetched 2026-09-30T20:12:47Z,0.5371
"RF Microwave (rf-microwave.com, IT)","distributor product page (quantity price table, ""VAT excluded"")",Fair-Rite,5977001001,,77,MnZn ferrite,T,,per toroid,"toroid; price table ""Price each"" per pcs",EUR,1,1.8600,1,0,,8,Ferrite toroids,https://www.rf-microwave.com/en/fair-rite/5977001001/toroid-ft-114-77-for-broadband-emi-filters/ft-114-77/,,2026-09-30T20:26:15Z,2700.0,toroid,13.0,per toroid,https://fair-rite.com/product/toroids-5977001001/ (fetched 2026-09-30T20:34:34Z),MnZn,"MAS material ""77""",1.13550,ECB euro reference rate 2026-09-30: 1 EUR = 1.1355 USD; https://www.ecb.europa.eu/stats/eurofxref/eurofxref-daily.xml fetched 2026-09-30T20:12:47Z,2.1120
"RF Microwave (rf-microwave.com, IT)","distributor product page (quantity price table, ""VAT excluded"")",Fair-Rite,5977001001,,77,MnZn ferrite,T,,per toroid,"toroid; price table ""Price each"" per pcs",EUR,25,1.6200,0,0,,8,Ferrite toroids,https://www.rf-microwave.com/en/fair-rite/5977001001/toroid-ft-114-77-for-broadband-emi-filters/ft-114-77/,,2026-09-30T20:26:15Z,2700.0,toroid,13.0,per toroid,https://fair-rite.com/product/toroids-5977001001/ (fetched 2026-09-30T20:34:34Z),MnZn,"MAS material ""77""",1.13550,ECB euro reference rate 2026-09-30: 1 EUR = 1.1355 USD; https://www.ecb.europa.eu/stats/eurofxref/eurofxref-daily.xml fetched 2026-09-30T20:12:47Z,1.8395
"RF Microwave (rf-microwave.com, IT)","distributor product page (quantity price table, ""VAT excluded"")",Fair-Rite,5977001001,,77,MnZn ferrite,T,,per toroid,"toroid; price table ""Price each"" per pcs",EUR,50,1.4400,0,0,,8,Ferrite toroids,https://www.rf-microwave.com/en/fair-rite/5977001001/toroid-ft-114-77-for-broadband-emi-filters/ft-114-77/,,2026-09-30T20:26:15Z,2700.0,toroid,13.0,per toroid,https://fair-rite.com/product/toroids-5977001001/ (fetched 2026-09-30T20:34:34Z),MnZn,"MAS material ""77""",1.13550,ECB euro reference rate 2026-09-30: 1 EUR = 1.1355 USD; https://www.ecb.europa.eu/stats/eurofxref/eurofxref-daily.xml fetched 2026-09-30T20:12:47Z,1.6351
"RF Microwave (rf-microwave.com, IT)","distributor product page (quantity price table, ""VAT excluded"")",Fair-Rite,5977001001,,77,MnZn ferrite,T,,per toroid,"toroid; price table ""Price each"" per pcs",EUR,100,1.3200,0,0,,8,Ferrite toroids,https://www.rf-microwave.com/en/fair-rite/5977001001/toroid-ft-114-77-for-broadband-emi-filters/ft-114-77/,,2026-09-30T20:26:15Z,2700.0,toroid,13.0,per toroid,https://fair-rite.com/product/toroids-5977001001/ (fetched 2026-09-30T20:34:34Z),MnZn,"MAS material ""77""",1.13550,ECB euro reference rate 2026-09-30: 1 EUR = 1.1355 USD; https://www.ecb.europa.eu/stats/eurofxref/eurofxref-daily.xml fetched 2026-09-30T20:12:47Z,1.4989
"RF Microwave (rf-microwave.com, IT)","distributor product page (quantity price table, ""VAT excluded"")",Fair-Rite,5977001001,,77,MnZn ferrite,T,,per toroid,"toroid; price table ""Price each"" per pcs",EUR,250,1.2300,0,0,,8,Ferrite toroids,https://www.rf-microwave.com/en/fair-rite/5977001001/toroid-ft-114-77-for-broadband-emi-filters/ft-114-77/,,2026-09-30T20:26:15Z,2700.0,toroid,13.0,per toroid,https://fair-rite.com/product/toroids-5977001001/ (fetched 2026-09-30T20:34:34Z),MnZn,"MAS material ""77""",1.13550,ECB euro reference rate 2026-09-30: 1 EUR = 1.1355 USD; https://www.ecb.europa.eu/stats/eurofxref/eurofxref-daily.xml fetched 2026-09-30T20:12:47Z,1.3967
"RF Microwave (rf-microwave.com, IT)","distributor product page (quantity price table, ""VAT excluded"")",Fair-Rite,5977001001,,77,MnZn ferrite,T,,per toroid,"toroid; price table ""Price each"" per pcs",EUR,500,1.1400,0,1,,8,Ferrite toroids,https://www.rf-microwave.com/en/fair-rite/5977001001/toroid-ft-114-77-for-broadband-emi-filters/ft-114-77/,,2026-09-30T20:26:15Z,2700.0,toroid,13.0,per toroid,https://fair-rite.com/product/toroids-5977001001/ (fetched 2026-09-30T20:34:34Z),MnZn,"MAS material ""77""",1.13550,ECB euro reference rate 2026-09-30: 1 EUR = 1.1355 USD; https://www.ecb.europa.eu/stats/eurofxref/eurofxref-daily.xml fetched 2026-09-30T20:12:47Z,1.2945
"RF Microwave (rf-microwave.com, IT)","distributor product page (quantity price table, VAT status not stated on page)",Fair-Rite,5977002701,,77,MnZn ferrite,T,,per toroid,"toroid; price table ""Price each"" per pcs",EUR,1,2.3500,1,0,,339,Ferrite toroids,https://www.rf-microwave.com/en/fair-rite/5977002701/toroid-ft-140-77-for-broadband-emi-filters/ft-140-77/,,2026-09-30T20:26:18Z,7000.0,toroid,33.0,per toroid,https://fair-rite.com/product/toroids-5977002701/ (fetched 2026-09-30T20:34:37Z),MnZn,"MAS material ""77""",1.13550,ECB euro reference rate 2026-09-30: 1 EUR = 1.1355 USD; https://www.ecb.europa.eu/stats/eurofxref/eurofxref-daily.xml fetched 2026-09-30T20:12:47Z,2.6684
"RF Microwave (rf-microwave.com, IT)","distributor product page (quantity price table, VAT status not stated on page)",Fair-Rite,5977002701,,77,MnZn ferrite,T,,per toroid,"toroid; price table ""Price each"" per pcs",EUR,10,1.9100,0,0,,339,Ferrite toroids,https://www.rf-microwave.com/en/fair-rite/5977002701/toroid-ft-140-77-for-broadband-emi-filters/ft-140-77/,,2026-09-30T20:26:18Z,7000.0,toroid,33.0,per toroid,https://fair-rite.com/product/toroids-5977002701/ (fetched 2026-09-30T20:34:37Z),MnZn,"MAS material ""77""",1.13550,ECB euro reference rate 2026-09-30: 1 EUR = 1.1355 USD; https://www.ecb.europa.eu/stats/eurofxref/eurofxref-daily.xml fetched 2026-09-30T20:12:47Z,2.1688
"RF Microwave (rf-microwave.com, IT)","distributor product page (quantity price table, VAT status not stated on page)",Fair-Rite,5977002701,,77,MnZn ferrite,T,,per toroid,"toroid; price table ""Price each"" per pcs",EUR,42,1.5500,0,0,,339,Ferrite toroids,https://www.rf-microwave.com/en/fair-rite/5977002701/toroid-ft-140-77-for-broadband-emi-filters/ft-140-77/,,2026-09-30T20:26:18Z,7000.0,toroid,33.0,per toroid,https://fair-rite.com/product/toroids-5977002701/ (fetched 2026-09-30T20:34:37Z),MnZn,"MAS material ""77""",1.13550,ECB euro reference rate 2026-09-30: 1 EUR = 1.1355 USD; https://www.ecb.europa.eu/stats/eurofxref/eurofxref-daily.xml fetched 2026-09-30T20:12:47Z,1.7600
"RF Microwave (rf-microwave.com, IT)","distributor product page (quantity price table, VAT status not stated on page)",Fair-Rite,5977002701,,77,MnZn ferrite,T,,per toroid,"toroid; price table ""Price each"" per pcs",EUR,84,1.4700,0,0,,339,Ferrite toroids,https://www.rf-microwave.com/en/fair-rite/5977002701/toroid-ft-140-77-for-broadband-emi-filters/ft-140-77/,,2026-09-30T20:26:18Z,7000.0,toroid,33.0,per toroid,https://fair-rite.com/product/toroids-5977002701/ (fetched 2026-09-30T20:34:37Z),MnZn,"MAS material ""77""",1.13550,ECB euro reference rate 2026-09-30: 1 EUR = 1.1355 USD; https://www.ecb.europa.eu/stats/eurofxref/eurofxref-daily.xml fetched 2026-09-30T20:12:47Z,1.6692
"RF Microwave (rf-microwave.com, IT)","distributor product page (quantity price table, VAT status not stated on page)",Fair-Rite,5977002701,,77,MnZn ferrite,T,,per toroid,"toroid; price table ""Price each"" per pcs",EUR,168,1.3800,0,0,,339,Ferrite toroids,https://www.rf-microwave.com/en/fair-rite/5977002701/toroid-ft-140-77-for-broadband-emi-filters/ft-140-77/,,2026-09-30T20:26:18Z,7000.0,toroid,33.0,per toroid,https://fair-rite.com/product/toroids-5977002701/ (fetched 2026-09-30T20:34:37Z),MnZn,"MAS material ""77""",1.13550,ECB euro reference rate 2026-09-30: 1 EUR = 1.1355 USD; https://www.ecb.europa.eu/stats/eurofxref/eurofxref-daily.xml fetched 2026-09-30T20:12:47Z,1.5670
"RF Microwave (rf-microwave.com, IT)","distributor product page (quantity price table, VAT status not stated on page)",Fair-Rite,5977002701,,77,MnZn ferrite,T,,per toroid,"toroid; price table ""Price each"" per pcs",EUR,336,1.3500,0,1,,339,Ferrite toroids,https://www.rf-microwave.com/en/fair-rite/5977002701/toroid-ft-140-77-for-broadband-emi-filters/ft-140-77/,,2026-09-30T20:26:18Z,7000.0,toroid,33.0,per toroid,https://fair-rite.com/product/toroids-5977002701/ (fetched 2026-09-30T20:34:37Z),MnZn,"MAS material ""77""",1.13550,ECB euro reference rate 2026-09-30: 1 EUR = 1.1355 USD; https://www.ecb.europa.eu/stats/eurofxref/eurofxref-daily.xml fetched 2026-09-30T20:12:47Z,1.5329
"RF Microwave (rf-microwave.com, IT)","distributor product page (quantity price table, ""VAT excluded"")",Fair-Rite,5977003801,,77,MnZn ferrite,T,,per toroid,"toroid; price table ""Price each"" per pcs",EUR,1,8.5900,1,0,,13,Ferrite toroids,https://www.rf-microwave.com/en/fair-rite/5977003801/toroid-ft-240-77-for-broadband-emi-filters/ft-240-77/,,2026-09-30T20:26:22Z,22800.0,toroid,106.0,per toroid,https://fair-rite.com/product/toroids-5977003801/ (fetched 2026-09-30T20:34:41Z),MnZn,"MAS material ""77""",1.13550,ECB euro reference rate 2026-09-30: 1 EUR = 1.1355 USD; https://www.ecb.europa.eu/stats/eurofxref/eurofxref-daily.xml fetched 2026-09-30T20:12:47Z,9.7539
"RF Microwave (rf-microwave.com, IT)","distributor product page (quantity price table, ""VAT excluded"")",Fair-Rite,5977003801,,77,MnZn ferrite,T,,per toroid,"toroid; price table ""Price each"" per pcs",EUR,5,8.1600,0,1,,13,Ferrite toroids,https://www.rf-microwave.com/en/fair-rite/5977003801/toroid-ft-240-77-for-broadband-emi-filters/ft-240-77/,,2026-09-30T20:26:22Z,22800.0,toroid,106.0,per toroid,https://fair-rite.com/product/toroids-5977003801/ (fetched 2026-09-30T20:34:41Z),MnZn,"MAS material ""77""",1.13550,ECB euro reference rate 2026-09-30: 1 EUR = 1.1355 USD; https://www.ecb.europa.eu/stats/eurofxref/eurofxref-daily.xml fetched 2026-09-30T20:12:47Z,9.2657
"Gateway Electronic Components (gatewaycando.com, UK)","Gateway web-shop (WooCommerce Store API list price, ex VAT)",Magnetics,C055076A2,,MPP,powder: MPP,T,T 37/22/11,per toroid,toroid (single piece),GBP,1,10.4500,1,1,,out of stock,Toroids,https://gatewaycando.com/wp-json/wc/store/v1/products?per_page=100&page=1&category=cores-powder,https://gatewaycando.com/product/c055076a2/,2026-09-30T20:16:11Z,6080.0,toroid,49.0,piece,https://www.mag-inc.com/Media/Magnetics/Datasheets/C055076A2.pdf,FeNiMo,"MAS material ""MPP 60""",1.32865,ECB euro reference rates 2026-09-30: 1 EUR = 1.1355 USD and 0.85463 GBP -> 1 GBP = 1.32865 USD; https://www.ecb.europa.eu/stats/eurofxref/eurofxref-daily.xml fetched 2026-09-30T20:12:47Z,13.8843
"Gateway Electronic Components (gatewaycando.com, UK)","Gateway web-shop (WooCommerce Store API list price, ex VAT)",Fair-Rite,9478201002,,78,MnZn ferrite,E,E 14/3.5/5,per set,"Fair-Rite product page: ""Fair-Rite product page title ""... SET""""; Gateway page states no set/half unit",GBP,1,0.1900,1,1,,out of stock,E Cores,https://gatewaycando.com/wp-json/wc/store/v1/products?per_page=100&page=1&category=cores,https://gatewaycando.com/product/9478201002/,2026-09-30T20:09:41Z,315.0,set,1.2,,https://fair-rite.com/product/planar-cores-9478201002/,MnZn,"MAS material ""78""",1.32865,ECB euro reference rates 2026-09-30: 1 EUR = 1.1355 USD and 0.85463 GBP -> 1 GBP = 1.32865 USD; https://www.ecb.europa.eu/stats/eurofxref/eurofxref-daily.xml fetched 2026-09-30T20:12:47Z,0.2524
"Gateway Electronic Components (gatewaycando.com, UK)","Gateway web-shop (WooCommerce Store API list price, ex VAT)",Fair-Rite,9495103002,,95,MnZn ferrite,E,E 19/8/5,per set,"Fair-Rite product page: ""Fair-Rite product page title ""... SET""""; Gateway page states no set/half unit",GBP,1,0.2600,1,1,,out of stock,E Cores,https://gatewaycando.com/wp-json/wc/store/v1/products?per_page=100&page=1&category=cores,https://gatewaycando.com/product/9495103002/,2026-09-30T20:09:41Z,878.0,set,4.6,per pair or set,https://fair-rite.com/product/e-cores-9495103002/,MnZn,"MAS material ""95""",1.32865,ECB euro reference rates 2026-09-30: 1 EUR = 1.1355 USD and 0.85463 GBP -> 1 GBP = 1.32865 USD; https://www.ecb.europa.eu/stats/eurofxref/eurofxref-daily.xml fetched 2026-09-30T20:12:47Z,0.3454
"Gateway Electronic Components (gatewaycando.com, UK)","Gateway web-shop (WooCommerce Store API list price, ex VAT)",Fair-Rite,9478203002,,78,MnZn ferrite,E,E 22/6/16,per set,"Fair-Rite product page: ""Fair-Rite product page title ""... SET""""; Gateway page states no set/half unit",GBP,1,0.4200,1,1,,out of stock,E Cores,https://gatewaycando.com/wp-json/wc/store/v1/products?per_page=100&page=1&category=cores,https://gatewaycando.com/product/9478203002/,2026-09-30T20:09:41Z,2560.0,set,13.0,,https://fair-rite.com/product/planar-cores-9478203002/,MnZn,"MAS material ""78""",1.32865,ECB euro reference rates 2026-09-30: 1 EUR = 1.1355 USD and 0.85463 GBP -> 1 GBP = 1.32865 USD; https://www.ecb.europa.eu/stats/eurofxref/eurofxref-daily.xml fetched 2026-09-30T20:12:47Z,0.5580
"Gateway Electronic Components (gatewaycando.com, UK)","Gateway web-shop (WooCommerce Store API list price, ex VAT)",Fair-Rite,8995101021,,95,MnZn ferrite,EFD,EFD 10/5/3,per set,"Fair-Rite product page: ""Fair-Rite product page title ""... SET""""; Gateway page states no set/half unit",GBP,1,0.1800,1,1,,out of stock,E Cores,https://gatewaycando.com/wp-json/wc/store/v1/products?per_page=100&page=1&category=cores,https://gatewaycando.com/product/8995101021/,2026-09-30T20:09:41Z,171.0,set,0.9,per pair or set,https://fair-rite.com/product/efd-cores-8995101021/,MnZn,"MAS material ""95""",1.32865,ECB euro reference rates 2026-09-30: 1 EUR = 1.1355 USD and 0.85463 GBP -> 1 GBP = 1.32865 USD; https://www.ecb.europa.eu/stats/eurofxref/eurofxref-daily.xml fetched 2026-09-30T20:12:47Z,0.2392
"Gateway Electronic Components (gatewaycando.com, UK)","Gateway web-shop (WooCommerce Store API list price, ex VAT)",Fair-Rite,8995121221,,95,MnZn ferrite,EFD,EFD 12/6/3.5,per set,"Fair-Rite product page: ""Fair-Rite product page title ""... SET""""; Gateway page states no set/half unit",GBP,1,0.3300,1,1,,out of stock,E Cores,https://gatewaycando.com/wp-json/wc/store/v1/products?per_page=100&page=1&category=cores,https://gatewaycando.com/product/8995121221/,2026-09-30T20:09:41Z,311.0,set,1.8,per pair or set,https://fair-rite.com/product/efd-cores-8995121221/,MnZn,"MAS material ""95""",1.32865,ECB euro reference rates 2026-09-30: 1 EUR = 1.1355 USD and 0.85463 GBP -> 1 GBP = 1.32865 USD; https://www.ecb.europa.eu/stats/eurofxref/eurofxref-daily.xml fetched 2026-09-30T20:12:47Z,0.4385
"Gateway Electronic Components (gatewaycando.com, UK)","Gateway web-shop (WooCommerce Store API list price, ex VAT)",Fair-Rite,8995252521,,95,MnZn ferrite,EFD,EFD 25/13/9,per set,"Fair-Rite product page: ""Fair-Rite product page title ""... SET""""; Gateway page states no set/half unit",GBP,1,0.8400,1,1,,out of stock,E Cores,https://gatewaycando.com/wp-json/wc/store/v1/products?per_page=100&page=2&category=cores,https://gatewaycando.com/product/8995252521/,2026-09-30T20:09:50Z,3320.0,set,16.0,per pair or set,https://fair-rite.com/product/efd-cores-8995252521/,MnZn,"MAS material ""95""",1.32865,ECB euro reference rates 2026-09-30: 1 EUR = 1.1355 USD and 0.85463 GBP -> 1 GBP = 1.32865 USD; https://www.ecb.europa.eu/stats/eurofxref/eurofxref-daily.xml fetched 2026-09-30T20:12:47Z,1.1161
"Gateway Electronic Components (gatewaycando.com, UK)","Gateway web-shop (WooCommerce Store API list price, ex VAT)",Fair-Rite,6595070121,,95,MnZn ferrite,EP,EP 7,per set,"Fair-Rite product page: ""Fair-Rite product page title ""... SET""""; Gateway page states no set/half unit",GBP,1,0.5000,1,1,,out of stock,E Cores,https://gatewaycando.com/wp-json/wc/store/v1/products?per_page=100&page=2&category=cores,https://gatewaycando.com/product/6595070121/,2026-09-30T20:09:50Z,152.0,set,0.7,,https://fair-rite.com/product/ep-cores-6595070121/,MnZn,"MAS material ""95""",1.32865,ECB euro reference rates 2026-09-30: 1 EUR = 1.1355 USD and 0.85463 GBP -> 1 GBP = 1.32865 USD; https://www.ecb.europa.eu/stats/eurofxref/eurofxref-daily.xml fetched 2026-09-30T20:12:47Z,0.6643
"Gateway Electronic Components (gatewaycando.com, UK)","Gateway web-shop (WooCommerce Store API list price, ex VAT)",Fair-Rite,6578100121,,78,MnZn ferrite,EP,EP 10,per set,"Fair-Rite product page: ""Fair-Rite product page title ""... SET""""; Gateway page states no set/half unit",GBP,1,0.4000,1,1,,out of stock,E Cores,https://gatewaycando.com/wp-json/wc/store/v1/products?per_page=100&page=1&category=cores,https://gatewaycando.com/product/6578100121/,2026-09-30T20:09:41Z,203.0,set,1.4,,https://fair-rite.com/product/ep-cores-6578100121/,MnZn,"MAS material ""78""",1.32865,ECB euro reference rates 2026-09-30: 1 EUR = 1.1355 USD and 0.85463 GBP -> 1 GBP = 1.32865 USD; https://www.ecb.europa.eu/stats/eurofxref/eurofxref-daily.xml fetched 2026-09-30T20:12:47Z,0.5315
"Gateway Electronic Components (gatewaycando.com, UK)","Gateway web-shop (WooCommerce Store API list price, ex VAT)",Fair-Rite,6578130121,,78,MnZn ferrite,EP,EP 13,per set,"Fair-Rite product page: ""Fair-Rite product page title ""... SET""""; Gateway page states no set/half unit",GBP,1,0.4500,1,1,,out of stock,E Cores,https://gatewaycando.com/wp-json/wc/store/v1/products?per_page=100&page=2&category=cores,https://gatewaycando.com/product/6578130121/,2026-09-30T20:09:50Z,457.0,set,2.35,,https://fair-rite.com/product/ep-cores-6578130121/,MnZn,"MAS material ""78""",1.32865,ECB euro reference rates 2026-09-30: 1 EUR = 1.1355 USD and 0.85463 GBP -> 1 GBP = 1.32865 USD; https://www.ecb.europa.eu/stats/eurofxref/eurofxref-daily.xml fetched 2026-09-30T20:12:47Z,0.5979
"Gateway Electronic Components (gatewaycando.com, UK)","Gateway web-shop (WooCommerce Store API list price, ex VAT)",Fair-Rite,9578100502,,78,MnZn ferrite,ER,ER 9.5/2.5/5,per set,"Fair-Rite product page: ""Fair-Rite product page title ""... SET""""; Gateway page states no set/half unit",GBP,1,0.2900,1,1,,out of stock,E Cores,https://gatewaycando.com/wp-json/wc/store/v1/products?per_page=100&page=1&category=cores,https://gatewaycando.com/product/9578100502/,2026-09-30T20:09:41Z,122.0,set,0.7,,https://fair-rite.com/product/planar-cores-9578100502/,MnZn,"MAS material ""78""",1.32865,ECB euro reference rates 2026-09-30: 1 EUR = 1.1355 USD and 0.85463 GBP -> 1 GBP = 1.32865 USD; https://www.ecb.europa.eu/stats/eurofxref/eurofxref-daily.xml fetched 2026-09-30T20:12:47Z,0.3853
"Gateway Electronic Components (gatewaycando.com, UK)","Gateway web-shop (WooCommerce Store API list price, ex VAT)",Fair-Rite,9578261802,,78,MnZn ferrite,ER,ER 25.5,per set,"Fair-Rite product page: ""Fair-Rite product page title ""... SET""""; Gateway page states no set/half unit",GBP,1,0.5500,1,1,,out of stock,E Cores,https://gatewaycando.com/wp-json/wc/store/v1/products?per_page=100&page=2&category=cores,https://gatewaycando.com/product/9578261802/,2026-09-30T20:09:50Z,2083.0,set,11.2,per pair or set,https://fair-rite.com/product/eer-cores-9578261802/,MnZn,"MAS material ""78""",1.32865,ECB euro reference rates 2026-09-30: 1 EUR = 1.1355 USD and 0.85463 GBP -> 1 GBP = 1.32865 USD; https://www.ecb.europa.eu/stats/eurofxref/eurofxref-daily.xml fetched 2026-09-30T20:12:47Z,0.7308
"Gateway Electronic Components (gatewaycando.com, UK)","Gateway web-shop (WooCommerce Store API list price, ex VAT)",Fair-Rite,9578404602,,78,MnZn ferrite,ER,ER 40/22/13,per set,"Fair-Rite product page: ""Fair-Rite product page title ""... SET""""; Gateway page states no set/half unit",GBP,1,2.3100,1,1,,out of stock,E Cores,https://gatewaycando.com/wp-json/wc/store/v1/products?per_page=100&page=3&category=cores,https://gatewaycando.com/product/9578404602/,2026-09-30T20:09:57Z,14420.0,set,80.0,per pair or set,https://fair-rite.com/product/eer-cores-9578404602/,MnZn,"MAS material ""78""",1.32865,ECB euro reference rates 2026-09-30: 1 EUR = 1.1355 USD and 0.85463 GBP -> 1 GBP = 1.32865 USD; https://www.ecb.europa.eu/stats/eurofxref/eurofxref-daily.xml fetched 2026-09-30T20:12:47Z,3.0692
"Gateway Electronic Components (gatewaycando.com, UK)","Gateway web-shop (WooCommerce Store API list price, ex VAT)",Fair-Rite,9595293202,,95,MnZn ferrite,ETD,ETD 29/16/10,per set,"Fair-Rite product page: ""Fair-Rite product page title ""... SET""""; Gateway page states no set/half unit",GBP,1,1.2200,1,1,,out of stock,E Cores,https://gatewaycando.com/wp-json/wc/store/v1/products?per_page=100&page=3&category=cores,https://gatewaycando.com/product/9595293202/,2026-09-30T20:09:57Z,5418.0,set,28.0,per pair or set,https://fair-rite.com/product/etd-cores-9595293202/,MnZn,"MAS material ""95""",1.32865,ECB euro reference rates 2026-09-30: 1 EUR = 1.1355 USD and 0.85463 GBP -> 1 GBP = 1.32865 USD; https://www.ecb.europa.eu/stats/eurofxref/eurofxref-daily.xml fetched 2026-09-30T20:12:47Z,1.6209
"Gateway Electronic Components (gatewaycando.com, UK)","Gateway web-shop (WooCommerce Store API list price, ex VAT)",Fair-Rite,5678140921,,78,MnZn ferrite,P,P 14/8,per set,"Fair-Rite product page: ""Fair-Rite product page title ""... SET""""; Gateway page states no set/half unit",GBP,1,0.4800,1,1,,out of stock,P Cores,https://gatewaycando.com/wp-json/wc/store/v1/products?per_page=100&page=2&category=cores,https://gatewaycando.com/product/5678140921/,2026-09-30T20:09:50Z,495.0,set,,,https://fair-rite.com/product/pot-cores-5678140921/,MnZn,"MAS material ""78""",1.32865,ECB euro reference rates 2026-09-30: 1 EUR = 1.1355 USD and 0.85463 GBP -> 1 GBP = 1.32865 USD; https://www.ecb.europa.eu/stats/eurofxref/eurofxref-daily.xml fetched 2026-09-30T20:12:47Z,0.6377
"Gateway Electronic Components (gatewaycando.com, UK)","Gateway web-shop (WooCommerce Store API list price, ex VAT)",Fair-Rite,5678181221,,78,MnZn ferrite,P,P 18/11,per set,"Fair-Rite product page: ""Fair-Rite product page title ""... SET""""; Gateway page states no set/half unit",GBP,1,0.7300,1,1,,out of stock,P Cores,https://gatewaycando.com/wp-json/wc/store/v1/products?per_page=100&page=2&category=cores,https://gatewaycando.com/product/5678181221/,2026-09-30T20:09:50Z,1120.0,set,6.0,per pair or set,https://fair-rite.com/product/pot-cores-5678181221/,MnZn,"MAS material ""78""",1.32865,ECB euro reference rates 2026-09-30: 1 EUR = 1.1355 USD and 0.85463 GBP -> 1 GBP = 1.32865 USD; https://www.ecb.europa.eu/stats/eurofxref/eurofxref-daily.xml fetched 2026-09-30T20:12:47Z,0.9699
"Gateway Electronic Components (gatewaycando.com, UK)","Gateway web-shop (WooCommerce Store API list price, ex VAT)",Fair-Rite,5695362321,,95,MnZn ferrite,P,P 36/22,per set,"Fair-Rite product page: ""Fair-Rite product page title ""... SET""""; Gateway page states no set/half unit",GBP,1,2.8800,1,1,,out of stock,P Cores,https://gatewaycando.com/wp-json/wc/store/v1/products?per_page=100&page=3&category=cores,https://gatewaycando.com/product/5695362321/,2026-09-30T20:09:57Z,9780.0,set,54.0,per pair or set,https://fair-rite.com/product/pot-cores-5695362321/,MnZn,"MAS material ""95""",1.32865,ECB euro reference rates 2026-09-30: 1 EUR = 1.1355 USD and 0.85463 GBP -> 1 GBP = 1.32865 USD; https://www.ecb.europa.eu/stats/eurofxref/eurofxref-daily.xml fetched 2026-09-30T20:12:47Z,3.8265
"Gateway Electronic Components (gatewaycando.com, UK)","Gateway web-shop (WooCommerce Store API list price, ex VAT)",Fair-Rite,6678322121,,78,MnZn ferrite,PQ,PQ 32/20,per set,"Fair-Rite product page: ""Fair-Rite product page title ""... SET""""; Gateway page states no set/half unit",GBP,1,1.5400,1,1,,out of stock,P Cores,https://gatewaycando.com/wp-json/wc/store/v1/products?per_page=100&page=3&category=cores,https://gatewaycando.com/product/6678322121/,2026-09-30T20:09:57Z,8821.0,set,43.0,per pair or set,https://fair-rite.com/product/pq-cores-6678322121/,MnZn,"MAS material ""78""",1.32865,ECB euro reference rates 2026-09-30: 1 EUR = 1.1355 USD and 0.85463 GBP -> 1 GBP = 1.32865 USD; https://www.ecb.europa.eu/stats/eurofxref/eurofxref-daily.xml fetched 2026-09-30T20:12:47Z,2.0461
"Gateway Electronic Components (gatewaycando.com, UK)","Gateway web-shop (WooCommerce Store API list price, ex VAT)",Fair-Rite,6295140121,,95,MnZn ferrite,RM,RM 5,per set,"Fair-Rite product page: ""Fair-Rite product page title ""... SET""""; Gateway page states no set/half unit",GBP,1,0.5100,1,1,,out of stock,RM Cores,https://gatewaycando.com/wp-json/wc/store/v1/products?per_page=100&page=2&category=cores,https://gatewaycando.com/product/6295140121/,2026-09-30T20:09:50Z,555.0,set,3.2,per pair or set,https://fair-rite.com/product/rm-cores-6295140121/,MnZn,"MAS material ""95""",1.32865,ECB euro reference rates 2026-09-30: 1 EUR = 1.1355 USD and 0.85463 GBP -> 1 GBP = 1.32865 USD; https://www.ecb.europa.eu/stats/eurofxref/eurofxref-daily.xml fetched 2026-09-30T20:12:47Z,0.6776
"Gateway Electronic Components (gatewaycando.com, UK)","Gateway web-shop (WooCommerce Store API list price, ex VAT)",Fair-Rite,6295180121,,95,MnZn ferrite,RM,RM 6,per set,"Fair-Rite product page: ""Fair-Rite product page title ""... SET""""; Gateway page states no set/half unit",GBP,1,0.5300,1,1,,out of stock,RM Cores,https://gatewaycando.com/wp-json/wc/store/v1/products?per_page=100&page=2&category=cores,https://gatewaycando.com/product/6295180121/,2026-09-30T20:09:50Z,1060.0,set,5.5,per pair or set,https://fair-rite.com/product/rm-cores-6295180121/,MnZn,"MAS material ""95""",1.32865,ECB euro reference rates 2026-09-30: 1 EUR = 1.1355 USD and 0.85463 GBP -> 1 GBP = 1.32865 USD; https://www.ecb.europa.eu/stats/eurofxref/eurofxref-daily.xml fetched 2026-09-30T20:12:47Z,0.7042
"Gateway Electronic Components (gatewaycando.com, UK)","Gateway web-shop (WooCommerce Store API list price, ex VAT)",Fair-Rite,5978002101,,78,MnZn ferrite,T,T 5.0/2.2/1.4,per toroid,toroid (single piece); Gateway page states no set/half unit,GBP,1,0.1000,1,1,,out of stock,Toroids,https://gatewaycando.com/wp-json/wc/store/v1/products?per_page=100&page=1&category=cores,https://gatewaycando.com/product/5978002101/,2026-09-30T20:09:41Z,15.7,toroid,0.09,toroid,https://fair-rite.com/product/toroids-5978002101/,MnZn,"MAS material ""78""",1.32865,ECB euro reference rates 2026-09-30: 1 EUR = 1.1355 USD and 0.85463 GBP -> 1 GBP = 1.32865 USD; https://www.ecb.europa.eu/stats/eurofxref/eurofxref-daily.xml fetched 2026-09-30T20:12:47Z,0.1329
"Gateway Electronic Components (gatewaycando.com, UK)","Gateway web-shop (WooCommerce Store API list price, ex VAT)",Fair-Rite,5978002701,,78,MnZn ferrite,T,T 36/23/12.7,per toroid,toroid (single piece); Gateway page states no set/half unit,GBP,1,1.3700,1,1,,out of stock,Toroids,https://gatewaycando.com/wp-json/wc/store/v1/products?per_page=100&page=3&category=cores,https://gatewaycando.com/product/5978002701/,2026-09-30T20:09:57Z,7000.0,toroid,33.0,toroid,https://fair-rite.com/product/toroids-5978002701/,MnZn,"MAS material ""78""",1.32865,ECB euro reference rates 2026-09-30: 1 EUR = 1.1355 USD and 0.85463 GBP -> 1 GBP = 1.32865 USD; https://www.ecb.europa.eu/stats/eurofxref/eurofxref-daily.xml fetched 2026-09-30T20:12:47Z,1.8202
"Gateway Electronic Components (gatewaycando.com, UK)","Gateway web-shop (WooCommerce Store API list price, ex VAT)",Fair-Rite,5978008001,,78,MnZn ferrite,T,T 157/70/19.1,per toroid,toroid (single piece); Gateway page states no set/half unit,GBP,1,71.9900,1,1,,out of stock,Toroids,https://gatewaycando.com/wp-json/wc/store/v1/products?per_page=100&page=4&category=cores,https://gatewaycando.com/product/5978008001/,2026-09-30T20:10:06Z,241800.0,toroid,1240.0,toroid,https://fair-rite.com/product/toroids-5978008001/,MnZn,"MAS material ""78""",1.32865,ECB euro reference rates 2026-09-30: 1 EUR = 1.1355 USD and 0.85463 GBP -> 1 GBP = 1.32865 USD; https://www.ecb.europa.eu/stats/eurofxref/eurofxref-daily.xml fetched 2026-09-30T20:12:47Z,95.6492
"Gateway Electronic Components (gatewaycando.com, UK)","Gateway web-shop (WooCommerce Store API list price, ex VAT)",Ferroxcube,E32/6/20/R-3F36,,3F36,MnZn ferrite,E,E 32/6/20/R,unverified,Gateway page states no set/half unit,GBP,1,0.7100,1,1,,out of stock,E Cores,https://gatewaycando.com/wp-json/wc/store/v1/products?per_page=100&page=44&category=cores,https://gatewaycando.com/product/e32-6-20-r-3f36/,2026-09-30T20:15:19Z,,,,,,MnZn,"MAS material ""3F36""",1.32865,ECB euro reference rates 2026-09-30: 1 EUR = 1.1355 USD and 0.85463 GBP -> 1 GBP = 1.32865 USD; https://www.ecb.europa.eu/stats/eurofxref/eurofxref-daily.xml fetched 2026-09-30T20:12:47Z,0.9433
"Gateway Electronic Components (gatewaycando.com, UK)","Gateway web-shop (WooCommerce Store API list price, ex VAT)",Ferroxcube,E58/11/38-3F36,,3F36,MnZn ferrite,E,E 58/11/38,likely per half (unverified),"Ferroxcube datasheet quotes mass in g/pcs (=one half, consistent with Ve); distributor listing does not state set/half; Gateway page states no set/half unit",GBP,1,2.4100,1,1,,out of stock,E Cores,https://gatewaycando.com/wp-json/wc/store/v1/products?per_page=100&page=41&category=cores,https://gatewaycando.com/product/e58-11-38-3f36/,2026-09-30T20:14:54Z,20800.0,set (E58/11/38 + PLT58/38/4),62.0,pcs,https://ferroxcube.com/upload/media/product/file/Pr_ds/E58_11_38_PLT58_38_4.pdf,MnZn,"MAS material ""3F36""",1.32865,ECB euro reference rates 2026-09-30: 1 EUR = 1.1355 USD and 0.85463 GBP -> 1 GBP = 1.32865 USD; https://www.ecb.europa.eu/stats/eurofxref/eurofxref-daily.xml fetched 2026-09-30T20:12:47Z,3.2020
"Gateway Electronic Components (gatewaycando.com, UK)","Gateway web-shop (WooCommerce Store API list price, ex VAT)",Ferroxcube,E100/60/28-3C90,,3C90,MnZn ferrite,E,E 100/60/28,likely per half (unverified),"Ferroxcube datasheet quotes mass in g/pcs (=one half, consistent with Ve); distributor listing does not state set/half; Gateway page states no set/half unit",GBP,1,15.0800,1,1,,out of stock,E Cores,https://gatewaycando.com/wp-json/wc/store/v1/products?per_page=100&page=49&category=cores,https://gatewaycando.com/product/e100-60-28-3c90/,2026-09-30T20:15:58Z,202000.0,set (E100/60/28),493.0,pcs,https://ferroxcube.com/upload/media/product/file/Pr_ds/E100_60_28.pdf,MnZn,"MAS material ""3C90""",1.32865,ECB euro reference rates 2026-09-30: 1 EUR = 1.1355 USD and 0.85463 GBP -> 1 GBP = 1.32865 USD; https://www.ecb.europa.eu/stats/eurofxref/eurofxref-daily.xml fetched 2026-09-30T20:12:47Z,20.0360
"Gateway Electronic Components (gatewaycando.com, UK)","Gateway web-shop (WooCommerce Store API list price, ex VAT)",Ferroxcube,EC90/45/30-3C94,,3C94,MnZn ferrite,EC,EC 90,unverified,Gateway page states no set/half unit,GBP,1,8.3200,1,1,,out of stock,E Cores,https://gatewaycando.com/wp-json/wc/store/v1/products?per_page=100&page=39&category=cores,https://gatewaycando.com/product/ec90-45-30-3c94/,2026-09-30T20:14:38Z,,,,,,MnZn,"MAS material ""3C94""",1.32865,ECB euro reference rates 2026-09-30: 1 EUR = 1.1355 USD and 0.85463 GBP -> 1 GBP = 1.32865 USD; https://www.ecb.europa.eu/stats/eurofxref/eurofxref-daily.xml fetched 2026-09-30T20:12:47Z,11.0543
"Gateway Electronic Components (gatewaycando.com, UK)","Gateway web-shop (WooCommerce Store API list price, ex VAT)",Ferroxcube,EC41/19/12-3C94,,3C94,MnZn ferrite,EC,EC 41,likely per half (unverified),"Ferroxcube datasheet quotes mass in g/pcs (=one half, consistent with Ve); distributor listing does not state set/half; Gateway page states no set/half unit",GBP,1,0.5800,1,1,,out of stock,E Cores,https://gatewaycando.com/wp-json/wc/store/v1/products?per_page=100&page=40&category=cores,https://gatewaycando.com/product/ec41-19-12-3c94/,2026-09-30T20:14:46Z,10800.0,set (EC41/19/12),30.0,pcs,https://ferroxcube.com/upload/media/product/file/Pr_ds/EC41_19_12.pdf,MnZn,"MAS material ""3C94""",1.32865,ECB euro reference rates 2026-09-30: 1 EUR = 1.1355 USD and 0.85463 GBP -> 1 GBP = 1.32865 USD; https://www.ecb.europa.eu/stats/eurofxref/eurofxref-daily.xml fetched 2026-09-30T20:12:47Z,0.7706
"Gateway Electronic Components (gatewaycando.com, UK)","Gateway web-shop (WooCommerce Store API list price, ex VAT)",Ferroxcube,EC70/34/17-3C94,,3C94,MnZn ferrite,EC,EC 70,likely per half (unverified),"Ferroxcube datasheet quotes mass in g/pcs (=one half, consistent with Ve); distributor listing does not state set/half; Gateway page states no set/half unit",GBP,1,3.0100,1,1,,out of stock,E Cores,https://gatewaycando.com/wp-json/wc/store/v1/products?per_page=100&page=40&category=cores,https://gatewaycando.com/product/ec70-34-17-3c94/,2026-09-30T20:14:46Z,40100.0,set (EC70/34/17),127.0,pcs,https://ferroxcube.com/upload/media/product/file/Pr_ds/EC70_34_17.pdf,MnZn,"MAS material ""3C94""",1.32865,ECB euro reference rates 2026-09-30: 1 EUR = 1.1355 USD and 0.85463 GBP -> 1 GBP = 1.32865 USD; https://www.ecb.europa.eu/stats/eurofxref/eurofxref-daily.xml fetched 2026-09-30T20:12:47Z,3.9992
"Gateway Electronic Components (gatewaycando.com, UK)","Gateway web-shop (WooCommerce Store API list price, ex VAT)",Ferroxcube,EFD25/13/9-3C94,,3C94,MnZn ferrite,EFD,EFD 25/13/9,unverified,Gateway page states no set/half unit,GBP,1,0.3600,1,1,,out of stock,E Cores,https://gatewaycando.com/wp-json/wc/store/v1/products?per_page=100&page=17&category=cores,https://gatewaycando.com/product/efd25-13-9-3c94/,2026-09-30T20:11:45Z,,,,,,MnZn,"MAS material ""3C94""",1.32865,ECB euro reference rates 2026-09-30: 1 EUR = 1.1355 USD and 0.85463 GBP -> 1 GBP = 1.32865 USD; https://www.ecb.europa.eu/stats/eurofxref/eurofxref-daily.xml fetched 2026-09-30T20:12:47Z,0.4783
"Gateway Electronic Components (gatewaycando.com, UK)","Gateway web-shop (WooCommerce Store API list price, ex VAT)",Ferroxcube,EFD25/13/9-3F36,,3F36,MnZn ferrite,EFD,EFD 25/13/9,likely per half (unverified),"Ferroxcube datasheet quotes mass in g/pcs (=one half, consistent with Ve); distributor listing does not state set/half; Gateway page states no set/half unit",GBP,1,0.4400,1,1,,out of stock,E Cores,https://gatewaycando.com/wp-json/wc/store/v1/products?per_page=100&page=39&category=cores,https://gatewaycando.com/product/efd25-13-9-3f36/,2026-09-30T20:14:38Z,3300.0,set (EFD25/13/9),8.0,pcs,https://ferroxcube.com/upload/media/product/file/Pr_ds/EFD25_13_9.pdf,MnZn,"MAS material ""3F36""",1.32865,ECB euro reference rates 2026-09-30: 1 EUR = 1.1355 USD and 0.85463 GBP -> 1 GBP = 1.32865 USD; https://www.ecb.europa.eu/stats/eurofxref/eurofxref-daily.xml fetched 2026-09-30T20:12:47Z,0.5846
"Gateway Electronic Components (gatewaycando.com, UK)","Gateway web-shop (WooCommerce Store API list price, ex VAT)",Ferroxcube,EFD30/15/9-3F36,,3F36,MnZn ferrite,EFD,EFD 30/15/9,likely per half (unverified),"Ferroxcube datasheet quotes mass in g/pcs (=one half, consistent with Ve); distributor listing does not state set/half; Gateway page states no set/half unit",GBP,1,0.4500,1,1,,out of stock,E Cores,https://gatewaycando.com/wp-json/wc/store/v1/products?per_page=100&page=39&category=cores,https://gatewaycando.com/product/efd30-15-9-3f36/,2026-09-30T20:14:38Z,4700.0,set (EFD30/15/9),12.0,pcs,https://ferroxcube.com/upload/media/product/file/Pr_ds/EFD30_15_9.pdf,MnZn,"MAS material ""3F36""",1.32865,ECB euro reference rates 2026-09-30: 1 EUR = 1.1355 USD and 0.85463 GBP -> 1 GBP = 1.32865 USD; https://www.ecb.europa.eu/stats/eurofxref/eurofxref-daily.xml fetched 2026-09-30T20:12:47Z,0.5979
"Gateway Electronic Components (gatewaycando.com, UK)","Gateway web-shop (WooCommerce Store API list price, ex VAT)",Ferroxcube,EP20-3C90,,3C90,MnZn ferrite,EP,EP 20,likely per set (unverified),Ferroxcube datasheet quotes mass in g/set for this shape; distributor listing does not state set/half; Gateway page states no set/half unit,GBP,1,0.8800,1,1,,out of stock,E Cores,https://gatewaycando.com/wp-json/wc/store/v1/products?per_page=100&page=38&category=cores,https://gatewaycando.com/product/ep20-3c90/,2026-09-30T20:14:29Z,3230.0,set (EP20),27.0,set,https://ferroxcube.com/upload/media/product/file/Pr_ds/EP20.pdf,MnZn,"MAS material ""3C90""",1.32865,ECB euro reference rates 2026-09-30: 1 EUR = 1.1355 USD and 0.85463 GBP -> 1 GBP = 1.32865 USD; https://www.ecb.europa.eu/stats/eurofxref/eurofxref-daily.xml fetched 2026-09-30T20:12:47Z,1.1692
"Gateway Electronic Components (gatewaycando.com, UK)","Gateway web-shop (WooCommerce Store API list price, ex VAT)",Ferroxcube,EQ38/8/25-3C95,,3C95,MnZn ferrite,EQ,EQ 38/8/25,unverified,"Ferroxcube datasheet ""Selling unit: PCS""; Gateway page states no set/half unit",GBP,1,1.0100,1,1,,out of stock,E Cores,https://gatewaycando.com/wp-json/wc/store/v1/products?per_page=100&page=37&category=cores,https://gatewaycando.com/product/eq38-8-25-3c95/,2026-09-30T20:14:20Z,7900.0,set (EQ38/8/25),,,https://ferroxcube.com/upload/media/product/file/Pr_ds/EQ38_8_25.pdf,MnZn,"MAS material ""3C95""",1.32865,ECB euro reference rates 2026-09-30: 1 EUR = 1.1355 USD and 0.85463 GBP -> 1 GBP = 1.32865 USD; https://www.ecb.europa.eu/stats/eurofxref/eurofxref-daily.xml fetched 2026-09-30T20:12:47Z,1.3419
"Gateway Electronic Components (gatewaycando.com, UK)","Gateway web-shop (WooCommerce Store API list price, ex VAT)",Ferroxcube,EQ25/LP-3C95,,3C95,MnZn ferrite,EQ,EQ 25/6,unverified,"Ferroxcube datasheet ""Selling unit: PCS""; Gateway page states no set/half unit",GBP,1,0.6700,1,1,,out of stock,E Cores,https://gatewaycando.com/wp-json/wc/store/v1/products?per_page=100&page=38&category=cores,https://gatewaycando.com/product/eq25-lp-3c95/,2026-09-30T20:14:29Z,3150.0,set (EQ25/LP),,,https://ferroxcube.com/upload/media/product/file/Pr_ds/EQ25_LP.pdf,MnZn,"MAS material ""3C95""",1.32865,ECB euro reference rates 2026-09-30: 1 EUR = 1.1355 USD and 0.85463 GBP -> 1 GBP = 1.32865 USD; https://www.ecb.europa.eu/stats/eurofxref/eurofxref-daily.xml fetched 2026-09-30T20:12:47Z,0.8902
"Gateway Electronic Components (gatewaycando.com, UK)","Gateway web-shop (WooCommerce Store API list price, ex VAT)",Ferroxcube,EQ13-3C95,,3C95,MnZn ferrite,EQ,EQ 13/3,unverified,"Ferroxcube datasheet ""Selling unit: PCS""; Gateway page states no set/half unit",GBP,1,0.3500,1,1,,out of stock,E Cores,https://gatewaycando.com/wp-json/wc/store/v1/products?per_page=100&page=38&category=cores,https://gatewaycando.com/product/eq13-3c95/,2026-09-30T20:14:29Z,348.0,set (EQ13),,,https://ferroxcube.com/upload/media/product/file/Pr_ds/EQ13.pdf,MnZn,"MAS material ""3C95""",1.32865,ECB euro reference rates 2026-09-30: 1 EUR = 1.1355 USD and 0.85463 GBP -> 1 GBP = 1.32865 USD; https://www.ecb.europa.eu/stats/eurofxref/eurofxref-daily.xml fetched 2026-09-30T20:12:47Z,0.4650
"Gateway Electronic Components (gatewaycando.com, UK)","Gateway web-shop (WooCommerce Store API list price, ex VAT)",Ferroxcube,ER41/7.6/32-3C97,,3C97,MnZn ferrite,ER,ER 41/7.6/32,likely per half (unverified),"Ferroxcube datasheet quotes mass in g/pcs (=one half, consistent with Ve); distributor listing does not state set/half; Gateway page states no set/half unit",GBP,1,1.3100,1,1,,out of stock,E Cores,https://gatewaycando.com/wp-json/wc/store/v1/products?per_page=100&page=36&category=cores,https://gatewaycando.com/product/er41-7-6-32-3c97/,2026-09-30T20:14:12Z,12900.0,set (ER41/7.6/32),37.0,pcs,https://ferroxcube.com/upload/media/product/file/Pr_ds/ER41_7.6_32.pdf,MnZn,"MAS material ""3C97""",1.32865,ECB euro reference rates 2026-09-30: 1 EUR = 1.1355 USD and 0.85463 GBP -> 1 GBP = 1.32865 USD; https://www.ecb.europa.eu/stats/eurofxref/eurofxref-daily.xml fetched 2026-09-30T20:12:47Z,1.7405
"Gateway Electronic Components (gatewaycando.com, UK)","Gateway web-shop (WooCommerce Store API list price, ex VAT)",Ferroxcube,ER48/18/18-3C90,,3C90,MnZn ferrite,ER,ER 48/18/18,likely per half (unverified),"Ferroxcube datasheet quotes mass in g/pcs (=one half, consistent with Ve); distributor listing does not state set/half; Gateway page states no set/half unit",GBP,1,0.8300,1,1,,out of stock,E Cores,https://gatewaycando.com/wp-json/wc/store/v1/products?per_page=100&page=36&category=cores,https://gatewaycando.com/product/er48-18-18-3c90/,2026-09-30T20:14:12Z,20300.0,set (ER48/18/18),51.0,pcs,https://ferroxcube.com/upload/media/product/file/Pr_ds/ER48_18_18.pdf,MnZn,"MAS material ""3C90""",1.32865,ECB euro reference rates 2026-09-30: 1 EUR = 1.1355 USD and 0.85463 GBP -> 1 GBP = 1.32865 USD; https://www.ecb.europa.eu/stats/eurofxref/eurofxref-daily.xml fetched 2026-09-30T20:12:47Z,1.1028
"Gateway Electronic Components (gatewaycando.com, UK)","Gateway web-shop (WooCommerce Store API list price, ex VAT)",Ferroxcube,ER64/13/51-3C95,,3C95,MnZn ferrite,ER,ER 64/13/51,likely per half (unverified),"Ferroxcube datasheet quotes mass in g/pcs (=one half, consistent with Ve); distributor listing does not state set/half; Gateway page states no set/half unit",GBP,1,8.7800,1,1,,out of stock,E Cores,https://gatewaycando.com/wp-json/wc/store/v1/products?per_page=100&page=36&category=cores,https://gatewaycando.com/product/er64-13-51-3c95/,2026-09-30T20:14:12Z,52600.0,set (ER64/13/51),152.0,pcs,https://ferroxcube.com/upload/media/product/file/Pr_ds/ER64_13_51.pdf,MnZn,"MAS material ""3C95""",1.32865,ECB euro reference rates 2026-09-30: 1 EUR = 1.1355 USD and 0.85463 GBP -> 1 GBP = 1.32865 USD; https://www.ecb.europa.eu/stats/eurofxref/eurofxref-daily.xml fetched 2026-09-30T20:12:47Z,11.6655
"Gateway Electronic Components (gatewaycando.com, UK)","Gateway web-shop (WooCommerce Store API list price, ex VAT)",Ferroxcube,ETD29/16/10-3C97,,3C97,MnZn ferrite,ETD,ETD 29/16/10,likely per half (unverified),"Ferroxcube datasheet quotes mass in g/pcs (=one half, consistent with Ve); distributor listing does not state set/half; Gateway page states no set/half unit",GBP,1,0.3900,1,1,,out of stock,E Cores,https://gatewaycando.com/wp-json/wc/store/v1/products?per_page=100&page=36&category=cores,https://gatewaycando.com/product/etd29-16-10-3c97/,2026-09-30T20:14:12Z,5470.0,set (ETD29/16/10),14.0,pcs,https://ferroxcube.com/upload/media/product/file/Pr_ds/ETD29_16_10.pdf,MnZn,"MAS material ""3C97""",1.32865,ECB euro reference rates 2026-09-30: 1 EUR = 1.1355 USD and 0.85463 GBP -> 1 GBP = 1.32865 USD; https://www.ecb.europa.eu/stats/eurofxref/eurofxref-daily.xml fetched 2026-09-30T20:12:47Z,0.5182
"Gateway Electronic Components (gatewaycando.com, UK)","Gateway web-shop (WooCommerce Store API list price, ex VAT)",Ferroxcube,ETD49/25/16-3C95,,3C95,MnZn ferrite,ETD,ETD 49/25/16,likely per half (unverified),"Ferroxcube datasheet quotes mass in g/pcs (=one half, consistent with Ve); distributor listing does not state set/half; Gateway page states no set/half unit",GBP,1,1.1400,1,1,,out of stock,E Cores,https://gatewaycando.com/wp-json/wc/store/v1/products?per_page=100&page=35&category=cores,https://gatewaycando.com/product/etd49-25-16-3c95/,2026-09-30T20:14:04Z,24000.0,set (ETD49/25/16),62.0,pcs,https://ferroxcube.com/upload/media/product/file/Pr_ds/ETD49_25_16.pdf,MnZn,"MAS material ""3C95""",1.32865,ECB euro reference rates 2026-09-30: 1 EUR = 1.1355 USD and 0.85463 GBP -> 1 GBP = 1.32865 USD; https://www.ecb.europa.eu/stats/eurofxref/eurofxref-daily.xml fetched 2026-09-30T20:12:47Z,1.5147
"Gateway Electronic Components (gatewaycando.com, UK)","Gateway web-shop (WooCommerce Store API list price, ex VAT)",Ferroxcube,ETD59/31/22-3C90,,3C90,MnZn ferrite,ETD,ETD 59/31/22,likely per half (unverified),"Ferroxcube datasheet quotes mass in g/pcs (=one half, consistent with Ve); distributor listing does not state set/half; Gateway page states no set/half unit",GBP,1,6.3700,1,1,,out of stock,E Cores,https://gatewaycando.com/wp-json/wc/store/v1/products?per_page=100&page=34&category=cores,https://gatewaycando.com/product/etd59-31-22-3c90/,2026-09-30T20:13:57Z,51500.0,set (ETD59/31/22),130.0,pcs,https://ferroxcube.com/upload/media/product/file/Pr_ds/ETD59_31_22.pdf,MnZn,"MAS material ""3C90""",1.32865,ECB euro reference rates 2026-09-30: 1 EUR = 1.1355 USD and 0.85463 GBP -> 1 GBP = 1.32865 USD; https://www.ecb.europa.eu/stats/eurofxref/eurofxref-daily.xml fetched 2026-09-30T20:12:47Z,8.4635
"Gateway Electronic Components (gatewaycando.com, UK)","Gateway web-shop (WooCommerce Store API list price, ex VAT)",Ferroxcube,P18/11-3C95,,3C95,MnZn ferrite,P,P 18/11,likely per set (unverified),Ferroxcube datasheet quotes mass in g/set for this shape; distributor listing does not state set/half; Gateway page states no set/half unit,GBP,1,0.9600,1,1,,out of stock,P Cores,https://gatewaycando.com/wp-json/wc/store/v1/products?per_page=100&page=34&category=cores,https://gatewaycando.com/product/p18-11-3c95/,2026-09-30T20:13:57Z,1120.0,set (P18/11),6.0,set,https://ferroxcube.com/upload/media/product/file/Pr_ds/P18_11.pdf,MnZn,"MAS material ""3C95""",1.32865,ECB euro reference rates 2026-09-30: 1 EUR = 1.1355 USD and 0.85463 GBP -> 1 GBP = 1.32865 USD; https://www.ecb.europa.eu/stats/eurofxref/eurofxref-daily.xml fetched 2026-09-30T20:12:47Z,1.2755
"Gateway Electronic Components (gatewaycando.com, UK)","Gateway web-shop (WooCommerce Store API list price, ex VAT)",Ferroxcube,P36/22-3F36,,3F36,MnZn ferrite,P,P 36/22,likely per set (unverified),Ferroxcube datasheet quotes mass in g/set for this shape; distributor listing does not state set/half; Gateway page states no set/half unit,GBP,1,4.0700,1,1,,out of stock,P Cores,https://gatewaycando.com/wp-json/wc/store/v1/products?per_page=100&page=32&category=cores,https://gatewaycando.com/product/p36-22-3f36/,2026-09-30T20:13:41Z,10700.0,set (P36/22),54.0,set,https://ferroxcube.com/upload/media/product/file/Pr_ds/P36_22.pdf,MnZn,"MAS material ""3F36""",1.32865,ECB euro reference rates 2026-09-30: 1 EUR = 1.1355 USD and 0.85463 GBP -> 1 GBP = 1.32865 USD; https://www.ecb.europa.eu/stats/eurofxref/eurofxref-daily.xml fetched 2026-09-30T20:12:47Z,5.4076
"Gateway Electronic Components (gatewaycando.com, UK)","Gateway web-shop (WooCommerce Store API list price, ex VAT)",Ferroxcube,P66/56-3C95,,3C95,MnZn ferrite,P,P 66/56,likely per set (unverified),Ferroxcube datasheet quotes mass in g/set for this shape; distributor listing does not state set/half; Gateway page states no set/half unit,GBP,1,33.5400,1,1,,out of stock,P Cores,https://gatewaycando.com/wp-json/wc/store/v1/products?per_page=100&page=32&category=cores,https://gatewaycando.com/product/p66-56-3c95/,2026-09-30T20:13:41Z,88200.0,set (P66/56),550.0,set,https://ferroxcube.com/upload/media/product/file/Pr_ds/P66_56.pdf,MnZn,"MAS material ""3C95""",1.32865,ECB euro reference rates 2026-09-30: 1 EUR = 1.1355 USD and 0.85463 GBP -> 1 GBP = 1.32865 USD; https://www.ecb.europa.eu/stats/eurofxref/eurofxref-daily.xml fetched 2026-09-30T20:12:47Z,44.5628
"Gateway Electronic Components (gatewaycando.com, UK)","Gateway web-shop (WooCommerce Store API list price, ex VAT)",Ferroxcube,PM50/39-3C94,,3C94,MnZn ferrite,PM,PM 50/39,likely per set (unverified),Ferroxcube datasheet quotes mass in g/set for this shape; distributor listing does not state set/half; Gateway page states no set/half unit,GBP,1,7.4200,1,1,,out of stock,P Cores,https://gatewaycando.com/wp-json/wc/store/v1/products?per_page=100&page=31&category=cores,https://gatewaycando.com/product/pm50-39-3c94/,2026-09-30T20:13:33Z,31000.0,set (PM50/39),140.0,set,https://ferroxcube.com/upload/media/product/file/Pr_ds/PM50_39.pdf,MnZn,"MAS material ""3C94""",1.32865,ECB euro reference rates 2026-09-30: 1 EUR = 1.1355 USD and 0.85463 GBP -> 1 GBP = 1.32865 USD; https://www.ecb.europa.eu/stats/eurofxref/eurofxref-daily.xml fetched 2026-09-30T20:12:47Z,9.8585
"Gateway Electronic Components (gatewaycando.com, UK)","Gateway product page tiered-pricing table (data-price-rules, prices ex VAT)",Ferroxcube,PM74/59-3C94,,3C94,MnZn ferrite,PM,PM 74/59,likely per set (unverified),Ferroxcube datasheet quotes mass in g/set for this shape; distributor listing does not state set/half; Gateway page states no set/half unit,GBP,1,35.6400,1,0,,in stock,P Cores,https://gatewaycando.com/product/pm74-59-3c94/,https://gatewaycando.com/product/pm74-59-3c94/,2026-09-30T20:43:53Z,101000.0,set (PM74/59),460.0,set,https://ferroxcube.com/upload/media/product/file/Pr_ds/PM74_59.pdf,MnZn,"MAS material ""3C94""",1.32865,ECB euro reference rates 2026-09-30: 1 EUR = 1.1355 USD and 0.85463 GBP -> 1 GBP = 1.32865 USD; https://www.ecb.europa.eu/stats/eurofxref/eurofxref-daily.xml fetched 2026-09-30T20:12:47Z,47.3529
"Gateway Electronic Components (gatewaycando.com, UK)","Gateway product page tiered-pricing table (data-price-rules, prices ex VAT)",Ferroxcube,PM74/59-3C94,,3C94,MnZn ferrite,PM,PM 74/59,likely per set (unverified),Ferroxcube datasheet quotes mass in g/set for this shape; distributor listing does not state set/half; Gateway page states no set/half unit,GBP,10,22.2730,0,0,,in stock,P Cores,https://gatewaycando.com/product/pm74-59-3c94/,https://gatewaycando.com/product/pm74-59-3c94/,2026-09-30T20:43:53Z,101000.0,set (PM74/59),460.0,set,https://ferroxcube.com/upload/media/product/file/Pr_ds/PM74_59.pdf,MnZn,"MAS material ""3C94""",1.32865,ECB euro reference rates 2026-09-30: 1 EUR = 1.1355 USD and 0.85463 GBP -> 1 GBP = 1.32865 USD; https://www.ecb.europa.eu/stats/eurofxref/eurofxref-daily.xml fetched 2026-09-30T20:12:47Z,29.5929
"Gateway Electronic Components (gatewaycando.com, UK)","Gateway product page tiered-pricing table (data-price-rules, prices ex VAT)",Ferroxcube,PM74/59-3C94,,3C94,MnZn ferrite,PM,PM 74/59,likely per set (unverified),Ferroxcube datasheet quotes mass in g/set for this shape; distributor listing does not state set/half; Gateway page states no set/half unit,GBP,25,19.7980,0,0,,in stock,P Cores,https://gatewaycando.com/product/pm74-59-3c94/,https://gatewaycando.com/product/pm74-59-3c94/,2026-09-30T20:43:53Z,101000.0,set (PM74/59),460.0,set,https://ferroxcube.com/upload/media/product/file/Pr_ds/PM74_59.pdf,MnZn,"MAS material ""3C94""",1.32865,ECB euro reference rates 2026-09-30: 1 EUR = 1.1355 USD and 0.85463 GBP -> 1 GBP = 1.32865 USD; https://www.ecb.europa.eu/stats/eurofxref/eurofxref-daily.xml fetched 2026-09-30T20:12:47Z,26.3045
"Gateway Electronic Components (gatewaycando.com, UK)","Gateway product page tiered-pricing table (data-price-rules, prices ex VAT)",Ferroxcube,PM74/59-3C94,,3C94,MnZn ferrite,PM,PM 74/59,likely per set (unverified),Ferroxcube datasheet quotes mass in g/set for this shape; distributor listing does not state set/half; Gateway page states no set/half unit,GBP,50,17.8180,0,0,,in stock,P Cores,https://gatewaycando.com/product/pm74-59-3c94/,https://gatewaycando.com/product/pm74-59-3c94/,2026-09-30T20:43:53Z,101000.0,set (PM74/59),460.0,set,https://ferroxcube.com/upload/media/product/file/Pr_ds/PM74_59.pdf,MnZn,"MAS material ""3C94""",1.32865,ECB euro reference rates 2026-09-30: 1 EUR = 1.1355 USD and 0.85463 GBP -> 1 GBP = 1.32865 USD; https://www.ecb.europa.eu/stats/eurofxref/eurofxref-daily.xml fetched 2026-09-30T20:12:47Z,23.6738
"Gateway Electronic Components (gatewaycando.com, UK)","Gateway product page tiered-pricing table (data-price-rules, prices ex VAT)",Ferroxcube,PM74/59-3C94,,3C94,MnZn ferrite,PM,PM 74/59,likely per set (unverified),Ferroxcube datasheet quotes mass in g/set for this shape; distributor listing does not state set/half; Gateway page states no set/half unit,GBP,100,14.8480,0,1,,in stock,P Cores,https://gatewaycando.com/product/pm74-59-3c94/,https://gatewaycando.com/product/pm74-59-3c94/,2026-09-30T20:43:53Z,101000.0,set (PM74/59),460.0,set,https://ferroxcube.com/upload/media/product/file/Pr_ds/PM74_59.pdf,MnZn,"MAS material ""3C94""",1.32865,ECB euro reference rates 2026-09-30: 1 EUR = 1.1355 USD and 0.85463 GBP -> 1 GBP = 1.32865 USD; https://www.ecb.europa.eu/stats/eurofxref/eurofxref-daily.xml fetched 2026-09-30T20:12:47Z,19.7277
"Gateway Electronic Components (gatewaycando.com, UK)","Gateway web-shop (WooCommerce Store API list price, ex VAT)",Ferroxcube,PM114/93-3C90,,3C90,MnZn ferrite,PM,PM 114/93,likely per set (unverified),Ferroxcube datasheet quotes mass in g/set for this shape; distributor listing does not state set/half; Gateway page states no set/half unit,GBP,1,118.5800,1,1,,out of stock,P Cores,https://gatewaycando.com/wp-json/wc/store/v1/products?per_page=100&page=31&category=cores,https://gatewaycando.com/product/pm114-93-3c90/,2026-09-30T20:13:33Z,344000.0,set (PM114/93),1940.0,set,https://ferroxcube.com/upload/media/product/file/Pr_ds/PM114_93.pdf,MnZn,"MAS material ""3C90""",1.32865,ECB euro reference rates 2026-09-30: 1 EUR = 1.1355 USD and 0.85463 GBP -> 1 GBP = 1.32865 USD; https://www.ecb.europa.eu/stats/eurofxref/eurofxref-daily.xml fetched 2026-09-30T20:12:47Z,157.5507
"Gateway Electronic Components (gatewaycando.com, UK)","Gateway web-shop (WooCommerce Store API list price, ex VAT)",Ferroxcube,PQ20/16-3F36,,3F36,MnZn ferrite,PQ,PQ 20/16,likely per set (unverified),Ferroxcube datasheet quotes mass in g/set for this shape; distributor listing does not state set/half; Gateway page states no set/half unit,GBP,1,1.0100,1,1,,out of stock,P Cores,https://gatewaycando.com/wp-json/wc/store/v1/products?per_page=100&page=31&category=cores,https://gatewaycando.com/product/pq20-16-3f36/,2026-09-30T20:13:33Z,2330.0,set (PQ20/16),13.0,set,https://ferroxcube.com/upload/media/product/file/Pr_ds/PQ20_16.pdf,MnZn,"MAS material ""3F36""",1.32865,ECB euro reference rates 2026-09-30: 1 EUR = 1.1355 USD and 0.85463 GBP -> 1 GBP = 1.32865 USD; https://www.ecb.europa.eu/stats/eurofxref/eurofxref-daily.xml fetched 2026-09-30T20:12:47Z,1.3419
"Gateway Electronic Components (gatewaycando.com, UK)","Gateway web-shop (WooCommerce Store API list price, ex VAT)",Ferroxcube,PQ35/30-3C97,,3C97,MnZn ferrite,PQ,PQ 35/30,likely per set (unverified),Ferroxcube datasheet quotes mass in g/set for this shape; distributor listing does not state set/half; Gateway page states no set/half unit,GBP,1,1.8300,1,1,,out of stock,P Cores,https://gatewaycando.com/wp-json/wc/store/v1/products?per_page=100&page=29&category=cores,https://gatewaycando.com/product/pq35-30-3c97/,2026-09-30T20:13:18Z,14800.0,set (PQ35/30),67.3,set,https://ferroxcube.com/upload/media/product/file/Pr_ds/PQ35_30.pdf,MnZn,"MAS material ""3C97""",1.32865,ECB euro reference rates 2026-09-30: 1 EUR = 1.1355 USD and 0.85463 GBP -> 1 GBP = 1.32865 USD; https://www.ecb.europa.eu/stats/eurofxref/eurofxref-daily.xml fetched 2026-09-30T20:12:47Z,2.4314
"Gateway Electronic Components (gatewaycando.com, UK)","Gateway web-shop (WooCommerce Store API list price, ex VAT)",Ferroxcube,PQ50/50-3C94,,3C94,MnZn ferrite,PQ,PQ 50/50,likely per set (unverified),Ferroxcube datasheet quotes mass in g/set for this shape; distributor listing does not state set/half; Gateway page states no set/half unit,GBP,1,4.9300,1,1,,out of stock,P Cores,https://gatewaycando.com/wp-json/wc/store/v1/products?per_page=100&page=29&category=cores,https://gatewaycando.com/product/pq50-50-3c94/,2026-09-30T20:13:18Z,37100.0,set (PQ50/50),195.0,set,https://ferroxcube.com/upload/media/product/file/Pr_ds/PQ50_50.pdf,MnZn,"MAS material ""3C94""",1.32865,ECB euro reference rates 2026-09-30: 1 EUR = 1.1355 USD and 0.85463 GBP -> 1 GBP = 1.32865 USD; https://www.ecb.europa.eu/stats/eurofxref/eurofxref-daily.xml fetched 2026-09-30T20:12:47Z,6.5502
"Gateway Electronic Components (gatewaycando.com, UK)","Gateway web-shop (WooCommerce Store API list price, ex VAT)",Ferroxcube,RM8/ILP-3C95,,3C95,MnZn ferrite,RM,RM 8/ILP,unverified,Gateway page states no set/half unit,GBP,1,0.7700,1,1,,out of stock,RM Cores,https://gatewaycando.com/wp-json/wc/store/v1/products?per_page=100&page=8&category=cores,https://gatewaycando.com/product/rm8-ilp-3c95/,2026-09-30T20:10:38Z,,,,,,MnZn,"MAS material ""3C95""",1.32865,ECB euro reference rates 2026-09-30: 1 EUR = 1.1355 USD and 0.85463 GBP -> 1 GBP = 1.32865 USD; https://www.ecb.europa.eu/stats/eurofxref/eurofxref-daily.xml fetched 2026-09-30T20:12:47Z,1.0231
"Gateway Electronic Components (gatewaycando.com, UK)","Gateway web-shop (WooCommerce Store API list price, ex VAT)",Ferroxcube,RM8/I-3C95,,3C95,MnZn ferrite,RM,RM 8/I,likely per set (unverified),Ferroxcube datasheet quotes mass in g/set for this shape; distributor listing does not state set/half; Gateway page states no set/half unit,GBP,1,0.8500,1,1,,out of stock,RM Cores,https://gatewaycando.com/wp-json/wc/store/v1/products?per_page=100&page=26&category=cores,https://gatewaycando.com/product/rm8-i-3c95/,2026-09-30T20:12:54Z,2440.0,set (RM8/I),13.0,set,https://ferroxcube.com/upload/media/product/file/Pr_ds/RM8_I.pdf,MnZn,"MAS material ""3C95""",1.32865,ECB euro reference rates 2026-09-30: 1 EUR = 1.1355 USD and 0.85463 GBP -> 1 GBP = 1.32865 USD; https://www.ecb.europa.eu/stats/eurofxref/eurofxref-daily.xml fetched 2026-09-30T20:12:47Z,1.1293
"Gateway Electronic Components (gatewaycando.com, UK)","Gateway product page tiered-pricing table (data-price-rules, prices ex VAT)",Ferroxcube,RM14/I-3C90,,3C90,MnZn ferrite,RM,RM 14/I,likely per set (unverified),Ferroxcube datasheet quotes mass in g/set for this shape; distributor listing does not state set/half; Gateway page states no set/half unit,GBP,1,7.6400,1,0,,in stock,RM Cores,https://gatewaycando.com/product/rm14-i-3c90/,https://gatewaycando.com/product/rm14-i-3c90/,2026-09-30T20:44:39Z,13900.0,set (RM14/I),69.0,set,https://ferroxcube.com/upload/media/product/file/Pr_ds/RM14_I.pdf,MnZn,"MAS material ""3C90""",1.32865,ECB euro reference rates 2026-09-30: 1 EUR = 1.1355 USD and 0.85463 GBP -> 1 GBP = 1.32865 USD; https://www.ecb.europa.eu/stats/eurofxref/eurofxref-daily.xml fetched 2026-09-30T20:12:47Z,10.1508
"Gateway Electronic Components (gatewaycando.com, UK)","Gateway product page tiered-pricing table (data-price-rules, prices ex VAT)",Ferroxcube,RM14/I-3C90,,3C90,MnZn ferrite,RM,RM 14/I,likely per set (unverified),Ferroxcube datasheet quotes mass in g/set for this shape; distributor listing does not state set/half; Gateway page states no set/half unit,GBP,5,5.3940,0,0,,in stock,RM Cores,https://gatewaycando.com/product/rm14-i-3c90/,https://gatewaycando.com/product/rm14-i-3c90/,2026-09-30T20:44:39Z,13900.0,set (RM14/I),69.0,set,https://ferroxcube.com/upload/media/product/file/Pr_ds/RM14_I.pdf,MnZn,"MAS material ""3C90""",1.32865,ECB euro reference rates 2026-09-30: 1 EUR = 1.1355 USD and 0.85463 GBP -> 1 GBP = 1.32865 USD; https://www.ecb.europa.eu/stats/eurofxref/eurofxref-daily.xml fetched 2026-09-30T20:12:47Z,7.1667
"Gateway Electronic Components (gatewaycando.com, UK)","Gateway product page tiered-pricing table (data-price-rules, prices ex VAT)",Ferroxcube,RM14/I-3C90,,3C90,MnZn ferrite,RM,RM 14/I,likely per set (unverified),Ferroxcube datasheet quotes mass in g/set for this shape; distributor listing does not state set/half; Gateway page states no set/half unit,GBP,10,4.5850,0,0,,in stock,RM Cores,https://gatewaycando.com/product/rm14-i-3c90/,https://gatewaycando.com/product/rm14-i-3c90/,2026-09-30T20:44:39Z,13900.0,set (RM14/I),69.0,set,https://ferroxcube.com/upload/media/product/file/Pr_ds/RM14_I.pdf,MnZn,"MAS material ""3C90""",1.32865,ECB euro reference rates 2026-09-30: 1 EUR = 1.1355 USD and 0.85463 GBP -> 1 GBP = 1.32865 USD; https://www.ecb.europa.eu/stats/eurofxref/eurofxref-daily.xml fetched 2026-09-30T20:12:47Z,6.0918
"Gateway Electronic Components (gatewaycando.com, UK)","Gateway product page tiered-pricing table (data-price-rules, prices ex VAT)",Ferroxcube,RM14/I-3C90,,3C90,MnZn ferrite,RM,RM 14/I,likely per set (unverified),Ferroxcube datasheet quotes mass in g/set for this shape; distributor listing does not state set/half; Gateway page states no set/half unit,GBP,20,4.2650,0,0,,in stock,RM Cores,https://gatewaycando.com/product/rm14-i-3c90/,https://gatewaycando.com/product/rm14-i-3c90/,2026-09-30T20:44:39Z,13900.0,set (RM14/I),69.0,set,https://ferroxcube.com/upload/media/product/file/Pr_ds/RM14_I.pdf,MnZn,"MAS material ""3C90""",1.32865,ECB euro reference rates 2026-09-30: 1 EUR = 1.1355 USD and 0.85463 GBP -> 1 GBP = 1.32865 USD; https://www.ecb.europa.eu/stats/eurofxref/eurofxref-daily.xml fetched 2026-09-30T20:12:47Z,5.6667
"Gateway Electronic Components (gatewaycando.com, UK)","Gateway product page tiered-pricing table (data-price-rules, prices ex VAT)",Ferroxcube,RM14/I-3C90,,3C90,MnZn ferrite,RM,RM 14/I,likely per set (unverified),Ferroxcube datasheet quotes mass in g/set for this shape; distributor listing does not state set/half; Gateway page states no set/half unit,GBP,30,3.9870,0,0,,in stock,RM Cores,https://gatewaycando.com/product/rm14-i-3c90/,https://gatewaycando.com/product/rm14-i-3c90/,2026-09-30T20:44:39Z,13900.0,set (RM14/I),69.0,set,https://ferroxcube.com/upload/media/product/file/Pr_ds/RM14_I.pdf,MnZn,"MAS material ""3C90""",1.32865,ECB euro reference rates 2026-09-30: 1 EUR = 1.1355 USD and 0.85463 GBP -> 1 GBP = 1.32865 USD; https://www.ecb.europa.eu/stats/eurofxref/eurofxref-daily.xml fetched 2026-09-30T20:12:47Z,5.2973
"Gateway Electronic Components (gatewaycando.com, UK)","Gateway product page tiered-pricing table (data-price-rules, prices ex VAT)",Ferroxcube,RM14/I-3C90,,3C90,MnZn ferrite,RM,RM 14/I,likely per set (unverified),Ferroxcube datasheet quotes mass in g/set for this shape; distributor listing does not state set/half; Gateway page states no set/half unit,GBP,40,3.8210,0,0,,in stock,RM Cores,https://gatewaycando.com/product/rm14-i-3c90/,https://gatewaycando.com/product/rm14-i-3c90/,2026-09-30T20:44:39Z,13900.0,set (RM14/I),69.0,set,https://ferroxcube.com/upload/media/product/file/Pr_ds/RM14_I.pdf,MnZn,"MAS material ""3C90""",1.32865,ECB euro reference rates 2026-09-30: 1 EUR = 1.1355 USD and 0.85463 GBP -> 1 GBP = 1.32865 USD; https://www.ecb.europa.eu/stats/eurofxref/eurofxref-daily.xml fetched 2026-09-30T20:12:47Z,5.0768
"Gateway Electronic Components (gatewaycando.com, UK)","Gateway product page tiered-pricing table (data-price-rules, prices ex VAT)",Ferroxcube,RM14/I-3C90,,3C90,MnZn ferrite,RM,RM 14/I,likely per set (unverified),Ferroxcube datasheet quotes mass in g/set for this shape; distributor listing does not state set/half; Gateway page states no set/half unit,GBP,80,3.6680,0,0,,in stock,RM Cores,https://gatewaycando.com/product/rm14-i-3c90/,https://gatewaycando.com/product/rm14-i-3c90/,2026-09-30T20:44:39Z,13900.0,set (RM14/I),69.0,set,https://ferroxcube.com/upload/media/product/file/Pr_ds/RM14_I.pdf,MnZn,"MAS material ""3C90""",1.32865,ECB euro reference rates 2026-09-30: 1 EUR = 1.1355 USD and 0.85463 GBP -> 1 GBP = 1.32865 USD; https://www.ecb.europa.eu/stats/eurofxref/eurofxref-daily.xml fetched 2026-09-30T20:12:47Z,4.8735
"Gateway Electronic Components (gatewaycando.com, UK)","Gateway product page tiered-pricing table (data-price-rules, prices ex VAT)",Ferroxcube,RM14/I-3C90,,3C90,MnZn ferrite,RM,RM 14/I,likely per set (unverified),Ferroxcube datasheet quotes mass in g/set for this shape; distributor listing does not state set/half; Gateway page states no set/half unit,GBP,120,3.5270,0,0,,in stock,RM Cores,https://gatewaycando.com/product/rm14-i-3c90/,https://gatewaycando.com/product/rm14-i-3c90/,2026-09-30T20:44:39Z,13900.0,set (RM14/I),69.0,set,https://ferroxcube.com/upload/media/product/file/Pr_ds/RM14_I.pdf,MnZn,"MAS material ""3C90""",1.32865,ECB euro reference rates 2026-09-30: 1 EUR = 1.1355 USD and 0.85463 GBP -> 1 GBP = 1.32865 USD; https://www.ecb.europa.eu/stats/eurofxref/eurofxref-daily.xml fetched 2026-09-30T20:12:47Z,4.6861
"Gateway Electronic Components (gatewaycando.com, UK)","Gateway product page tiered-pricing table (data-price-rules, prices ex VAT)",Ferroxcube,RM14/I-3C90,,3C90,MnZn ferrite,RM,RM 14/I,likely per set (unverified),Ferroxcube datasheet quotes mass in g/set for this shape; distributor listing does not state set/half; Gateway page states no set/half unit,GBP,160,3.3960,0,0,,in stock,RM Cores,https://gatewaycando.com/product/rm14-i-3c90/,https://gatewaycando.com/product/rm14-i-3c90/,2026-09-30T20:44:39Z,13900.0,set (RM14/I),69.0,set,https://ferroxcube.com/upload/media/product/file/Pr_ds/RM14_I.pdf,MnZn,"MAS material ""3C90""",1.32865,ECB euro reference rates 2026-09-30: 1 EUR = 1.1355 USD and 0.85463 GBP -> 1 GBP = 1.32865 USD; https://www.ecb.europa.eu/stats/eurofxref/eurofxref-daily.xml fetched 2026-09-30T20:12:47Z,4.5121
"Gateway Electronic Components (gatewaycando.com, UK)","Gateway product page tiered-pricing table (data-price-rules, prices ex VAT)",Ferroxcube,RM14/I-3C90,,3C90,MnZn ferrite,RM,RM 14/I,likely per set (unverified),Ferroxcube datasheet quotes mass in g/set for this shape; distributor listing does not state set/half; Gateway page states no set/half unit,GBP,200,3.3350,0,0,,in stock,RM Cores,https://gatewaycando.com/product/rm14-i-3c90/,https://gatewaycando.com/product/rm14-i-3c90/,2026-09-30T20:44:39Z,13900.0,set (RM14/I),69.0,set,https://ferroxcube.com/upload/media/product/file/Pr_ds/RM14_I.pdf,MnZn,"MAS material ""3C90""",1.32865,ECB euro reference rates 2026-09-30: 1 EUR = 1.1355 USD and 0.85463 GBP -> 1 GBP = 1.32865 USD; https://www.ecb.europa.eu/stats/eurofxref/eurofxref-daily.xml fetched 2026-09-30T20:12:47Z,4.4310
"Gateway Electronic Components (gatewaycando.com, UK)","Gateway product page tiered-pricing table (data-price-rules, prices ex VAT)",Ferroxcube,RM14/I-3C90,,3C90,MnZn ferrite,RM,RM 14/I,likely per set (unverified),Ferroxcube datasheet quotes mass in g/set for this shape; distributor listing does not state set/half; Gateway page states no set/half unit,GBP,400,3.2750,0,0,,in stock,RM Cores,https://gatewaycando.com/product/rm14-i-3c90/,https://gatewaycando.com/product/rm14-i-3c90/,2026-09-30T20:44:39Z,13900.0,set (RM14/I),69.0,set,https://ferroxcube.com/upload/media/product/file/Pr_ds/RM14_I.pdf,MnZn,"MAS material ""3C90""",1.32865,ECB euro reference rates 2026-09-30: 1 EUR = 1.1355 USD and 0.85463 GBP -> 1 GBP = 1.32865 USD; https://www.ecb.europa.eu/stats/eurofxref/eurofxref-daily.xml fetched 2026-09-30T20:12:47Z,4.3513
"Gateway Electronic Components (gatewaycando.com, UK)","Gateway product page tiered-pricing table (data-price-rules, prices ex VAT)",Ferroxcube,RM14/I-3C90,,3C90,MnZn ferrite,RM,RM 14/I,likely per set (unverified),Ferroxcube datasheet quotes mass in g/set for this shape; distributor listing does not state set/half; Gateway page states no set/half unit,GBP,600,3.2180,0,1,,in stock,RM Cores,https://gatewaycando.com/product/rm14-i-3c90/,https://gatewaycando.com/product/rm14-i-3c90/,2026-09-30T20:44:39Z,13900.0,set (RM14/I),69.0,set,https://ferroxcube.com/upload/media/product/file/Pr_ds/RM14_I.pdf,MnZn,"MAS material ""3C90""",1.32865,ECB euro reference rates 2026-09-30: 1 EUR = 1.1355 USD and 0.85463 GBP -> 1 GBP = 1.32865 USD; https://www.ecb.europa.eu/stats/eurofxref/eurofxref-daily.xml fetched 2026-09-30T20:12:47Z,4.2756
"Gateway Electronic Components (gatewaycando.com, UK)","Gateway web-shop (WooCommerce Store API list price, ex VAT)",Ferroxcube,TX10/6/4-3C90,,3C90,MnZn ferrite,T,T 10/6/4,per toroid,toroid (single piece); Gateway page states no set/half unit,GBP,1,0.2000,1,1,,out of stock,Toroids,https://gatewaycando.com/wp-json/wc/store/v1/products?per_page=100&page=25&category=cores,https://gatewaycando.com/product/tx10-6-4-3c90/,2026-09-30T20:12:46Z,188.0,toroid,0.95,pcs,https://ferroxcube.com/upload/media/product/file/Pr_ds/T_10_6_4.pdf,MnZn,"MAS material ""3C90""",1.32865,ECB euro reference rates 2026-09-30: 1 EUR = 1.1355 USD and 0.85463 GBP -> 1 GBP = 1.32865 USD; https://www.ecb.europa.eu/stats/eurofxref/eurofxref-daily.xml fetched 2026-09-30T20:12:47Z,0.2657
"Gateway Electronic Components (gatewaycando.com, UK)","Gateway web-shop (WooCommerce Store API list price, ex VAT)",Ferroxcube,TX39/20/13-3C94,,3C94,MnZn ferrite,T,T 39/20/13,per toroid,toroid (single piece); Gateway page states no set/half unit,GBP,1,1.3400,1,1,,out of stock,Toroids,https://gatewaycando.com/wp-json/wc/store/v1/products?per_page=100&page=23&category=cores,https://gatewaycando.com/product/tx39-20-13-3c94/,2026-09-30T20:12:31Z,9513.0,toroid,45.0,pcs,https://ferroxcube.com/upload/media/product/file/Pr_ds/T_39_20_13.pdf,MnZn,"MAS material ""3C94""",1.32865,ECB euro reference rates 2026-09-30: 1 EUR = 1.1355 USD and 0.85463 GBP -> 1 GBP = 1.32865 USD; https://www.ecb.europa.eu/stats/eurofxref/eurofxref-daily.xml fetched 2026-09-30T20:12:47Z,1.7804
"Gateway Electronic Components (gatewaycando.com, UK)","Gateway web-shop (WooCommerce Store API list price, ex VAT)",Ferroxcube,TX140/106/25-3C90,,3C90,MnZn ferrite,T,T 140/106/25,per toroid,toroid (single piece); Gateway page states no set/half unit,GBP,1,48.9000,1,1,,out of stock,Toroids,https://gatewaycando.com/wp-json/wc/store/v1/products?per_page=100&page=24&category=cores,https://gatewaycando.com/product/tx140-106-25-3c90/,2026-09-30T20:12:38Z,161100.0,toroid,800.0,pcs,https://ferroxcube.com/upload/media/product/file/Pr_ds/T_140_106_25.pdf,MnZn,"MAS material ""3C90""",1.32865,ECB euro reference rates 2026-09-30: 1 EUR = 1.1355 USD and 0.85463 GBP -> 1 GBP = 1.32865 USD; https://www.ecb.europa.eu/stats/eurofxref/eurofxref-daily.xml fetched 2026-09-30T20:12:47Z,64.9707
"Gateway Electronic Components (gatewaycando.com, UK)","Gateway product page tiered-pricing table (data-price-rules, prices ex VAT)",Ferroxcube,U100/57/25-3C90,,3C90,MnZn ferrite,U,U 100/57/25,unverified,Gateway page states no set/half unit,GBP,1,14.2600,1,0,,in stock,I/U Cores,https://gatewaycando.com/product/u100-57-25-3c90/,https://gatewaycando.com/product/u100-57-25-3c90/,2026-09-30T20:45:07Z,,,,,,MnZn,"MAS material ""3C90""",1.32865,ECB euro reference rates 2026-09-30: 1 EUR = 1.1355 USD and 0.85463 GBP -> 1 GBP = 1.32865 USD; https://www.ecb.europa.eu/stats/eurofxref/eurofxref-daily.xml fetched 2026-09-30T20:12:47Z,18.9465
"Gateway Electronic Components (gatewaycando.com, UK)","Gateway product page tiered-pricing table (data-price-rules, prices ex VAT)",Ferroxcube,U100/57/25-3C90,,3C90,MnZn ferrite,U,U 100/57/25,unverified,Gateway page states no set/half unit,GBP,80,14.2620,0,1,,in stock,I/U Cores,https://gatewaycando.com/product/u100-57-25-3c90/,https://gatewaycando.com/product/u100-57-25-3c90/,2026-09-30T20:45:07Z,,,,,,MnZn,"MAS material ""3C90""",1.32865,ECB euro reference rates 2026-09-30: 1 EUR = 1.1355 USD and 0.85463 GBP -> 1 GBP = 1.32865 USD; https://www.ecb.europa.eu/stats/eurofxref/eurofxref-daily.xml fetched 2026-09-30T20:12:47Z,18.9491
"Gateway Electronic Components (gatewaycando.com, UK)","Gateway web-shop (WooCommerce Store API list price, ex VAT)",Ferroxcube,U93/52/30-3C90,,3C90,MnZn ferrite,U,U 93/52/30,likely per half (unverified),"Ferroxcube datasheet quotes mass in g/pcs (=one half, consistent with Ve); distributor listing does not state set/half; Gateway page states no set/half unit",GBP,1,17.1100,1,1,,out of stock,I/U Cores,https://gatewaycando.com/wp-json/wc/store/v1/products?per_page=100&page=22&category=cores,https://gatewaycando.com/product/u93-52-30-3c90/,2026-09-30T20:12:24Z,175000.0,set (U93/52/30 + I93/28/30),560.0,pcs,https://ferroxcube.com/upload/media/product/file/Pr_ds/U93_52_30_I93_28_30.pdf,MnZn,"MAS material ""3C90""",1.32865,ECB euro reference rates 2026-09-30: 1 EUR = 1.1355 USD and 0.85463 GBP -> 1 GBP = 1.32865 USD; https://www.ecb.europa.eu/stats/eurofxref/eurofxref-daily.xml fetched 2026-09-30T20:12:47Z,22.7331
"Gateway Electronic Components (gatewaycando.com, UK)","Gateway web-shop (WooCommerce Store API list price, ex VAT)",Ferroxcube,U93/76/30-3C94,,3C94,MnZn ferrite,U,U 93/76/30,likely per half (unverified),"Ferroxcube datasheet quotes mass in g/pcs (=one half, consistent with Ve); distributor listing does not state set/half; Gateway page states no set/half unit",GBP,1,23.2300,1,1,,out of stock,I/U Cores,https://gatewaycando.com/wp-json/wc/store/v1/products?per_page=100&page=22&category=cores,https://gatewaycando.com/product/u93-76-30-3c94/,2026-09-30T20:12:24Z,217000.0,set (U93/76/30 + I93/28/30),760.0,pcs,https://ferroxcube.com/upload/media/product/file/Pr_ds/U93_76_30_I93_28_30.pdf,MnZn,"MAS material ""3C94""",1.32865,ECB euro reference rates 2026-09-30: 1 EUR = 1.1355 USD and 0.85463 GBP -> 1 GBP = 1.32865 USD; https://www.ecb.europa.eu/stats/eurofxref/eurofxref-daily.xml fetched 2026-09-30T20:12:47Z,30.8644
"Gateway Electronic Components (gatewaycando.com, UK)","Gateway web-shop (WooCommerce Store API list price, ex VAT)",TDK,B66413G0000X187,,N87,MnZn ferrite,EFD,EFD 15/8/5,unverified,Gateway page states no set/half unit,GBP,1,0.5100,1,1,,out of stock,E Cores,https://gatewaycando.com/wp-json/wc/store/v1/products?per_page=100&page=49&category=cores,https://gatewaycando.com/product/b66413g0000x187/,2026-09-30T20:15:58Z,510.0,set,2.8,set,https://www.tdk-electronics.tdk.com/inf/80/db/fer/efd_15_8_5.pdf,MnZn,"MAS material ""N87""",1.32865,ECB euro reference rates 2026-09-30: 1 EUR = 1.1355 USD and 0.85463 GBP -> 1 GBP = 1.32865 USD; https://www.ecb.europa.eu/stats/eurofxref/eurofxref-daily.xml fetched 2026-09-30T20:12:47Z,0.6776
"Gateway Electronic Components (gatewaycando.com, UK)","Gateway product page tiered-pricing table (data-price-rules, prices ex VAT)",TDK,B66421G0000X187,,N87,MnZn ferrite,EFD,EFD 25/13/9,unverified,Gateway page states no set/half unit,GBP,1,0.8400,1,0,,in stock,E Cores,https://gatewaycando.com/product/b66421g0000x187/,https://gatewaycando.com/product/b66421g0000x187/,2026-09-30T20:45:32Z,3310.0,set,16.6,set,https://www.tdk-electronics.tdk.com/inf/80/db/fer/efd_25_13_9.pdf,MnZn,"MAS material ""N87""",1.32865,ECB euro reference rates 2026-09-30: 1 EUR = 1.1355 USD and 0.85463 GBP -> 1 GBP = 1.32865 USD; https://www.ecb.europa.eu/stats/eurofxref/eurofxref-daily.xml fetched 2026-09-30T20:12:47Z,1.1161
"Gateway Electronic Components (gatewaycando.com, UK)","Gateway product page tiered-pricing table (data-price-rules, prices ex VAT)",TDK,B66421G0000X187,,N87,MnZn ferrite,EFD,EFD 25/13/9,unverified,Gateway page states no set/half unit,GBP,65,0.7760,0,0,,in stock,E Cores,https://gatewaycando.com/product/b66421g0000x187/,https://gatewaycando.com/product/b66421g0000x187/,2026-09-30T20:45:32Z,3310.0,set,16.6,set,https://www.tdk-electronics.tdk.com/inf/80/db/fer/efd_25_13_9.pdf,MnZn,"MAS material ""N87""",1.32865,ECB euro reference rates 2026-09-30: 1 EUR = 1.1355 USD and 0.85463 GBP -> 1 GBP = 1.32865 USD; https://www.ecb.europa.eu/stats/eurofxref/eurofxref-daily.xml fetched 2026-09-30T20:12:47Z,1.0310
"Gateway Electronic Components (gatewaycando.com, UK)","Gateway product page tiered-pricing table (data-price-rules, prices ex VAT)",TDK,B66421G0000X187,,N87,MnZn ferrite,EFD,EFD 25/13/9,unverified,Gateway page states no set/half unit,GBP,130,0.7470,0,0,,in stock,E Cores,https://gatewaycando.com/product/b66421g0000x187/,https://gatewaycando.com/product/b66421g0000x187/,2026-09-30T20:45:32Z,3310.0,set,16.6,set,https://www.tdk-electronics.tdk.com/inf/80/db/fer/efd_25_13_9.pdf,MnZn,"MAS material ""N87""",1.32865,ECB euro reference rates 2026-09-30: 1 EUR = 1.1355 USD and 0.85463 GBP -> 1 GBP = 1.32865 USD; https://www.ecb.europa.eu/stats/eurofxref/eurofxref-daily.xml fetched 2026-09-30T20:12:47Z,0.9925
"Gateway Electronic Components (gatewaycando.com, UK)","Gateway product page tiered-pricing table (data-price-rules, prices ex VAT)",TDK,B66421G0000X187,,N87,MnZn ferrite,EFD,EFD 25/13/9,unverified,Gateway page states no set/half unit,GBP,260,0.7180,0,0,,in stock,E Cores,https://gatewaycando.com/product/b66421g0000x187/,https://gatewaycando.com/product/b66421g0000x187/,2026-09-30T20:45:32Z,3310.0,set,16.6,set,https://www.tdk-electronics.tdk.com/inf/80/db/fer/efd_25_13_9.pdf,MnZn,"MAS material ""N87""",1.32865,ECB euro reference rates 2026-09-30: 1 EUR = 1.1355 USD and 0.85463 GBP -> 1 GBP = 1.32865 USD; https://www.ecb.europa.eu/stats/eurofxref/eurofxref-daily.xml fetched 2026-09-30T20:12:47Z,0.9540
"Gateway Electronic Components (gatewaycando.com, UK)","Gateway product page tiered-pricing table (data-price-rules, prices ex VAT)",TDK,B66421G0000X187,,N87,MnZn ferrite,EFD,EFD 25/13/9,unverified,Gateway page states no set/half unit,GBP,390,0.7040,0,1,,in stock,E Cores,https://gatewaycando.com/product/b66421g0000x187/,https://gatewaycando.com/product/b66421g0000x187/,2026-09-30T20:45:32Z,3310.0,set,16.6,set,https://www.tdk-electronics.tdk.com/inf/80/db/fer/efd_25_13_9.pdf,MnZn,"MAS material ""N87""",1.32865,ECB euro reference rates 2026-09-30: 1 EUR = 1.1355 USD and 0.85463 GBP -> 1 GBP = 1.32865 USD; https://www.ecb.europa.eu/stats/eurofxref/eurofxref-daily.xml fetched 2026-09-30T20:12:47Z,0.9354
"Gateway Electronic Components (gatewaycando.com, UK)","Gateway product page tiered-pricing table (data-price-rules, prices ex VAT)",TDK,B66421G0000X187,,N87,MnZn ferrite,EFD,EFD 25/13/9,unverified,Gateway page states no set/half unit,GBP,1300,0.6890,0,0,,in stock,E Cores,https://gatewaycando.com/product/b66421g0000x187/,https://gatewaycando.com/product/b66421g0000x187/,2026-09-30T20:45:32Z,3310.0,set,16.6,set,https://www.tdk-electronics.tdk.com/inf/80/db/fer/efd_25_13_9.pdf,MnZn,"MAS material ""N87""",1.32865,ECB euro reference rates 2026-09-30: 1 EUR = 1.1355 USD and 0.85463 GBP -> 1 GBP = 1.32865 USD; https://www.ecb.europa.eu/stats/eurofxref/eurofxref-daily.xml fetched 2026-09-30T20:12:47Z,0.9154
"Gateway Electronic Components (gatewaycando.com, UK)","Gateway product page tiered-pricing table (data-price-rules, prices ex VAT)",TDK,B66421G0000X187,,N87,MnZn ferrite,EFD,EFD 25/13/9,unverified,Gateway page states no set/half unit,GBP,2600,0.6610,0,0,,in stock,E Cores,https://gatewaycando.com/product/b66421g0000x187/,https://gatewaycando.com/product/b66421g0000x187/,2026-09-30T20:45:32Z,3310.0,set,16.6,set,https://www.tdk-electronics.tdk.com/inf/80/db/fer/efd_25_13_9.pdf,MnZn,"MAS material ""N87""",1.32865,ECB euro reference rates 2026-09-30: 1 EUR = 1.1355 USD and 0.85463 GBP -> 1 GBP = 1.32865 USD; https://www.ecb.europa.eu/stats/eurofxref/eurofxref-daily.xml fetched 2026-09-30T20:12:47Z,0.8782
"Gateway Electronic Components (gatewaycando.com, UK)","Gateway product page tiered-pricing table (data-price-rules, prices ex VAT)",TDK,B66421G0000X187,,N87,MnZn ferrite,EFD,EFD 25/13/9,unverified,Gateway page states no set/half unit,GBP,5200,0.6180,0,0,,in stock,E Cores,https://gatewaycando.com/product/b66421g0000x187/,https://gatewaycando.com/product/b66421g0000x187/,2026-09-30T20:45:32Z,3310.0,set,16.6,set,https://www.tdk-electronics.tdk.com/inf/80/db/fer/efd_25_13_9.pdf,MnZn,"MAS material ""N87""",1.32865,ECB euro reference rates 2026-09-30: 1 EUR = 1.1355 USD and 0.85463 GBP -> 1 GBP = 1.32865 USD; https://www.ecb.europa.eu/stats/eurofxref/eurofxref-daily.xml fetched 2026-09-30T20:12:47Z,0.8211
"Gateway Electronic Components (gatewaycando.com, UK)","Gateway product page tiered-pricing table (data-price-rules, prices ex VAT)",TDK,B66423G0000X187,,N87,MnZn ferrite,EFD,EFD 30/15/9,unverified,Gateway page states no set/half unit,GBP,1,1.2100,1,0,,in stock,E Cores,https://gatewaycando.com/product/b66423g0000x187/,https://gatewaycando.com/product/b66423g0000x187/,2026-09-30T20:45:40Z,4690.0,set,24.0,set,https://www.tdk-electronics.tdk.com/inf/80/db/fer/efd_30_15_9.pdf,MnZn,"MAS material ""N87""",1.32865,ECB euro reference rates 2026-09-30: 1 EUR = 1.1355 USD and 0.85463 GBP -> 1 GBP = 1.32865 USD; https://www.ecb.europa.eu/stats/eurofxref/eurofxref-daily.xml fetched 2026-09-30T20:12:47Z,1.6077
"Gateway Electronic Components (gatewaycando.com, UK)","Gateway product page tiered-pricing table (data-price-rules, prices ex VAT)",TDK,B66423G0000X187,,N87,MnZn ferrite,EFD,EFD 30/15/9,unverified,Gateway page states no set/half unit,GBP,30,0.8480,0,0,,in stock,E Cores,https://gatewaycando.com/product/b66423g0000x187/,https://gatewaycando.com/product/b66423g0000x187/,2026-09-30T20:45:40Z,4690.0,set,24.0,set,https://www.tdk-electronics.tdk.com/inf/80/db/fer/efd_30_15_9.pdf,MnZn,"MAS material ""N87""",1.32865,ECB euro reference rates 2026-09-30: 1 EUR = 1.1355 USD and 0.85463 GBP -> 1 GBP = 1.32865 USD; https://www.ecb.europa.eu/stats/eurofxref/eurofxref-daily.xml fetched 2026-09-30T20:12:47Z,1.1267
"Gateway Electronic Components (gatewaycando.com, UK)","Gateway product page tiered-pricing table (data-price-rules, prices ex VAT)",TDK,B66423G0000X187,,N87,MnZn ferrite,EFD,EFD 30/15/9,unverified,Gateway page states no set/half unit,GBP,60,0.8000,0,0,,in stock,E Cores,https://gatewaycando.com/product/b66423g0000x187/,https://gatewaycando.com/product/b66423g0000x187/,2026-09-30T20:45:40Z,4690.0,set,24.0,set,https://www.tdk-electronics.tdk.com/inf/80/db/fer/efd_30_15_9.pdf,MnZn,"MAS material ""N87""",1.32865,ECB euro reference rates 2026-09-30: 1 EUR = 1.1355 USD and 0.85463 GBP -> 1 GBP = 1.32865 USD; https://www.ecb.europa.eu/stats/eurofxref/eurofxref-daily.xml fetched 2026-09-30T20:12:47Z,1.0629
"Gateway Electronic Components (gatewaycando.com, UK)","Gateway product page tiered-pricing table (data-price-rules, prices ex VAT)",TDK,B66423G0000X187,,N87,MnZn ferrite,EFD,EFD 30/15/9,unverified,Gateway page states no set/half unit,GBP,120,0.7070,0,0,,in stock,E Cores,https://gatewaycando.com/product/b66423g0000x187/,https://gatewaycando.com/product/b66423g0000x187/,2026-09-30T20:45:40Z,4690.0,set,24.0,set,https://www.tdk-electronics.tdk.com/inf/80/db/fer/efd_30_15_9.pdf,MnZn,"MAS material ""N87""",1.32865,ECB euro reference rates 2026-09-30: 1 EUR = 1.1355 USD and 0.85463 GBP -> 1 GBP = 1.32865 USD; https://www.ecb.europa.eu/stats/eurofxref/eurofxref-daily.xml fetched 2026-09-30T20:12:47Z,0.9394
"Gateway Electronic Components (gatewaycando.com, UK)","Gateway product page tiered-pricing table (data-price-rules, prices ex VAT)",TDK,B66423G0000X187,,N87,MnZn ferrite,EFD,EFD 30/15/9,unverified,Gateway page states no set/half unit,GBP,180,0.6840,0,0,,in stock,E Cores,https://gatewaycando.com/product/b66423g0000x187/,https://gatewaycando.com/product/b66423g0000x187/,2026-09-30T20:45:40Z,4690.0,set,24.0,set,https://www.tdk-electronics.tdk.com/inf/80/db/fer/efd_30_15_9.pdf,MnZn,"MAS material ""N87""",1.32865,ECB euro reference rates 2026-09-30: 1 EUR = 1.1355 USD and 0.85463 GBP -> 1 GBP = 1.32865 USD; https://www.ecb.europa.eu/stats/eurofxref/eurofxref-daily.xml fetched 2026-09-30T20:12:47Z,0.9088
"Gateway Electronic Components (gatewaycando.com, UK)","Gateway product page tiered-pricing table (data-price-rules, prices ex VAT)",TDK,B66423G0000X187,,N87,MnZn ferrite,EFD,EFD 30/15/9,unverified,Gateway page states no set/half unit,GBP,450,0.6730,0,0,,in stock,E Cores,https://gatewaycando.com/product/b66423g0000x187/,https://gatewaycando.com/product/b66423g0000x187/,2026-09-30T20:45:40Z,4690.0,set,24.0,set,https://www.tdk-electronics.tdk.com/inf/80/db/fer/efd_30_15_9.pdf,MnZn,"MAS material ""N87""",1.32865,ECB euro reference rates 2026-09-30: 1 EUR = 1.1355 USD and 0.85463 GBP -> 1 GBP = 1.32865 USD; https://www.ecb.europa.eu/stats/eurofxref/eurofxref-daily.xml fetched 2026-09-30T20:12:47Z,0.8942
"Gateway Electronic Components (gatewaycando.com, UK)","Gateway product page tiered-pricing table (data-price-rules, prices ex VAT)",TDK,B66423G0000X187,,N87,MnZn ferrite,EFD,EFD 30/15/9,unverified,Gateway page states no set/half unit,GBP,900,0.6630,0,1,,in stock,E Cores,https://gatewaycando.com/product/b66423g0000x187/,https://gatewaycando.com/product/b66423g0000x187/,2026-09-30T20:45:40Z,4690.0,set,24.0,set,https://www.tdk-electronics.tdk.com/inf/80/db/fer/efd_30_15_9.pdf,MnZn,"MAS material ""N87""",1.32865,ECB euro reference rates 2026-09-30: 1 EUR = 1.1355 USD and 0.85463 GBP -> 1 GBP = 1.32865 USD; https://www.ecb.europa.eu/stats/eurofxref/eurofxref-daily.xml fetched 2026-09-30T20:12:47Z,0.8809
"Gateway Electronic Components (gatewaycando.com, UK)","Gateway product page tiered-pricing table (data-price-rules, prices ex VAT)",TDK,B66423G0000X187,,N87,MnZn ferrite,EFD,EFD 30/15/9,unverified,Gateway page states no set/half unit,GBP,1800,0.6270,0,0,,in stock,E Cores,https://gatewaycando.com/product/b66423g0000x187/,https://gatewaycando.com/product/b66423g0000x187/,2026-09-30T20:45:40Z,4690.0,set,24.0,set,https://www.tdk-electronics.tdk.com/inf/80/db/fer/efd_30_15_9.pdf,MnZn,"MAS material ""N87""",1.32865,ECB euro reference rates 2026-09-30: 1 EUR = 1.1355 USD and 0.85463 GBP -> 1 GBP = 1.32865 USD; https://www.ecb.europa.eu/stats/eurofxref/eurofxref-daily.xml fetched 2026-09-30T20:12:47Z,0.8331
"Gateway Electronic Components (gatewaycando.com, UK)","Gateway product page tiered-pricing table (data-price-rules, prices ex VAT)",TDK,B66363G0000X197,,N97,MnZn ferrite,ETD,ETD 39/20/13,unverified,Gateway page states no set/half unit,GBP,1,3.2100,1,0,,in stock,E Cores,https://gatewaycando.com/product/b66363g0000x197/,https://gatewaycando.com/product/b66363g0000x197/,2026-09-30T20:45:47Z,11500.0,set,60.0,set,https://www.tdk-electronics.tdk.com/inf/80/db/fer/etd_39_20_13.pdf,MnZn,"MAS material ""N97""",1.32865,ECB euro reference rates 2026-09-30: 1 EUR = 1.1355 USD and 0.85463 GBP -> 1 GBP = 1.32865 USD; https://www.ecb.europa.eu/stats/eurofxref/eurofxref-daily.xml fetched 2026-09-30T20:12:47Z,4.2650
"Gateway Electronic Components (gatewaycando.com, UK)","Gateway product page tiered-pricing table (data-price-rules, prices ex VAT)",TDK,B66363G0000X197,,N97,MnZn ferrite,ETD,ETD 39/20/13,unverified,Gateway page states no set/half unit,GBP,25,2.2460,0,0,,in stock,E Cores,https://gatewaycando.com/product/b66363g0000x197/,https://gatewaycando.com/product/b66363g0000x197/,2026-09-30T20:45:47Z,11500.0,set,60.0,set,https://www.tdk-electronics.tdk.com/inf/80/db/fer/etd_39_20_13.pdf,MnZn,"MAS material ""N97""",1.32865,ECB euro reference rates 2026-09-30: 1 EUR = 1.1355 USD and 0.85463 GBP -> 1 GBP = 1.32865 USD; https://www.ecb.europa.eu/stats/eurofxref/eurofxref-daily.xml fetched 2026-09-30T20:12:47Z,2.9841
"Gateway Electronic Components (gatewaycando.com, UK)","Gateway product page tiered-pricing table (data-price-rules, prices ex VAT)",TDK,B66363G0000X197,,N97,MnZn ferrite,ETD,ETD 39/20/13,unverified,Gateway page states no set/half unit,GBP,50,2.1190,0,0,,in stock,E Cores,https://gatewaycando.com/product/b66363g0000x197/,https://gatewaycando.com/product/b66363g0000x197/,2026-09-30T20:45:47Z,11500.0,set,60.0,set,https://www.tdk-electronics.tdk.com/inf/80/db/fer/etd_39_20_13.pdf,MnZn,"MAS material ""N97""",1.32865,ECB euro reference rates 2026-09-30: 1 EUR = 1.1355 USD and 0.85463 GBP -> 1 GBP = 1.32865 USD; https://www.ecb.europa.eu/stats/eurofxref/eurofxref-daily.xml fetched 2026-09-30T20:12:47Z,2.8154
"Gateway Electronic Components (gatewaycando.com, UK)","Gateway product page tiered-pricing table (data-price-rules, prices ex VAT)",TDK,B66363G0000X197,,N97,MnZn ferrite,ETD,ETD 39/20/13,unverified,Gateway page states no set/half unit,GBP,100,1.8720,0,0,,in stock,E Cores,https://gatewaycando.com/product/b66363g0000x197/,https://gatewaycando.com/product/b66363g0000x197/,2026-09-30T20:45:47Z,11500.0,set,60.0,set,https://www.tdk-electronics.tdk.com/inf/80/db/fer/etd_39_20_13.pdf,MnZn,"MAS material ""N97""",1.32865,ECB euro reference rates 2026-09-30: 1 EUR = 1.1355 USD and 0.85463 GBP -> 1 GBP = 1.32865 USD; https://www.ecb.europa.eu/stats/eurofxref/eurofxref-daily.xml fetched 2026-09-30T20:12:47Z,2.4872
"Gateway Electronic Components (gatewaycando.com, UK)","Gateway product page tiered-pricing table (data-price-rules, prices ex VAT)",TDK,B66363G0000X197,,N97,MnZn ferrite,ETD,ETD 39/20/13,unverified,Gateway page states no set/half unit,GBP,150,1.8110,0,0,,in stock,E Cores,https://gatewaycando.com/product/b66363g0000x197/,https://gatewaycando.com/product/b66363g0000x197/,2026-09-30T20:45:47Z,11500.0,set,60.0,set,https://www.tdk-electronics.tdk.com/inf/80/db/fer/etd_39_20_13.pdf,MnZn,"MAS material ""N97""",1.32865,ECB euro reference rates 2026-09-30: 1 EUR = 1.1355 USD and 0.85463 GBP -> 1 GBP = 1.32865 USD; https://www.ecb.europa.eu/stats/eurofxref/eurofxref-daily.xml fetched 2026-09-30T20:12:47Z,2.4062
"Gateway Electronic Components (gatewaycando.com, UK)","Gateway product page tiered-pricing table (data-price-rules, prices ex VAT)",TDK,B66363G0000X197,,N97,MnZn ferrite,ETD,ETD 39/20/13,unverified,Gateway page states no set/half unit,GBP,400,1.7830,0,0,,in stock,E Cores,https://gatewaycando.com/product/b66363g0000x197/,https://gatewaycando.com/product/b66363g0000x197/,2026-09-30T20:45:47Z,11500.0,set,60.0,set,https://www.tdk-electronics.tdk.com/inf/80/db/fer/etd_39_20_13.pdf,MnZn,"MAS material ""N97""",1.32865,ECB euro reference rates 2026-09-30: 1 EUR = 1.1355 USD and 0.85463 GBP -> 1 GBP = 1.32865 USD; https://www.ecb.europa.eu/stats/eurofxref/eurofxref-daily.xml fetched 2026-09-30T20:12:47Z,2.3690
"Gateway Electronic Components (gatewaycando.com, UK)","Gateway product page tiered-pricing table (data-price-rules, prices ex VAT)",TDK,B66363G0000X197,,N97,MnZn ferrite,ETD,ETD 39/20/13,unverified,Gateway page states no set/half unit,GBP,800,1.7550,0,1,,in stock,E Cores,https://gatewaycando.com/product/b66363g0000x197/,https://gatewaycando.com/product/b66363g0000x197/,2026-09-30T20:45:47Z,11500.0,set,60.0,set,https://www.tdk-electronics.tdk.com/inf/80/db/fer/etd_39_20_13.pdf,MnZn,"MAS material ""N97""",1.32865,ECB euro reference rates 2026-09-30: 1 EUR = 1.1355 USD and 0.85463 GBP -> 1 GBP = 1.32865 USD; https://www.ecb.europa.eu/stats/eurofxref/eurofxref-daily.xml fetched 2026-09-30T20:12:47Z,2.3318
"Gateway Electronic Components (gatewaycando.com, UK)","Gateway product page tiered-pricing table (data-price-rules, prices ex VAT)",TDK,B66363G0000X197,,N97,MnZn ferrite,ETD,ETD 39/20/13,unverified,Gateway page states no set/half unit,GBP,1600,1.6600,0,0,,in stock,E Cores,https://gatewaycando.com/product/b66363g0000x197/,https://gatewaycando.com/product/b66363g0000x197/,2026-09-30T20:45:47Z,11500.0,set,60.0,set,https://www.tdk-electronics.tdk.com/inf/80/db/fer/etd_39_20_13.pdf,MnZn,"MAS material ""N97""",1.32865,ECB euro reference rates 2026-09-30: 1 EUR = 1.1355 USD and 0.85463 GBP -> 1 GBP = 1.32865 USD; https://www.ecb.europa.eu/stats/eurofxref/eurofxref-daily.xml fetched 2026-09-30T20:12:47Z,2.2056
"Gateway Electronic Components (gatewaycando.com, UK)","Gateway product page tiered-pricing table (data-price-rules, prices ex VAT)",TDK,B66367G0000X187,,N87,MnZn ferrite,ETD,ETD 49/25/16,unverified,Gateway page states no set/half unit,GBP,1,4.1700,1,0,,in stock,E Cores,https://gatewaycando.com/product/b66367g0000x187/,https://gatewaycando.com/product/b66367g0000x187/,2026-09-30T20:45:54Z,24100.0,set,124.0,set,https://www.tdk-electronics.tdk.com/inf/80/db/fer/etd_49_25_16.pdf,MnZn,"MAS material ""N87""",1.32865,ECB euro reference rates 2026-09-30: 1 EUR = 1.1355 USD and 0.85463 GBP -> 1 GBP = 1.32865 USD; https://www.ecb.europa.eu/stats/eurofxref/eurofxref-daily.xml fetched 2026-09-30T20:12:47Z,5.5405
"Gateway Electronic Components (gatewaycando.com, UK)","Gateway product page tiered-pricing table (data-price-rules, prices ex VAT)",TDK,B66367G0000X187,,N87,MnZn ferrite,ETD,ETD 49/25/16,unverified,Gateway page states no set/half unit,GBP,24,2.9220,0,0,,in stock,E Cores,https://gatewaycando.com/product/b66367g0000x187/,https://gatewaycando.com/product/b66367g0000x187/,2026-09-30T20:45:54Z,24100.0,set,124.0,set,https://www.tdk-electronics.tdk.com/inf/80/db/fer/etd_49_25_16.pdf,MnZn,"MAS material ""N87""",1.32865,ECB euro reference rates 2026-09-30: 1 EUR = 1.1355 USD and 0.85463 GBP -> 1 GBP = 1.32865 USD; https://www.ecb.europa.eu/stats/eurofxref/eurofxref-daily.xml fetched 2026-09-30T20:12:47Z,3.8823
"Gateway Electronic Components (gatewaycando.com, UK)","Gateway product page tiered-pricing table (data-price-rules, prices ex VAT)",TDK,B66367G0000X187,,N87,MnZn ferrite,ETD,ETD 49/25/16,unverified,Gateway page states no set/half unit,GBP,48,2.7570,0,0,,in stock,E Cores,https://gatewaycando.com/product/b66367g0000x187/,https://gatewaycando.com/product/b66367g0000x187/,2026-09-30T20:45:54Z,24100.0,set,124.0,set,https://www.tdk-electronics.tdk.com/inf/80/db/fer/etd_49_25_16.pdf,MnZn,"MAS material ""N87""",1.32865,ECB euro reference rates 2026-09-30: 1 EUR = 1.1355 USD and 0.85463 GBP -> 1 GBP = 1.32865 USD; https://www.ecb.europa.eu/stats/eurofxref/eurofxref-daily.xml fetched 2026-09-30T20:12:47Z,3.6631
"Gateway Electronic Components (gatewaycando.com, UK)","Gateway product page tiered-pricing table (data-price-rules, prices ex VAT)",TDK,B66367G0000X187,,N87,MnZn ferrite,ETD,ETD 49/25/16,unverified,Gateway page states no set/half unit,GBP,120,2.4350,0,0,,in stock,E Cores,https://gatewaycando.com/product/b66367g0000x187/,https://gatewaycando.com/product/b66367g0000x187/,2026-09-30T20:45:54Z,24100.0,set,124.0,set,https://www.tdk-electronics.tdk.com/inf/80/db/fer/etd_49_25_16.pdf,MnZn,"MAS material ""N87""",1.32865,ECB euro reference rates 2026-09-30: 1 EUR = 1.1355 USD and 0.85463 GBP -> 1 GBP = 1.32865 USD; https://www.ecb.europa.eu/stats/eurofxref/eurofxref-daily.xml fetched 2026-09-30T20:12:47Z,3.2353
"Gateway Electronic Components (gatewaycando.com, UK)","Gateway product page tiered-pricing table (data-price-rules, prices ex VAT)",TDK,B66367G0000X187,,N87,MnZn ferrite,ETD,ETD 49/25/16,unverified,Gateway page states no set/half unit,GBP,240,2.3570,0,0,,in stock,E Cores,https://gatewaycando.com/product/b66367g0000x187/,https://gatewaycando.com/product/b66367g0000x187/,2026-09-30T20:45:54Z,24100.0,set,124.0,set,https://www.tdk-electronics.tdk.com/inf/80/db/fer/etd_49_25_16.pdf,MnZn,"MAS material ""N87""",1.32865,ECB euro reference rates 2026-09-30: 1 EUR = 1.1355 USD and 0.85463 GBP -> 1 GBP = 1.32865 USD; https://www.ecb.europa.eu/stats/eurofxref/eurofxref-daily.xml fetched 2026-09-30T20:12:47Z,3.1316
"Gateway Electronic Components (gatewaycando.com, UK)","Gateway product page tiered-pricing table (data-price-rules, prices ex VAT)",TDK,B66367G0000X187,,N87,MnZn ferrite,ETD,ETD 49/25/16,unverified,Gateway page states no set/half unit,GBP,480,2.3190,0,1,,in stock,E Cores,https://gatewaycando.com/product/b66367g0000x187/,https://gatewaycando.com/product/b66367g0000x187/,2026-09-30T20:45:54Z,24100.0,set,124.0,set,https://www.tdk-electronics.tdk.com/inf/80/db/fer/etd_49_25_16.pdf,MnZn,"MAS material ""N87""",1.32865,ECB euro reference rates 2026-09-30: 1 EUR = 1.1355 USD and 0.85463 GBP -> 1 GBP = 1.32865 USD; https://www.ecb.europa.eu/stats/eurofxref/eurofxref-daily.xml fetched 2026-09-30T20:12:47Z,3.0811
Farnell,"FindChips aggregator listing (page fetched in the first collection, fc_results.jsonl)",Fair-Rite,5977001401,3889155,77,MnZn ferrite,T,T 25/15.5/8.2,per toroid,toroid (single piece),EUR,1,1.9700,1,0,1,749,"TRANSFORMER CORE, TOROID, 77",https://www.findchips.com/search/5977001401,,2026-09-30T19:05Z,2440.0,toroid,12.0,toroid,https://fair-rite.com/product/toroids-5977001401/,MnZn,"MAS material ""77""",1.13550,ECB euro reference rate 2026-09-30: 1 EUR = 1.1355 USD; https://www.ecb.europa.eu/stats/eurofxref/eurofxref-daily.xml fetched 2026-09-30T20:12:47Z,2.2369
Farnell,"FindChips aggregator listing (page fetched in the first collection, fc_results.jsonl)",Fair-Rite,5977001401,3889155,77,MnZn ferrite,T,T 25/15.5/8.2,per toroid,toroid (single piece),EUR,10,1.4100,0,0,1,749,"TRANSFORMER CORE, TOROID, 77",https://www.findchips.com/search/5977001401,,2026-09-30T19:05Z,2440.0,toroid,12.0,toroid,https://fair-rite.com/product/toroids-5977001401/,MnZn,"MAS material ""77""",1.13550,ECB euro reference rate 2026-09-30: 1 EUR = 1.1355 USD; https://www.ecb.europa.eu/stats/eurofxref/eurofxref-daily.xml fetched 2026-09-30T20:12:47Z,1.6011
Farnell,"FindChips aggregator listing (page fetched in the first collection, fc_results.jsonl)",Fair-Rite,5977001401,3889155,77,MnZn ferrite,T,T 25/15.5/8.2,per toroid,toroid (single piece),EUR,25,1.2400,0,0,1,749,"TRANSFORMER CORE, TOROID, 77",https://www.findchips.com/search/5977001401,,2026-09-30T19:05Z,2440.0,toroid,12.0,toroid,https://fair-rite.com/product/toroids-5977001401/,MnZn,"MAS material ""77""",1.13550,ECB euro reference rate 2026-09-30: 1 EUR = 1.1355 USD; https://www.ecb.europa.eu/stats/eurofxref/eurofxref-daily.xml fetched 2026-09-30T20:12:47Z,1.4080
Farnell,"FindChips aggregator listing (page fetched in the first collection, fc_results.jsonl)",Fair-Rite,5977001401,3889155,77,MnZn ferrite,T,T 25/15.5/8.2,per toroid,toroid (single piece),EUR,50,0.9830,0,0,1,749,"TRANSFORMER CORE, TOROID, 77",https://www.findchips.com/search/5977001401,,2026-09-30T19:05Z,2440.0,toroid,12.0,toroid,https://fair-rite.com/product/toroids-5977001401/,MnZn,"MAS material ""77""",1.13550,ECB euro reference rate 2026-09-30: 1 EUR = 1.1355 USD; https://www.ecb.europa.eu/stats/eurofxref/eurofxref-daily.xml fetched 2026-09-30T20:12:47Z,1.1162
Farnell,"FindChips aggregator listing (page fetched in the first collection, fc_results.jsonl)",Fair-Rite,5977001401,3889155,77,MnZn ferrite,T,T 25/15.5/8.2,per toroid,toroid (single piece),EUR,100,0.9060,0,0,1,749,"TRANSFORMER CORE, TOROID, 77",https://www.findchips.com/search/5977001401,,2026-09-30T19:05Z,2440.0,toroid,12.0,toroid,https://fair-rite.com/product/toroids-5977001401/,MnZn,"MAS material ""77""",1.13550,ECB euro reference rate 2026-09-30: 1 EUR = 1.1355 USD; https://www.ecb.europa.eu/stats/eurofxref/eurofxref-daily.xml fetched 2026-09-30T20:12:47Z,1.0288
Farnell,"FindChips aggregator listing (page fetched in the first collection, fc_results.jsonl)",Fair-Rite,5977001401,3889155,77,MnZn ferrite,T,T 25/15.5/8.2,per toroid,toroid (single piece),EUR,500,0.8100,0,0,1,749,"TRANSFORMER CORE, TOROID, 77",https://www.findchips.com/search/5977001401,,2026-09-30T19:05Z,2440.0,toroid,12.0,toroid,https://fair-rite.com/product/toroids-5977001401/,MnZn,"MAS material ""77""",1.13550,ECB euro reference rate 2026-09-30: 1 EUR = 1.1355 USD; https://www.ecb.europa.eu/stats/eurofxref/eurofxref-daily.xml fetched 2026-09-30T20:12:47Z,0.9198
Farnell,"FindChips aggregator listing (page fetched in the first collection, fc_results.jsonl)",Fair-Rite,5977001401,3889155,77,MnZn ferrite,T,T 25/15.5/8.2,per toroid,toroid (single piece),EUR,1000,0.7890,0,1,1,749,"TRANSFORMER CORE, TOROID, 77",https://www.findchips.com/search/5977001401,,2026-09-30T19:05Z,2440.0,toroid,12.0,toroid,https://fair-rite.com/product/toroids-5977001401/,MnZn,"MAS material ""77""",1.13550,ECB euro reference rate 2026-09-30: 1 EUR = 1.1355 USD; https://www.ecb.europa.eu/stats/eurofxref/eurofxref-daily.xml fetched 2026-09-30T20:12:47Z,0.8959
Farnell,"FindChips aggregator listing (page fetched in the first collection, fc_results.jsonl)",Fair-Rite,5977001401,3889155,77,MnZn ferrite,T,T 25/15.5/8.2,per toroid,toroid (single piece),EUR,2500,0.7730,0,0,1,749,"TRANSFORMER CORE, TOROID, 77",https://www.findchips.com/search/5977001401,,2026-09-30T19:05Z,2440.0,toroid,12.0,toroid,https://fair-rite.com/product/toroids-5977001401/,MnZn,"MAS material ""77""",1.13550,ECB euro reference rate 2026-09-30: 1 EUR = 1.1355 USD; https://www.ecb.europa.eu/stats/eurofxref/eurofxref-daily.xml fetched 2026-09-30T20:12:47Z,0.8777
Farnell,"FindChips aggregator listing (page fetched in the first collection, fc_results.jsonl)",Fair-Rite,5977001201,4692477,77,MnZn ferrite,T,T 29/19/15,per toroid,toroid (single piece),EUR,1,1.9800,1,0,1,150,"NCLEO XFMR, TOROIDE, 29X19X13.85MM",https://www.findchips.com/search/5977001201,,2026-09-30T19:05Z,5100.0,toroid,26.0,toroid,https://fair-rite.com/product/toroids-5977001201/,MnZn,"MAS material ""77""",1.13550,ECB euro reference rate 2026-09-30: 1 EUR = 1.1355 USD; https://www.ecb.europa.eu/stats/eurofxref/eurofxref-daily.xml fetched 2026-09-30T20:12:47Z,2.2483
Farnell,"FindChips aggregator listing (page fetched in the first collection, fc_results.jsonl)",Fair-Rite,5977001201,4692477,77,MnZn ferrite,T,T 29/19/15,per toroid,toroid (single piece),EUR,10,1.3800,0,0,1,150,"NCLEO XFMR, TOROIDE, 29X19X13.85MM",https://www.findchips.com/search/5977001201,,2026-09-30T19:05Z,5100.0,toroid,26.0,toroid,https://fair-rite.com/product/toroids-5977001201/,MnZn,"MAS material ""77""",1.13550,ECB euro reference rate 2026-09-30: 1 EUR = 1.1355 USD; https://www.ecb.europa.eu/stats/eurofxref/eurofxref-daily.xml fetched 2026-09-30T20:12:47Z,1.5670
Farnell,"FindChips aggregator listing (page fetched in the first collection, fc_results.jsonl)",Fair-Rite,5977001201,4692477,77,MnZn ferrite,T,T 29/19/15,per toroid,toroid (single piece),EUR,100,1.1700,0,0,1,150,"NCLEO XFMR, TOROIDE, 29X19X13.85MM",https://www.findchips.com/search/5977001201,,2026-09-30T19:05Z,5100.0,toroid,26.0,toroid,https://fair-rite.com/product/toroids-5977001201/,MnZn,"MAS material ""77""",1.13550,ECB euro reference rate 2026-09-30: 1 EUR = 1.1355 USD; https://www.ecb.europa.eu/stats/eurofxref/eurofxref-daily.xml fetched 2026-09-30T20:12:47Z,1.3285
Farnell,"FindChips aggregator listing (page fetched in the first collection, fc_results.jsonl)",Fair-Rite,5977001201,4692477,77,MnZn ferrite,T,T 29/19/15,per toroid,toroid (single piece),EUR,500,1.0500,0,0,1,150,"NCLEO XFMR, TOROIDE, 29X19X13.85MM",https://www.findchips.com/search/5977001201,,2026-09-30T19:05Z,5100.0,toroid,26.0,toroid,https://fair-rite.com/product/toroids-5977001201/,MnZn,"MAS material ""77""",1.13550,ECB euro reference rate 2026-09-30: 1 EUR = 1.1355 USD; https://www.ecb.europa.eu/stats/eurofxref/eurofxref-daily.xml fetched 2026-09-30T20:12:47Z,1.1923
Farnell,"FindChips aggregator listing (page fetched in the first collection, fc_results.jsonl)",Fair-Rite,5977001201,4692477,77,MnZn ferrite,T,T 29/19/15,per toroid,toroid (single piece),EUR,1000,0.9700,0,1,1,150,"NCLEO XFMR, TOROIDE, 29X19X13.85MM",https://www.findchips.com/search/5977001201,,2026-09-30T19:05Z,5100.0,toroid,26.0,toroid,https://fair-rite.com/product/toroids-5977001201/,MnZn,"MAS material ""77""",1.13550,ECB euro reference rate 2026-09-30: 1 EUR = 1.1355 USD; https://www.ecb.europa.eu/stats/eurofxref/eurofxref-daily.xml fetched 2026-09-30T20:12:47Z,1.1014
Farnell,"FindChips aggregator listing (page fetched in the first collection, fc_results.jsonl)",Fair-Rite,5977001201,4692477,77,MnZn ferrite,T,T 29/19/15,per toroid,toroid (single piece),EUR,2000,0.9010,0,0,1,150,"NCLEO XFMR, TOROIDE, 29X19X13.85MM",https://www.findchips.com/search/5977001201,,2026-09-30T19:05Z,5100.0,toroid,26.0,toroid,https://fair-rite.com/product/toroids-5977001201/,MnZn,"MAS material ""77""",1.13550,ECB euro reference rate 2026-09-30: 1 EUR = 1.1355 USD; https://www.ecb.europa.eu/stats/eurofxref/eurofxref-daily.xml fetched 2026-09-30T20:12:47Z,1.0231
Farnell,"FindChips aggregator listing (page fetched in the first collection, fc_results.jsonl)",Fair-Rite,5977001621,3949177,77,MnZn ferrite,T,T 32/18.1/8.7,per toroid,toroid (single piece),EUR,1,4.3300,1,0,1,1258,"CYLINDRICAL CORE, 32.35MM OD, 18.05MM ID",https://www.findchips.com/search/5977001621,,2026-09-30T19:05Z,3530.0,toroid,18.0,toroid,https://fair-rite.com/product/toroids-5977001621/,MnZn,"MAS material ""77""",1.13550,ECB euro reference rate 2026-09-30: 1 EUR = 1.1355 USD; https://www.ecb.europa.eu/stats/eurofxref/eurofxref-daily.xml fetched 2026-09-30T20:12:47Z,4.9167
Farnell,"FindChips aggregator listing (page fetched in the first collection, fc_results.jsonl)",Fair-Rite,5977001621,3949177,77,MnZn ferrite,T,T 32/18.1/8.7,per toroid,toroid (single piece),EUR,10,3.1000,0,0,1,1258,"CYLINDRICAL CORE, 32.35MM OD, 18.05MM ID",https://www.findchips.com/search/5977001621,,2026-09-30T19:05Z,3530.0,toroid,18.0,toroid,https://fair-rite.com/product/toroids-5977001621/,MnZn,"MAS material ""77""",1.13550,ECB euro reference rate 2026-09-30: 1 EUR = 1.1355 USD; https://www.ecb.europa.eu/stats/eurofxref/eurofxref-daily.xml fetched 2026-09-30T20:12:47Z,3.5200
Farnell,"FindChips aggregator listing (page fetched in the first collection, fc_results.jsonl)",Fair-Rite,5977001621,3949177,77,MnZn ferrite,T,T 32/18.1/8.7,per toroid,toroid (single piece),EUR,25,2.7000,0,0,1,1258,"CYLINDRICAL CORE, 32.35MM OD, 18.05MM ID",https://www.findchips.com/search/5977001621,,2026-09-30T19:05Z,3530.0,toroid,18.0,toroid,https://fair-rite.com/product/toroids-5977001621/,MnZn,"MAS material ""77""",1.13550,ECB euro reference rate 2026-09-30: 1 EUR = 1.1355 USD; https://www.ecb.europa.eu/stats/eurofxref/eurofxref-daily.xml fetched 2026-09-30T20:12:47Z,3.0659
Farnell,"FindChips aggregator listing (page fetched in the first collection, fc_results.jsonl)",Fair-Rite,5977001621,3949177,77,MnZn ferrite,T,T 32/18.1/8.7,per toroid,toroid (single piece),EUR,50,2.4200,0,0,1,1258,"CYLINDRICAL CORE, 32.35MM OD, 18.05MM ID",https://www.findchips.com/search/5977001621,,2026-09-30T19:05Z,3530.0,toroid,18.0,toroid,https://fair-rite.com/product/toroids-5977001621/,MnZn,"MAS material ""77""",1.13550,ECB euro reference rate 2026-09-30: 1 EUR = 1.1355 USD; https://www.ecb.europa.eu/stats/eurofxref/eurofxref-daily.xml fetched 2026-09-30T20:12:47Z,2.7479
Farnell,"FindChips aggregator listing (page fetched in the first collection, fc_results.jsonl)",Fair-Rite,5977001621,3949177,77,MnZn ferrite,T,T 32/18.1/8.7,per toroid,toroid (single piece),EUR,100,2.1600,0,0,1,1258,"CYLINDRICAL CORE, 32.35MM OD, 18.05MM ID",https://www.findchips.com/search/5977001621,,2026-09-30T19:05Z,3530.0,toroid,18.0,toroid,https://fair-rite.com/product/toroids-5977001621/,MnZn,"MAS material ""77""",1.13550,ECB euro reference rate 2026-09-30: 1 EUR = 1.1355 USD; https://www.ecb.europa.eu/stats/eurofxref/eurofxref-daily.xml fetched 2026-09-30T20:12:47Z,2.4527
Farnell,"FindChips aggregator listing (page fetched in the first collection, fc_results.jsonl)",Fair-Rite,5977001621,3949177,77,MnZn ferrite,T,T 32/18.1/8.7,per toroid,toroid (single piece),EUR,500,1.9700,0,1,1,1258,"CYLINDRICAL CORE, 32.35MM OD, 18.05MM ID",https://www.findchips.com/search/5977001621,,2026-09-30T19:05Z,3530.0,toroid,18.0,toroid,https://fair-rite.com/product/toroids-5977001621/,MnZn,"MAS material ""77""",1.13550,ECB euro reference rate 2026-09-30: 1 EUR = 1.1355 USD; https://www.ecb.europa.eu/stats/eurofxref/eurofxref-daily.xml fetched 2026-09-30T20:12:47Z,2.2369
TME,"FindChips aggregator listing (page fetched in the first collection, fc_results.jsonl)",Fair-Rite,5977001621,5977001621,77,MnZn ferrite,T,T 32/18.1/8.7,per toroid,toroid (single piece),USD,424,1.7900,0,1,424,0,"Ferrite: toroidal,  Core mat: 77,  -55÷90°C,  1665nH",https://www.findchips.com/search/5977001621,,2026-09-30T19:05Z,3530.0,toroid,18.0,toroid,https://fair-rite.com/product/toroids-5977001621/,MnZn,"MAS material ""77""",,,1.7900
Farnell,"FindChips aggregator listing (page fetched in the first collection, fc_results.jsonl)",Fair-Rite,5977003821,3949178,77,MnZn ferrite,T,T 63/34/13.7,per toroid,toroid (single piece),EUR,1,11.0300,1,0,1,258,"CYLINDRICAL CORE, 62.8MM OD, 34.2MM ID",https://www.findchips.com/search/5977003821,,2026-09-30T19:05Z,22800.0,toroid,106.0,toroid,https://fair-rite.com/product/toroids-5977003821/,MnZn,"MAS material ""77""",1.13550,ECB euro reference rate 2026-09-30: 1 EUR = 1.1355 USD; https://www.ecb.europa.eu/stats/eurofxref/eurofxref-daily.xml fetched 2026-09-30T20:12:47Z,12.5246
Farnell,"FindChips aggregator listing (page fetched in the first collection, fc_results.jsonl)",Fair-Rite,5977003821,3949178,77,MnZn ferrite,T,T 63/34/13.7,per toroid,toroid (single piece),EUR,10,8.0400,0,0,1,258,"CYLINDRICAL CORE, 62.8MM OD, 34.2MM ID",https://www.findchips.com/search/5977003821,,2026-09-30T19:05Z,22800.0,toroid,106.0,toroid,https://fair-rite.com/product/toroids-5977003821/,MnZn,"MAS material ""77""",1.13550,ECB euro reference rate 2026-09-30: 1 EUR = 1.1355 USD; https://www.ecb.europa.eu/stats/eurofxref/eurofxref-daily.xml fetched 2026-09-30T20:12:47Z,9.1294
Farnell,"FindChips aggregator listing (page fetched in the first collection, fc_results.jsonl)",Fair-Rite,5977003821,3949178,77,MnZn ferrite,T,T 63/34/13.7,per toroid,toroid (single piece),EUR,25,6.7700,0,0,1,258,"CYLINDRICAL CORE, 62.8MM OD, 34.2MM ID",https://www.findchips.com/search/5977003821,,2026-09-30T19:05Z,22800.0,toroid,106.0,toroid,https://fair-rite.com/product/toroids-5977003821/,MnZn,"MAS material ""77""",1.13550,ECB euro reference rate 2026-09-30: 1 EUR = 1.1355 USD; https://www.ecb.europa.eu/stats/eurofxref/eurofxref-daily.xml fetched 2026-09-30T20:12:47Z,7.6873
Farnell,"FindChips aggregator listing (page fetched in the first collection, fc_results.jsonl)",Fair-Rite,5977003821,3949178,77,MnZn ferrite,T,T 63/34/13.7,per toroid,toroid (single piece),EUR,50,6.1800,0,0,1,258,"CYLINDRICAL CORE, 62.8MM OD, 34.2MM ID",https://www.findchips.com/search/5977003821,,2026-09-30T19:05Z,22800.0,toroid,106.0,toroid,https://fair-rite.com/product/toroids-5977003821/,MnZn,"MAS material ""77""",1.13550,ECB euro reference rate 2026-09-30: 1 EUR = 1.1355 USD; https://www.ecb.europa.eu/stats/eurofxref/eurofxref-daily.xml fetched 2026-09-30T20:12:47Z,7.0174
Farnell,"FindChips aggregator listing (page fetched in the first collection, fc_results.jsonl)",Fair-Rite,5977003821,3949178,77,MnZn ferrite,T,T 63/34/13.7,per toroid,toroid (single piece),EUR,100,5.7000,0,1,1,258,"CYLINDRICAL CORE, 62.8MM OD, 34.2MM ID",https://www.findchips.com/search/5977003821,,2026-09-30T19:05Z,22800.0,toroid,106.0,toroid,https://fair-rite.com/product/toroids-5977003821/,MnZn,"MAS material ""77""",1.13550,ECB euro reference rate 2026-09-30: 1 EUR = 1.1355 USD; https://www.ecb.europa.eu/stats/eurofxref/eurofxref-daily.xml fetched 2026-09-30T20:12:47Z,6.4723
TME,"FindChips aggregator listing (page fetched in the first collection, fc_results.jsonl)",Fair-Rite,9478110002,9478110002-FAI-0,78,MnZn ferrite,E,E 32/16/9,per set,"Fair-Rite product page: ""Fair-Rite product page title ""... SET""""",USD,85,1.0600,0,0,85,280,"Core: ferrite,  E,  2600nH,  A: 32.1mm,  B: 16.1mm,  C: 9.15mm,  D: 11.5mm",https://www.findchips.com/search/9478110002,,2026-09-30T19:06Z,6110.0,set,32.0,per pair or set,https://fair-rite.com/product/e-cores-9478110002/,MnZn,"MAS material ""78""",,,1.0600
TME,"FindChips aggregator listing (page fetched in the first collection, fc_results.jsonl)",Fair-Rite,9478110002,9478110002-FAI-0,78,MnZn ferrite,E,E 32/16/9,per set,"Fair-Rite product page: ""Fair-Rite product page title ""... SET""""",USD,425,0.9500,0,1,85,280,"Core: ferrite,  E,  2600nH,  A: 32.1mm,  B: 16.1mm,  C: 9.15mm,  D: 11.5mm",https://www.findchips.com/search/9478110002,,2026-09-30T19:06Z,6110.0,set,32.0,per pair or set,https://fair-rite.com/product/e-cores-9478110002/,MnZn,"MAS material ""78""",,,0.9500
TME,"FindChips aggregator listing (page fetched in the first collection, fc_results.jsonl)",Fair-Rite,9578282802,9578282802-FAI-0,78,MnZn ferrite,ER,ER 28,per set,"Fair-Rite product page: ""Fair-Rite product page title ""... SET""""",USD,82,1.1000,0,0,82,324,"Core: ferrite,  2800nH,  A: 28.5mm,  B: 14mm,  C: 11.4mm,  D: 9.6mm,  78",https://www.findchips.com/search/9578282802,,2026-09-30T19:06Z,5398.0,set,28.0,per pair or set,https://fair-rite.com/product/eer-cores-9578282802/,MnZn,"MAS material ""78""",,,1.1000
TME,"FindChips aggregator listing (page fetched in the first collection, fc_results.jsonl)",Fair-Rite,9578282802,9578282802-FAI-0,78,MnZn ferrite,ER,ER 28,per set,"Fair-Rite product page: ""Fair-Rite product page title ""... SET""""",USD,410,0.9900,0,1,82,324,"Core: ferrite,  2800nH,  A: 28.5mm,  B: 14mm,  C: 11.4mm,  D: 9.6mm,  78",https://www.findchips.com/search/9578282802,,2026-09-30T19:06Z,5398.0,set,28.0,per pair or set,https://fair-rite.com/product/eer-cores-9578282802/,MnZn,"MAS material ""78""",,,0.9900
TME,"FindChips aggregator listing (page fetched in the first collection, fc_results.jsonl)",Fair-Rite,5678181221,5678181221,78,MnZn ferrite,P,P 18/11,per set,"Fair-Rite product page: ""Fair-Rite product page title ""... SET""""",USD,1620,0.8100,0,0,1620,0,"Core: ferrite,  P,  78,  -55÷125°C,  200Ω,  2.6uH",https://www.findchips.com/search/5678181221,,2026-09-30T19:07Z,1120.0,set,6.0,per pair or set,https://fair-rite.com/product/pot-cores-5678181221/,MnZn,"MAS material ""78""",,,0.8100
TME,"FindChips aggregator listing (page fetched in the first collection, fc_results.jsonl)",Fair-Rite,5678221421,5678221421,78,MnZn ferrite,P,P 22/13,per set,"Fair-Rite product page: ""Fair-Rite product page title ""... SET""""",USD,1200,1.0400,0,0,1200,0,"Core: ferrite,  P,  78,  -55÷125°C,  200Ω,  4uH",https://www.findchips.com/search/5678221421,,2026-09-30T19:07Z,2000.0,set,12.0,per pair or set,https://fair-rite.com/product/pot-cores-5678221421/,MnZn,"MAS material ""78""",,,1.0400
TME,"FindChips aggregator listing (page fetched in the first collection, fc_results.jsonl)",Fair-Rite,6678322121,6678322121,78,MnZn ferrite,PQ,PQ 32/20,per set,"Fair-Rite product page: ""Fair-Rite product page title ""... SET""""",USD,675,1.4600,0,1,675,0,"Core: ferrite,  PQ,  78,  -55÷125°C,  200Ω,  6uH",https://www.findchips.com/search/6678322121,,2026-09-30T19:07Z,8821.0,set,43.0,per pair or set,https://fair-rite.com/product/pq-cores-6678322121/,MnZn,"MAS material ""78""",,,1.4600
Farnell,"FindChips aggregator listing (page fetched in the first collection, fc_results.jsonl)",Fair-Rite,5978002701,3909000,78,MnZn ferrite,T,T 36/23/12.7,per toroid,toroid (single piece),EUR,371,1.9000,0,0,371,0,"TRANSFORMER CORE, TOROID, 78",https://www.findchips.com/search/5978002701,,2026-09-30T19:08Z,7000.0,toroid,33.0,toroid,https://fair-rite.com/product/toroids-5978002701/,MnZn,"MAS material ""78""",1.13550,ECB euro reference rate 2026-09-30: 1 EUR = 1.1355 USD; https://www.ecb.europa.eu/stats/eurofxref/eurofxref-daily.xml fetched 2026-09-30T20:12:47Z,2.1574
Farnell,"FindChips aggregator listing (page fetched in the first collection, fc_results.jsonl)",Fair-Rite,5978002701,3909000,78,MnZn ferrite,T,T 36/23/12.7,per toroid,toroid (single piece),EUR,500,1.7500,0,0,371,0,"TRANSFORMER CORE, TOROID, 78",https://www.findchips.com/search/5978002701,,2026-09-30T19:08Z,7000.0,toroid,33.0,toroid,https://fair-rite.com/product/toroids-5978002701/,MnZn,"MAS material ""78""",1.13550,ECB euro reference rate 2026-09-30: 1 EUR = 1.1355 USD; https://www.ecb.europa.eu/stats/eurofxref/eurofxref-daily.xml fetched 2026-09-30T20:12:47Z,1.9871
Farnell,"FindChips aggregator listing (page fetched in the first collection, fc_results.jsonl)",Fair-Rite,5978002701,3909000,78,MnZn ferrite,T,T 36/23/12.7,per toroid,toroid (single piece),EUR,1000,1.5600,0,1,371,0,"TRANSFORMER CORE, TOROID, 78",https://www.findchips.com/search/5978002701,,2026-09-30T19:08Z,7000.0,toroid,33.0,toroid,https://fair-rite.com/product/toroids-5978002701/,MnZn,"MAS material ""78""",1.13550,ECB euro reference rate 2026-09-30: 1 EUR = 1.1355 USD; https://www.ecb.europa.eu/stats/eurofxref/eurofxref-daily.xml fetched 2026-09-30T20:12:47Z,1.7714
Farnell,"FindChips aggregator listing (page fetched in the first collection, fc_results.jsonl)",Fair-Rite,5978002701,3909000,78,MnZn ferrite,T,T 36/23/12.7,per toroid,toroid (single piece),EUR,2500,1.4200,0,0,371,0,"TRANSFORMER CORE, TOROID, 78",https://www.findchips.com/search/5978002701,,2026-09-30T19:08Z,7000.0,toroid,33.0,toroid,https://fair-rite.com/product/toroids-5978002701/,MnZn,"MAS material ""78""",1.13550,ECB euro reference rate 2026-09-30: 1 EUR = 1.1355 USD; https://www.ecb.europa.eu/stats/eurofxref/eurofxref-daily.xml fetched 2026-09-30T20:12:47Z,1.6124
TME,"FindChips aggregator listing (page fetched in the first collection, fc_results.jsonl)",Fair-Rite,5978002701,5978002701,78,MnZn ferrite,T,T 36/23/12.7,per toroid,toroid (single piece),USD,742,1.2300,0,1,742,0,"Ferrite: toroidal,  Core mat: 78,  -55÷90°C,  2545nH,  35.5x23x12.7mm",https://www.findchips.com/search/5978002701,,2026-09-30T19:08Z,7000.0,toroid,33.0,toroid,https://fair-rite.com/product/toroids-5978002701/,MnZn,"MAS material ""78""",,,1.2300
Farnell,"FindChips aggregator listing (page fetched in the first collection, fc_results.jsonl)",Fair-Rite,5978015901,3889140,78,MnZn ferrite,T,T 100/55/12.7,per toroid,toroid (single piece),EUR,1,27.7600,1,0,1,0,,https://www.findchips.com/search/5978015901,,2026-09-30T19:08Z,63700.0,toroid,320.0,toroid,https://fair-rite.com/product/toroids-5978015901/,MnZn,"MAS material ""78""",1.13550,ECB euro reference rate 2026-09-30: 1 EUR = 1.1355 USD; https://www.ecb.europa.eu/stats/eurofxref/eurofxref-daily.xml fetched 2026-09-30T20:12:47Z,31.5215
Farnell,"FindChips aggregator listing (page fetched in the first collection, fc_results.jsonl)",Fair-Rite,5978015901,3889140,78,MnZn ferrite,T,T 100/55/12.7,per toroid,toroid (single piece),EUR,5,22.8700,0,0,1,0,,https://www.findchips.com/search/5978015901,,2026-09-30T19:08Z,63700.0,toroid,320.0,toroid,https://fair-rite.com/product/toroids-5978015901/,MnZn,"MAS material ""78""",1.13550,ECB euro reference rate 2026-09-30: 1 EUR = 1.1355 USD; https://www.ecb.europa.eu/stats/eurofxref/eurofxref-daily.xml fetched 2026-09-30T20:12:47Z,25.9689
Farnell,"FindChips aggregator listing (page fetched in the first collection, fc_results.jsonl)",Fair-Rite,5978015901,3889140,78,MnZn ferrite,T,T 100/55/12.7,per toroid,toroid (single piece),EUR,10,17.9600,0,0,1,0,,https://www.findchips.com/search/5978015901,,2026-09-30T19:08Z,63700.0,toroid,320.0,toroid,https://fair-rite.com/product/toroids-5978015901/,MnZn,"MAS material ""78""",1.13550,ECB euro reference rate 2026-09-30: 1 EUR = 1.1355 USD; https://www.ecb.europa.eu/stats/eurofxref/eurofxref-daily.xml fetched 2026-09-30T20:12:47Z,20.3936
Farnell,"FindChips aggregator listing (page fetched in the first collection, fc_results.jsonl)",Fair-Rite,5978015901,3889140,78,MnZn ferrite,T,T 100/55/12.7,per toroid,toroid (single piece),EUR,25,17.9300,0,1,1,0,,https://www.findchips.com/search/5978015901,,2026-09-30T19:08Z,63700.0,toroid,320.0,toroid,https://fair-rite.com/product/toroids-5978015901/,MnZn,"MAS material ""78""",1.13550,ECB euro reference rate 2026-09-30: 1 EUR = 1.1355 USD; https://www.ecb.europa.eu/stats/eurofxref/eurofxref-daily.xml fetched 2026-09-30T20:12:47Z,20.3595
TME,"FindChips aggregator listing (page fetched in the first collection, fc_results.jsonl)",Fair-Rite,9595283402,9595283402-FAI-0,95,MnZn ferrite,ER,ER 28/17/11,per set,"Fair-Rite product page: ""Fair-Rite product page title ""... SET""""",USD,59,1.5200,0,0,59,280,"Core: ferrite,  3350nH,  A: 28.5mm,  B: 16.9mm,  C: 11.4mm,  D: 12.5mm,  95",https://www.findchips.com/search/9595283402,,2026-09-30T19:09Z,6337.0,set,32.0,per pair or set,https://fair-rite.com/product/eer-cores-9595283402/,MnZn,"MAS material ""95""",,,1.5200
TME,"FindChips aggregator listing (page fetched in the first collection, fc_results.jsonl)",Fair-Rite,9595283402,9595283402-FAI-0,95,MnZn ferrite,ER,ER 28/17/11,per set,"Fair-Rite product page: ""Fair-Rite product page title ""... SET""""",USD,295,1.3700,0,1,59,280,"Core: ferrite,  3350nH,  A: 28.5mm,  B: 16.9mm,  C: 11.4mm,  D: 12.5mm,  95",https://www.findchips.com/search/9595283402,,2026-09-30T19:09Z,6337.0,set,32.0,per pair or set,https://fair-rite.com/product/eer-cores-9595283402/,MnZn,"MAS material ""95""",,,1.3700
TME,"FindChips aggregator listing (page fetched in the first collection, fc_results.jsonl)",Fair-Rite,5695362321,5695362321,95,MnZn ferrite,P,P 36/22,per set,"Fair-Rite product page: ""Fair-Rite product page title ""... SET""""",USD,330,2.8700,0,1,330,0,"Core: ferrite,  P,  95,  -55÷125°C,  200Ω,  10uH",https://www.findchips.com/search/5695362321,,2026-09-30T19:10Z,9780.0,set,54.0,per pair or set,https://fair-rite.com/product/pot-cores-5695362321/,MnZn,"MAS material ""95""",,,2.8700
TME,"FindChips aggregator listing (page fetched in the first collection, fc_results.jsonl)",Fair-Rite,6295280121,6295280121-FAI-0,95,MnZn ferrite,RM,RM 10,per set,"Fair-Rite product page: ""Fair-Rite product page title ""... SET""""",USD,61,1.4900,0,0,61,162,"Core: ferrite,  RM,  4900nH,  A: 27.8mm,  B: 9.3mm,  C: 13.25mm,  D: 6.4mm",https://www.findchips.com/search/6295280121,,2026-09-30T19:11Z,4306.0,set,22.0,per pair or set,https://fair-rite.com/product/rm-cores-6295280121/,MnZn,"MAS material ""95""",,,1.4900
TME,"FindChips aggregator listing (page fetched in the first collection, fc_results.jsonl)",Fair-Rite,6295280121,6295280121-FAI-0,95,MnZn ferrite,RM,RM 10,per set,"Fair-Rite product page: ""Fair-Rite product page title ""... SET""""",USD,305,1.3400,0,1,61,162,"Core: ferrite,  RM,  4900nH,  A: 27.8mm,  B: 9.3mm,  C: 13.25mm,  D: 6.4mm",https://www.findchips.com/search/6295280121,,2026-09-30T19:11Z,4306.0,set,22.0,per pair or set,https://fair-rite.com/product/rm-cores-6295280121/,MnZn,"MAS material ""95""",,,1.3400
Farnell,"FindChips aggregator listing (page fetched in the first collection, fc_results.jsonl)",Ferroxcube,ETD29/16/10-3C90,3056375,3C90,MnZn ferrite,ETD,ETD 29/16/10,likely per half (unverified),"Ferroxcube datasheet quotes mass in g/pcs (=one half, consistent with Ve); distributor listing does not state set/half",EUR,10,0.6960,0,0,10,3975,"NCLEO DE FERRITA, ETD, 3C90",https://www.findchips.com/search/ETD29%2F16%2F10-3C90,,2026-09-30T19:12Z,5470.0,set (ETD29/16/10),14.0,pcs,https://ferroxcube.com/upload/media/product/file/Pr_ds/ETD29_16_10.pdf,MnZn,"MAS material ""3C90""",1.13550,ECB euro reference rate 2026-09-30: 1 EUR = 1.1355 USD; https://www.ecb.europa.eu/stats/eurofxref/eurofxref-daily.xml fetched 2026-09-30T20:12:47Z,0.7903
Farnell,"FindChips aggregator listing (page fetched in the first collection, fc_results.jsonl)",Ferroxcube,ETD29/16/10-3C90,3056375,3C90,MnZn ferrite,ETD,ETD 29/16/10,likely per half (unverified),"Ferroxcube datasheet quotes mass in g/pcs (=one half, consistent with Ve); distributor listing does not state set/half",EUR,100,0.5900,0,0,10,3975,"NCLEO DE FERRITA, ETD, 3C90",https://www.findchips.com/search/ETD29%2F16%2F10-3C90,,2026-09-30T19:12Z,5470.0,set (ETD29/16/10),14.0,pcs,https://ferroxcube.com/upload/media/product/file/Pr_ds/ETD29_16_10.pdf,MnZn,"MAS material ""3C90""",1.13550,ECB euro reference rate 2026-09-30: 1 EUR = 1.1355 USD; https://www.ecb.europa.eu/stats/eurofxref/eurofxref-daily.xml fetched 2026-09-30T20:12:47Z,0.6699
Farnell,"FindChips aggregator listing (page fetched in the first collection, fc_results.jsonl)",Ferroxcube,ETD29/16/10-3C90,3056375,3C90,MnZn ferrite,ETD,ETD 29/16/10,likely per half (unverified),"Ferroxcube datasheet quotes mass in g/pcs (=one half, consistent with Ve); distributor listing does not state set/half",EUR,500,0.5220,0,0,10,3975,"NCLEO DE FERRITA, ETD, 3C90",https://www.findchips.com/search/ETD29%2F16%2F10-3C90,,2026-09-30T19:12Z,5470.0,set (ETD29/16/10),14.0,pcs,https://ferroxcube.com/upload/media/product/file/Pr_ds/ETD29_16_10.pdf,MnZn,"MAS material ""3C90""",1.13550,ECB euro reference rate 2026-09-30: 1 EUR = 1.1355 USD; https://www.ecb.europa.eu/stats/eurofxref/eurofxref-daily.xml fetched 2026-09-30T20:12:47Z,0.5927
Farnell,"FindChips aggregator listing (page fetched in the first collection, fc_results.jsonl)",Ferroxcube,ETD29/16/10-3C90,3056375,3C90,MnZn ferrite,ETD,ETD 29/16/10,likely per half (unverified),"Ferroxcube datasheet quotes mass in g/pcs (=one half, consistent with Ve); distributor listing does not state set/half",EUR,1000,0.4890,0,1,10,3975,"NCLEO DE FERRITA, ETD, 3C90",https://www.findchips.com/search/ETD29%2F16%2F10-3C90,,2026-09-30T19:12Z,5470.0,set (ETD29/16/10),14.0,pcs,https://ferroxcube.com/upload/media/product/file/Pr_ds/ETD29_16_10.pdf,MnZn,"MAS material ""3C90""",1.13550,ECB euro reference rate 2026-09-30: 1 EUR = 1.1355 USD; https://www.ecb.europa.eu/stats/eurofxref/eurofxref-daily.xml fetched 2026-09-30T20:12:47Z,0.5553
Farnell,"FindChips aggregator listing (page fetched in the first collection, fc_results.jsonl)",Ferroxcube,ETD29/16/10-3C90,3056375,3C90,MnZn ferrite,ETD,ETD 29/16/10,likely per half (unverified),"Ferroxcube datasheet quotes mass in g/pcs (=one half, consistent with Ve); distributor listing does not state set/half",EUR,1920,0.4520,0,0,10,3975,"NCLEO DE FERRITA, ETD, 3C90",https://www.findchips.com/search/ETD29%2F16%2F10-3C90,,2026-09-30T19:12Z,5470.0,set (ETD29/16/10),14.0,pcs,https://ferroxcube.com/upload/media/product/file/Pr_ds/ETD29_16_10.pdf,MnZn,"MAS material ""3C90""",1.13550,ECB euro reference rate 2026-09-30: 1 EUR = 1.1355 USD; https://www.ecb.europa.eu/stats/eurofxref/eurofxref-daily.xml fetched 2026-09-30T20:12:47Z,0.5132
Farnell,"FindChips aggregator listing (page fetched in the first collection, fc_results.jsonl)",Ferroxcube,ETD29/16/10-3C90,3056375,3C90,MnZn ferrite,ETD,ETD 29/16/10,likely per half (unverified),"Ferroxcube datasheet quotes mass in g/pcs (=one half, consistent with Ve); distributor listing does not state set/half",EUR,3840,0.4180,0,0,10,3975,"NCLEO DE FERRITA, ETD, 3C90",https://www.findchips.com/search/ETD29%2F16%2F10-3C90,,2026-09-30T19:12Z,5470.0,set (ETD29/16/10),14.0,pcs,https://ferroxcube.com/upload/media/product/file/Pr_ds/ETD29_16_10.pdf,MnZn,"MAS material ""3C90""",1.13550,ECB euro reference rate 2026-09-30: 1 EUR = 1.1355 USD; https://www.ecb.europa.eu/stats/eurofxref/eurofxref-daily.xml fetched 2026-09-30T20:12:47Z,0.4746
Farnell,"FindChips aggregator listing (page fetched in the first collection, fc_results.jsonl)",Ferroxcube,ETD34/17/11-3C90,3056387,3C90,MnZn ferrite,ETD,ETD 34/17/11,likely per half (unverified),"Ferroxcube datasheet quotes mass in g/pcs (=one half, consistent with Ve); distributor listing does not state set/half",EUR,5,0.8500,0,0,5,3162,"NCLEO DE FERRITA, ETD, 3C90",https://www.findchips.com/search/ETD34%2F17%2F11-3C90,,2026-09-30T19:13Z,7640.0,set (ETD34/17/11),20.0,pcs,https://ferroxcube.com/upload/media/product/file/Pr_ds/ETD34_17_11.pdf,MnZn,"MAS material ""3C90""",1.13550,ECB euro reference rate 2026-09-30: 1 EUR = 1.1355 USD; https://www.ecb.europa.eu/stats/eurofxref/eurofxref-daily.xml fetched 2026-09-30T20:12:47Z,0.9652
Farnell,"FindChips aggregator listing (page fetched in the first collection, fc_results.jsonl)",Ferroxcube,ETD34/17/11-3C90,3056387,3C90,MnZn ferrite,ETD,ETD 34/17/11,likely per half (unverified),"Ferroxcube datasheet quotes mass in g/pcs (=one half, consistent with Ve); distributor listing does not state set/half",EUR,50,0.7210,0,0,5,3162,"NCLEO DE FERRITA, ETD, 3C90",https://www.findchips.com/search/ETD34%2F17%2F11-3C90,,2026-09-30T19:13Z,7640.0,set (ETD34/17/11),20.0,pcs,https://ferroxcube.com/upload/media/product/file/Pr_ds/ETD34_17_11.pdf,MnZn,"MAS material ""3C90""",1.13550,ECB euro reference rate 2026-09-30: 1 EUR = 1.1355 USD; https://www.ecb.europa.eu/stats/eurofxref/eurofxref-daily.xml fetched 2026-09-30T20:12:47Z,0.8187
Farnell,"FindChips aggregator listing (page fetched in the first collection, fc_results.jsonl)",Ferroxcube,ETD34/17/11-3C90,3056387,3C90,MnZn ferrite,ETD,ETD 34/17/11,likely per half (unverified),"Ferroxcube datasheet quotes mass in g/pcs (=one half, consistent with Ve); distributor listing does not state set/half",EUR,250,0.6770,0,0,5,3162,"NCLEO DE FERRITA, ETD, 3C90",https://www.findchips.com/search/ETD34%2F17%2F11-3C90,,2026-09-30T19:13Z,7640.0,set (ETD34/17/11),20.0,pcs,https://ferroxcube.com/upload/media/product/file/Pr_ds/ETD34_17_11.pdf,MnZn,"MAS material ""3C90""",1.13550,ECB euro reference rate 2026-09-30: 1 EUR = 1.1355 USD; https://www.ecb.europa.eu/stats/eurofxref/eurofxref-daily.xml fetched 2026-09-30T20:12:47Z,0.7687
Farnell,"FindChips aggregator listing (page fetched in the first collection, fc_results.jsonl)",Ferroxcube,ETD34/17/11-3C90,3056387,3C90,MnZn ferrite,ETD,ETD 34/17/11,likely per half (unverified),"Ferroxcube datasheet quotes mass in g/pcs (=one half, consistent with Ve); distributor listing does not state set/half",EUR,500,0.6380,0,1,5,3162,"NCLEO DE FERRITA, ETD, 3C90",https://www.findchips.com/search/ETD34%2F17%2F11-3C90,,2026-09-30T19:13Z,7640.0,set (ETD34/17/11),20.0,pcs,https://ferroxcube.com/upload/media/product/file/Pr_ds/ETD34_17_11.pdf,MnZn,"MAS material ""3C90""",1.13550,ECB euro reference rate 2026-09-30: 1 EUR = 1.1355 USD; https://www.ecb.europa.eu/stats/eurofxref/eurofxref-daily.xml fetched 2026-09-30T20:12:47Z,0.7244
Farnell,"FindChips aggregator listing (page fetched in the first collection, fc_results.jsonl)",Ferroxcube,ETD34/17/11-3C90,3056387,3C90,MnZn ferrite,ETD,ETD 34/17/11,likely per half (unverified),"Ferroxcube datasheet quotes mass in g/pcs (=one half, consistent with Ve); distributor listing does not state set/half",EUR,1500,0.5530,0,0,5,3162,"NCLEO DE FERRITA, ETD, 3C90",https://www.findchips.com/search/ETD34%2F17%2F11-3C90,,2026-09-30T19:13Z,7640.0,set (ETD34/17/11),20.0,pcs,https://ferroxcube.com/upload/media/product/file/Pr_ds/ETD34_17_11.pdf,MnZn,"MAS material ""3C90""",1.13550,ECB euro reference rate 2026-09-30: 1 EUR = 1.1355 USD; https://www.ecb.europa.eu/stats/eurofxref/eurofxref-daily.xml fetched 2026-09-30T20:12:47Z,0.6279
Farnell,"FindChips aggregator listing (page fetched in the first collection, fc_results.jsonl)",Ferroxcube,ETD34/17/11-3C90,3056387,3C90,MnZn ferrite,ETD,ETD 34/17/11,likely per half (unverified),"Ferroxcube datasheet quotes mass in g/pcs (=one half, consistent with Ve); distributor listing does not state set/half",EUR,2940,0.5100,0,0,5,3162,"NCLEO DE FERRITA, ETD, 3C90",https://www.findchips.com/search/ETD34%2F17%2F11-3C90,,2026-09-30T19:13Z,7640.0,set (ETD34/17/11),20.0,pcs,https://ferroxcube.com/upload/media/product/file/Pr_ds/ETD34_17_11.pdf,MnZn,"MAS material ""3C90""",1.13550,ECB euro reference rate 2026-09-30: 1 EUR = 1.1355 USD; https://www.ecb.europa.eu/stats/eurofxref/eurofxref-daily.xml fetched 2026-09-30T20:12:47Z,0.5791
Farnell,"FindChips aggregator listing (page fetched in the first collection, fc_results.jsonl)",Ferroxcube,ETD39/20/13-3C90,3056399,3C90,MnZn ferrite,ETD,ETD 39/20/13,likely per half (unverified),"Ferroxcube datasheet quotes mass in g/pcs (=one half, consistent with Ve); distributor listing does not state set/half",EUR,5,1.1900,0,0,5,1125,"NCLEO DE FERRITA, ETD, 3C90",https://www.findchips.com/search/ETD39%2F20%2F13-3C90,,2026-09-30T19:13Z,11500.0,set (ETD39/20/13),30.0,pcs,https://ferroxcube.com/upload/media/product/file/Pr_ds/ETD39_20_13.pdf,MnZn,"MAS material ""3C90""",1.13550,ECB euro reference rate 2026-09-30: 1 EUR = 1.1355 USD; https://www.ecb.europa.eu/stats/eurofxref/eurofxref-daily.xml fetched 2026-09-30T20:12:47Z,1.3512
Farnell,"FindChips aggregator listing (page fetched in the first collection, fc_results.jsonl)",Ferroxcube,ETD39/20/13-3C90,3056399,3C90,MnZn ferrite,ETD,ETD 39/20/13,likely per half (unverified),"Ferroxcube datasheet quotes mass in g/pcs (=one half, consistent with Ve); distributor listing does not state set/half",EUR,50,1.0100,0,0,5,1125,"NCLEO DE FERRITA, ETD, 3C90",https://www.findchips.com/search/ETD39%2F20%2F13-3C90,,2026-09-30T19:13Z,11500.0,set (ETD39/20/13),30.0,pcs,https://ferroxcube.com/upload/media/product/file/Pr_ds/ETD39_20_13.pdf,MnZn,"MAS material ""3C90""",1.13550,ECB euro reference rate 2026-09-30: 1 EUR = 1.1355 USD; https://www.ecb.europa.eu/stats/eurofxref/eurofxref-daily.xml fetched 2026-09-30T20:12:47Z,1.1469
Farnell,"FindChips aggregator listing (page fetched in the first collection, fc_results.jsonl)",Ferroxcube,ETD39/20/13-3C90,3056399,3C90,MnZn ferrite,ETD,ETD 39/20/13,likely per half (unverified),"Ferroxcube datasheet quotes mass in g/pcs (=one half, consistent with Ve); distributor listing does not state set/half",EUR,250,0.8900,0,0,5,1125,"NCLEO DE FERRITA, ETD, 3C90",https://www.findchips.com/search/ETD39%2F20%2F13-3C90,,2026-09-30T19:13Z,11500.0,set (ETD39/20/13),30.0,pcs,https://ferroxcube.com/upload/media/product/file/Pr_ds/ETD39_20_13.pdf,MnZn,"MAS material ""3C90""",1.13550,ECB euro reference rate 2026-09-30: 1 EUR = 1.1355 USD; https://www.ecb.europa.eu/stats/eurofxref/eurofxref-daily.xml fetched 2026-09-30T20:12:47Z,1.0106
Farnell,"FindChips aggregator listing (page fetched in the first collection, fc_results.jsonl)",Ferroxcube,ETD39/20/13-3C90,3056399,3C90,MnZn ferrite,ETD,ETD 39/20/13,likely per half (unverified),"Ferroxcube datasheet quotes mass in g/pcs (=one half, consistent with Ve); distributor listing does not state set/half",EUR,500,0.8340,0,0,5,1125,"NCLEO DE FERRITA, ETD, 3C90",https://www.findchips.com/search/ETD39%2F20%2F13-3C90,,2026-09-30T19:13Z,11500.0,set (ETD39/20/13),30.0,pcs,https://ferroxcube.com/upload/media/product/file/Pr_ds/ETD39_20_13.pdf,MnZn,"MAS material ""3C90""",1.13550,ECB euro reference rate 2026-09-30: 1 EUR = 1.1355 USD; https://www.ecb.europa.eu/stats/eurofxref/eurofxref-daily.xml fetched 2026-09-30T20:12:47Z,0.9470
Farnell,"FindChips aggregator listing (page fetched in the first collection, fc_results.jsonl)",Ferroxcube,ETD39/20/13-3C90,3056399,3C90,MnZn ferrite,ETD,ETD 39/20/13,likely per half (unverified),"Ferroxcube datasheet quotes mass in g/pcs (=one half, consistent with Ve); distributor listing does not state set/half",EUR,1000,0.7730,0,1,5,1125,"NCLEO DE FERRITA, ETD, 3C90",https://www.findchips.com/search/ETD39%2F20%2F13-3C90,,2026-09-30T19:13Z,11500.0,set (ETD39/20/13),30.0,pcs,https://ferroxcube.com/upload/media/product/file/Pr_ds/ETD39_20_13.pdf,MnZn,"MAS material ""3C90""",1.13550,ECB euro reference rate 2026-09-30: 1 EUR = 1.1355 USD; https://www.ecb.europa.eu/stats/eurofxref/eurofxref-daily.xml fetched 2026-09-30T20:12:47Z,0.8777
Farnell,"FindChips aggregator listing (page fetched in the first collection, fc_results.jsonl)",Ferroxcube,ETD39/20/13-3C90,3056399,3C90,MnZn ferrite,ETD,ETD 39/20/13,likely per half (unverified),"Ferroxcube datasheet quotes mass in g/pcs (=one half, consistent with Ve); distributor listing does not state set/half",EUR,2100,0.7120,0,0,5,1125,"NCLEO DE FERRITA, ETD, 3C90",https://www.findchips.com/search/ETD39%2F20%2F13-3C90,,2026-09-30T19:13Z,11500.0,set (ETD39/20/13),30.0,pcs,https://ferroxcube.com/upload/media/product/file/Pr_ds/ETD39_20_13.pdf,MnZn,"MAS material ""3C90""",1.13550,ECB euro reference rate 2026-09-30: 1 EUR = 1.1355 USD; https://www.ecb.europa.eu/stats/eurofxref/eurofxref-daily.xml fetched 2026-09-30T20:12:47Z,0.8085
Farnell,"FindChips aggregator listing (page fetched in the first collection, fc_results.jsonl)",Ferroxcube,ETD49/25/16-3C90,3056417,3C90,MnZn ferrite,ETD,ETD 49/25/16,likely per half (unverified),"Ferroxcube datasheet quotes mass in g/pcs (=one half, consistent with Ve); distributor listing does not state set/half",EUR,1,2.2700,1,0,1,875,"NCLEO DE FERRITA, ETD, 3C90",https://www.findchips.com/search/ETD49%2F25%2F16-3C90,,2026-09-30T19:13Z,24000.0,set (ETD49/25/16),62.0,pcs,https://ferroxcube.com/upload/media/product/file/Pr_ds/ETD49_25_16.pdf,MnZn,"MAS material ""3C90""",1.13550,ECB euro reference rate 2026-09-30: 1 EUR = 1.1355 USD; https://www.ecb.europa.eu/stats/eurofxref/eurofxref-daily.xml fetched 2026-09-30T20:12:47Z,2.5776
Farnell,"FindChips aggregator listing (page fetched in the first collection, fc_results.jsonl)",Ferroxcube,ETD49/25/16-3C90,3056417,3C90,MnZn ferrite,ETD,ETD 49/25/16,likely per half (unverified),"Ferroxcube datasheet quotes mass in g/pcs (=one half, consistent with Ve); distributor listing does not state set/half",EUR,50,1.6800,0,0,1,875,"NCLEO DE FERRITA, ETD, 3C90",https://www.findchips.com/search/ETD49%2F25%2F16-3C90,,2026-09-30T19:13Z,24000.0,set (ETD49/25/16),62.0,pcs,https://ferroxcube.com/upload/media/product/file/Pr_ds/ETD49_25_16.pdf,MnZn,"MAS material ""3C90""",1.13550,ECB euro reference rate 2026-09-30: 1 EUR = 1.1355 USD; https://www.ecb.europa.eu/stats/eurofxref/eurofxref-daily.xml fetched 2026-09-30T20:12:47Z,1.9076
Farnell,"FindChips aggregator listing (page fetched in the first collection, fc_results.jsonl)",Ferroxcube,ETD49/25/16-3C90,3056417,3C90,MnZn ferrite,ETD,ETD 49/25/16,likely per half (unverified),"Ferroxcube datasheet quotes mass in g/pcs (=one half, consistent with Ve); distributor listing does not state set/half",EUR,100,1.5800,0,0,1,875,"NCLEO DE FERRITA, ETD, 3C90",https://www.findchips.com/search/ETD49%2F25%2F16-3C90,,2026-09-30T19:13Z,24000.0,set (ETD49/25/16),62.0,pcs,https://ferroxcube.com/upload/media/product/file/Pr_ds/ETD49_25_16.pdf,MnZn,"MAS material ""3C90""",1.13550,ECB euro reference rate 2026-09-30: 1 EUR = 1.1355 USD; https://www.ecb.europa.eu/stats/eurofxref/eurofxref-daily.xml fetched 2026-09-30T20:12:47Z,1.7941
Farnell,"FindChips aggregator listing (page fetched in the first collection, fc_results.jsonl)",Ferroxcube,ETD49/25/16-3C90,3056417,3C90,MnZn ferrite,ETD,ETD 49/25/16,likely per half (unverified),"Ferroxcube datasheet quotes mass in g/pcs (=one half, consistent with Ve); distributor listing does not state set/half",EUR,250,1.4700,0,0,1,875,"NCLEO DE FERRITA, ETD, 3C90",https://www.findchips.com/search/ETD49%2F25%2F16-3C90,,2026-09-30T19:13Z,24000.0,set (ETD49/25/16),62.0,pcs,https://ferroxcube.com/upload/media/product/file/Pr_ds/ETD49_25_16.pdf,MnZn,"MAS material ""3C90""",1.13550,ECB euro reference rate 2026-09-30: 1 EUR = 1.1355 USD; https://www.ecb.europa.eu/stats/eurofxref/eurofxref-daily.xml fetched 2026-09-30T20:12:47Z,1.6692
Farnell,"FindChips aggregator listing (page fetched in the first collection, fc_results.jsonl)",Ferroxcube,ETD49/25/16-3C90,3056417,3C90,MnZn ferrite,ETD,ETD 49/25/16,likely per half (unverified),"Ferroxcube datasheet quotes mass in g/pcs (=one half, consistent with Ve); distributor listing does not state set/half",EUR,500,1.4200,0,0,1,875,"NCLEO DE FERRITA, ETD, 3C90",https://www.findchips.com/search/ETD49%2F25%2F16-3C90,,2026-09-30T19:13Z,24000.0,set (ETD49/25/16),62.0,pcs,https://ferroxcube.com/upload/media/product/file/Pr_ds/ETD49_25_16.pdf,MnZn,"MAS material ""3C90""",1.13550,ECB euro reference rate 2026-09-30: 1 EUR = 1.1355 USD; https://www.ecb.europa.eu/stats/eurofxref/eurofxref-daily.xml fetched 2026-09-30T20:12:47Z,1.6124
Farnell,"FindChips aggregator listing (page fetched in the first collection, fc_results.jsonl)",Ferroxcube,ETD49/25/16-3C90,3056417,3C90,MnZn ferrite,ETD,ETD 49/25/16,likely per half (unverified),"Ferroxcube datasheet quotes mass in g/pcs (=one half, consistent with Ve); distributor listing does not state set/half",EUR,1000,1.3600,0,1,1,875,"NCLEO DE FERRITA, ETD, 3C90",https://www.findchips.com/search/ETD49%2F25%2F16-3C90,,2026-09-30T19:13Z,24000.0,set (ETD49/25/16),62.0,pcs,https://ferroxcube.com/upload/media/product/file/Pr_ds/ETD49_25_16.pdf,MnZn,"MAS material ""3C90""",1.13550,ECB euro reference rate 2026-09-30: 1 EUR = 1.1355 USD; https://www.ecb.europa.eu/stats/eurofxref/eurofxref-daily.xml fetched 2026-09-30T20:12:47Z,1.5443
Farnell,"FindChips aggregator listing (page fetched in the first collection, fc_results.jsonl)",Ferroxcube,ETD59/31/22-3C90,3056430,3C90,MnZn ferrite,ETD,ETD 59/31/22,likely per half (unverified),"Ferroxcube datasheet quotes mass in g/pcs (=one half, consistent with Ve); distributor listing does not state set/half",EUR,1,5.3200,1,0,1,292,"NCLEO DE FERRITA, ETD, 3C90",https://www.findchips.com/search/ETD59%2F31%2F22-3C90,,2026-09-30T19:13Z,51500.0,set (ETD59/31/22),130.0,pcs,https://ferroxcube.com/upload/media/product/file/Pr_ds/ETD59_31_22.pdf,MnZn,"MAS material ""3C90""",1.13550,ECB euro reference rate 2026-09-30: 1 EUR = 1.1355 USD; https://www.ecb.europa.eu/stats/eurofxref/eurofxref-daily.xml fetched 2026-09-30T20:12:47Z,6.0409
Farnell,"FindChips aggregator listing (page fetched in the first collection, fc_results.jsonl)",Ferroxcube,ETD59/31/22-3C90,3056430,3C90,MnZn ferrite,ETD,ETD 59/31/22,likely per half (unverified),"Ferroxcube datasheet quotes mass in g/pcs (=one half, consistent with Ve); distributor listing does not state set/half",EUR,10,4.5000,0,0,1,292,"NCLEO DE FERRITA, ETD, 3C90",https://www.findchips.com/search/ETD59%2F31%2F22-3C90,,2026-09-30T19:13Z,51500.0,set (ETD59/31/22),130.0,pcs,https://ferroxcube.com/upload/media/product/file/Pr_ds/ETD59_31_22.pdf,MnZn,"MAS material ""3C90""",1.13550,ECB euro reference rate 2026-09-30: 1 EUR = 1.1355 USD; https://www.ecb.europa.eu/stats/eurofxref/eurofxref-daily.xml fetched 2026-09-30T20:12:47Z,5.1098
Farnell,"FindChips aggregator listing (page fetched in the first collection, fc_results.jsonl)",Ferroxcube,ETD59/31/22-3C90,3056430,3C90,MnZn ferrite,ETD,ETD 59/31/22,likely per half (unverified),"Ferroxcube datasheet quotes mass in g/pcs (=one half, consistent with Ve); distributor listing does not state set/half",EUR,50,3.9900,0,0,1,292,"NCLEO DE FERRITA, ETD, 3C90",https://www.findchips.com/search/ETD59%2F31%2F22-3C90,,2026-09-30T19:13Z,51500.0,set (ETD59/31/22),130.0,pcs,https://ferroxcube.com/upload/media/product/file/Pr_ds/ETD59_31_22.pdf,MnZn,"MAS material ""3C90""",1.13550,ECB euro reference rate 2026-09-30: 1 EUR = 1.1355 USD; https://www.ecb.europa.eu/stats/eurofxref/eurofxref-daily.xml fetched 2026-09-30T20:12:47Z,4.5306
Farnell,"FindChips aggregator listing (page fetched in the first collection, fc_results.jsonl)",Ferroxcube,ETD59/31/22-3C90,3056430,3C90,MnZn ferrite,ETD,ETD 59/31/22,likely per half (unverified),"Ferroxcube datasheet quotes mass in g/pcs (=one half, consistent with Ve); distributor listing does not state set/half",EUR,100,3.7400,0,0,1,292,"NCLEO DE FERRITA, ETD, 3C90",https://www.findchips.com/search/ETD59%2F31%2F22-3C90,,2026-09-30T19:13Z,51500.0,set (ETD59/31/22),130.0,pcs,https://ferroxcube.com/upload/media/product/file/Pr_ds/ETD59_31_22.pdf,MnZn,"MAS material ""3C90""",1.13550,ECB euro reference rate 2026-09-30: 1 EUR = 1.1355 USD; https://www.ecb.europa.eu/stats/eurofxref/eurofxref-daily.xml fetched 2026-09-30T20:12:47Z,4.2468
Farnell,"FindChips aggregator listing (page fetched in the first collection, fc_results.jsonl)",Ferroxcube,ETD59/31/22-3C90,3056430,3C90,MnZn ferrite,ETD,ETD 59/31/22,likely per half (unverified),"Ferroxcube datasheet quotes mass in g/pcs (=one half, consistent with Ve); distributor listing does not state set/half",EUR,200,3.6000,0,0,1,292,"NCLEO DE FERRITA, ETD, 3C90",https://www.findchips.com/search/ETD59%2F31%2F22-3C90,,2026-09-30T19:13Z,51500.0,set (ETD59/31/22),130.0,pcs,https://ferroxcube.com/upload/media/product/file/Pr_ds/ETD59_31_22.pdf,MnZn,"MAS material ""3C90""",1.13550,ECB euro reference rate 2026-09-30: 1 EUR = 1.1355 USD; https://www.ecb.europa.eu/stats/eurofxref/eurofxref-daily.xml fetched 2026-09-30T20:12:47Z,4.0878
Farnell,"FindChips aggregator listing (page fetched in the first collection, fc_results.jsonl)",Ferroxcube,ETD59/31/22-3C90,3056430,3C90,MnZn ferrite,ETD,ETD 59/31/22,likely per half (unverified),"Ferroxcube datasheet quotes mass in g/pcs (=one half, consistent with Ve); distributor listing does not state set/half",EUR,360,3.4500,0,1,1,292,"NCLEO DE FERRITA, ETD, 3C90",https://www.findchips.com/search/ETD59%2F31%2F22-3C90,,2026-09-30T19:13Z,51500.0,set (ETD59/31/22),130.0,pcs,https://ferroxcube.com/upload/media/product/file/Pr_ds/ETD59_31_22.pdf,MnZn,"MAS material ""3C90""",1.13550,ECB euro reference rate 2026-09-30: 1 EUR = 1.1355 USD; https://www.ecb.europa.eu/stats/eurofxref/eurofxref-daily.xml fetched 2026-09-30T20:12:47Z,3.9175
Farnell,"FindChips aggregator listing (page fetched in the first collection, fc_results.jsonl)",Ferroxcube,RM14/I-3C90,3056867,3C90,MnZn ferrite,RM,RM 14/I,likely per set (unverified),Ferroxcube datasheet quotes mass in g/set for this shape; distributor listing does not state set/half,EUR,1,7.2500,1,0,1,362,"NCLEO DE FERRITA, RM/I, 3C90",https://www.findchips.com/search/RM14%2FI-3C90,,2026-09-30T19:14Z,13900.0,set (RM14/I),69.0,set,https://ferroxcube.com/upload/media/product/file/Pr_ds/RM14_I.pdf,MnZn,"MAS material ""3C90""",1.13550,ECB euro reference rate 2026-09-30: 1 EUR = 1.1355 USD; https://www.ecb.europa.eu/stats/eurofxref/eurofxref-daily.xml fetched 2026-09-30T20:12:47Z,8.2324
Farnell,"FindChips aggregator listing (page fetched in the first collection, fc_results.jsonl)",Ferroxcube,RM14/I-3C90,3056867,3C90,MnZn ferrite,RM,RM 14/I,likely per set (unverified),Ferroxcube datasheet quotes mass in g/set for this shape; distributor listing does not state set/half,EUR,5,6.1500,0,0,1,362,"NCLEO DE FERRITA, RM/I, 3C90",https://www.findchips.com/search/RM14%2FI-3C90,,2026-09-30T19:14Z,13900.0,set (RM14/I),69.0,set,https://ferroxcube.com/upload/media/product/file/Pr_ds/RM14_I.pdf,MnZn,"MAS material ""3C90""",1.13550,ECB euro reference rate 2026-09-30: 1 EUR = 1.1355 USD; https://www.ecb.europa.eu/stats/eurofxref/eurofxref-daily.xml fetched 2026-09-30T20:12:47Z,6.9833
Farnell,"FindChips aggregator listing (page fetched in the first collection, fc_results.jsonl)",Ferroxcube,RM14/I-3C90,3056867,3C90,MnZn ferrite,RM,RM 14/I,likely per set (unverified),Ferroxcube datasheet quotes mass in g/set for this shape; distributor listing does not state set/half,EUR,10,5.9700,0,0,1,362,"NCLEO DE FERRITA, RM/I, 3C90",https://www.findchips.com/search/RM14%2FI-3C90,,2026-09-30T19:14Z,13900.0,set (RM14/I),69.0,set,https://ferroxcube.com/upload/media/product/file/Pr_ds/RM14_I.pdf,MnZn,"MAS material ""3C90""",1.13550,ECB euro reference rate 2026-09-30: 1 EUR = 1.1355 USD; https://www.ecb.europa.eu/stats/eurofxref/eurofxref-daily.xml fetched 2026-09-30T20:12:47Z,6.7789
Farnell,"FindChips aggregator listing (page fetched in the first collection, fc_results.jsonl)",Ferroxcube,RM14/I-3C90,3056867,3C90,MnZn ferrite,RM,RM 14/I,likely per set (unverified),Ferroxcube datasheet quotes mass in g/set for this shape; distributor listing does not state set/half,EUR,25,5.7800,0,0,1,362,"NCLEO DE FERRITA, RM/I, 3C90",https://www.findchips.com/search/RM14%2FI-3C90,,2026-09-30T19:14Z,13900.0,set (RM14/I),69.0,set,https://ferroxcube.com/upload/media/product/file/Pr_ds/RM14_I.pdf,MnZn,"MAS material ""3C90""",1.13550,ECB euro reference rate 2026-09-30: 1 EUR = 1.1355 USD; https://www.ecb.europa.eu/stats/eurofxref/eurofxref-daily.xml fetched 2026-09-30T20:12:47Z,6.5632
Farnell,"FindChips aggregator listing (page fetched in the first collection, fc_results.jsonl)",Ferroxcube,RM14/I-3C90,3056867,3C90,MnZn ferrite,RM,RM 14/I,likely per set (unverified),Ferroxcube datasheet quotes mass in g/set for this shape; distributor listing does not state set/half,EUR,50,5.4400,0,0,1,362,"NCLEO DE FERRITA, RM/I, 3C90",https://www.findchips.com/search/RM14%2FI-3C90,,2026-09-30T19:14Z,13900.0,set (RM14/I),69.0,set,https://ferroxcube.com/upload/media/product/file/Pr_ds/RM14_I.pdf,MnZn,"MAS material ""3C90""",1.13550,ECB euro reference rate 2026-09-30: 1 EUR = 1.1355 USD; https://www.ecb.europa.eu/stats/eurofxref/eurofxref-daily.xml fetched 2026-09-30T20:12:47Z,6.1771
Farnell,"FindChips aggregator listing (page fetched in the first collection, fc_results.jsonl)",Ferroxcube,RM14/I-3C90,3056867,3C90,MnZn ferrite,RM,RM 14/I,likely per set (unverified),Ferroxcube datasheet quotes mass in g/set for this shape; distributor listing does not state set/half,EUR,200,4.7200,0,1,1,362,"NCLEO DE FERRITA, RM/I, 3C90",https://www.findchips.com/search/RM14%2FI-3C90,,2026-09-30T19:14Z,13900.0,set (RM14/I),69.0,set,https://ferroxcube.com/upload/media/product/file/Pr_ds/RM14_I.pdf,MnZn,"MAS material ""3C90""",1.13550,ECB euro reference rate 2026-09-30: 1 EUR = 1.1355 USD; https://www.ecb.europa.eu/stats/eurofxref/eurofxref-daily.xml fetched 2026-09-30T20:12:47Z,5.3596
Farnell,"FindChips aggregator listing (page fetched in the first collection, fc_results.jsonl)",Ferroxcube,TX40/24/16-3C90,1784185,3C90,MnZn ferrite,T,T 40/24/16,per toroid,toroid (single piece),EUR,1,5.0500,1,0,1,310,"NCLEO DE FERRITA, TOROID, 3C90",https://www.findchips.com/search/TX40%2F24%2F16-3C90,,2026-09-30T19:14Z,12100.0,toroid,62.0,pcs,https://ferroxcube.com/upload/media/product/file/Pr_ds/T_40_24_16.pdf,MnZn,"MAS material ""3C90""",1.13550,ECB euro reference rate 2026-09-30: 1 EUR = 1.1355 USD; https://www.ecb.europa.eu/stats/eurofxref/eurofxref-daily.xml fetched 2026-09-30T20:12:47Z,5.7343
Farnell,"FindChips aggregator listing (page fetched in the first collection, fc_results.jsonl)",Ferroxcube,TX40/24/16-3C90,1784185,3C90,MnZn ferrite,T,T 40/24/16,per toroid,toroid (single piece),EUR,10,4.2800,0,0,1,310,"NCLEO DE FERRITA, TOROID, 3C90",https://www.findchips.com/search/TX40%2F24%2F16-3C90,,2026-09-30T19:14Z,12100.0,toroid,62.0,pcs,https://ferroxcube.com/upload/media/product/file/Pr_ds/T_40_24_16.pdf,MnZn,"MAS material ""3C90""",1.13550,ECB euro reference rate 2026-09-30: 1 EUR = 1.1355 USD; https://www.ecb.europa.eu/stats/eurofxref/eurofxref-daily.xml fetched 2026-09-30T20:12:47Z,4.8599
Farnell,"FindChips aggregator listing (page fetched in the first collection, fc_results.jsonl)",Ferroxcube,TX40/24/16-3C90,1784185,3C90,MnZn ferrite,T,T 40/24/16,per toroid,toroid (single piece),EUR,50,3.7900,0,0,1,310,"NCLEO DE FERRITA, TOROID, 3C90",https://www.findchips.com/search/TX40%2F24%2F16-3C90,,2026-09-30T19:14Z,12100.0,toroid,62.0,pcs,https://ferroxcube.com/upload/media/product/file/Pr_ds/T_40_24_16.pdf,MnZn,"MAS material ""3C90""",1.13550,ECB euro reference rate 2026-09-30: 1 EUR = 1.1355 USD; https://www.ecb.europa.eu/stats/eurofxref/eurofxref-daily.xml fetched 2026-09-30T20:12:47Z,4.3035
Farnell,"FindChips aggregator listing (page fetched in the first collection, fc_results.jsonl)",Ferroxcube,TX40/24/16-3C90,1784185,3C90,MnZn ferrite,T,T 40/24/16,per toroid,toroid (single piece),EUR,100,3.5600,0,0,1,310,"NCLEO DE FERRITA, TOROID, 3C90",https://www.findchips.com/search/TX40%2F24%2F16-3C90,,2026-09-30T19:14Z,12100.0,toroid,62.0,pcs,https://ferroxcube.com/upload/media/product/file/Pr_ds/T_40_24_16.pdf,MnZn,"MAS material ""3C90""",1.13550,ECB euro reference rate 2026-09-30: 1 EUR = 1.1355 USD; https://www.ecb.europa.eu/stats/eurofxref/eurofxref-daily.xml fetched 2026-09-30T20:12:47Z,4.0424
Farnell,"FindChips aggregator listing (page fetched in the first collection, fc_results.jsonl)",Ferroxcube,TX40/24/16-3C90,1784185,3C90,MnZn ferrite,T,T 40/24/16,per toroid,toroid (single piece),EUR,200,3.4200,0,0,1,310,"NCLEO DE FERRITA, TOROID, 3C90",https://www.findchips.com/search/TX40%2F24%2F16-3C90,,2026-09-30T19:14Z,12100.0,toroid,62.0,pcs,https://ferroxcube.com/upload/media/product/file/Pr_ds/T_40_24_16.pdf,MnZn,"MAS material ""3C90""",1.13550,ECB euro reference rate 2026-09-30: 1 EUR = 1.1355 USD; https://www.ecb.europa.eu/stats/eurofxref/eurofxref-daily.xml fetched 2026-09-30T20:12:47Z,3.8834
Farnell,"FindChips aggregator listing (page fetched in the first collection, fc_results.jsonl)",Ferroxcube,TX40/24/16-3C90,1784185,3C90,MnZn ferrite,T,T 40/24/16,per toroid,toroid (single piece),EUR,420,3.2800,0,1,1,310,"NCLEO DE FERRITA, TOROID, 3C90",https://www.findchips.com/search/TX40%2F24%2F16-3C90,,2026-09-30T19:14Z,12100.0,toroid,62.0,pcs,https://ferroxcube.com/upload/media/product/file/Pr_ds/T_40_24_16.pdf,MnZn,"MAS material ""3C90""",1.13550,ECB euro reference rate 2026-09-30: 1 EUR = 1.1355 USD; https://www.ecb.europa.eu/stats/eurofxref/eurofxref-daily.xml fetched 2026-09-30T20:12:47Z,3.7244
TME,"FindChips aggregator listing (page fetched in the first collection, fc_results.jsonl)",Ferroxcube,U25/16/6-3C90,U25/16/6-3C90,3C90,MnZn ferrite,U,U 25/16/6,likely per half (unverified),"Ferroxcube datasheet quotes mass in g/pcs (=one half, consistent with Ve); distributor listing does not state set/half",USD,2,2.4900,0,0,2,339,"Core: ferrite,  U,  3C90,  1200nH",https://www.findchips.com/search/U25%2F16%2F6-3C90,,2026-09-30T19:14Z,2590.0,set (U25/16/6 + I25/6/6),8.0,pcs,https://ferroxcube.com/upload/media/product/file/Pr_ds/U25_16_6_I25_6_6.pdf,MnZn,"MAS material ""3C90""",,,2.4900
TME,"FindChips aggregator listing (page fetched in the first collection, fc_results.jsonl)",Ferroxcube,U25/16/6-3C90,U25/16/6-3C90,3C90,MnZn ferrite,U,U 25/16/6,likely per half (unverified),"Ferroxcube datasheet quotes mass in g/pcs (=one half, consistent with Ve); distributor listing does not state set/half",USD,10,1.6500,0,0,2,339,"Core: ferrite,  U,  3C90,  1200nH",https://www.findchips.com/search/U25%2F16%2F6-3C90,,2026-09-30T19:14Z,2590.0,set (U25/16/6 + I25/6/6),8.0,pcs,https://ferroxcube.com/upload/media/product/file/Pr_ds/U25_16_6_I25_6_6.pdf,MnZn,"MAS material ""3C90""",,,1.6500
TME,"FindChips aggregator listing (page fetched in the first collection, fc_results.jsonl)",Ferroxcube,U25/16/6-3C90,U25/16/6-3C90,3C90,MnZn ferrite,U,U 25/16/6,likely per half (unverified),"Ferroxcube datasheet quotes mass in g/pcs (=one half, consistent with Ve); distributor listing does not state set/half",USD,50,0.9100,0,1,2,339,"Core: ferrite,  U,  3C90,  1200nH",https://www.findchips.com/search/U25%2F16%2F6-3C90,,2026-09-30T19:14Z,2590.0,set (U25/16/6 + I25/6/6),8.0,pcs,https://ferroxcube.com/upload/media/product/file/Pr_ds/U25_16_6_I25_6_6.pdf,MnZn,"MAS material ""3C90""",,,0.9100
Farnell,"FindChips aggregator listing (page fetched in the first collection, fc_results.jsonl)",Ferroxcube,U100/57/25-3C90,2103417,3C90,MnZn ferrite,U,U 100/57/25,unverified,,EUR,1,27.1500,1,0,1,46,"NCLEO DE FERRITA, U, 3C90",https://www.findchips.com/search/U100%2F57%2F25-3C90,,2026-09-30T19:14Z,,,,,,MnZn,"MAS material ""3C90""",1.13550,ECB euro reference rate 2026-09-30: 1 EUR = 1.1355 USD; https://www.ecb.europa.eu/stats/eurofxref/eurofxref-daily.xml fetched 2026-09-30T20:12:47Z,30.8288
Farnell,"FindChips aggregator listing (page fetched in the first collection, fc_results.jsonl)",Ferroxcube,U100/57/25-3C90,2103417,3C90,MnZn ferrite,U,U 100/57/25,unverified,,EUR,5,23.2700,0,0,1,46,"NCLEO DE FERRITA, U, 3C90",https://www.findchips.com/search/U100%2F57%2F25-3C90,,2026-09-30T19:14Z,,,,,,MnZn,"MAS material ""3C90""",1.13550,ECB euro reference rate 2026-09-30: 1 EUR = 1.1355 USD; https://www.ecb.europa.eu/stats/eurofxref/eurofxref-daily.xml fetched 2026-09-30T20:12:47Z,26.4231
Farnell,"FindChips aggregator listing (page fetched in the first collection, fc_results.jsonl)",Ferroxcube,U100/57/25-3C90,2103417,3C90,MnZn ferrite,U,U 100/57/25,unverified,,EUR,10,21.9300,0,0,1,46,"NCLEO DE FERRITA, U, 3C90",https://www.findchips.com/search/U100%2F57%2F25-3C90,,2026-09-30T19:14Z,,,,,,MnZn,"MAS material ""3C90""",1.13550,ECB euro reference rate 2026-09-30: 1 EUR = 1.1355 USD; https://www.ecb.europa.eu/stats/eurofxref/eurofxref-daily.xml fetched 2026-09-30T20:12:47Z,24.9015
Farnell,"FindChips aggregator listing (page fetched in the first collection, fc_results.jsonl)",Ferroxcube,U100/57/25-3C90,2103417,3C90,MnZn ferrite,U,U 100/57/25,unverified,,EUR,20,20.5500,0,0,1,46,"NCLEO DE FERRITA, U, 3C90",https://www.findchips.com/search/U100%2F57%2F25-3C90,,2026-09-30T19:14Z,,,,,,MnZn,"MAS material ""3C90""",1.13550,ECB euro reference rate 2026-09-30: 1 EUR = 1.1355 USD; https://www.ecb.europa.eu/stats/eurofxref/eurofxref-daily.xml fetched 2026-09-30T20:12:47Z,23.3345
Farnell,"FindChips aggregator listing (page fetched in the first collection, fc_results.jsonl)",Ferroxcube,U100/57/25-3C90,2103417,3C90,MnZn ferrite,U,U 100/57/25,unverified,,EUR,40,19.0500,0,0,1,46,"NCLEO DE FERRITA, U, 3C90",https://www.findchips.com/search/U100%2F57%2F25-3C90,,2026-09-30T19:14Z,,,,,,MnZn,"MAS material ""3C90""",1.13550,ECB euro reference rate 2026-09-30: 1 EUR = 1.1355 USD; https://www.ecb.europa.eu/stats/eurofxref/eurofxref-daily.xml fetched 2026-09-30T20:12:47Z,21.6313
Farnell,"FindChips aggregator listing (page fetched in the first collection, fc_results.jsonl)",Ferroxcube,U100/57/25-3C90,2103417,3C90,MnZn ferrite,U,U 100/57/25,unverified,,EUR,80,17.5400,0,1,1,46,"NCLEO DE FERRITA, U, 3C90",https://www.findchips.com/search/U100%2F57%2F25-3C90,,2026-09-30T19:14Z,,,,,,MnZn,"MAS material ""3C90""",1.13550,ECB euro reference rate 2026-09-30: 1 EUR = 1.1355 USD; https://www.ecb.europa.eu/stats/eurofxref/eurofxref-daily.xml fetched 2026-09-30T20:12:47Z,19.9167
TME,"FindChips aggregator listing (page fetched in the first collection, fc_results.jsonl)",Ferroxcube,U100/57/25-3C90,U100/57/25-3C90,3C90,MnZn ferrite,U,U 100/57/25,unverified,,USD,2,25.1300,0,0,2,0,"Core: ferrite,  U,  3C90,  5500nH",https://www.findchips.com/search/U100%2F57%2F25-3C90,,2026-09-30T19:14Z,,,,,,MnZn,"MAS material ""3C90""",,,25.1300
TME,"FindChips aggregator listing (page fetched in the first collection, fc_results.jsonl)",Ferroxcube,U100/57/25-3C90,U100/57/25-3C90,3C90,MnZn ferrite,U,U 100/57/25,unverified,,USD,8,23.0600,0,0,2,0,"Core: ferrite,  U,  3C90,  5500nH",https://www.findchips.com/search/U100%2F57%2F25-3C90,,2026-09-30T19:14Z,,,,,,MnZn,"MAS material ""3C90""",,,23.0600
TME,"FindChips aggregator listing (page fetched in the first collection, fc_results.jsonl)",Ferroxcube,U100/57/25-3C90,U100/57/25-3C90,3C90,MnZn ferrite,U,U 100/57/25,unverified,,USD,16,18.9300,0,1,2,0,"Core: ferrite,  U,  3C90,  5500nH",https://www.findchips.com/search/U100%2F57%2F25-3C90,,2026-09-30T19:14Z,,,,,,MnZn,"MAS material ""3C90""",,,18.9300
TME,"FindChips aggregator listing (page fetched in the first collection, fc_results.jsonl)",Ferroxcube,E30/15/7-3C94,E30/15/7-3C94,3C94,MnZn ferrite,E,E 30/15/7,likely per half (unverified),"Ferroxcube datasheet quotes mass in g/pcs (=one half, consistent with Ve); distributor listing does not state set/half",USD,2,0.9900,0,0,2,48,"Core: ferrite,  E,  3C94,  1900nH,  4000mm3,  60mm2,  A: 30.8mm,  B: 19.5mm",https://www.findchips.com/search/E30%2F15%2F7-3C94,,2026-09-30T19:15Z,4000.0,set (E30/15/7),11.0,pcs,https://ferroxcube.com/upload/media/product/file/Pr_ds/E30_15_7.pdf,MnZn,"MAS material ""3C94""",,,0.9900
TME,"FindChips aggregator listing (page fetched in the first collection, fc_results.jsonl)",Ferroxcube,E30/15/7-3C94,E30/15/7-3C94,3C94,MnZn ferrite,E,E 30/15/7,likely per half (unverified),"Ferroxcube datasheet quotes mass in g/pcs (=one half, consistent with Ve); distributor listing does not state set/half",USD,10,0.7100,0,0,2,48,"Core: ferrite,  E,  3C94,  1900nH,  4000mm3,  60mm2,  A: 30.8mm,  B: 19.5mm",https://www.findchips.com/search/E30%2F15%2F7-3C94,,2026-09-30T19:15Z,4000.0,set (E30/15/7),11.0,pcs,https://ferroxcube.com/upload/media/product/file/Pr_ds/E30_15_7.pdf,MnZn,"MAS material ""3C94""",,,0.7100
TME,"FindChips aggregator listing (page fetched in the first collection, fc_results.jsonl)",Ferroxcube,E30/15/7-3C94,E30/15/7-3C94,3C94,MnZn ferrite,E,E 30/15/7,likely per half (unverified),"Ferroxcube datasheet quotes mass in g/pcs (=one half, consistent with Ve); distributor listing does not state set/half",USD,50,0.5090,0,1,2,48,"Core: ferrite,  E,  3C94,  1900nH,  4000mm3,  60mm2,  A: 30.8mm,  B: 19.5mm",https://www.findchips.com/search/E30%2F15%2F7-3C94,,2026-09-30T19:15Z,4000.0,set (E30/15/7),11.0,pcs,https://ferroxcube.com/upload/media/product/file/Pr_ds/E30_15_7.pdf,MnZn,"MAS material ""3C94""",,,0.5090
TME,"FindChips aggregator listing (page fetched in the first collection, fc_results.jsonl)",Ferroxcube,EFD25/13/9-3C94,EFD25/13/9-3C94,3C94,MnZn ferrite,EFD,EFD 25/13/9,unverified,,USD,1,1.9700,1,0,1,0,"Core: ferrite,  EFD,  3C94,  2200nH,  3300mm3,  58mm2,  A: 25mm,  B: 12.5mm",https://www.findchips.com/search/EFD25%2F13%2F9-3C94,,2026-09-30T19:15Z,,,,,,MnZn,"MAS material ""3C94""",,,1.9700
TME,"FindChips aggregator listing (page fetched in the first collection, fc_results.jsonl)",Ferroxcube,EFD25/13/9-3C94,EFD25/13/9-3C94,3C94,MnZn ferrite,EFD,EFD 25/13/9,unverified,,USD,5,1.5300,0,0,1,0,"Core: ferrite,  EFD,  3C94,  2200nH,  3300mm3,  58mm2,  A: 25mm,  B: 12.5mm",https://www.findchips.com/search/EFD25%2F13%2F9-3C94,,2026-09-30T19:15Z,,,,,,MnZn,"MAS material ""3C94""",,,1.5300
TME,"FindChips aggregator listing (page fetched in the first collection, fc_results.jsonl)",Ferroxcube,EFD25/13/9-3C94,EFD25/13/9-3C94,3C94,MnZn ferrite,EFD,EFD 25/13/9,unverified,,USD,25,0.8500,0,1,1,0,"Core: ferrite,  EFD,  3C94,  2200nH,  3300mm3,  58mm2,  A: 25mm,  B: 12.5mm",https://www.findchips.com/search/EFD25%2F13%2F9-3C94,,2026-09-30T19:15Z,,,,,,MnZn,"MAS material ""3C94""",,,0.8500
TME,"FindChips aggregator listing (page fetched in the first collection, fc_results.jsonl)",Ferroxcube,ETD29/16/10-3C94,ETD29-3C94,3C94,MnZn ferrite,ETD,ETD 29/16/10,likely per half (unverified),"Ferroxcube datasheet quotes mass in g/pcs (=one half, consistent with Ve); distributor listing does not state set/half",USD,2,1.0450,0,0,2,402,"Core: ferrite,  ETD,  3C94,  2350nH,  5470mm3,  76mm2,  A: 30.6mm,  B: 15.8mm",https://www.findchips.com/search/ETD29%2F16%2F10-3C94,,2026-09-30T19:15Z,5470.0,set (ETD29/16/10),14.0,pcs,https://ferroxcube.com/upload/media/product/file/Pr_ds/ETD29_16_10.pdf,MnZn,"MAS material ""3C94""",,,1.0450
TME,"FindChips aggregator listing (page fetched in the first collection, fc_results.jsonl)",Ferroxcube,ETD29/16/10-3C94,ETD29-3C94,3C94,MnZn ferrite,ETD,ETD 29/16/10,likely per half (unverified),"Ferroxcube datasheet quotes mass in g/pcs (=one half, consistent with Ve); distributor listing does not state set/half",USD,10,0.8040,0,0,2,402,"Core: ferrite,  ETD,  3C94,  2350nH,  5470mm3,  76mm2,  A: 30.6mm,  B: 15.8mm",https://www.findchips.com/search/ETD29%2F16%2F10-3C94,,2026-09-30T19:15Z,5470.0,set (ETD29/16/10),14.0,pcs,https://ferroxcube.com/upload/media/product/file/Pr_ds/ETD29_16_10.pdf,MnZn,"MAS material ""3C94""",,,0.8040
TME,"FindChips aggregator listing (page fetched in the first collection, fc_results.jsonl)",Ferroxcube,ETD29/16/10-3C94,ETD29-3C94,3C94,MnZn ferrite,ETD,ETD 29/16/10,likely per half (unverified),"Ferroxcube datasheet quotes mass in g/pcs (=one half, consistent with Ve); distributor listing does not state set/half",USD,50,0.5360,0,1,2,402,"Core: ferrite,  ETD,  3C94,  2350nH,  5470mm3,  76mm2,  A: 30.6mm,  B: 15.8mm",https://www.findchips.com/search/ETD29%2F16%2F10-3C94,,2026-09-30T19:15Z,5470.0,set (ETD29/16/10),14.0,pcs,https://ferroxcube.com/upload/media/product/file/Pr_ds/ETD29_16_10.pdf,MnZn,"MAS material ""3C94""",,,0.5360
TME,"FindChips aggregator listing (page fetched in the first collection, fc_results.jsonl)",Ferroxcube,U10/8/3-3C94,U10/8/3-3C94,3C94,MnZn ferrite,U,U 10/8/3,unverified,,USD,5,0.4200,0,0,5,0,"Core: ferrite,  U,  3C90,  420nH",https://www.findchips.com/search/U10%2F8%2F3-3C94,,2026-09-30T19:17Z,,,,,,MnZn,"MAS material ""3C94""",,,0.4200
TME,"FindChips aggregator listing (page fetched in the first collection, fc_results.jsonl)",Ferroxcube,U10/8/3-3C94,U10/8/3-3C94,3C94,MnZn ferrite,U,U 10/8/3,unverified,,USD,10,0.2340,0,1,5,0,"Core: ferrite,  U,  3C90,  420nH",https://www.findchips.com/search/U10%2F8%2F3-3C94,,2026-09-30T19:17Z,,,,,,MnZn,"MAS material ""3C94""",,,0.2340
TME,"FindChips aggregator listing (page fetched in the first collection, fc_results.jsonl)",Ferroxcube,U20/16/7-3C94,U20/16/7-3C94,3C94,MnZn ferrite,U,U 20/16/7,likely per half (unverified),"Ferroxcube datasheet quotes mass in g/pcs (=one half, consistent with Ve); distributor listing does not state set/half",USD,2,1.2600,0,0,2,200,"Core: ferrite,  U,  3C94,  1900nH,  3800mm3,  56mm2,  A: 20.8mm,  B: 6.4mm",https://www.findchips.com/search/U20%2F16%2F7-3C94,,2026-09-30T19:17Z,3800.0,set (U20/16/7),9.0,pcs,https://ferroxcube.com/upload/media/product/file/Pr_ds/U20_16_7.pdf,MnZn,"MAS material ""3C94""",,,1.2600
TME,"FindChips aggregator listing (page fetched in the first collection, fc_results.jsonl)",Ferroxcube,U20/16/7-3C94,U20/16/7-3C94,3C94,MnZn ferrite,U,U 20/16/7,likely per half (unverified),"Ferroxcube datasheet quotes mass in g/pcs (=one half, consistent with Ve); distributor listing does not state set/half",USD,10,0.9250,0,0,2,200,"Core: ferrite,  U,  3C94,  1900nH,  3800mm3,  56mm2,  A: 20.8mm,  B: 6.4mm",https://www.findchips.com/search/U20%2F16%2F7-3C94,,2026-09-30T19:17Z,3800.0,set (U20/16/7),9.0,pcs,https://ferroxcube.com/upload/media/product/file/Pr_ds/U20_16_7.pdf,MnZn,"MAS material ""3C94""",,,0.9250
TME,"FindChips aggregator listing (page fetched in the first collection, fc_results.jsonl)",Ferroxcube,U20/16/7-3C94,U20/16/7-3C94,3C94,MnZn ferrite,U,U 20/16/7,likely per half (unverified),"Ferroxcube datasheet quotes mass in g/pcs (=one half, consistent with Ve); distributor listing does not state set/half",USD,50,0.5050,0,0,2,200,"Core: ferrite,  U,  3C94,  1900nH,  3800mm3,  56mm2,  A: 20.8mm,  B: 6.4mm",https://www.findchips.com/search/U20%2F16%2F7-3C94,,2026-09-30T19:17Z,3800.0,set (U20/16/7),9.0,pcs,https://ferroxcube.com/upload/media/product/file/Pr_ds/U20_16_7.pdf,MnZn,"MAS material ""3C94""",,,0.5050
TME,"FindChips aggregator listing (page fetched in the first collection, fc_results.jsonl)",Ferroxcube,U20/16/7-3C94,U20/16/7-3C94,3C94,MnZn ferrite,U,U 20/16/7,likely per half (unverified),"Ferroxcube datasheet quotes mass in g/pcs (=one half, consistent with Ve); distributor listing does not state set/half",USD,100,0.4520,0,0,2,200,"Core: ferrite,  U,  3C94,  1900nH,  3800mm3,  56mm2,  A: 20.8mm,  B: 6.4mm",https://www.findchips.com/search/U20%2F16%2F7-3C94,,2026-09-30T19:17Z,3800.0,set (U20/16/7),9.0,pcs,https://ferroxcube.com/upload/media/product/file/Pr_ds/U20_16_7.pdf,MnZn,"MAS material ""3C94""",,,0.4520
TME,"FindChips aggregator listing (page fetched in the first collection, fc_results.jsonl)",Ferroxcube,U20/16/7-3C94,U20/16/7-3C94,3C94,MnZn ferrite,U,U 20/16/7,likely per half (unverified),"Ferroxcube datasheet quotes mass in g/pcs (=one half, consistent with Ve); distributor listing does not state set/half",USD,180,0.4140,0,0,2,200,"Core: ferrite,  U,  3C94,  1900nH,  3800mm3,  56mm2,  A: 20.8mm,  B: 6.4mm",https://www.findchips.com/search/U20%2F16%2F7-3C94,,2026-09-30T19:17Z,3800.0,set (U20/16/7),9.0,pcs,https://ferroxcube.com/upload/media/product/file/Pr_ds/U20_16_7.pdf,MnZn,"MAS material ""3C94""",,,0.4140
TME,"FindChips aggregator listing (page fetched in the first collection, fc_results.jsonl)",Ferroxcube,U20/16/7-3C94,U20/16/7-3C94,3C94,MnZn ferrite,U,U 20/16/7,likely per half (unverified),"Ferroxcube datasheet quotes mass in g/pcs (=one half, consistent with Ve); distributor listing does not state set/half",USD,360,0.4050,0,0,2,200,"Core: ferrite,  U,  3C94,  1900nH,  3800mm3,  56mm2,  A: 20.8mm,  B: 6.4mm",https://www.findchips.com/search/U20%2F16%2F7-3C94,,2026-09-30T19:17Z,3800.0,set (U20/16/7),9.0,pcs,https://ferroxcube.com/upload/media/product/file/Pr_ds/U20_16_7.pdf,MnZn,"MAS material ""3C94""",,,0.4050
TME,"FindChips aggregator listing (page fetched in the first collection, fc_results.jsonl)",Ferroxcube,U20/16/7-3C94,U20/16/7-3C94,3C94,MnZn ferrite,U,U 20/16/7,likely per half (unverified),"Ferroxcube datasheet quotes mass in g/pcs (=one half, consistent with Ve); distributor listing does not state set/half",USD,720,0.3970,0,1,2,200,"Core: ferrite,  U,  3C94,  1900nH,  3800mm3,  56mm2,  A: 20.8mm,  B: 6.4mm",https://www.findchips.com/search/U20%2F16%2F7-3C94,,2026-09-30T19:17Z,3800.0,set (U20/16/7),9.0,pcs,https://ferroxcube.com/upload/media/product/file/Pr_ds/U20_16_7.pdf,MnZn,"MAS material ""3C94""",,,0.3970
TME,"FindChips aggregator listing (page fetched in the first collection, fc_results.jsonl)",Ferroxcube,U93/52/30-3C94,U93/52/30-3C94,3C94,MnZn ferrite,U,U 93/52/30,likely per half (unverified),"Ferroxcube datasheet quotes mass in g/pcs (=one half, consistent with Ve); distributor listing does not state set/half",USD,2,23.4100,0,0,2,0,"Core: ferrite,  U,  3C94,  8700nH,  217000mm3,  840mm2,  A: 93mm,  B: 36.2mm",https://www.findchips.com/search/U93%2F52%2F30-3C94,,2026-09-30T19:17Z,175000.0,set (U93/52/30 + I93/28/30),560.0,pcs,https://ferroxcube.com/upload/media/product/file/Pr_ds/U93_52_30_I93_28_30.pdf,MnZn,"MAS material ""3C94""",,,23.4100
TME,"FindChips aggregator listing (page fetched in the first collection, fc_results.jsonl)",Ferroxcube,U93/52/30-3C94,U93/52/30-3C94,3C94,MnZn ferrite,U,U 93/52/30,likely per half (unverified),"Ferroxcube datasheet quotes mass in g/pcs (=one half, consistent with Ve); distributor listing does not state set/half",USD,10,22.6000,0,1,2,0,"Core: ferrite,  U,  3C94,  8700nH,  217000mm3,  840mm2,  A: 93mm,  B: 36.2mm",https://www.findchips.com/search/U93%2F52%2F30-3C94,,2026-09-30T19:17Z,175000.0,set (U93/52/30 + I93/28/30),560.0,pcs,https://ferroxcube.com/upload/media/product/file/Pr_ds/U93_52_30_I93_28_30.pdf,MnZn,"MAS material ""3C94""",,,22.6000
TME,"FindChips aggregator listing (page fetched in the first collection, fc_results.jsonl)",Ferroxcube,U93/76/30-3C94,U93/76/30-3C94,3C94,MnZn ferrite,U,U 93/76/30,likely per half (unverified),"Ferroxcube datasheet quotes mass in g/pcs (=one half, consistent with Ve); distributor listing does not state set/half",USD,1,37.7500,1,0,1,9,"Core: ferrite,  U,  3C94,  6400nH",https://www.findchips.com/search/U93%2F76%2F30-3C94,,2026-09-30T19:17Z,217000.0,set (U93/76/30 + I93/28/30),760.0,pcs,https://ferroxcube.com/upload/media/product/file/Pr_ds/U93_76_30_I93_28_30.pdf,MnZn,"MAS material ""3C94""",,,37.7500
TME,"FindChips aggregator listing (page fetched in the first collection, fc_results.jsonl)",Ferroxcube,U93/76/30-3C94,U93/76/30-3C94,3C94,MnZn ferrite,U,U 93/76/30,likely per half (unverified),"Ferroxcube datasheet quotes mass in g/pcs (=one half, consistent with Ve); distributor listing does not state set/half",USD,8,33.7300,0,0,1,9,"Core: ferrite,  U,  3C94,  6400nH",https://www.findchips.com/search/U93%2F76%2F30-3C94,,2026-09-30T19:17Z,217000.0,set (U93/76/30 + I93/28/30),760.0,pcs,https://ferroxcube.com/upload/media/product/file/Pr_ds/U93_76_30_I93_28_30.pdf,MnZn,"MAS material ""3C94""",,,33.7300
TME,"FindChips aggregator listing (page fetched in the first collection, fc_results.jsonl)",Ferroxcube,U93/76/30-3C94,U93/76/30-3C94,3C94,MnZn ferrite,U,U 93/76/30,likely per half (unverified),"Ferroxcube datasheet quotes mass in g/pcs (=one half, consistent with Ve); distributor listing does not state set/half",USD,16,29.4900,0,1,1,9,"Core: ferrite,  U,  3C94,  6400nH",https://www.findchips.com/search/U93%2F76%2F30-3C94,,2026-09-30T19:17Z,217000.0,set (U93/76/30 + I93/28/30),760.0,pcs,https://ferroxcube.com/upload/media/product/file/Pr_ds/U93_76_30_I93_28_30.pdf,MnZn,"MAS material ""3C94""",,,29.4900
Farnell,"FindChips aggregator listing (page fetched in the first collection, fc_results.jsonl)",Ferroxcube,E65/32/27-3C95,2103440,3C95,MnZn ferrite,E,E 65/32/27,likely per half (unverified),"Ferroxcube datasheet quotes mass in g/pcs (=one half, consistent with Ve); distributor listing does not state set/half",EUR,1,9.9800,1,0,1,0,"NCLEO DE FERRITA, E, 3C95",https://www.findchips.com/search/E65%2F32%2F27-3C95,,2026-09-30T19:18Z,79000.0,set (E65/32/27),205.0,pcs,https://ferroxcube.com/upload/media/product/file/Pr_ds/E65_32_27.pdf,MnZn,"MAS material ""3C95""",1.13550,ECB euro reference rate 2026-09-30: 1 EUR = 1.1355 USD; https://www.ecb.europa.eu/stats/eurofxref/eurofxref-daily.xml fetched 2026-09-30T20:12:47Z,11.3323
Farnell,"FindChips aggregator listing (page fetched in the first collection, fc_results.jsonl)",Ferroxcube,E65/32/27-3C95,2103440,3C95,MnZn ferrite,E,E 65/32/27,likely per half (unverified),"Ferroxcube datasheet quotes mass in g/pcs (=one half, consistent with Ve); distributor listing does not state set/half",EUR,10,7.5300,0,0,1,0,"NCLEO DE FERRITA, E, 3C95",https://www.findchips.com/search/E65%2F32%2F27-3C95,,2026-09-30T19:18Z,79000.0,set (E65/32/27),205.0,pcs,https://ferroxcube.com/upload/media/product/file/Pr_ds/E65_32_27.pdf,MnZn,"MAS material ""3C95""",1.13550,ECB euro reference rate 2026-09-30: 1 EUR = 1.1355 USD; https://www.ecb.europa.eu/stats/eurofxref/eurofxref-daily.xml fetched 2026-09-30T20:12:47Z,8.5503
Farnell,"FindChips aggregator listing (page fetched in the first collection, fc_results.jsonl)",Ferroxcube,E65/32/27-3C95,2103440,3C95,MnZn ferrite,E,E 65/32/27,likely per half (unverified),"Ferroxcube datasheet quotes mass in g/pcs (=one half, consistent with Ve); distributor listing does not state set/half",EUR,25,7.2900,0,0,1,0,"NCLEO DE FERRITA, E, 3C95",https://www.findchips.com/search/E65%2F32%2F27-3C95,,2026-09-30T19:18Z,79000.0,set (E65/32/27),205.0,pcs,https://ferroxcube.com/upload/media/product/file/Pr_ds/E65_32_27.pdf,MnZn,"MAS material ""3C95""",1.13550,ECB euro reference rate 2026-09-30: 1 EUR = 1.1355 USD; https://www.ecb.europa.eu/stats/eurofxref/eurofxref-daily.xml fetched 2026-09-30T20:12:47Z,8.2778
Farnell,"FindChips aggregator listing (page fetched in the first collection, fc_results.jsonl)",Ferroxcube,E65/32/27-3C95,2103440,3C95,MnZn ferrite,E,E 65/32/27,likely per half (unverified),"Ferroxcube datasheet quotes mass in g/pcs (=one half, consistent with Ve); distributor listing does not state set/half",EUR,50,6.3400,0,0,1,0,"NCLEO DE FERRITA, E, 3C95",https://www.findchips.com/search/E65%2F32%2F27-3C95,,2026-09-30T19:18Z,79000.0,set (E65/32/27),205.0,pcs,https://ferroxcube.com/upload/media/product/file/Pr_ds/E65_32_27.pdf,MnZn,"MAS material ""3C95""",1.13550,ECB euro reference rate 2026-09-30: 1 EUR = 1.1355 USD; https://www.ecb.europa.eu/stats/eurofxref/eurofxref-daily.xml fetched 2026-09-30T20:12:47Z,7.1991
Farnell,"FindChips aggregator listing (page fetched in the first collection, fc_results.jsonl)",Ferroxcube,E65/32/27-3C95,2103440,3C95,MnZn ferrite,E,E 65/32/27,likely per half (unverified),"Ferroxcube datasheet quotes mass in g/pcs (=one half, consistent with Ve); distributor listing does not state set/half",EUR,100,5.3200,0,0,1,0,"NCLEO DE FERRITA, E, 3C95",https://www.findchips.com/search/E65%2F32%2F27-3C95,,2026-09-30T19:18Z,79000.0,set (E65/32/27),205.0,pcs,https://ferroxcube.com/upload/media/product/file/Pr_ds/E65_32_27.pdf,MnZn,"MAS material ""3C95""",1.13550,ECB euro reference rate 2026-09-30: 1 EUR = 1.1355 USD; https://www.ecb.europa.eu/stats/eurofxref/eurofxref-daily.xml fetched 2026-09-30T20:12:47Z,6.0409
Farnell,"FindChips aggregator listing (page fetched in the first collection, fc_results.jsonl)",Ferroxcube,E65/32/27-3C95,2103440,3C95,MnZn ferrite,E,E 65/32/27,likely per half (unverified),"Ferroxcube datasheet quotes mass in g/pcs (=one half, consistent with Ve); distributor listing does not state set/half",EUR,300,5.1000,0,1,1,0,"NCLEO DE FERRITA, E, 3C95",https://www.findchips.com/search/E65%2F32%2F27-3C95,,2026-09-30T19:18Z,79000.0,set (E65/32/27),205.0,pcs,https://ferroxcube.com/upload/media/product/file/Pr_ds/E65_32_27.pdf,MnZn,"MAS material ""3C95""",1.13550,ECB euro reference rate 2026-09-30: 1 EUR = 1.1355 USD; https://www.ecb.europa.eu/stats/eurofxref/eurofxref-daily.xml fetched 2026-09-30T20:12:47Z,5.7910
Farnell,"FindChips aggregator listing (page fetched in the first collection, fc_results.jsonl)",Ferroxcube,E65/32/27-3C95,2103440,3C95,MnZn ferrite,E,E 65/32/27,likely per half (unverified),"Ferroxcube datasheet quotes mass in g/pcs (=one half, consistent with Ve); distributor listing does not state set/half",EUR,1500,4.8200,0,0,1,0,"NCLEO DE FERRITA, E, 3C95",https://www.findchips.com/search/E65%2F32%2F27-3C95,,2026-09-30T19:18Z,79000.0,set (E65/32/27),205.0,pcs,https://ferroxcube.com/upload/media/product/file/Pr_ds/E65_32_27.pdf,MnZn,"MAS material ""3C95""",1.13550,ECB euro reference rate 2026-09-30: 1 EUR = 1.1355 USD; https://www.ecb.europa.eu/stats/eurofxref/eurofxref-daily.xml fetched 2026-09-30T20:12:47Z,5.4731
Farnell,"FindChips aggregator listing (page fetched in the first collection, fc_results.jsonl)",Ferroxcube,EQ20/R-3C95,2103442,3C95,MnZn ferrite,EQ,EQ 20/6,unverified,,EUR,10,2.2500,0,0,10,0,"NCLEO DE FERRITA, EQ, 3C95",https://www.findchips.com/search/EQ20%2FR-3C95,,2026-09-30T19:18Z,,,,,,MnZn,"MAS material ""3C95""",1.13550,ECB euro reference rate 2026-09-30: 1 EUR = 1.1355 USD; https://www.ecb.europa.eu/stats/eurofxref/eurofxref-daily.xml fetched 2026-09-30T20:12:47Z,2.5549
Farnell,"FindChips aggregator listing (page fetched in the first collection, fc_results.jsonl)",Ferroxcube,EQ20/R-3C95,2103442,3C95,MnZn ferrite,EQ,EQ 20/6,unverified,,EUR,100,1.5500,0,0,10,0,"NCLEO DE FERRITA, EQ, 3C95",https://www.findchips.com/search/EQ20%2FR-3C95,,2026-09-30T19:18Z,,,,,,MnZn,"MAS material ""3C95""",1.13550,ECB euro reference rate 2026-09-30: 1 EUR = 1.1355 USD; https://www.ecb.europa.eu/stats/eurofxref/eurofxref-daily.xml fetched 2026-09-30T20:12:47Z,1.7600
Farnell,"FindChips aggregator listing (page fetched in the first collection, fc_results.jsonl)",Ferroxcube,EQ20/R-3C95,2103442,3C95,MnZn ferrite,EQ,EQ 20/6,unverified,,EUR,500,1.4000,0,0,10,0,"NCLEO DE FERRITA, EQ, 3C95",https://www.findchips.com/search/EQ20%2FR-3C95,,2026-09-30T19:18Z,,,,,,MnZn,"MAS material ""3C95""",1.13550,ECB euro reference rate 2026-09-30: 1 EUR = 1.1355 USD; https://www.ecb.europa.eu/stats/eurofxref/eurofxref-daily.xml fetched 2026-09-30T20:12:47Z,1.5897
Farnell,"FindChips aggregator listing (page fetched in the first collection, fc_results.jsonl)",Ferroxcube,EQ20/R-3C95,2103442,3C95,MnZn ferrite,EQ,EQ 20/6,unverified,,EUR,1000,1.2000,0,1,10,0,"NCLEO DE FERRITA, EQ, 3C95",https://www.findchips.com/search/EQ20%2FR-3C95,,2026-09-30T19:18Z,,,,,,MnZn,"MAS material ""3C95""",1.13550,ECB euro reference rate 2026-09-30: 1 EUR = 1.1355 USD; https://www.ecb.europa.eu/stats/eurofxref/eurofxref-daily.xml fetched 2026-09-30T20:12:47Z,1.3626
Farnell,"FindChips aggregator listing (page fetched in the first collection, fc_results.jsonl)",Ferroxcube,EQ20/R-3C95,2103442,3C95,MnZn ferrite,EQ,EQ 20/6,unverified,,EUR,2880,1.0500,0,0,10,0,"NCLEO DE FERRITA, EQ, 3C95",https://www.findchips.com/search/EQ20%2FR-3C95,,2026-09-30T19:18Z,,,,,,MnZn,"MAS material ""3C95""",1.13550,ECB euro reference rate 2026-09-30: 1 EUR = 1.1355 USD; https://www.ecb.europa.eu/stats/eurofxref/eurofxref-daily.xml fetched 2026-09-30T20:12:47Z,1.1923
Farnell,"FindChips aggregator listing (page fetched in the first collection, fc_results.jsonl)",Ferroxcube,EQ20/R-3C95,2103442,3C95,MnZn ferrite,EQ,EQ 20/6,unverified,,EUR,5760,1.0300,0,0,10,0,"NCLEO DE FERRITA, EQ, 3C95",https://www.findchips.com/search/EQ20%2FR-3C95,,2026-09-30T19:18Z,,,,,,MnZn,"MAS material ""3C95""",1.13550,ECB euro reference rate 2026-09-30: 1 EUR = 1.1355 USD; https://www.ecb.europa.eu/stats/eurofxref/eurofxref-daily.xml fetched 2026-09-30T20:12:47Z,1.1696
Farnell,"FindChips aggregator listing (page fetched in the first collection, fc_results.jsonl)",Ferroxcube,EQ20/R-3C95,2103442,3C95,MnZn ferrite,EQ,EQ 20/6,unverified,,EUR,28800,1.0100,0,0,10,0,"NCLEO DE FERRITA, EQ, 3C95",https://www.findchips.com/search/EQ20%2FR-3C95,,2026-09-30T19:18Z,,,,,,MnZn,"MAS material ""3C95""",1.13550,ECB euro reference rate 2026-09-30: 1 EUR = 1.1355 USD; https://www.ecb.europa.eu/stats/eurofxref/eurofxref-daily.xml fetched 2026-09-30T20:12:47Z,1.1469
Farnell,"FindChips aggregator listing (page fetched in the first collection, fc_results.jsonl)",Ferroxcube,EQ20/R-3C95,2103442,3C95,MnZn ferrite,EQ,EQ 20/6,unverified,,EUR,57600,0.9870,0,0,10,0,"NCLEO DE FERRITA, EQ, 3C95",https://www.findchips.com/search/EQ20%2FR-3C95,,2026-09-30T19:18Z,,,,,,MnZn,"MAS material ""3C95""",1.13550,ECB euro reference rate 2026-09-30: 1 EUR = 1.1355 USD; https://www.ecb.europa.eu/stats/eurofxref/eurofxref-daily.xml fetched 2026-09-30T20:12:47Z,1.1207
Farnell,"FindChips aggregator listing (page fetched in the first collection, fc_results.jsonl)",Ferroxcube,ER32/6/25-3C95,2103443,3C95,MnZn ferrite,ER,ER 32/6/25,likely per half (unverified),"Ferroxcube datasheet quotes mass in g/pcs (=one half, consistent with Ve); distributor listing does not state set/half",EUR,1,2.2000,1,0,1,792,"NCLEO DE FERRITA, PLANAR ER, 3C95",https://www.findchips.com/search/ER32%2F6%2F25-3C95,,2026-09-30T19:18Z,5400.0,set (ER32/6/25),16.0,pcs,https://ferroxcube.com/upload/media/product/file/Pr_ds/ER32_6_25.pdf,MnZn,"MAS material ""3C95""",1.13550,ECB euro reference rate 2026-09-30: 1 EUR = 1.1355 USD; https://www.ecb.europa.eu/stats/eurofxref/eurofxref-daily.xml fetched 2026-09-30T20:12:47Z,2.4981
Farnell,"FindChips aggregator listing (page fetched in the first collection, fc_results.jsonl)",Ferroxcube,ER32/6/25-3C95,2103443,3C95,MnZn ferrite,ER,ER 32/6/25,likely per half (unverified),"Ferroxcube datasheet quotes mass in g/pcs (=one half, consistent with Ve); distributor listing does not state set/half",EUR,50,1.6200,0,0,1,792,"NCLEO DE FERRITA, PLANAR ER, 3C95",https://www.findchips.com/search/ER32%2F6%2F25-3C95,,2026-09-30T19:18Z,5400.0,set (ER32/6/25),16.0,pcs,https://ferroxcube.com/upload/media/product/file/Pr_ds/ER32_6_25.pdf,MnZn,"MAS material ""3C95""",1.13550,ECB euro reference rate 2026-09-30: 1 EUR = 1.1355 USD; https://www.ecb.europa.eu/stats/eurofxref/eurofxref-daily.xml fetched 2026-09-30T20:12:47Z,1.8395
Farnell,"FindChips aggregator listing (page fetched in the first collection, fc_results.jsonl)",Ferroxcube,ER32/6/25-3C95,2103443,3C95,MnZn ferrite,ER,ER 32/6/25,likely per half (unverified),"Ferroxcube datasheet quotes mass in g/pcs (=one half, consistent with Ve); distributor listing does not state set/half",EUR,100,1.5200,0,0,1,792,"NCLEO DE FERRITA, PLANAR ER, 3C95",https://www.findchips.com/search/ER32%2F6%2F25-3C95,,2026-09-30T19:18Z,5400.0,set (ER32/6/25),16.0,pcs,https://ferroxcube.com/upload/media/product/file/Pr_ds/ER32_6_25.pdf,MnZn,"MAS material ""3C95""",1.13550,ECB euro reference rate 2026-09-30: 1 EUR = 1.1355 USD; https://www.ecb.europa.eu/stats/eurofxref/eurofxref-daily.xml fetched 2026-09-30T20:12:47Z,1.7260
Farnell,"FindChips aggregator listing (page fetched in the first collection, fc_results.jsonl)",Ferroxcube,ER32/6/25-3C95,2103443,3C95,MnZn ferrite,ER,ER 32/6/25,likely per half (unverified),"Ferroxcube datasheet quotes mass in g/pcs (=one half, consistent with Ve); distributor listing does not state set/half",EUR,250,1.4200,0,0,1,792,"NCLEO DE FERRITA, PLANAR ER, 3C95",https://www.findchips.com/search/ER32%2F6%2F25-3C95,,2026-09-30T19:18Z,5400.0,set (ER32/6/25),16.0,pcs,https://ferroxcube.com/upload/media/product/file/Pr_ds/ER32_6_25.pdf,MnZn,"MAS material ""3C95""",1.13550,ECB euro reference rate 2026-09-30: 1 EUR = 1.1355 USD; https://www.ecb.europa.eu/stats/eurofxref/eurofxref-daily.xml fetched 2026-09-30T20:12:47Z,1.6124
Farnell,"FindChips aggregator listing (page fetched in the first collection, fc_results.jsonl)",Ferroxcube,ER32/6/25-3C95,2103443,3C95,MnZn ferrite,ER,ER 32/6/25,likely per half (unverified),"Ferroxcube datasheet quotes mass in g/pcs (=one half, consistent with Ve); distributor listing does not state set/half",EUR,500,1.3200,0,1,1,792,"NCLEO DE FERRITA, PLANAR ER, 3C95",https://www.findchips.com/search/ER32%2F6%2F25-3C95,,2026-09-30T19:18Z,5400.0,set (ER32/6/25),16.0,pcs,https://ferroxcube.com/upload/media/product/file/Pr_ds/ER32_6_25.pdf,MnZn,"MAS material ""3C95""",1.13550,ECB euro reference rate 2026-09-30: 1 EUR = 1.1355 USD; https://www.ecb.europa.eu/stats/eurofxref/eurofxref-daily.xml fetched 2026-09-30T20:12:47Z,1.4989
Farnell,"FindChips aggregator listing (page fetched in the first collection, fc_results.jsonl)",Ferroxcube,ER32/6/25-3C95,2103443,3C95,MnZn ferrite,ER,ER 32/6/25,likely per half (unverified),"Ferroxcube datasheet quotes mass in g/pcs (=one half, consistent with Ve); distributor listing does not state set/half",EUR,1200,1.2200,0,0,1,792,"NCLEO DE FERRITA, PLANAR ER, 3C95",https://www.findchips.com/search/ER32%2F6%2F25-3C95,,2026-09-30T19:18Z,5400.0,set (ER32/6/25),16.0,pcs,https://ferroxcube.com/upload/media/product/file/Pr_ds/ER32_6_25.pdf,MnZn,"MAS material ""3C95""",1.13550,ECB euro reference rate 2026-09-30: 1 EUR = 1.1355 USD; https://www.ecb.europa.eu/stats/eurofxref/eurofxref-daily.xml fetched 2026-09-30T20:12:47Z,1.3853
Farnell,"FindChips aggregator listing (page fetched in the first collection, fc_results.jsonl)",Ferroxcube,ETD39/20/13-3C95,2103444,3C95,MnZn ferrite,ETD,ETD 39/20/13,likely per half (unverified),"Ferroxcube datasheet quotes mass in g/pcs (=one half, consistent with Ve); distributor listing does not state set/half",EUR,5,1.3300,0,0,5,4406,"NCLEO DE FERRITA, ETD, 3C95",https://www.findchips.com/search/ETD39%2F20%2F13-3C95,,2026-09-30T19:19Z,11500.0,set (ETD39/20/13),30.0,pcs,https://ferroxcube.com/upload/media/product/file/Pr_ds/ETD39_20_13.pdf,MnZn,"MAS material ""3C95""",1.13550,ECB euro reference rate 2026-09-30: 1 EUR = 1.1355 USD; https://www.ecb.europa.eu/stats/eurofxref/eurofxref-daily.xml fetched 2026-09-30T20:12:47Z,1.5102
Farnell,"FindChips aggregator listing (page fetched in the first collection, fc_results.jsonl)",Ferroxcube,ETD39/20/13-3C95,2103444,3C95,MnZn ferrite,ETD,ETD 39/20/13,likely per half (unverified),"Ferroxcube datasheet quotes mass in g/pcs (=one half, consistent with Ve); distributor listing does not state set/half",EUR,50,1.1300,0,0,5,4406,"NCLEO DE FERRITA, ETD, 3C95",https://www.findchips.com/search/ETD39%2F20%2F13-3C95,,2026-09-30T19:19Z,11500.0,set (ETD39/20/13),30.0,pcs,https://ferroxcube.com/upload/media/product/file/Pr_ds/ETD39_20_13.pdf,MnZn,"MAS material ""3C95""",1.13550,ECB euro reference rate 2026-09-30: 1 EUR = 1.1355 USD; https://www.ecb.europa.eu/stats/eurofxref/eurofxref-daily.xml fetched 2026-09-30T20:12:47Z,1.2831
Farnell,"FindChips aggregator listing (page fetched in the first collection, fc_results.jsonl)",Ferroxcube,ETD39/20/13-3C95,2103444,3C95,MnZn ferrite,ETD,ETD 39/20/13,likely per half (unverified),"Ferroxcube datasheet quotes mass in g/pcs (=one half, consistent with Ve); distributor listing does not state set/half",EUR,250,0.9980,0,0,5,4406,"NCLEO DE FERRITA, ETD, 3C95",https://www.findchips.com/search/ETD39%2F20%2F13-3C95,,2026-09-30T19:19Z,11500.0,set (ETD39/20/13),30.0,pcs,https://ferroxcube.com/upload/media/product/file/Pr_ds/ETD39_20_13.pdf,MnZn,"MAS material ""3C95""",1.13550,ECB euro reference rate 2026-09-30: 1 EUR = 1.1355 USD; https://www.ecb.europa.eu/stats/eurofxref/eurofxref-daily.xml fetched 2026-09-30T20:12:47Z,1.1332
Farnell,"FindChips aggregator listing (page fetched in the first collection, fc_results.jsonl)",Ferroxcube,ETD39/20/13-3C95,2103444,3C95,MnZn ferrite,ETD,ETD 39/20/13,likely per half (unverified),"Ferroxcube datasheet quotes mass in g/pcs (=one half, consistent with Ve); distributor listing does not state set/half",EUR,500,0.9350,0,0,5,4406,"NCLEO DE FERRITA, ETD, 3C95",https://www.findchips.com/search/ETD39%2F20%2F13-3C95,,2026-09-30T19:19Z,11500.0,set (ETD39/20/13),30.0,pcs,https://ferroxcube.com/upload/media/product/file/Pr_ds/ETD39_20_13.pdf,MnZn,"MAS material ""3C95""",1.13550,ECB euro reference rate 2026-09-30: 1 EUR = 1.1355 USD; https://www.ecb.europa.eu/stats/eurofxref/eurofxref-daily.xml fetched 2026-09-30T20:12:47Z,1.0617
Farnell,"FindChips aggregator listing (page fetched in the first collection, fc_results.jsonl)",Ferroxcube,ETD39/20/13-3C95,2103444,3C95,MnZn ferrite,ETD,ETD 39/20/13,likely per half (unverified),"Ferroxcube datasheet quotes mass in g/pcs (=one half, consistent with Ve); distributor listing does not state set/half",EUR,1000,0.8650,0,1,5,4406,"NCLEO DE FERRITA, ETD, 3C95",https://www.findchips.com/search/ETD39%2F20%2F13-3C95,,2026-09-30T19:19Z,11500.0,set (ETD39/20/13),30.0,pcs,https://ferroxcube.com/upload/media/product/file/Pr_ds/ETD39_20_13.pdf,MnZn,"MAS material ""3C95""",1.13550,ECB euro reference rate 2026-09-30: 1 EUR = 1.1355 USD; https://www.ecb.europa.eu/stats/eurofxref/eurofxref-daily.xml fetched 2026-09-30T20:12:47Z,0.9822
Farnell,"FindChips aggregator listing (page fetched in the first collection, fc_results.jsonl)",Ferroxcube,ETD39/20/13-3C95,2103444,3C95,MnZn ferrite,ETD,ETD 39/20/13,likely per half (unverified),"Ferroxcube datasheet quotes mass in g/pcs (=one half, consistent with Ve); distributor listing does not state set/half",EUR,2100,0.7990,0,0,5,4406,"NCLEO DE FERRITA, ETD, 3C95",https://www.findchips.com/search/ETD39%2F20%2F13-3C95,,2026-09-30T19:19Z,11500.0,set (ETD39/20/13),30.0,pcs,https://ferroxcube.com/upload/media/product/file/Pr_ds/ETD39_20_13.pdf,MnZn,"MAS material ""3C95""",1.13550,ECB euro reference rate 2026-09-30: 1 EUR = 1.1355 USD; https://www.ecb.europa.eu/stats/eurofxref/eurofxref-daily.xml fetched 2026-09-30T20:12:47Z,0.9073
TME,"FindChips aggregator listing (page fetched in the first collection, fc_results.jsonl)",Ferroxcube,ETD39/20/13-3C95,ETD39/20/13-3C95,3C95,MnZn ferrite,ETD,ETD 39/20/13,likely per half (unverified),"Ferroxcube datasheet quotes mass in g/pcs (=one half, consistent with Ve); distributor listing does not state set/half",USD,1,1.3700,1,1,1,0,"Core: ferrite,  ETD,  3C95,  A: 40mm,  B: 12.8mm,  C: 29.3mm,  D: 12.8mm",https://www.findchips.com/search/ETD39%2F20%2F13-3C95,,2026-09-30T19:19Z,11500.0,set (ETD39/20/13),30.0,pcs,https://ferroxcube.com/upload/media/product/file/Pr_ds/ETD39_20_13.pdf,MnZn,"MAS material ""3C95""",,,1.3700
Farnell,"FindChips aggregator listing (page fetched in the first collection, fc_results.jsonl)",Ferroxcube,ETD49/25/16-3C95,2103445,3C95,MnZn ferrite,ETD,ETD 49/25/16,likely per half (unverified),"Ferroxcube datasheet quotes mass in g/pcs (=one half, consistent with Ve); distributor listing does not state set/half",EUR,1,2.5700,1,0,1,2745,"NCLEO DE FERRITA, ETD, 3C95",https://www.findchips.com/search/ETD49%2F25%2F16-3C95,,2026-09-30T19:19Z,24000.0,set (ETD49/25/16),62.0,pcs,https://ferroxcube.com/upload/media/product/file/Pr_ds/ETD49_25_16.pdf,MnZn,"MAS material ""3C95""",1.13550,ECB euro reference rate 2026-09-30: 1 EUR = 1.1355 USD; https://www.ecb.europa.eu/stats/eurofxref/eurofxref-daily.xml fetched 2026-09-30T20:12:47Z,2.9182
Farnell,"FindChips aggregator listing (page fetched in the first collection, fc_results.jsonl)",Ferroxcube,ETD49/25/16-3C95,2103445,3C95,MnZn ferrite,ETD,ETD 49/25/16,likely per half (unverified),"Ferroxcube datasheet quotes mass in g/pcs (=one half, consistent with Ve); distributor listing does not state set/half",EUR,50,1.8900,0,0,1,2745,"NCLEO DE FERRITA, ETD, 3C95",https://www.findchips.com/search/ETD49%2F25%2F16-3C95,,2026-09-30T19:19Z,24000.0,set (ETD49/25/16),62.0,pcs,https://ferroxcube.com/upload/media/product/file/Pr_ds/ETD49_25_16.pdf,MnZn,"MAS material ""3C95""",1.13550,ECB euro reference rate 2026-09-30: 1 EUR = 1.1355 USD; https://www.ecb.europa.eu/stats/eurofxref/eurofxref-daily.xml fetched 2026-09-30T20:12:47Z,2.1461
Farnell,"FindChips aggregator listing (page fetched in the first collection, fc_results.jsonl)",Ferroxcube,ETD49/25/16-3C95,2103445,3C95,MnZn ferrite,ETD,ETD 49/25/16,likely per half (unverified),"Ferroxcube datasheet quotes mass in g/pcs (=one half, consistent with Ve); distributor listing does not state set/half",EUR,100,1.7800,0,0,1,2745,"NCLEO DE FERRITA, ETD, 3C95",https://www.findchips.com/search/ETD49%2F25%2F16-3C95,,2026-09-30T19:19Z,24000.0,set (ETD49/25/16),62.0,pcs,https://ferroxcube.com/upload/media/product/file/Pr_ds/ETD49_25_16.pdf,MnZn,"MAS material ""3C95""",1.13550,ECB euro reference rate 2026-09-30: 1 EUR = 1.1355 USD; https://www.ecb.europa.eu/stats/eurofxref/eurofxref-daily.xml fetched 2026-09-30T20:12:47Z,2.0212
Farnell,"FindChips aggregator listing (page fetched in the first collection, fc_results.jsonl)",Ferroxcube,ETD49/25/16-3C95,2103445,3C95,MnZn ferrite,ETD,ETD 49/25/16,likely per half (unverified),"Ferroxcube datasheet quotes mass in g/pcs (=one half, consistent with Ve); distributor listing does not state set/half",EUR,250,1.6700,0,0,1,2745,"NCLEO DE FERRITA, ETD, 3C95",https://www.findchips.com/search/ETD49%2F25%2F16-3C95,,2026-09-30T19:19Z,24000.0,set (ETD49/25/16),62.0,pcs,https://ferroxcube.com/upload/media/product/file/Pr_ds/ETD49_25_16.pdf,MnZn,"MAS material ""3C95""",1.13550,ECB euro reference rate 2026-09-30: 1 EUR = 1.1355 USD; https://www.ecb.europa.eu/stats/eurofxref/eurofxref-daily.xml fetched 2026-09-30T20:12:47Z,1.8963
Farnell,"FindChips aggregator listing (page fetched in the first collection, fc_results.jsonl)",Ferroxcube,ETD49/25/16-3C95,2103445,3C95,MnZn ferrite,ETD,ETD 49/25/16,likely per half (unverified),"Ferroxcube datasheet quotes mass in g/pcs (=one half, consistent with Ve); distributor listing does not state set/half",EUR,500,1.5500,0,0,1,2745,"NCLEO DE FERRITA, ETD, 3C95",https://www.findchips.com/search/ETD49%2F25%2F16-3C95,,2026-09-30T19:19Z,24000.0,set (ETD49/25/16),62.0,pcs,https://ferroxcube.com/upload/media/product/file/Pr_ds/ETD49_25_16.pdf,MnZn,"MAS material ""3C95""",1.13550,ECB euro reference rate 2026-09-30: 1 EUR = 1.1355 USD; https://www.ecb.europa.eu/stats/eurofxref/eurofxref-daily.xml fetched 2026-09-30T20:12:47Z,1.7600
Farnell,"FindChips aggregator listing (page fetched in the first collection, fc_results.jsonl)",Ferroxcube,ETD49/25/16-3C95,2103445,3C95,MnZn ferrite,ETD,ETD 49/25/16,likely per half (unverified),"Ferroxcube datasheet quotes mass in g/pcs (=one half, consistent with Ve); distributor listing does not state set/half",EUR,1000,1.4200,0,1,1,2745,"NCLEO DE FERRITA, ETD, 3C95",https://www.findchips.com/search/ETD49%2F25%2F16-3C95,,2026-09-30T19:19Z,24000.0,set (ETD49/25/16),62.0,pcs,https://ferroxcube.com/upload/media/product/file/Pr_ds/ETD49_25_16.pdf,MnZn,"MAS material ""3C95""",1.13550,ECB euro reference rate 2026-09-30: 1 EUR = 1.1355 USD; https://www.ecb.europa.eu/stats/eurofxref/eurofxref-daily.xml fetched 2026-09-30T20:12:47Z,1.6124
Farnell,"FindChips aggregator listing (page fetched in the first collection, fc_results.jsonl)",Ferroxcube,PQ50/50-3C95,2103456,3C95,MnZn ferrite,PQ,PQ 50/50,likely per set (unverified),Ferroxcube datasheet quotes mass in g/set for this shape; distributor listing does not state set/half,EUR,1,10.9600,1,0,1,0,"NCLEO DE FERRITA, PQ, 3C95",https://www.findchips.com/search/PQ50%2F50-3C95,,2026-09-30T19:19Z,37100.0,set (PQ50/50),195.0,set,https://ferroxcube.com/upload/media/product/file/Pr_ds/PQ50_50.pdf,MnZn,"MAS material ""3C95""",1.13550,ECB euro reference rate 2026-09-30: 1 EUR = 1.1355 USD; https://www.ecb.europa.eu/stats/eurofxref/eurofxref-daily.xml fetched 2026-09-30T20:12:47Z,12.4451
Farnell,"FindChips aggregator listing (page fetched in the first collection, fc_results.jsonl)",Ferroxcube,PQ50/50-3C95,2103456,3C95,MnZn ferrite,PQ,PQ 50/50,likely per set (unverified),Ferroxcube datasheet quotes mass in g/set for this shape; distributor listing does not state set/half,EUR,5,9.2900,0,0,1,0,"NCLEO DE FERRITA, PQ, 3C95",https://www.findchips.com/search/PQ50%2F50-3C95,,2026-09-30T19:19Z,37100.0,set (PQ50/50),195.0,set,https://ferroxcube.com/upload/media/product/file/Pr_ds/PQ50_50.pdf,MnZn,"MAS material ""3C95""",1.13550,ECB euro reference rate 2026-09-30: 1 EUR = 1.1355 USD; https://www.ecb.europa.eu/stats/eurofxref/eurofxref-daily.xml fetched 2026-09-30T20:12:47Z,10.5488
Farnell,"FindChips aggregator listing (page fetched in the first collection, fc_results.jsonl)",Ferroxcube,PQ50/50-3C95,2103456,3C95,MnZn ferrite,PQ,PQ 50/50,likely per set (unverified),Ferroxcube datasheet quotes mass in g/set for this shape; distributor listing does not state set/half,EUR,10,8.7300,0,0,1,0,"NCLEO DE FERRITA, PQ, 3C95",https://www.findchips.com/search/PQ50%2F50-3C95,,2026-09-30T19:19Z,37100.0,set (PQ50/50),195.0,set,https://ferroxcube.com/upload/media/product/file/Pr_ds/PQ50_50.pdf,MnZn,"MAS material ""3C95""",1.13550,ECB euro reference rate 2026-09-30: 1 EUR = 1.1355 USD; https://www.ecb.europa.eu/stats/eurofxref/eurofxref-daily.xml fetched 2026-09-30T20:12:47Z,9.9129
Farnell,"FindChips aggregator listing (page fetched in the first collection, fc_results.jsonl)",Ferroxcube,PQ50/50-3C95,2103456,3C95,MnZn ferrite,PQ,PQ 50/50,likely per set (unverified),Ferroxcube datasheet quotes mass in g/set for this shape; distributor listing does not state set/half,EUR,25,8.2200,0,0,1,0,"NCLEO DE FERRITA, PQ, 3C95",https://www.findchips.com/search/PQ50%2F50-3C95,,2026-09-30T19:19Z,37100.0,set (PQ50/50),195.0,set,https://ferroxcube.com/upload/media/product/file/Pr_ds/PQ50_50.pdf,MnZn,"MAS material ""3C95""",1.13550,ECB euro reference rate 2026-09-30: 1 EUR = 1.1355 USD; https://www.ecb.europa.eu/stats/eurofxref/eurofxref-daily.xml fetched 2026-09-30T20:12:47Z,9.3338
Farnell,"FindChips aggregator listing (page fetched in the first collection, fc_results.jsonl)",Ferroxcube,PQ50/50-3C95,2103456,3C95,MnZn ferrite,PQ,PQ 50/50,likely per set (unverified),Ferroxcube datasheet quotes mass in g/set for this shape; distributor listing does not state set/half,EUR,50,7.7100,0,0,1,0,"NCLEO DE FERRITA, PQ, 3C95",https://www.findchips.com/search/PQ50%2F50-3C95,,2026-09-30T19:19Z,37100.0,set (PQ50/50),195.0,set,https://ferroxcube.com/upload/media/product/file/Pr_ds/PQ50_50.pdf,MnZn,"MAS material ""3C95""",1.13550,ECB euro reference rate 2026-09-30: 1 EUR = 1.1355 USD; https://www.ecb.europa.eu/stats/eurofxref/eurofxref-daily.xml fetched 2026-09-30T20:12:47Z,8.7547
Farnell,"FindChips aggregator listing (page fetched in the first collection, fc_results.jsonl)",Ferroxcube,PQ50/50-3C95,2103456,3C95,MnZn ferrite,PQ,PQ 50/50,likely per set (unverified),Ferroxcube datasheet quotes mass in g/set for this shape; distributor listing does not state set/half,EUR,200,7.1200,0,1,1,0,"NCLEO DE FERRITA, PQ, 3C95",https://www.findchips.com/search/PQ50%2F50-3C95,,2026-09-30T19:19Z,37100.0,set (PQ50/50),195.0,set,https://ferroxcube.com/upload/media/product/file/Pr_ds/PQ50_50.pdf,MnZn,"MAS material ""3C95""",1.13550,ECB euro reference rate 2026-09-30: 1 EUR = 1.1355 USD; https://www.ecb.europa.eu/stats/eurofxref/eurofxref-daily.xml fetched 2026-09-30T20:12:47Z,8.0848
Farnell,"FindChips aggregator listing (page fetched in the first collection, fc_results.jsonl)",Ferroxcube,RM8/I-3C95,2103462,3C95,MnZn ferrite,RM,RM 8/I,likely per set (unverified),Ferroxcube datasheet quotes mass in g/set for this shape; distributor listing does not state set/half,EUR,1,1.9100,1,0,1,640,"NCLEO DE FERRITA, RM/I, 3C95",https://www.findchips.com/search/RM8%2FI-3C95,,2026-09-30T19:19Z,2440.0,set (RM8/I),13.0,set,https://ferroxcube.com/upload/media/product/file/Pr_ds/RM8_I.pdf,MnZn,"MAS material ""3C95""",1.13550,ECB euro reference rate 2026-09-30: 1 EUR = 1.1355 USD; https://www.ecb.europa.eu/stats/eurofxref/eurofxref-daily.xml fetched 2026-09-30T20:12:47Z,2.1688
Farnell,"FindChips aggregator listing (page fetched in the first collection, fc_results.jsonl)",Ferroxcube,RM8/I-3C95,2103462,3C95,MnZn ferrite,RM,RM 8/I,likely per set (unverified),Ferroxcube datasheet quotes mass in g/set for this shape; distributor listing does not state set/half,EUR,10,1.6400,0,0,1,640,"NCLEO DE FERRITA, RM/I, 3C95",https://www.findchips.com/search/RM8%2FI-3C95,,2026-09-30T19:19Z,2440.0,set (RM8/I),13.0,set,https://ferroxcube.com/upload/media/product/file/Pr_ds/RM8_I.pdf,MnZn,"MAS material ""3C95""",1.13550,ECB euro reference rate 2026-09-30: 1 EUR = 1.1355 USD; https://www.ecb.europa.eu/stats/eurofxref/eurofxref-daily.xml fetched 2026-09-30T20:12:47Z,1.8622
Farnell,"FindChips aggregator listing (page fetched in the first collection, fc_results.jsonl)",Ferroxcube,RM8/I-3C95,2103462,3C95,MnZn ferrite,RM,RM 8/I,likely per set (unverified),Ferroxcube datasheet quotes mass in g/set for this shape; distributor listing does not state set/half,EUR,50,1.4000,0,0,1,640,"NCLEO DE FERRITA, RM/I, 3C95",https://www.findchips.com/search/RM8%2FI-3C95,,2026-09-30T19:19Z,2440.0,set (RM8/I),13.0,set,https://ferroxcube.com/upload/media/product/file/Pr_ds/RM8_I.pdf,MnZn,"MAS material ""3C95""",1.13550,ECB euro reference rate 2026-09-30: 1 EUR = 1.1355 USD; https://www.ecb.europa.eu/stats/eurofxref/eurofxref-daily.xml fetched 2026-09-30T20:12:47Z,1.5897
Farnell,"FindChips aggregator listing (page fetched in the first collection, fc_results.jsonl)",Ferroxcube,RM8/I-3C95,2103462,3C95,MnZn ferrite,RM,RM 8/I,likely per set (unverified),Ferroxcube datasheet quotes mass in g/set for this shape; distributor listing does not state set/half,EUR,200,1.3200,0,0,1,640,"NCLEO DE FERRITA, RM/I, 3C95",https://www.findchips.com/search/RM8%2FI-3C95,,2026-09-30T19:19Z,2440.0,set (RM8/I),13.0,set,https://ferroxcube.com/upload/media/product/file/Pr_ds/RM8_I.pdf,MnZn,"MAS material ""3C95""",1.13550,ECB euro reference rate 2026-09-30: 1 EUR = 1.1355 USD; https://www.ecb.europa.eu/stats/eurofxref/eurofxref-daily.xml fetched 2026-09-30T20:12:47Z,1.4989
Farnell,"FindChips aggregator listing (page fetched in the first collection, fc_results.jsonl)",Ferroxcube,RM8/I-3C95,2103462,3C95,MnZn ferrite,RM,RM 8/I,likely per set (unverified),Ferroxcube datasheet quotes mass in g/set for this shape; distributor listing does not state set/half,EUR,400,1.2400,0,0,1,640,"NCLEO DE FERRITA, RM/I, 3C95",https://www.findchips.com/search/RM8%2FI-3C95,,2026-09-30T19:19Z,2440.0,set (RM8/I),13.0,set,https://ferroxcube.com/upload/media/product/file/Pr_ds/RM8_I.pdf,MnZn,"MAS material ""3C95""",1.13550,ECB euro reference rate 2026-09-30: 1 EUR = 1.1355 USD; https://www.ecb.europa.eu/stats/eurofxref/eurofxref-daily.xml fetched 2026-09-30T20:12:47Z,1.4080
Farnell,"FindChips aggregator listing (page fetched in the first collection, fc_results.jsonl)",Ferroxcube,RM8/I-3C95,2103462,3C95,MnZn ferrite,RM,RM 8/I,likely per set (unverified),Ferroxcube datasheet quotes mass in g/set for this shape; distributor listing does not state set/half,EUR,800,1.1400,0,1,1,640,"NCLEO DE FERRITA, RM/I, 3C95",https://www.findchips.com/search/RM8%2FI-3C95,,2026-09-30T19:19Z,2440.0,set (RM8/I),13.0,set,https://ferroxcube.com/upload/media/product/file/Pr_ds/RM8_I.pdf,MnZn,"MAS material ""3C95""",1.13550,ECB euro reference rate 2026-09-30: 1 EUR = 1.1355 USD; https://www.ecb.europa.eu/stats/eurofxref/eurofxref-daily.xml fetched 2026-09-30T20:12:47Z,1.2945
Farnell,"FindChips aggregator listing (page fetched in the first collection, fc_results.jsonl)",Ferroxcube,RM12/I-3C95,2103459,3C95,MnZn ferrite,RM,RM 12/I,likely per set (unverified),Ferroxcube datasheet quotes mass in g/set for this shape; distributor listing does not state set/half,EUR,1,5.0500,1,0,1,85,"NCLEO DE FERRITA, RM/I, 3C95",https://www.findchips.com/search/RM12%2FI-3C95,,2026-09-30T19:20Z,8340.0,set (RM12/I),46.0,set,https://ferroxcube.com/upload/media/product/file/Pr_ds/RM12_I.pdf,MnZn,"MAS material ""3C95""",1.13550,ECB euro reference rate 2026-09-30: 1 EUR = 1.1355 USD; https://www.ecb.europa.eu/stats/eurofxref/eurofxref-daily.xml fetched 2026-09-30T20:12:47Z,5.7343
Farnell,"FindChips aggregator listing (page fetched in the first collection, fc_results.jsonl)",Ferroxcube,RM12/I-3C95,2103459,3C95,MnZn ferrite,RM,RM 12/I,likely per set (unverified),Ferroxcube datasheet quotes mass in g/set for this shape; distributor listing does not state set/half,EUR,5,4.6900,0,0,1,85,"NCLEO DE FERRITA, RM/I, 3C95",https://www.findchips.com/search/RM12%2FI-3C95,,2026-09-30T19:20Z,8340.0,set (RM12/I),46.0,set,https://ferroxcube.com/upload/media/product/file/Pr_ds/RM12_I.pdf,MnZn,"MAS material ""3C95""",1.13550,ECB euro reference rate 2026-09-30: 1 EUR = 1.1355 USD; https://www.ecb.europa.eu/stats/eurofxref/eurofxref-daily.xml fetched 2026-09-30T20:12:47Z,5.3255
Farnell,"FindChips aggregator listing (page fetched in the first collection, fc_results.jsonl)",Ferroxcube,RM12/I-3C95,2103459,3C95,MnZn ferrite,RM,RM 12/I,likely per set (unverified),Ferroxcube datasheet quotes mass in g/set for this shape; distributor listing does not state set/half,EUR,10,4.2800,0,0,1,85,"NCLEO DE FERRITA, RM/I, 3C95",https://www.findchips.com/search/RM12%2FI-3C95,,2026-09-30T19:20Z,8340.0,set (RM12/I),46.0,set,https://ferroxcube.com/upload/media/product/file/Pr_ds/RM12_I.pdf,MnZn,"MAS material ""3C95""",1.13550,ECB euro reference rate 2026-09-30: 1 EUR = 1.1355 USD; https://www.ecb.europa.eu/stats/eurofxref/eurofxref-daily.xml fetched 2026-09-30T20:12:47Z,4.8599
Farnell,"FindChips aggregator listing (page fetched in the first collection, fc_results.jsonl)",Ferroxcube,RM12/I-3C95,2103459,3C95,MnZn ferrite,RM,RM 12/I,likely per set (unverified),Ferroxcube datasheet quotes mass in g/set for this shape; distributor listing does not state set/half,EUR,25,4.0200,0,0,1,85,"NCLEO DE FERRITA, RM/I, 3C95",https://www.findchips.com/search/RM12%2FI-3C95,,2026-09-30T19:20Z,8340.0,set (RM12/I),46.0,set,https://ferroxcube.com/upload/media/product/file/Pr_ds/RM12_I.pdf,MnZn,"MAS material ""3C95""",1.13550,ECB euro reference rate 2026-09-30: 1 EUR = 1.1355 USD; https://www.ecb.europa.eu/stats/eurofxref/eurofxref-daily.xml fetched 2026-09-30T20:12:47Z,4.5647
Farnell,"FindChips aggregator listing (page fetched in the first collection, fc_results.jsonl)",Ferroxcube,RM12/I-3C95,2103459,3C95,MnZn ferrite,RM,RM 12/I,likely per set (unverified),Ferroxcube datasheet quotes mass in g/set for this shape; distributor listing does not state set/half,EUR,50,3.7900,0,0,1,85,"NCLEO DE FERRITA, RM/I, 3C95",https://www.findchips.com/search/RM12%2FI-3C95,,2026-09-30T19:20Z,8340.0,set (RM12/I),46.0,set,https://ferroxcube.com/upload/media/product/file/Pr_ds/RM12_I.pdf,MnZn,"MAS material ""3C95""",1.13550,ECB euro reference rate 2026-09-30: 1 EUR = 1.1355 USD; https://www.ecb.europa.eu/stats/eurofxref/eurofxref-daily.xml fetched 2026-09-30T20:12:47Z,4.3035
Farnell,"FindChips aggregator listing (page fetched in the first collection, fc_results.jsonl)",Ferroxcube,RM12/I-3C95,2103459,3C95,MnZn ferrite,RM,RM 12/I,likely per set (unverified),Ferroxcube datasheet quotes mass in g/set for this shape; distributor listing does not state set/half,EUR,200,3.5500,0,1,1,85,"NCLEO DE FERRITA, RM/I, 3C95",https://www.findchips.com/search/RM12%2FI-3C95,,2026-09-30T19:20Z,8340.0,set (RM12/I),46.0,set,https://ferroxcube.com/upload/media/product/file/Pr_ds/RM12_I.pdf,MnZn,"MAS material ""3C95""",1.13550,ECB euro reference rate 2026-09-30: 1 EUR = 1.1355 USD; https://www.ecb.europa.eu/stats/eurofxref/eurofxref-daily.xml fetched 2026-09-30T20:12:47Z,4.0310
Farnell,"FindChips aggregator listing (page fetched in the first collection, fc_results.jsonl)",Ferroxcube,RM14/I-3C95,2103460,3C95,MnZn ferrite,RM,RM 14/I,likely per set (unverified),Ferroxcube datasheet quotes mass in g/set for this shape; distributor listing does not state set/half,EUR,1,8.0100,1,0,1,120,"NCLEO DE FERRITA, RM/I, 3C95",https://www.findchips.com/search/RM14%2FI-3C95,,2026-09-30T19:20Z,13900.0,set (RM14/I),69.0,set,https://ferroxcube.com/upload/media/product/file/Pr_ds/RM14_I.pdf,MnZn,"MAS material ""3C95""",1.13550,ECB euro reference rate 2026-09-30: 1 EUR = 1.1355 USD; https://www.ecb.europa.eu/stats/eurofxref/eurofxref-daily.xml fetched 2026-09-30T20:12:47Z,9.0954
Farnell,"FindChips aggregator listing (page fetched in the first collection, fc_results.jsonl)",Ferroxcube,RM14/I-3C95,2103460,3C95,MnZn ferrite,RM,RM 14/I,likely per set (unverified),Ferroxcube datasheet quotes mass in g/set for this shape; distributor listing does not state set/half,EUR,5,6.7900,0,0,1,120,"NCLEO DE FERRITA, RM/I, 3C95",https://www.findchips.com/search/RM14%2FI-3C95,,2026-09-30T19:20Z,13900.0,set (RM14/I),69.0,set,https://ferroxcube.com/upload/media/product/file/Pr_ds/RM14_I.pdf,MnZn,"MAS material ""3C95""",1.13550,ECB euro reference rate 2026-09-30: 1 EUR = 1.1355 USD; https://www.ecb.europa.eu/stats/eurofxref/eurofxref-daily.xml fetched 2026-09-30T20:12:47Z,7.7100
Farnell,"FindChips aggregator listing (page fetched in the first collection, fc_results.jsonl)",Ferroxcube,RM14/I-3C95,2103460,3C95,MnZn ferrite,RM,RM 14/I,likely per set (unverified),Ferroxcube datasheet quotes mass in g/set for this shape; distributor listing does not state set/half,EUR,10,6.3800,0,0,1,120,"NCLEO DE FERRITA, RM/I, 3C95",https://www.findchips.com/search/RM14%2FI-3C95,,2026-09-30T19:20Z,13900.0,set (RM14/I),69.0,set,https://ferroxcube.com/upload/media/product/file/Pr_ds/RM14_I.pdf,MnZn,"MAS material ""3C95""",1.13550,ECB euro reference rate 2026-09-30: 1 EUR = 1.1355 USD; https://www.ecb.europa.eu/stats/eurofxref/eurofxref-daily.xml fetched 2026-09-30T20:12:47Z,7.2445
Farnell,"FindChips aggregator listing (page fetched in the first collection, fc_results.jsonl)",Ferroxcube,RM14/I-3C95,2103460,3C95,MnZn ferrite,RM,RM 14/I,likely per set (unverified),Ferroxcube datasheet quotes mass in g/set for this shape; distributor listing does not state set/half,EUR,25,6.2000,0,0,1,120,"NCLEO DE FERRITA, RM/I, 3C95",https://www.findchips.com/search/RM14%2FI-3C95,,2026-09-30T19:20Z,13900.0,set (RM14/I),69.0,set,https://ferroxcube.com/upload/media/product/file/Pr_ds/RM14_I.pdf,MnZn,"MAS material ""3C95""",1.13550,ECB euro reference rate 2026-09-30: 1 EUR = 1.1355 USD; https://www.ecb.europa.eu/stats/eurofxref/eurofxref-daily.xml fetched 2026-09-30T20:12:47Z,7.0401
Farnell,"FindChips aggregator listing (page fetched in the first collection, fc_results.jsonl)",Ferroxcube,RM14/I-3C95,2103460,3C95,MnZn ferrite,RM,RM 14/I,likely per set (unverified),Ferroxcube datasheet quotes mass in g/set for this shape; distributor listing does not state set/half,EUR,50,6.0100,0,0,1,120,"NCLEO DE FERRITA, RM/I, 3C95",https://www.findchips.com/search/RM14%2FI-3C95,,2026-09-30T19:20Z,13900.0,set (RM14/I),69.0,set,https://ferroxcube.com/upload/media/product/file/Pr_ds/RM14_I.pdf,MnZn,"MAS material ""3C95""",1.13550,ECB euro reference rate 2026-09-30: 1 EUR = 1.1355 USD; https://www.ecb.europa.eu/stats/eurofxref/eurofxref-daily.xml fetched 2026-09-30T20:12:47Z,6.8244
Farnell,"FindChips aggregator listing (page fetched in the first collection, fc_results.jsonl)",Ferroxcube,RM14/I-3C95,2103460,3C95,MnZn ferrite,RM,RM 14/I,likely per set (unverified),Ferroxcube datasheet quotes mass in g/set for this shape; distributor listing does not state set/half,EUR,200,5.2100,0,1,1,120,"NCLEO DE FERRITA, RM/I, 3C95",https://www.findchips.com/search/RM14%2FI-3C95,,2026-09-30T19:20Z,13900.0,set (RM14/I),69.0,set,https://ferroxcube.com/upload/media/product/file/Pr_ds/RM14_I.pdf,MnZn,"MAS material ""3C95""",1.13550,ECB euro reference rate 2026-09-30: 1 EUR = 1.1355 USD; https://www.ecb.europa.eu/stats/eurofxref/eurofxref-daily.xml fetched 2026-09-30T20:12:47Z,5.9160
TME,"FindChips aggregator listing (page fetched in the first collection, fc_results.jsonl)",Ferroxcube,P22/13-3F36,P22/13-3F36,3F36,MnZn ferrite,P,P 22/13,likely per set (unverified),Ferroxcube datasheet quotes mass in g/set for this shape; distributor listing does not state set/half,USD,1,2.6600,1,0,1,0,"Core: ferrite,  P,  3F36,  3000nH,  2000mm3,  63.4mm2,  A: 15mm,  B: 3.8mm",https://www.findchips.com/search/P22%2F13-3F36,,2026-09-30T19:23Z,2000.0,set (P22/13),12.0,set,https://ferroxcube.com/upload/media/product/file/Pr_ds/P22_13.pdf,MnZn,"MAS material ""3F36""",,,2.6600
TME,"FindChips aggregator listing (page fetched in the first collection, fc_results.jsonl)",Ferroxcube,P22/13-3F36,P22/13-3F36,3F36,MnZn ferrite,P,P 22/13,likely per set (unverified),Ferroxcube datasheet quotes mass in g/set for this shape; distributor listing does not state set/half,USD,5,2.4100,0,0,1,0,"Core: ferrite,  P,  3F36,  3000nH,  2000mm3,  63.4mm2,  A: 15mm,  B: 3.8mm",https://www.findchips.com/search/P22%2F13-3F36,,2026-09-30T19:23Z,2000.0,set (P22/13),12.0,set,https://ferroxcube.com/upload/media/product/file/Pr_ds/P22_13.pdf,MnZn,"MAS material ""3F36""",,,2.4100
TME,"FindChips aggregator listing (page fetched in the first collection, fc_results.jsonl)",Ferroxcube,P22/13-3F36,P22/13-3F36,3F36,MnZn ferrite,P,P 22/13,likely per set (unverified),Ferroxcube datasheet quotes mass in g/set for this shape; distributor listing does not state set/half,USD,25,2.2500,0,1,1,0,"Core: ferrite,  P,  3F36,  3000nH,  2000mm3,  63.4mm2,  A: 15mm,  B: 3.8mm",https://www.findchips.com/search/P22%2F13-3F36,,2026-09-30T19:23Z,2000.0,set (P22/13),12.0,set,https://ferroxcube.com/upload/media/product/file/Pr_ds/P22_13.pdf,MnZn,"MAS material ""3F36""",,,2.2500
Farnell,"FindChips aggregator listing (page fetched in the first collection, fc_results.jsonl)",TDK,B66283G0000X149,3407801,N49,MnZn ferrite,E,E 18/4/10,per half (piece),"TDK datasheet ordering code column ""(per piece)""",EUR,5,1.9500,0,0,5,0,"TRANSFORMER CORE, ELP18/4/10, N49",https://www.findchips.com/search/B66283G0000X149,,2026-09-30T19:47Z,955.0,set,4.8,set,https://www.tdk-electronics.tdk.com/inf/80/db/fer/elp_18_4_10.pdf,MnZn,"MAS material ""N49""",1.13550,ECB euro reference rate 2026-09-30: 1 EUR = 1.1355 USD; https://www.ecb.europa.eu/stats/eurofxref/eurofxref-daily.xml fetched 2026-09-30T20:12:47Z,2.2142
Farnell,"FindChips aggregator listing (page fetched in the first collection, fc_results.jsonl)",TDK,B66283G0000X149,3407801,N49,MnZn ferrite,E,E 18/4/10,per half (piece),"TDK datasheet ordering code column ""(per piece)""",EUR,50,1.7700,0,0,5,0,"TRANSFORMER CORE, ELP18/4/10, N49",https://www.findchips.com/search/B66283G0000X149,,2026-09-30T19:47Z,955.0,set,4.8,set,https://www.tdk-electronics.tdk.com/inf/80/db/fer/elp_18_4_10.pdf,MnZn,"MAS material ""N49""",1.13550,ECB euro reference rate 2026-09-30: 1 EUR = 1.1355 USD; https://www.ecb.europa.eu/stats/eurofxref/eurofxref-daily.xml fetched 2026-09-30T20:12:47Z,2.0098
Farnell,"FindChips aggregator listing (page fetched in the first collection, fc_results.jsonl)",TDK,B66283G0000X149,3407801,N49,MnZn ferrite,E,E 18/4/10,per half (piece),"TDK datasheet ordering code column ""(per piece)""",EUR,250,1.5900,0,0,5,0,"TRANSFORMER CORE, ELP18/4/10, N49",https://www.findchips.com/search/B66283G0000X149,,2026-09-30T19:47Z,955.0,set,4.8,set,https://www.tdk-electronics.tdk.com/inf/80/db/fer/elp_18_4_10.pdf,MnZn,"MAS material ""N49""",1.13550,ECB euro reference rate 2026-09-30: 1 EUR = 1.1355 USD; https://www.ecb.europa.eu/stats/eurofxref/eurofxref-daily.xml fetched 2026-09-30T20:12:47Z,1.8054
Farnell,"FindChips aggregator listing (page fetched in the first collection, fc_results.jsonl)",TDK,B66283G0000X149,3407801,N49,MnZn ferrite,E,E 18/4/10,per half (piece),"TDK datasheet ordering code column ""(per piece)""",EUR,500,1.4100,0,0,5,0,"TRANSFORMER CORE, ELP18/4/10, N49",https://www.findchips.com/search/B66283G0000X149,,2026-09-30T19:47Z,955.0,set,4.8,set,https://www.tdk-electronics.tdk.com/inf/80/db/fer/elp_18_4_10.pdf,MnZn,"MAS material ""N49""",1.13550,ECB euro reference rate 2026-09-30: 1 EUR = 1.1355 USD; https://www.ecb.europa.eu/stats/eurofxref/eurofxref-daily.xml fetched 2026-09-30T20:12:47Z,1.6011
Farnell,"FindChips aggregator listing (page fetched in the first collection, fc_results.jsonl)",TDK,B66283G0000X149,3407801,N49,MnZn ferrite,E,E 18/4/10,per half (piece),"TDK datasheet ordering code column ""(per piece)""",EUR,1000,1.2300,0,1,5,0,"TRANSFORMER CORE, ELP18/4/10, N49",https://www.findchips.com/search/B66283G0000X149,,2026-09-30T19:47Z,955.0,set,4.8,set,https://www.tdk-electronics.tdk.com/inf/80/db/fer/elp_18_4_10.pdf,MnZn,"MAS material ""N49""",1.13550,ECB euro reference rate 2026-09-30: 1 EUR = 1.1355 USD; https://www.ecb.europa.eu/stats/eurofxref/eurofxref-daily.xml fetched 2026-09-30T20:12:47Z,1.3967
Farnell,"FindChips aggregator listing (page fetched in the first collection, fc_results.jsonl)",TDK,B66283G0000X149,3407801,N49,MnZn ferrite,E,E 18/4/10,per half (piece),"TDK datasheet ordering code column ""(per piece)""",EUR,2020,1.0500,0,0,5,0,"TRANSFORMER CORE, ELP18/4/10, N49",https://www.findchips.com/search/B66283G0000X149,,2026-09-30T19:47Z,955.0,set,4.8,set,https://www.tdk-electronics.tdk.com/inf/80/db/fer/elp_18_4_10.pdf,MnZn,"MAS material ""N49""",1.13550,ECB euro reference rate 2026-09-30: 1 EUR = 1.1355 USD; https://www.ecb.europa.eu/stats/eurofxref/eurofxref-daily.xml fetched 2026-09-30T20:12:47Z,1.1923
Farnell,"FindChips aggregator listing (page fetched in the first collection, fc_results.jsonl)",TDK,B66285G0000X149,3580872,N49,MnZn ferrite,E,E 22/6/16,per half (piece),"TDK datasheet ordering code column ""(per piece)""",EUR,1200,1.3400,0,0,1200,0,"NCLEO TRANSFORM, ELP22/6/16, TIPO ELP",https://www.findchips.com/search/B66285G0000X149,,2026-09-30T19:47Z,2540.0,set,13.0,set,https://www.tdk-electronics.tdk.com/inf/80/db/fer/elp_22_6_16.pdf,MnZn,"MAS material ""N49""",1.13550,ECB euro reference rate 2026-09-30: 1 EUR = 1.1355 USD; https://www.ecb.europa.eu/stats/eurofxref/eurofxref-daily.xml fetched 2026-09-30T20:12:47Z,1.5216
Farnell,"FindChips aggregator listing (page fetched in the first collection, fc_results.jsonl)",TDK,B66291G0000X149,4154007,N49,MnZn ferrite,E,E 43/10/28,per half (piece),"TDK datasheet ordering code column ""(per piece)""",EUR,1,7.2600,1,0,1,497,"TRANSFORM NCLEO, N49, PLANAR ELP",https://www.findchips.com/search/B66291G0000X149,,2026-09-30T19:47Z,13748.0,set,70.0,set,https://www.tdk-electronics.tdk.com/inf/80/db/fer/elp_43_10_28.pdf,MnZn,"MAS material ""N49""",1.13550,ECB euro reference rate 2026-09-30: 1 EUR = 1.1355 USD; https://www.ecb.europa.eu/stats/eurofxref/eurofxref-daily.xml fetched 2026-09-30T20:12:47Z,8.2437
Farnell,"FindChips aggregator listing (page fetched in the first collection, fc_results.jsonl)",TDK,B66291G0000X149,4154007,N49,MnZn ferrite,E,E 43/10/28,per half (piece),"TDK datasheet ordering code column ""(per piece)""",EUR,5,6.1500,0,0,1,497,"TRANSFORM NCLEO, N49, PLANAR ELP",https://www.findchips.com/search/B66291G0000X149,,2026-09-30T19:47Z,13748.0,set,70.0,set,https://www.tdk-electronics.tdk.com/inf/80/db/fer/elp_43_10_28.pdf,MnZn,"MAS material ""N49""",1.13550,ECB euro reference rate 2026-09-30: 1 EUR = 1.1355 USD; https://www.ecb.europa.eu/stats/eurofxref/eurofxref-daily.xml fetched 2026-09-30T20:12:47Z,6.9833
Farnell,"FindChips aggregator listing (page fetched in the first collection, fc_results.jsonl)",TDK,B66291G0000X149,4154007,N49,MnZn ferrite,E,E 43/10/28,per half (piece),"TDK datasheet ordering code column ""(per piece)""",EUR,10,5.0400,0,0,1,497,"TRANSFORM NCLEO, N49, PLANAR ELP",https://www.findchips.com/search/B66291G0000X149,,2026-09-30T19:47Z,13748.0,set,70.0,set,https://www.tdk-electronics.tdk.com/inf/80/db/fer/elp_43_10_28.pdf,MnZn,"MAS material ""N49""",1.13550,ECB euro reference rate 2026-09-30: 1 EUR = 1.1355 USD; https://www.ecb.europa.eu/stats/eurofxref/eurofxref-daily.xml fetched 2026-09-30T20:12:47Z,5.7229
Farnell,"FindChips aggregator listing (page fetched in the first collection, fc_results.jsonl)",TDK,B66291G0000X149,4154007,N49,MnZn ferrite,E,E 43/10/28,per half (piece),"TDK datasheet ordering code column ""(per piece)""",EUR,25,4.0400,0,0,1,497,"TRANSFORM NCLEO, N49, PLANAR ELP",https://www.findchips.com/search/B66291G0000X149,,2026-09-30T19:47Z,13748.0,set,70.0,set,https://www.tdk-electronics.tdk.com/inf/80/db/fer/elp_43_10_28.pdf,MnZn,"MAS material ""N49""",1.13550,ECB euro reference rate 2026-09-30: 1 EUR = 1.1355 USD; https://www.ecb.europa.eu/stats/eurofxref/eurofxref-daily.xml fetched 2026-09-30T20:12:47Z,4.5874
Farnell,"FindChips aggregator listing (page fetched in the first collection, fc_results.jsonl)",TDK,B66291G0000X149,4154007,N49,MnZn ferrite,E,E 43/10/28,per half (piece),"TDK datasheet ordering code column ""(per piece)""",EUR,50,3.8900,0,0,1,497,"TRANSFORM NCLEO, N49, PLANAR ELP",https://www.findchips.com/search/B66291G0000X149,,2026-09-30T19:47Z,13748.0,set,70.0,set,https://www.tdk-electronics.tdk.com/inf/80/db/fer/elp_43_10_28.pdf,MnZn,"MAS material ""N49""",1.13550,ECB euro reference rate 2026-09-30: 1 EUR = 1.1355 USD; https://www.ecb.europa.eu/stats/eurofxref/eurofxref-daily.xml fetched 2026-09-30T20:12:47Z,4.4171
Farnell,"FindChips aggregator listing (page fetched in the first collection, fc_results.jsonl)",TDK,B66291G0000X149,4154007,N49,MnZn ferrite,E,E 43/10/28,per half (piece),"TDK datasheet ordering code column ""(per piece)""",EUR,150,3.7400,0,1,1,497,"TRANSFORM NCLEO, N49, PLANAR ELP",https://www.findchips.com/search/B66291G0000X149,,2026-09-30T19:47Z,13748.0,set,70.0,set,https://www.tdk-electronics.tdk.com/inf/80/db/fer/elp_43_10_28.pdf,MnZn,"MAS material ""N49""",1.13550,ECB euro reference rate 2026-09-30: 1 EUR = 1.1355 USD; https://www.ecb.europa.eu/stats/eurofxref/eurofxref-daily.xml fetched 2026-09-30T20:12:47Z,4.2468
Farnell,"FindChips aggregator listing (page fetched in the first collection, fc_results.jsonl)",TDK,B66413G0000X149,4154040,N49,MnZn ferrite,EFD,EFD 15/8/5,unverified,,EUR,10,0.7220,0,0,10,5686,"TRANSFORM NCLEO, N49, EFD15/8/5",https://www.findchips.com/search/B66413G0000X149,,2026-09-30T19:47Z,510.0,set,2.8,set,https://www.tdk-electronics.tdk.com/inf/80/db/fer/efd_15_8_5.pdf,MnZn,"MAS material ""N49""",1.13550,ECB euro reference rate 2026-09-30: 1 EUR = 1.1355 USD; https://www.ecb.europa.eu/stats/eurofxref/eurofxref-daily.xml fetched 2026-09-30T20:12:47Z,0.8198
Farnell,"FindChips aggregator listing (page fetched in the first collection, fc_results.jsonl)",TDK,B66413G0000X149,4154040,N49,MnZn ferrite,EFD,EFD 15/8/5,unverified,,EUR,100,0.5060,0,0,10,5686,"TRANSFORM NCLEO, N49, EFD15/8/5",https://www.findchips.com/search/B66413G0000X149,,2026-09-30T19:47Z,510.0,set,2.8,set,https://www.tdk-electronics.tdk.com/inf/80/db/fer/efd_15_8_5.pdf,MnZn,"MAS material ""N49""",1.13550,ECB euro reference rate 2026-09-30: 1 EUR = 1.1355 USD; https://www.ecb.europa.eu/stats/eurofxref/eurofxref-daily.xml fetched 2026-09-30T20:12:47Z,0.5746
Farnell,"FindChips aggregator listing (page fetched in the first collection, fc_results.jsonl)",TDK,B66413G0000X149,4154040,N49,MnZn ferrite,EFD,EFD 15/8/5,unverified,,EUR,500,0.4810,0,0,10,5686,"TRANSFORM NCLEO, N49, EFD15/8/5",https://www.findchips.com/search/B66413G0000X149,,2026-09-30T19:47Z,510.0,set,2.8,set,https://www.tdk-electronics.tdk.com/inf/80/db/fer/efd_15_8_5.pdf,MnZn,"MAS material ""N49""",1.13550,ECB euro reference rate 2026-09-30: 1 EUR = 1.1355 USD; https://www.ecb.europa.eu/stats/eurofxref/eurofxref-daily.xml fetched 2026-09-30T20:12:47Z,0.5462
Farnell,"FindChips aggregator listing (page fetched in the first collection, fc_results.jsonl)",TDK,B66413G0000X149,4154040,N49,MnZn ferrite,EFD,EFD 15/8/5,unverified,,EUR,1000,0.4550,0,1,10,5686,"TRANSFORM NCLEO, N49, EFD15/8/5",https://www.findchips.com/search/B66413G0000X149,,2026-09-30T19:47Z,510.0,set,2.8,set,https://www.tdk-electronics.tdk.com/inf/80/db/fer/efd_15_8_5.pdf,MnZn,"MAS material ""N49""",1.13550,ECB euro reference rate 2026-09-30: 1 EUR = 1.1355 USD; https://www.ecb.europa.eu/stats/eurofxref/eurofxref-daily.xml fetched 2026-09-30T20:12:47Z,0.5167
Farnell,"FindChips aggregator listing (page fetched in the first collection, fc_results.jsonl)",TDK,B66413G0000X149,4154040,N49,MnZn ferrite,EFD,EFD 15/8/5,unverified,,EUR,1920,0.4300,0,0,10,5686,"TRANSFORM NCLEO, N49, EFD15/8/5",https://www.findchips.com/search/B66413G0000X149,,2026-09-30T19:47Z,510.0,set,2.8,set,https://www.tdk-electronics.tdk.com/inf/80/db/fer/efd_15_8_5.pdf,MnZn,"MAS material ""N49""",1.13550,ECB euro reference rate 2026-09-30: 1 EUR = 1.1355 USD; https://www.ecb.europa.eu/stats/eurofxref/eurofxref-daily.xml fetched 2026-09-30T20:12:47Z,0.4883
Farnell,"FindChips aggregator listing (page fetched in the first collection, fc_results.jsonl)",TDK,B66413G0000X149,4154040,N49,MnZn ferrite,EFD,EFD 15/8/5,unverified,,EUR,3840,0.4040,0,0,10,5686,"TRANSFORM NCLEO, N49, EFD15/8/5",https://www.findchips.com/search/B66413G0000X149,,2026-09-30T19:47Z,510.0,set,2.8,set,https://www.tdk-electronics.tdk.com/inf/80/db/fer/efd_15_8_5.pdf,MnZn,"MAS material ""N49""",1.13550,ECB euro reference rate 2026-09-30: 1 EUR = 1.1355 USD; https://www.ecb.europa.eu/stats/eurofxref/eurofxref-daily.xml fetched 2026-09-30T20:12:47Z,0.4587
Farnell,"FindChips aggregator listing (page fetched in the first collection, fc_results.jsonl)",TDK,B66483G0000X149,4154053,N49,MnZn ferrite,EQ,EQ 20/6,unverified,,EUR,1,2.5100,1,0,1,2370,"TRANSFORM NCLEO, N49, EQ20/6,3/14",https://www.findchips.com/search/B66483G0000X149,,2026-09-30T19:48Z,1960.0,set,11.0,set,https://www.tdk-electronics.tdk.com/inf/80/db/fer/eq_20_6_3_14.pdf,MnZn,"MAS material ""N49""",1.13550,ECB euro reference rate 2026-09-30: 1 EUR = 1.1355 USD; https://www.ecb.europa.eu/stats/eurofxref/eurofxref-daily.xml fetched 2026-09-30T20:12:47Z,2.8501
Farnell,"FindChips aggregator listing (page fetched in the first collection, fc_results.jsonl)",TDK,B66483G0000X149,4154053,N49,MnZn ferrite,EQ,EQ 20/6,unverified,,EUR,50,1.3000,0,0,1,2370,"TRANSFORM NCLEO, N49, EQ20/6,3/14",https://www.findchips.com/search/B66483G0000X149,,2026-09-30T19:48Z,1960.0,set,11.0,set,https://www.tdk-electronics.tdk.com/inf/80/db/fer/eq_20_6_3_14.pdf,MnZn,"MAS material ""N49""",1.13550,ECB euro reference rate 2026-09-30: 1 EUR = 1.1355 USD; https://www.ecb.europa.eu/stats/eurofxref/eurofxref-daily.xml fetched 2026-09-30T20:12:47Z,1.4762
Farnell,"FindChips aggregator listing (page fetched in the first collection, fc_results.jsonl)",TDK,B66483G0000X149,4154053,N49,MnZn ferrite,EQ,EQ 20/6,unverified,,EUR,100,1.2000,0,0,1,2370,"TRANSFORM NCLEO, N49, EQ20/6,3/14",https://www.findchips.com/search/B66483G0000X149,,2026-09-30T19:48Z,1960.0,set,11.0,set,https://www.tdk-electronics.tdk.com/inf/80/db/fer/eq_20_6_3_14.pdf,MnZn,"MAS material ""N49""",1.13550,ECB euro reference rate 2026-09-30: 1 EUR = 1.1355 USD; https://www.ecb.europa.eu/stats/eurofxref/eurofxref-daily.xml fetched 2026-09-30T20:12:47Z,1.3626
Farnell,"FindChips aggregator listing (page fetched in the first collection, fc_results.jsonl)",TDK,B66483G0000X149,4154053,N49,MnZn ferrite,EQ,EQ 20/6,unverified,,EUR,250,1.0500,0,0,1,2370,"TRANSFORM NCLEO, N49, EQ20/6,3/14",https://www.findchips.com/search/B66483G0000X149,,2026-09-30T19:48Z,1960.0,set,11.0,set,https://www.tdk-electronics.tdk.com/inf/80/db/fer/eq_20_6_3_14.pdf,MnZn,"MAS material ""N49""",1.13550,ECB euro reference rate 2026-09-30: 1 EUR = 1.1355 USD; https://www.ecb.europa.eu/stats/eurofxref/eurofxref-daily.xml fetched 2026-09-30T20:12:47Z,1.1923
Farnell,"FindChips aggregator listing (page fetched in the first collection, fc_results.jsonl)",TDK,B66483G0000X149,4154053,N49,MnZn ferrite,EQ,EQ 20/6,unverified,,EUR,500,1.0300,0,1,1,2370,"TRANSFORM NCLEO, N49, EQ20/6,3/14",https://www.findchips.com/search/B66483G0000X149,,2026-09-30T19:48Z,1960.0,set,11.0,set,https://www.tdk-electronics.tdk.com/inf/80/db/fer/eq_20_6_3_14.pdf,MnZn,"MAS material ""N49""",1.13550,ECB euro reference rate 2026-09-30: 1 EUR = 1.1355 USD; https://www.ecb.europa.eu/stats/eurofxref/eurofxref-daily.xml fetched 2026-09-30T20:12:47Z,1.1696
Farnell,"FindChips aggregator listing (page fetched in the first collection, fc_results.jsonl)",TDK,B66483G0000X149,4154053,N49,MnZn ferrite,EQ,EQ 20/6,unverified,,EUR,1200,1.0100,0,0,1,2370,"TRANSFORM NCLEO, N49, EQ20/6,3/14",https://www.findchips.com/search/B66483G0000X149,,2026-09-30T19:48Z,1960.0,set,11.0,set,https://www.tdk-electronics.tdk.com/inf/80/db/fer/eq_20_6_3_14.pdf,MnZn,"MAS material ""N49""",1.13550,ECB euro reference rate 2026-09-30: 1 EUR = 1.1355 USD; https://www.ecb.europa.eu/stats/eurofxref/eurofxref-daily.xml fetched 2026-09-30T20:12:47Z,1.1469
Farnell,"FindChips aggregator listing (page fetched in the first collection, fc_results.jsonl)",TDK,B65525J0000R049,4153948,N49,MnZn ferrite,ER,ER 11/2.5/6,unverified,,EUR,10,1.3800,0,0,10,5688,"TRANSFORM NCLEO, N49 ER, ER11/5, 800NH",https://www.findchips.com/search/B65525J0000R049,,2026-09-30T19:48Z,174.0,set,0.85,set,https://www.tdk-electronics.tdk.com/inf/80/db/fer/er_11_5.pdf,MnZn,"MAS material ""N49""",1.13550,ECB euro reference rate 2026-09-30: 1 EUR = 1.1355 USD; https://www.ecb.europa.eu/stats/eurofxref/eurofxref-daily.xml fetched 2026-09-30T20:12:47Z,1.5670
Farnell,"FindChips aggregator listing (page fetched in the first collection, fc_results.jsonl)",TDK,B65525J0000R049,4153948,N49,MnZn ferrite,ER,ER 11/2.5/6,unverified,,EUR,100,0.9200,0,0,10,5688,"TRANSFORM NCLEO, N49 ER, ER11/5, 800NH",https://www.findchips.com/search/B65525J0000R049,,2026-09-30T19:48Z,174.0,set,0.85,set,https://www.tdk-electronics.tdk.com/inf/80/db/fer/er_11_5.pdf,MnZn,"MAS material ""N49""",1.13550,ECB euro reference rate 2026-09-30: 1 EUR = 1.1355 USD; https://www.ecb.europa.eu/stats/eurofxref/eurofxref-daily.xml fetched 2026-09-30T20:12:47Z,1.0447
Farnell,"FindChips aggregator listing (page fetched in the first collection, fc_results.jsonl)",TDK,B65525J0000R049,4153948,N49,MnZn ferrite,ER,ER 11/2.5/6,unverified,,EUR,500,0.8030,0,0,10,5688,"TRANSFORM NCLEO, N49 ER, ER11/5, 800NH",https://www.findchips.com/search/B65525J0000R049,,2026-09-30T19:48Z,174.0,set,0.85,set,https://www.tdk-electronics.tdk.com/inf/80/db/fer/er_11_5.pdf,MnZn,"MAS material ""N49""",1.13550,ECB euro reference rate 2026-09-30: 1 EUR = 1.1355 USD; https://www.ecb.europa.eu/stats/eurofxref/eurofxref-daily.xml fetched 2026-09-30T20:12:47Z,0.9118
Farnell,"FindChips aggregator listing (page fetched in the first collection, fc_results.jsonl)",TDK,B65525J0000R049,4153948,N49,MnZn ferrite,ER,ER 11/2.5/6,unverified,,EUR,1000,0.7390,0,1,10,5688,"TRANSFORM NCLEO, N49 ER, ER11/5, 800NH",https://www.findchips.com/search/B65525J0000R049,,2026-09-30T19:48Z,174.0,set,0.85,set,https://www.tdk-electronics.tdk.com/inf/80/db/fer/er_11_5.pdf,MnZn,"MAS material ""N49""",1.13550,ECB euro reference rate 2026-09-30: 1 EUR = 1.1355 USD; https://www.ecb.europa.eu/stats/eurofxref/eurofxref-daily.xml fetched 2026-09-30T20:12:47Z,0.8391
Farnell,"FindChips aggregator listing (page fetched in the first collection, fc_results.jsonl)",TDK,B65525J0000R049,4153948,N49,MnZn ferrite,ER,ER 11/2.5/6,unverified,,EUR,2000,0.7240,0,0,10,5688,"TRANSFORM NCLEO, N49 ER, ER11/5, 800NH",https://www.findchips.com/search/B65525J0000R049,,2026-09-30T19:48Z,174.0,set,0.85,set,https://www.tdk-electronics.tdk.com/inf/80/db/fer/er_11_5.pdf,MnZn,"MAS material ""N49""",1.13550,ECB euro reference rate 2026-09-30: 1 EUR = 1.1355 USD; https://www.ecb.europa.eu/stats/eurofxref/eurofxref-daily.xml fetched 2026-09-30T20:12:47Z,0.8221
Farnell,"FindChips aggregator listing (page fetched in the first collection, fc_results.jsonl)",TDK,B65525J0000R049,4153948,N49,MnZn ferrite,ER,ER 11/2.5/6,unverified,,EUR,4000,0.7090,0,0,10,5688,"TRANSFORM NCLEO, N49 ER, ER11/5, 800NH",https://www.findchips.com/search/B65525J0000R049,,2026-09-30T19:48Z,174.0,set,0.85,set,https://www.tdk-electronics.tdk.com/inf/80/db/fer/er_11_5.pdf,MnZn,"MAS material ""N49""",1.13550,ECB euro reference rate 2026-09-30: 1 EUR = 1.1355 USD; https://www.ecb.europa.eu/stats/eurofxref/eurofxref-daily.xml fetched 2026-09-30T20:12:47Z,0.8051
Farnell,"FindChips aggregator listing (page fetched in the first collection, fc_results.jsonl)",TDK,B65879B0000R049,4244687,N49,MnZn ferrite,PQ,PQ 32/30,unverified,,EUR,1,7.4200,1,0,1,202,"NCLEO TRANSFORMADOR PQ32/30, N49 67.8MM",https://www.findchips.com/search/B65879B0000R049,,2026-09-30T19:48Z,10440.0,set,57.4,set,https://www.tdk-electronics.tdk.com/inf/80/db/fer/pq_32_30.pdf,MnZn,"MAS material ""N49""",1.13550,ECB euro reference rate 2026-09-30: 1 EUR = 1.1355 USD; https://www.ecb.europa.eu/stats/eurofxref/eurofxref-daily.xml fetched 2026-09-30T20:12:47Z,8.4254
Farnell,"FindChips aggregator listing (page fetched in the first collection, fc_results.jsonl)",TDK,B65879B0000R049,4244687,N49,MnZn ferrite,PQ,PQ 32/30,unverified,,EUR,10,5.1100,0,0,1,202,"NCLEO TRANSFORMADOR PQ32/30, N49 67.8MM",https://www.findchips.com/search/B65879B0000R049,,2026-09-30T19:48Z,10440.0,set,57.4,set,https://www.tdk-electronics.tdk.com/inf/80/db/fer/pq_32_30.pdf,MnZn,"MAS material ""N49""",1.13550,ECB euro reference rate 2026-09-30: 1 EUR = 1.1355 USD; https://www.ecb.europa.eu/stats/eurofxref/eurofxref-daily.xml fetched 2026-09-30T20:12:47Z,5.8024
Farnell,"FindChips aggregator listing (page fetched in the first collection, fc_results.jsonl)",TDK,B65879B0000R049,4244687,N49,MnZn ferrite,PQ,PQ 32/30,unverified,,EUR,25,4.1200,0,0,1,202,"NCLEO TRANSFORMADOR PQ32/30, N49 67.8MM",https://www.findchips.com/search/B65879B0000R049,,2026-09-30T19:48Z,10440.0,set,57.4,set,https://www.tdk-electronics.tdk.com/inf/80/db/fer/pq_32_30.pdf,MnZn,"MAS material ""N49""",1.13550,ECB euro reference rate 2026-09-30: 1 EUR = 1.1355 USD; https://www.ecb.europa.eu/stats/eurofxref/eurofxref-daily.xml fetched 2026-09-30T20:12:47Z,4.6783
Farnell,"FindChips aggregator listing (page fetched in the first collection, fc_results.jsonl)",TDK,B65879B0000R049,4244687,N49,MnZn ferrite,PQ,PQ 32/30,unverified,,EUR,50,3.1400,0,0,1,202,"NCLEO TRANSFORMADOR PQ32/30, N49 67.8MM",https://www.findchips.com/search/B65879B0000R049,,2026-09-30T19:48Z,10440.0,set,57.4,set,https://www.tdk-electronics.tdk.com/inf/80/db/fer/pq_32_30.pdf,MnZn,"MAS material ""N49""",1.13550,ECB euro reference rate 2026-09-30: 1 EUR = 1.1355 USD; https://www.ecb.europa.eu/stats/eurofxref/eurofxref-daily.xml fetched 2026-09-30T20:12:47Z,3.5655
Farnell,"FindChips aggregator listing (page fetched in the first collection, fc_results.jsonl)",TDK,B65879B0000R049,4244687,N49,MnZn ferrite,PQ,PQ 32/30,unverified,,EUR,100,3.1300,0,1,1,202,"NCLEO TRANSFORMADOR PQ32/30, N49 67.8MM",https://www.findchips.com/search/B65879B0000R049,,2026-09-30T19:48Z,10440.0,set,57.4,set,https://www.tdk-electronics.tdk.com/inf/80/db/fer/pq_32_30.pdf,MnZn,"MAS material ""N49""",1.13550,ECB euro reference rate 2026-09-30: 1 EUR = 1.1355 USD; https://www.ecb.europa.eu/stats/eurofxref/eurofxref-daily.xml fetched 2026-09-30T20:12:47Z,3.5541
Farnell,"FindChips aggregator listing (page fetched in the first collection, fc_results.jsonl)",TDK,B65805J0000R049,4153971,N49,MnZn ferrite,RM,RM 5,unverified,,EUR,1,3.0200,1,0,1,1940,"TRANSFORM NCLEO, N49 RM, RM5, 1.3UH",https://www.findchips.com/search/B65805J0000R049,,2026-09-30T19:48Z,430.0,set,2.6,set,https://www.tdk-electronics.tdk.com/inf/80/db/fer/rm_5.pdf,MnZn,"MAS material ""N49""",1.13550,ECB euro reference rate 2026-09-30: 1 EUR = 1.1355 USD; https://www.ecb.europa.eu/stats/eurofxref/eurofxref-daily.xml fetched 2026-09-30T20:12:47Z,3.4292
Farnell,"FindChips aggregator listing (page fetched in the first collection, fc_results.jsonl)",TDK,B65805J0000R049,4153971,N49,MnZn ferrite,RM,RM 5,unverified,,EUR,50,1.5500,0,0,1,1940,"TRANSFORM NCLEO, N49 RM, RM5, 1.3UH",https://www.findchips.com/search/B65805J0000R049,,2026-09-30T19:48Z,430.0,set,2.6,set,https://www.tdk-electronics.tdk.com/inf/80/db/fer/rm_5.pdf,MnZn,"MAS material ""N49""",1.13550,ECB euro reference rate 2026-09-30: 1 EUR = 1.1355 USD; https://www.ecb.europa.eu/stats/eurofxref/eurofxref-daily.xml fetched 2026-09-30T20:12:47Z,1.7600
Farnell,"FindChips aggregator listing (page fetched in the first collection, fc_results.jsonl)",TDK,B65805J0000R049,4153971,N49,MnZn ferrite,RM,RM 5,unverified,,EUR,100,1.4900,0,0,1,1940,"TRANSFORM NCLEO, N49 RM, RM5, 1.3UH",https://www.findchips.com/search/B65805J0000R049,,2026-09-30T19:48Z,430.0,set,2.6,set,https://www.tdk-electronics.tdk.com/inf/80/db/fer/rm_5.pdf,MnZn,"MAS material ""N49""",1.13550,ECB euro reference rate 2026-09-30: 1 EUR = 1.1355 USD; https://www.ecb.europa.eu/stats/eurofxref/eurofxref-daily.xml fetched 2026-09-30T20:12:47Z,1.6919
Farnell,"FindChips aggregator listing (page fetched in the first collection, fc_results.jsonl)",TDK,B65805J0000R049,4153971,N49,MnZn ferrite,RM,RM 5,unverified,,EUR,250,1.3700,0,0,1,1940,"TRANSFORM NCLEO, N49 RM, RM5, 1.3UH",https://www.findchips.com/search/B65805J0000R049,,2026-09-30T19:48Z,430.0,set,2.6,set,https://www.tdk-electronics.tdk.com/inf/80/db/fer/rm_5.pdf,MnZn,"MAS material ""N49""",1.13550,ECB euro reference rate 2026-09-30: 1 EUR = 1.1355 USD; https://www.ecb.europa.eu/stats/eurofxref/eurofxref-daily.xml fetched 2026-09-30T20:12:47Z,1.5556
Farnell,"FindChips aggregator listing (page fetched in the first collection, fc_results.jsonl)",TDK,B65805J0000R049,4153971,N49,MnZn ferrite,RM,RM 5,unverified,,EUR,500,1.3600,0,0,1,1940,"TRANSFORM NCLEO, N49 RM, RM5, 1.3UH",https://www.findchips.com/search/B65805J0000R049,,2026-09-30T19:48Z,430.0,set,2.6,set,https://www.tdk-electronics.tdk.com/inf/80/db/fer/rm_5.pdf,MnZn,"MAS material ""N49""",1.13550,ECB euro reference rate 2026-09-30: 1 EUR = 1.1355 USD; https://www.ecb.europa.eu/stats/eurofxref/eurofxref-daily.xml fetched 2026-09-30T20:12:47Z,1.5443
Farnell,"FindChips aggregator listing (page fetched in the first collection, fc_results.jsonl)",TDK,B65805J0000R049,4153971,N49,MnZn ferrite,RM,RM 5,unverified,,EUR,1000,1.3500,0,1,1,1940,"TRANSFORM NCLEO, N49 RM, RM5, 1.3UH",https://www.findchips.com/search/B65805J0000R049,,2026-09-30T19:48Z,430.0,set,2.6,set,https://www.tdk-electronics.tdk.com/inf/80/db/fer/rm_5.pdf,MnZn,"MAS material ""N49""",1.13550,ECB euro reference rate 2026-09-30: 1 EUR = 1.1355 USD; https://www.ecb.europa.eu/stats/eurofxref/eurofxref-daily.xml fetched 2026-09-30T20:12:47Z,1.5329
Farnell,"FindChips aggregator listing (page fetched in the first collection, fc_results.jsonl)",TDK,B65813J0000R049,4153982,N49,MnZn ferrite,RM,RM 10,unverified,,EUR,1,5.3000,1,0,1,1634,"TRANSFORM NCLEO, N49 RM, RM10, 2.9UH",https://www.findchips.com/search/B65813J0000R049,,2026-09-30T19:49Z,3360.0,set,17.2,set,https://www.tdk-electronics.tdk.com/inf/80/db/fer/rm_10.pdf,MnZn,"MAS material ""N49""",1.13550,ECB euro reference rate 2026-09-30: 1 EUR = 1.1355 USD; https://www.ecb.europa.eu/stats/eurofxref/eurofxref-daily.xml fetched 2026-09-30T20:12:47Z,6.0181
Farnell,"FindChips aggregator listing (page fetched in the first collection, fc_results.jsonl)",TDK,B65813J0000R049,4153982,N49,MnZn ferrite,RM,RM 10,unverified,,EUR,10,3.6800,0,0,1,1634,"TRANSFORM NCLEO, N49 RM, RM10, 2.9UH",https://www.findchips.com/search/B65813J0000R049,,2026-09-30T19:49Z,3360.0,set,17.2,set,https://www.tdk-electronics.tdk.com/inf/80/db/fer/rm_10.pdf,MnZn,"MAS material ""N49""",1.13550,ECB euro reference rate 2026-09-30: 1 EUR = 1.1355 USD; https://www.ecb.europa.eu/stats/eurofxref/eurofxref-daily.xml fetched 2026-09-30T20:12:47Z,4.1786
Farnell,"FindChips aggregator listing (page fetched in the first collection, fc_results.jsonl)",TDK,B65813J0000R049,4153982,N49,MnZn ferrite,RM,RM 10,unverified,,EUR,50,2.7000,0,0,1,1634,"TRANSFORM NCLEO, N49 RM, RM10, 2.9UH",https://www.findchips.com/search/B65813J0000R049,,2026-09-30T19:49Z,3360.0,set,17.2,set,https://www.tdk-electronics.tdk.com/inf/80/db/fer/rm_10.pdf,MnZn,"MAS material ""N49""",1.13550,ECB euro reference rate 2026-09-30: 1 EUR = 1.1355 USD; https://www.ecb.europa.eu/stats/eurofxref/eurofxref-daily.xml fetched 2026-09-30T20:12:47Z,3.0659
Farnell,"FindChips aggregator listing (page fetched in the first collection, fc_results.jsonl)",TDK,B65813J0000R049,4153982,N49,MnZn ferrite,RM,RM 10,unverified,,EUR,100,2.6800,0,0,1,1634,"TRANSFORM NCLEO, N49 RM, RM10, 2.9UH",https://www.findchips.com/search/B65813J0000R049,,2026-09-30T19:49Z,3360.0,set,17.2,set,https://www.tdk-electronics.tdk.com/inf/80/db/fer/rm_10.pdf,MnZn,"MAS material ""N49""",1.13550,ECB euro reference rate 2026-09-30: 1 EUR = 1.1355 USD; https://www.ecb.europa.eu/stats/eurofxref/eurofxref-daily.xml fetched 2026-09-30T20:12:47Z,3.0431
Farnell,"FindChips aggregator listing (page fetched in the first collection, fc_results.jsonl)",TDK,B65813J0000R049,4153982,N49,MnZn ferrite,RM,RM 10,unverified,,EUR,200,2.6700,0,0,1,1634,"TRANSFORM NCLEO, N49 RM, RM10, 2.9UH",https://www.findchips.com/search/B65813J0000R049,,2026-09-30T19:49Z,3360.0,set,17.2,set,https://www.tdk-electronics.tdk.com/inf/80/db/fer/rm_10.pdf,MnZn,"MAS material ""N49""",1.13550,ECB euro reference rate 2026-09-30: 1 EUR = 1.1355 USD; https://www.ecb.europa.eu/stats/eurofxref/eurofxref-daily.xml fetched 2026-09-30T20:12:47Z,3.0318
Farnell,"FindChips aggregator listing (page fetched in the first collection, fc_results.jsonl)",TDK,B65813J0000R049,4153982,N49,MnZn ferrite,RM,RM 10,unverified,,EUR,400,2.6500,0,1,1,1634,"TRANSFORM NCLEO, N49 RM, RM10, 2.9UH",https://www.findchips.com/search/B65813J0000R049,,2026-09-30T19:49Z,3360.0,set,17.2,set,https://www.tdk-electronics.tdk.com/inf/80/db/fer/rm_10.pdf,MnZn,"MAS material ""N49""",1.13550,ECB euro reference rate 2026-09-30: 1 EUR = 1.1355 USD; https://www.ecb.europa.eu/stats/eurofxref/eurofxref-daily.xml fetched 2026-09-30T20:12:47Z,3.0091
Farnell,"FindChips aggregator listing (page fetched in the first collection, fc_results.jsonl)",TDK,B64290P0037X049,3770705,N49,MnZn ferrite,T,T 6.3/3.8/2.5,per toroid,toroid (single piece),EUR,12000,0.3150,0,0,12000,0,"NCLEO DE FERRITA, 6.3X3.8X2.5 MM",https://www.findchips.com/search/B64290P0037X049,,2026-09-30T19:49Z,46.5,toroid (value printed on sibling-material row of same geometry),0.2,toroid,https://www.tdk-electronics.tdk.com/inf/80/db/fer/r_6_30_3_80_2_50.pdf,MnZn,"MAS material ""N49""",1.13550,ECB euro reference rate 2026-09-30: 1 EUR = 1.1355 USD; https://www.ecb.europa.eu/stats/eurofxref/eurofxref-daily.xml fetched 2026-09-30T20:12:47Z,0.3577
Farnell,"FindChips aggregator listing (page fetched in the first collection, fc_results.jsonl)",TDK,B66413G0000X187,1190582,N87,MnZn ferrite,EFD,EFD 15/8/5,unverified,,EUR,10,0.6100,0,0,10,5976,"NCLEO DE FERRITA, EFD, N87",https://www.findchips.com/search/B66413G0000X187,,2026-09-30T19:49Z,510.0,set,2.8,set,https://www.tdk-electronics.tdk.com/inf/80/db/fer/efd_15_8_5.pdf,MnZn,"MAS material ""N87""",1.13550,ECB euro reference rate 2026-09-30: 1 EUR = 1.1355 USD; https://www.ecb.europa.eu/stats/eurofxref/eurofxref-daily.xml fetched 2026-09-30T20:12:47Z,0.6927
Farnell,"FindChips aggregator listing (page fetched in the first collection, fc_results.jsonl)",TDK,B66413G0000X187,1190582,N87,MnZn ferrite,EFD,EFD 15/8/5,unverified,,EUR,100,0.4110,0,0,10,5976,"NCLEO DE FERRITA, EFD, N87",https://www.findchips.com/search/B66413G0000X187,,2026-09-30T19:49Z,510.0,set,2.8,set,https://www.tdk-electronics.tdk.com/inf/80/db/fer/efd_15_8_5.pdf,MnZn,"MAS material ""N87""",1.13550,ECB euro reference rate 2026-09-30: 1 EUR = 1.1355 USD; https://www.ecb.europa.eu/stats/eurofxref/eurofxref-daily.xml fetched 2026-09-30T20:12:47Z,0.4667
Farnell,"FindChips aggregator listing (page fetched in the first collection, fc_results.jsonl)",TDK,B66413G0000X187,1190582,N87,MnZn ferrite,EFD,EFD 15/8/5,unverified,,EUR,500,0.3880,0,0,10,5976,"NCLEO DE FERRITA, EFD, N87",https://www.findchips.com/search/B66413G0000X187,,2026-09-30T19:49Z,510.0,set,2.8,set,https://www.tdk-electronics.tdk.com/inf/80/db/fer/efd_15_8_5.pdf,MnZn,"MAS material ""N87""",1.13550,ECB euro reference rate 2026-09-30: 1 EUR = 1.1355 USD; https://www.ecb.europa.eu/stats/eurofxref/eurofxref-daily.xml fetched 2026-09-30T20:12:47Z,0.4406
Farnell,"FindChips aggregator listing (page fetched in the first collection, fc_results.jsonl)",TDK,B66413G0000X187,1190582,N87,MnZn ferrite,EFD,EFD 15/8/5,unverified,,EUR,1000,0.3650,0,1,10,5976,"NCLEO DE FERRITA, EFD, N87",https://www.findchips.com/search/B66413G0000X187,,2026-09-30T19:49Z,510.0,set,2.8,set,https://www.tdk-electronics.tdk.com/inf/80/db/fer/efd_15_8_5.pdf,MnZn,"MAS material ""N87""",1.13550,ECB euro reference rate 2026-09-30: 1 EUR = 1.1355 USD; https://www.ecb.europa.eu/stats/eurofxref/eurofxref-daily.xml fetched 2026-09-30T20:12:47Z,0.4145
Farnell,"FindChips aggregator listing (page fetched in the first collection, fc_results.jsonl)",TDK,B66413G0000X187,1190582,N87,MnZn ferrite,EFD,EFD 15/8/5,unverified,,EUR,1920,0.3410,0,0,10,5976,"NCLEO DE FERRITA, EFD, N87",https://www.findchips.com/search/B66413G0000X187,,2026-09-30T19:49Z,510.0,set,2.8,set,https://www.tdk-electronics.tdk.com/inf/80/db/fer/efd_15_8_5.pdf,MnZn,"MAS material ""N87""",1.13550,ECB euro reference rate 2026-09-30: 1 EUR = 1.1355 USD; https://www.ecb.europa.eu/stats/eurofxref/eurofxref-daily.xml fetched 2026-09-30T20:12:47Z,0.3872
Farnell,"FindChips aggregator listing (page fetched in the first collection, fc_results.jsonl)",TDK,B66413G0000X187,1190582,N87,MnZn ferrite,EFD,EFD 15/8/5,unverified,,EUR,3840,0.3180,0,0,10,5976,"NCLEO DE FERRITA, EFD, N87",https://www.findchips.com/search/B66413G0000X187,,2026-09-30T19:49Z,510.0,set,2.8,set,https://www.tdk-electronics.tdk.com/inf/80/db/fer/efd_15_8_5.pdf,MnZn,"MAS material ""N87""",1.13550,ECB euro reference rate 2026-09-30: 1 EUR = 1.1355 USD; https://www.ecb.europa.eu/stats/eurofxref/eurofxref-daily.xml fetched 2026-09-30T20:12:47Z,0.3611
TME,"FindChips aggregator listing (page fetched in the first collection, fc_results.jsonl)",TDK,B66413G0000X187,B66413G0000X187,N87,MnZn ferrite,EFD,EFD 15/8/5,unverified,,USD,1,0.6400,1,0,1,1898,"Core: ferrite,  EFD,  N87,  780nH,  510mm3,  15mm2,  1pcs.",https://www.findchips.com/search/B66413G0000X187,,2026-09-30T19:49Z,510.0,set,2.8,set,https://www.tdk-electronics.tdk.com/inf/80/db/fer/efd_15_8_5.pdf,MnZn,"MAS material ""N87""",,,0.6400
TME,"FindChips aggregator listing (page fetched in the first collection, fc_results.jsonl)",TDK,B66413G0000X187,B66413G0000X187,N87,MnZn ferrite,EFD,EFD 15/8/5,unverified,,USD,10,0.4120,0,0,1,1898,"Core: ferrite,  EFD,  N87,  780nH,  510mm3,  15mm2,  1pcs.",https://www.findchips.com/search/B66413G0000X187,,2026-09-30T19:49Z,510.0,set,2.8,set,https://www.tdk-electronics.tdk.com/inf/80/db/fer/efd_15_8_5.pdf,MnZn,"MAS material ""N87""",,,0.4120
TME,"FindChips aggregator listing (page fetched in the first collection, fc_results.jsonl)",TDK,B66413G0000X187,B66413G0000X187,N87,MnZn ferrite,EFD,EFD 15/8/5,unverified,,USD,50,0.3430,0,0,1,1898,"Core: ferrite,  EFD,  N87,  780nH,  510mm3,  15mm2,  1pcs.",https://www.findchips.com/search/B66413G0000X187,,2026-09-30T19:49Z,510.0,set,2.8,set,https://www.tdk-electronics.tdk.com/inf/80/db/fer/efd_15_8_5.pdf,MnZn,"MAS material ""N87""",,,0.3430
TME,"FindChips aggregator listing (page fetched in the first collection, fc_results.jsonl)",TDK,B66413G0000X187,B66413G0000X187,N87,MnZn ferrite,EFD,EFD 15/8/5,unverified,,USD,100,0.3160,0,0,1,1898,"Core: ferrite,  EFD,  N87,  780nH,  510mm3,  15mm2,  1pcs.",https://www.findchips.com/search/B66413G0000X187,,2026-09-30T19:49Z,510.0,set,2.8,set,https://www.tdk-electronics.tdk.com/inf/80/db/fer/efd_15_8_5.pdf,MnZn,"MAS material ""N87""",,,0.3160
TME,"FindChips aggregator listing (page fetched in the first collection, fc_results.jsonl)",TDK,B66413G0000X187,B66413G0000X187,N87,MnZn ferrite,EFD,EFD 15/8/5,unverified,,USD,384,0.2980,0,0,1,1898,"Core: ferrite,  EFD,  N87,  780nH,  510mm3,  15mm2,  1pcs.",https://www.findchips.com/search/B66413G0000X187,,2026-09-30T19:49Z,510.0,set,2.8,set,https://www.tdk-electronics.tdk.com/inf/80/db/fer/efd_15_8_5.pdf,MnZn,"MAS material ""N87""",,,0.2980
TME,"FindChips aggregator listing (page fetched in the first collection, fc_results.jsonl)",TDK,B66413G0000X187,B66413G0000X187,N87,MnZn ferrite,EFD,EFD 15/8/5,unverified,,USD,768,0.2930,0,1,1,1898,"Core: ferrite,  EFD,  N87,  780nH,  510mm3,  15mm2,  1pcs.",https://www.findchips.com/search/B66413G0000X187,,2026-09-30T19:49Z,510.0,set,2.8,set,https://www.tdk-electronics.tdk.com/inf/80/db/fer/efd_15_8_5.pdf,MnZn,"MAS material ""N87""",,,0.2930
TME,"FindChips aggregator listing (page fetched in the first collection, fc_results.jsonl)",TDK,B66413G0000X187,B66413G0000X187,N87,MnZn ferrite,EFD,EFD 15/8/5,unverified,,USD,1152,0.2890,0,0,1,1898,"Core: ferrite,  EFD,  N87,  780nH,  510mm3,  15mm2,  1pcs.",https://www.findchips.com/search/B66413G0000X187,,2026-09-30T19:49Z,510.0,set,2.8,set,https://www.tdk-electronics.tdk.com/inf/80/db/fer/efd_15_8_5.pdf,MnZn,"MAS material ""N87""",,,0.2890
TME,"FindChips aggregator listing (page fetched in the first collection, fc_results.jsonl)",TDK,B66413G0000X187,B66413G0000X187,N87,MnZn ferrite,EFD,EFD 15/8/5,unverified,,USD,1920,0.2860,0,0,1,1898,"Core: ferrite,  EFD,  N87,  780nH,  510mm3,  15mm2,  1pcs.",https://www.findchips.com/search/B66413G0000X187,,2026-09-30T19:49Z,510.0,set,2.8,set,https://www.tdk-electronics.tdk.com/inf/80/db/fer/efd_15_8_5.pdf,MnZn,"MAS material ""N87""",,,0.2860
Farnell,"FindChips aggregator listing (page fetched in the first collection, fc_results.jsonl)",TDK,B66421G0000X187,1190588,N87,MnZn ferrite,EFD,EFD 25/13/9,unverified,,EUR,1,1.2400,1,0,1,2017,"NCLEO DE FERRITA, EFD, N87",https://www.findchips.com/search/B66421G0000X187,,2026-09-30T19:49Z,3310.0,set,16.6,set,https://www.tdk-electronics.tdk.com/inf/80/db/fer/efd_25_13_9.pdf,MnZn,"MAS material ""N87""",1.13550,ECB euro reference rate 2026-09-30: 1 EUR = 1.1355 USD; https://www.ecb.europa.eu/stats/eurofxref/eurofxref-daily.xml fetched 2026-09-30T20:12:47Z,1.4080
Farnell,"FindChips aggregator listing (page fetched in the first collection, fc_results.jsonl)",TDK,B66421G0000X187,1190588,N87,MnZn ferrite,EFD,EFD 25/13/9,unverified,,EUR,10,0.7290,0,0,1,2017,"NCLEO DE FERRITA, EFD, N87",https://www.findchips.com/search/B66421G0000X187,,2026-09-30T19:49Z,3310.0,set,16.6,set,https://www.tdk-electronics.tdk.com/inf/80/db/fer/efd_25_13_9.pdf,MnZn,"MAS material ""N87""",1.13550,ECB euro reference rate 2026-09-30: 1 EUR = 1.1355 USD; https://www.ecb.europa.eu/stats/eurofxref/eurofxref-daily.xml fetched 2026-09-30T20:12:47Z,0.8278
Farnell,"FindChips aggregator listing (page fetched in the first collection, fc_results.jsonl)",TDK,B66421G0000X187,1190588,N87,MnZn ferrite,EFD,EFD 25/13/9,unverified,,EUR,50,0.6260,0,0,1,2017,"NCLEO DE FERRITA, EFD, N87",https://www.findchips.com/search/B66421G0000X187,,2026-09-30T19:49Z,3310.0,set,16.6,set,https://www.tdk-electronics.tdk.com/inf/80/db/fer/efd_25_13_9.pdf,MnZn,"MAS material ""N87""",1.13550,ECB euro reference rate 2026-09-30: 1 EUR = 1.1355 USD; https://www.ecb.europa.eu/stats/eurofxref/eurofxref-daily.xml fetched 2026-09-30T20:12:47Z,0.7108
Farnell,"FindChips aggregator listing (page fetched in the first collection, fc_results.jsonl)",TDK,B66421G0000X187,1190588,N87,MnZn ferrite,EFD,EFD 25/13/9,unverified,,EUR,100,0.5750,0,0,1,2017,"NCLEO DE FERRITA, EFD, N87",https://www.findchips.com/search/B66421G0000X187,,2026-09-30T19:49Z,3310.0,set,16.6,set,https://www.tdk-electronics.tdk.com/inf/80/db/fer/efd_25_13_9.pdf,MnZn,"MAS material ""N87""",1.13550,ECB euro reference rate 2026-09-30: 1 EUR = 1.1355 USD; https://www.ecb.europa.eu/stats/eurofxref/eurofxref-daily.xml fetched 2026-09-30T20:12:47Z,0.6529
Farnell,"FindChips aggregator listing (page fetched in the first collection, fc_results.jsonl)",TDK,B66421G0000X187,1190588,N87,MnZn ferrite,EFD,EFD 25/13/9,unverified,,EUR,200,0.5470,0,0,1,2017,"NCLEO DE FERRITA, EFD, N87",https://www.findchips.com/search/B66421G0000X187,,2026-09-30T19:49Z,3310.0,set,16.6,set,https://www.tdk-electronics.tdk.com/inf/80/db/fer/efd_25_13_9.pdf,MnZn,"MAS material ""N87""",1.13550,ECB euro reference rate 2026-09-30: 1 EUR = 1.1355 USD; https://www.ecb.europa.eu/stats/eurofxref/eurofxref-daily.xml fetched 2026-09-30T20:12:47Z,0.6211
Farnell,"FindChips aggregator listing (page fetched in the first collection, fc_results.jsonl)",TDK,B66421G0000X187,1190588,N87,MnZn ferrite,EFD,EFD 25/13/9,unverified,,EUR,650,0.5250,0,1,1,2017,"NCLEO DE FERRITA, EFD, N87",https://www.findchips.com/search/B66421G0000X187,,2026-09-30T19:49Z,3310.0,set,16.6,set,https://www.tdk-electronics.tdk.com/inf/80/db/fer/efd_25_13_9.pdf,MnZn,"MAS material ""N87""",1.13550,ECB euro reference rate 2026-09-30: 1 EUR = 1.1355 USD; https://www.ecb.europa.eu/stats/eurofxref/eurofxref-daily.xml fetched 2026-09-30T20:12:47Z,0.5961
Farnell,"FindChips aggregator listing (page fetched in the first collection, fc_results.jsonl)",TDK,B66423G0000X187,1190591,N87,MnZn ferrite,EFD,EFD 30/15/9,unverified,,EUR,1,1.3600,1,0,1,1764,"NCLEO DE FERRITA, EFD, N87",https://www.findchips.com/search/B66423G0000X187,,2026-09-30T19:49Z,4690.0,set,24.0,set,https://www.tdk-electronics.tdk.com/inf/80/db/fer/efd_30_15_9.pdf,MnZn,"MAS material ""N87""",1.13550,ECB euro reference rate 2026-09-30: 1 EUR = 1.1355 USD; https://www.ecb.europa.eu/stats/eurofxref/eurofxref-daily.xml fetched 2026-09-30T20:12:47Z,1.5443
Farnell,"FindChips aggregator listing (page fetched in the first collection, fc_results.jsonl)",TDK,B66423G0000X187,1190591,N87,MnZn ferrite,EFD,EFD 30/15/9,unverified,,EUR,10,0.8390,0,0,1,1764,"NCLEO DE FERRITA, EFD, N87",https://www.findchips.com/search/B66423G0000X187,,2026-09-30T19:49Z,4690.0,set,24.0,set,https://www.tdk-electronics.tdk.com/inf/80/db/fer/efd_30_15_9.pdf,MnZn,"MAS material ""N87""",1.13550,ECB euro reference rate 2026-09-30: 1 EUR = 1.1355 USD; https://www.ecb.europa.eu/stats/eurofxref/eurofxref-daily.xml fetched 2026-09-30T20:12:47Z,0.9527
Farnell,"FindChips aggregator listing (page fetched in the first collection, fc_results.jsonl)",TDK,B66423G0000X187,1190591,N87,MnZn ferrite,EFD,EFD 30/15/9,unverified,,EUR,25,0.7540,0,0,1,1764,"NCLEO DE FERRITA, EFD, N87",https://www.findchips.com/search/B66423G0000X187,,2026-09-30T19:49Z,4690.0,set,24.0,set,https://www.tdk-electronics.tdk.com/inf/80/db/fer/efd_30_15_9.pdf,MnZn,"MAS material ""N87""",1.13550,ECB euro reference rate 2026-09-30: 1 EUR = 1.1355 USD; https://www.ecb.europa.eu/stats/eurofxref/eurofxref-daily.xml fetched 2026-09-30T20:12:47Z,0.8562
Farnell,"FindChips aggregator listing (page fetched in the first collection, fc_results.jsonl)",TDK,B66423G0000X187,1190591,N87,MnZn ferrite,EFD,EFD 30/15/9,unverified,,EUR,50,0.7040,0,0,1,1764,"NCLEO DE FERRITA, EFD, N87",https://www.findchips.com/search/B66423G0000X187,,2026-09-30T19:49Z,4690.0,set,24.0,set,https://www.tdk-electronics.tdk.com/inf/80/db/fer/efd_30_15_9.pdf,MnZn,"MAS material ""N87""",1.13550,ECB euro reference rate 2026-09-30: 1 EUR = 1.1355 USD; https://www.ecb.europa.eu/stats/eurofxref/eurofxref-daily.xml fetched 2026-09-30T20:12:47Z,0.7994
Farnell,"FindChips aggregator listing (page fetched in the first collection, fc_results.jsonl)",TDK,B66423G0000X187,1190591,N87,MnZn ferrite,EFD,EFD 30/15/9,unverified,,EUR,100,0.6440,0,0,1,1764,"NCLEO DE FERRITA, EFD, N87",https://www.findchips.com/search/B66423G0000X187,,2026-09-30T19:49Z,4690.0,set,24.0,set,https://www.tdk-electronics.tdk.com/inf/80/db/fer/efd_30_15_9.pdf,MnZn,"MAS material ""N87""",1.13550,ECB euro reference rate 2026-09-30: 1 EUR = 1.1355 USD; https://www.ecb.europa.eu/stats/eurofxref/eurofxref-daily.xml fetched 2026-09-30T20:12:47Z,0.7313
Farnell,"FindChips aggregator listing (page fetched in the first collection, fc_results.jsonl)",TDK,B66423G0000X187,1190591,N87,MnZn ferrite,EFD,EFD 30/15/9,unverified,,EUR,300,0.5230,0,1,1,1764,"NCLEO DE FERRITA, EFD, N87",https://www.findchips.com/search/B66423G0000X187,,2026-09-30T19:49Z,4690.0,set,24.0,set,https://www.tdk-electronics.tdk.com/inf/80/db/fer/efd_30_15_9.pdf,MnZn,"MAS material ""N87""",1.13550,ECB euro reference rate 2026-09-30: 1 EUR = 1.1355 USD; https://www.ecb.europa.eu/stats/eurofxref/eurofxref-daily.xml fetched 2026-09-30T20:12:47Z,0.5939
TME,"FindChips aggregator listing (page fetched in the first collection, fc_results.jsonl)",TDK,B66423G0000X187,B66423G0000X187,N87,MnZn ferrite,EFD,EFD 30/15/9,unverified,,USD,1,1.8900,1,0,1,162,"Core: ferrite,  EFD,  N87,  2050nH,  4690mm3,  69mm2",https://www.findchips.com/search/B66423G0000X187,,2026-09-30T19:49Z,4690.0,set,24.0,set,https://www.tdk-electronics.tdk.com/inf/80/db/fer/efd_30_15_9.pdf,MnZn,"MAS material ""N87""",,,1.8900
TME,"FindChips aggregator listing (page fetched in the first collection, fc_results.jsonl)",TDK,B66423G0000X187,B66423G0000X187,N87,MnZn ferrite,EFD,EFD 30/15/9,unverified,,USD,10,1.3400,0,0,1,162,"Core: ferrite,  EFD,  N87,  2050nH,  4690mm3,  69mm2",https://www.findchips.com/search/B66423G0000X187,,2026-09-30T19:49Z,4690.0,set,24.0,set,https://www.tdk-electronics.tdk.com/inf/80/db/fer/efd_30_15_9.pdf,MnZn,"MAS material ""N87""",,,1.3400
TME,"FindChips aggregator listing (page fetched in the first collection, fc_results.jsonl)",TDK,B66423G0000X187,B66423G0000X187,N87,MnZn ferrite,EFD,EFD 30/15/9,unverified,,USD,60,1.1500,0,0,1,162,"Core: ferrite,  EFD,  N87,  2050nH,  4690mm3,  69mm2",https://www.findchips.com/search/B66423G0000X187,,2026-09-30T19:49Z,4690.0,set,24.0,set,https://www.tdk-electronics.tdk.com/inf/80/db/fer/efd_30_15_9.pdf,MnZn,"MAS material ""N87""",,,1.1500
TME,"FindChips aggregator listing (page fetched in the first collection, fc_results.jsonl)",TDK,B66423G0000X187,B66423G0000X187,N87,MnZn ferrite,EFD,EFD 30/15/9,unverified,,USD,120,1.0100,0,0,1,162,"Core: ferrite,  EFD,  N87,  2050nH,  4690mm3,  69mm2",https://www.findchips.com/search/B66423G0000X187,,2026-09-30T19:49Z,4690.0,set,24.0,set,https://www.tdk-electronics.tdk.com/inf/80/db/fer/efd_30_15_9.pdf,MnZn,"MAS material ""N87""",,,1.0100
TME,"FindChips aggregator listing (page fetched in the first collection, fc_results.jsonl)",TDK,B66423G0000X187,B66423G0000X187,N87,MnZn ferrite,EFD,EFD 30/15/9,unverified,,USD,300,0.9500,0,1,1,162,"Core: ferrite,  EFD,  N87,  2050nH,  4690mm3,  69mm2",https://www.findchips.com/search/B66423G0000X187,,2026-09-30T19:49Z,4690.0,set,24.0,set,https://www.tdk-electronics.tdk.com/inf/80/db/fer/efd_30_15_9.pdf,MnZn,"MAS material ""N87""",,,0.9500
Farnell,"FindChips aggregator listing (page fetched in the first collection, fc_results.jsonl)",TDK,B65839A0000R087,2355159,N87,MnZn ferrite,EP,EP 7,unverified,,EUR,5,1.1100,0,0,5,847,"NCLEO DE FERRITA, EP, 7, N87",https://www.findchips.com/search/B65839A0000R087,,2026-09-30T19:49Z,162.0,set,1.4,set,https://www.tdk-electronics.tdk.com/inf/80/db/fer/ep_7.pdf,MnZn,"MAS material ""N87""",1.13550,ECB euro reference rate 2026-09-30: 1 EUR = 1.1355 USD; https://www.ecb.europa.eu/stats/eurofxref/eurofxref-daily.xml fetched 2026-09-30T20:12:47Z,1.2604
Farnell,"FindChips aggregator listing (page fetched in the first collection, fc_results.jsonl)",TDK,B65839A0000R087,2355159,N87,MnZn ferrite,EP,EP 7,unverified,,EUR,50,0.5870,0,0,5,847,"NCLEO DE FERRITA, EP, 7, N87",https://www.findchips.com/search/B65839A0000R087,,2026-09-30T19:49Z,162.0,set,1.4,set,https://www.tdk-electronics.tdk.com/inf/80/db/fer/ep_7.pdf,MnZn,"MAS material ""N87""",1.13550,ECB euro reference rate 2026-09-30: 1 EUR = 1.1355 USD; https://www.ecb.europa.eu/stats/eurofxref/eurofxref-daily.xml fetched 2026-09-30T20:12:47Z,0.6665
Farnell,"FindChips aggregator listing (page fetched in the first collection, fc_results.jsonl)",TDK,B65839A0000R087,2355159,N87,MnZn ferrite,EP,EP 7,unverified,,EUR,250,0.5740,0,0,5,847,"NCLEO DE FERRITA, EP, 7, N87",https://www.findchips.com/search/B65839A0000R087,,2026-09-30T19:49Z,162.0,set,1.4,set,https://www.tdk-electronics.tdk.com/inf/80/db/fer/ep_7.pdf,MnZn,"MAS material ""N87""",1.13550,ECB euro reference rate 2026-09-30: 1 EUR = 1.1355 USD; https://www.ecb.europa.eu/stats/eurofxref/eurofxref-daily.xml fetched 2026-09-30T20:12:47Z,0.6518
Farnell,"FindChips aggregator listing (page fetched in the first collection, fc_results.jsonl)",TDK,B65839A0000R087,2355159,N87,MnZn ferrite,EP,EP 7,unverified,,EUR,500,0.5610,0,0,5,847,"NCLEO DE FERRITA, EP, 7, N87",https://www.findchips.com/search/B65839A0000R087,,2026-09-30T19:49Z,162.0,set,1.4,set,https://www.tdk-electronics.tdk.com/inf/80/db/fer/ep_7.pdf,MnZn,"MAS material ""N87""",1.13550,ECB euro reference rate 2026-09-30: 1 EUR = 1.1355 USD; https://www.ecb.europa.eu/stats/eurofxref/eurofxref-daily.xml fetched 2026-09-30T20:12:47Z,0.6370
Farnell,"FindChips aggregator listing (page fetched in the first collection, fc_results.jsonl)",TDK,B65839A0000R087,2355159,N87,MnZn ferrite,EP,EP 7,unverified,,EUR,1000,0.5480,0,1,5,847,"NCLEO DE FERRITA, EP, 7, N87",https://www.findchips.com/search/B65839A0000R087,,2026-09-30T19:49Z,162.0,set,1.4,set,https://www.tdk-electronics.tdk.com/inf/80/db/fer/ep_7.pdf,MnZn,"MAS material ""N87""",1.13550,ECB euro reference rate 2026-09-30: 1 EUR = 1.1355 USD; https://www.ecb.europa.eu/stats/eurofxref/eurofxref-daily.xml fetched 2026-09-30T20:12:47Z,0.6223
Farnell,"FindChips aggregator listing (page fetched in the first collection, fc_results.jsonl)",TDK,B65839A0000R087,2355159,N87,MnZn ferrite,EP,EP 7,unverified,,EUR,2000,0.5350,0,0,5,847,"NCLEO DE FERRITA, EP, 7, N87",https://www.findchips.com/search/B65839A0000R087,,2026-09-30T19:49Z,162.0,set,1.4,set,https://www.tdk-electronics.tdk.com/inf/80/db/fer/ep_7.pdf,MnZn,"MAS material ""N87""",1.13550,ECB euro reference rate 2026-09-30: 1 EUR = 1.1355 USD; https://www.ecb.europa.eu/stats/eurofxref/eurofxref-daily.xml fetched 2026-09-30T20:12:47Z,0.6075
Farnell,"FindChips aggregator listing (page fetched in the first collection, fc_results.jsonl)",TDK,B65841A0000R087,2355160,N87,MnZn ferrite,EP,EP 10,unverified,,EUR,1,1.7300,1,0,1,109,"FERRITE CORE , EP 10 N87",https://www.findchips.com/search/B65841A0000R087,,2026-09-30T19:50Z,217.0,set,2.8,set,https://www.tdk-electronics.tdk.com/inf/80/db/fer/ep_10.pdf,MnZn,"MAS material ""N87""",1.13550,ECB euro reference rate 2026-09-30: 1 EUR = 1.1355 USD; https://www.ecb.europa.eu/stats/eurofxref/eurofxref-daily.xml fetched 2026-09-30T20:12:47Z,1.9644
Farnell,"FindChips aggregator listing (page fetched in the first collection, fc_results.jsonl)",TDK,B65841A0000R087,2355160,N87,MnZn ferrite,EP,EP 10,unverified,,EUR,50,0.9030,0,0,1,109,"FERRITE CORE , EP 10 N87",https://www.findchips.com/search/B65841A0000R087,,2026-09-30T19:50Z,217.0,set,2.8,set,https://www.tdk-electronics.tdk.com/inf/80/db/fer/ep_10.pdf,MnZn,"MAS material ""N87""",1.13550,ECB euro reference rate 2026-09-30: 1 EUR = 1.1355 USD; https://www.ecb.europa.eu/stats/eurofxref/eurofxref-daily.xml fetched 2026-09-30T20:12:47Z,1.0254
Farnell,"FindChips aggregator listing (page fetched in the first collection, fc_results.jsonl)",TDK,B65841A0000R087,2355160,N87,MnZn ferrite,EP,EP 10,unverified,,EUR,100,0.7930,0,0,1,109,"FERRITE CORE , EP 10 N87",https://www.findchips.com/search/B65841A0000R087,,2026-09-30T19:50Z,217.0,set,2.8,set,https://www.tdk-electronics.tdk.com/inf/80/db/fer/ep_10.pdf,MnZn,"MAS material ""N87""",1.13550,ECB euro reference rate 2026-09-30: 1 EUR = 1.1355 USD; https://www.ecb.europa.eu/stats/eurofxref/eurofxref-daily.xml fetched 2026-09-30T20:12:47Z,0.9005
Farnell,"FindChips aggregator listing (page fetched in the first collection, fc_results.jsonl)",TDK,B65841A0000R087,2355160,N87,MnZn ferrite,EP,EP 10,unverified,,EUR,250,0.7480,0,0,1,109,"FERRITE CORE , EP 10 N87",https://www.findchips.com/search/B65841A0000R087,,2026-09-30T19:50Z,217.0,set,2.8,set,https://www.tdk-electronics.tdk.com/inf/80/db/fer/ep_10.pdf,MnZn,"MAS material ""N87""",1.13550,ECB euro reference rate 2026-09-30: 1 EUR = 1.1355 USD; https://www.ecb.europa.eu/stats/eurofxref/eurofxref-daily.xml fetched 2026-09-30T20:12:47Z,0.8494
Farnell,"FindChips aggregator listing (page fetched in the first collection, fc_results.jsonl)",TDK,B65841A0000R087,2355160,N87,MnZn ferrite,EP,EP 10,unverified,,EUR,500,0.7310,0,0,1,109,"FERRITE CORE , EP 10 N87",https://www.findchips.com/search/B65841A0000R087,,2026-09-30T19:50Z,217.0,set,2.8,set,https://www.tdk-electronics.tdk.com/inf/80/db/fer/ep_10.pdf,MnZn,"MAS material ""N87""",1.13550,ECB euro reference rate 2026-09-30: 1 EUR = 1.1355 USD; https://www.ecb.europa.eu/stats/eurofxref/eurofxref-daily.xml fetched 2026-09-30T20:12:47Z,0.8301
Farnell,"FindChips aggregator listing (page fetched in the first collection, fc_results.jsonl)",TDK,B65841A0000R087,2355160,N87,MnZn ferrite,EP,EP 10,unverified,,EUR,1000,0.7140,0,1,1,109,"FERRITE CORE , EP 10 N87",https://www.findchips.com/search/B65841A0000R087,,2026-09-30T19:50Z,217.0,set,2.8,set,https://www.tdk-electronics.tdk.com/inf/80/db/fer/ep_10.pdf,MnZn,"MAS material ""N87""",1.13550,ECB euro reference rate 2026-09-30: 1 EUR = 1.1355 USD; https://www.ecb.europa.eu/stats/eurofxref/eurofxref-daily.xml fetched 2026-09-30T20:12:47Z,0.8107
Farnell,"FindChips aggregator listing (page fetched in the first collection, fc_results.jsonl)",TDK,B65513J0000R087,4153941,N87,MnZn ferrite,ER,ER 14.5/3/7,unverified,,EUR,5,0.5010,0,0,5,3330,"TRANSFORM NCLEO, N87 ER, ER14.5/6",https://www.findchips.com/search/B65513J0000R087,,2026-09-30T19:50Z,334.0,set,1.8,set,https://www.tdk-electronics.tdk.com/inf/80/db/fer/er_14_5_6.pdf,MnZn,"MAS material ""N87""",1.13550,ECB euro reference rate 2026-09-30: 1 EUR = 1.1355 USD; https://www.ecb.europa.eu/stats/eurofxref/eurofxref-daily.xml fetched 2026-09-30T20:12:47Z,0.5689
Farnell,"FindChips aggregator listing (page fetched in the first collection, fc_results.jsonl)",TDK,B65513J0000R087,4153941,N87,MnZn ferrite,ER,ER 14.5/3/7,unverified,,EUR,50,0.4930,0,0,5,3330,"TRANSFORM NCLEO, N87 ER, ER14.5/6",https://www.findchips.com/search/B65513J0000R087,,2026-09-30T19:50Z,334.0,set,1.8,set,https://www.tdk-electronics.tdk.com/inf/80/db/fer/er_14_5_6.pdf,MnZn,"MAS material ""N87""",1.13550,ECB euro reference rate 2026-09-30: 1 EUR = 1.1355 USD; https://www.ecb.europa.eu/stats/eurofxref/eurofxref-daily.xml fetched 2026-09-30T20:12:47Z,0.5598
Farnell,"FindChips aggregator listing (page fetched in the first collection, fc_results.jsonl)",TDK,B65513J0000R087,4153941,N87,MnZn ferrite,ER,ER 14.5/3/7,unverified,,EUR,250,0.4860,0,0,5,3330,"TRANSFORM NCLEO, N87 ER, ER14.5/6",https://www.findchips.com/search/B65513J0000R087,,2026-09-30T19:50Z,334.0,set,1.8,set,https://www.tdk-electronics.tdk.com/inf/80/db/fer/er_14_5_6.pdf,MnZn,"MAS material ""N87""",1.13550,ECB euro reference rate 2026-09-30: 1 EUR = 1.1355 USD; https://www.ecb.europa.eu/stats/eurofxref/eurofxref-daily.xml fetched 2026-09-30T20:12:47Z,0.5519
Farnell,"FindChips aggregator listing (page fetched in the first collection, fc_results.jsonl)",TDK,B65513J0000R087,4153941,N87,MnZn ferrite,ER,ER 14.5/3/7,unverified,,EUR,500,0.4780,0,0,5,3330,"TRANSFORM NCLEO, N87 ER, ER14.5/6",https://www.findchips.com/search/B65513J0000R087,,2026-09-30T19:50Z,334.0,set,1.8,set,https://www.tdk-electronics.tdk.com/inf/80/db/fer/er_14_5_6.pdf,MnZn,"MAS material ""N87""",1.13550,ECB euro reference rate 2026-09-30: 1 EUR = 1.1355 USD; https://www.ecb.europa.eu/stats/eurofxref/eurofxref-daily.xml fetched 2026-09-30T20:12:47Z,0.5428
Farnell,"FindChips aggregator listing (page fetched in the first collection, fc_results.jsonl)",TDK,B65513J0000R087,4153941,N87,MnZn ferrite,ER,ER 14.5/3/7,unverified,,EUR,1000,0.4710,0,1,5,3330,"TRANSFORM NCLEO, N87 ER, ER14.5/6",https://www.findchips.com/search/B65513J0000R087,,2026-09-30T19:50Z,334.0,set,1.8,set,https://www.tdk-electronics.tdk.com/inf/80/db/fer/er_14_5_6.pdf,MnZn,"MAS material ""N87""",1.13550,ECB euro reference rate 2026-09-30: 1 EUR = 1.1355 USD; https://www.ecb.europa.eu/stats/eurofxref/eurofxref-daily.xml fetched 2026-09-30T20:12:47Z,0.5348
Farnell,"FindChips aggregator listing (page fetched in the first collection, fc_results.jsonl)",TDK,B65513J0000R087,4153941,N87,MnZn ferrite,ER,ER 14.5/3/7,unverified,,EUR,2760,0.4630,0,0,5,3330,"TRANSFORM NCLEO, N87 ER, ER14.5/6",https://www.findchips.com/search/B65513J0000R087,,2026-09-30T19:50Z,334.0,set,1.8,set,https://www.tdk-electronics.tdk.com/inf/80/db/fer/er_14_5_6.pdf,MnZn,"MAS material ""N87""",1.13550,ECB euro reference rate 2026-09-30: 1 EUR = 1.1355 USD; https://www.ecb.europa.eu/stats/eurofxref/eurofxref-daily.xml fetched 2026-09-30T20:12:47Z,0.5257
Farnell,"FindChips aggregator listing (page fetched in the first collection, fc_results.jsonl)",TDK,B66363G0000X187,2355028,N87,MnZn ferrite,ETD,ETD 39/20/13,unverified,,EUR,1,2.9100,1,0,1,2880,"NCLEO DE FERRITA, ETD, 39, N87",https://www.findchips.com/search/B66363G0000X187,,2026-09-30T19:50Z,11500.0,set,60.0,set,https://www.tdk-electronics.tdk.com/inf/80/db/fer/etd_39_20_13.pdf,MnZn,"MAS material ""N87""",1.13550,ECB euro reference rate 2026-09-30: 1 EUR = 1.1355 USD; https://www.ecb.europa.eu/stats/eurofxref/eurofxref-daily.xml fetched 2026-09-30T20:12:47Z,3.3043
Farnell,"FindChips aggregator listing (page fetched in the first collection, fc_results.jsonl)",TDK,B66363G0000X187,2355028,N87,MnZn ferrite,ETD,ETD 39/20/13,unverified,,EUR,10,2.2000,0,0,1,2880,"NCLEO DE FERRITA, ETD, 39, N87",https://www.findchips.com/search/B66363G0000X187,,2026-09-30T19:50Z,11500.0,set,60.0,set,https://www.tdk-electronics.tdk.com/inf/80/db/fer/etd_39_20_13.pdf,MnZn,"MAS material ""N87""",1.13550,ECB euro reference rate 2026-09-30: 1 EUR = 1.1355 USD; https://www.ecb.europa.eu/stats/eurofxref/eurofxref-daily.xml fetched 2026-09-30T20:12:47Z,2.4981
Farnell,"FindChips aggregator listing (page fetched in the first collection, fc_results.jsonl)",TDK,B66363G0000X187,2355028,N87,MnZn ferrite,ETD,ETD 39/20/13,unverified,,EUR,50,1.8600,0,0,1,2880,"NCLEO DE FERRITA, ETD, 39, N87",https://www.findchips.com/search/B66363G0000X187,,2026-09-30T19:50Z,11500.0,set,60.0,set,https://www.tdk-electronics.tdk.com/inf/80/db/fer/etd_39_20_13.pdf,MnZn,"MAS material ""N87""",1.13550,ECB euro reference rate 2026-09-30: 1 EUR = 1.1355 USD; https://www.ecb.europa.eu/stats/eurofxref/eurofxref-daily.xml fetched 2026-09-30T20:12:47Z,2.1120
Farnell,"FindChips aggregator listing (page fetched in the first collection, fc_results.jsonl)",TDK,B66363G0000X187,2355028,N87,MnZn ferrite,ETD,ETD 39/20/13,unverified,,EUR,100,1.7100,0,0,1,2880,"NCLEO DE FERRITA, ETD, 39, N87",https://www.findchips.com/search/B66363G0000X187,,2026-09-30T19:50Z,11500.0,set,60.0,set,https://www.tdk-electronics.tdk.com/inf/80/db/fer/etd_39_20_13.pdf,MnZn,"MAS material ""N87""",1.13550,ECB euro reference rate 2026-09-30: 1 EUR = 1.1355 USD; https://www.ecb.europa.eu/stats/eurofxref/eurofxref-daily.xml fetched 2026-09-30T20:12:47Z,1.9417
Farnell,"FindChips aggregator listing (page fetched in the first collection, fc_results.jsonl)",TDK,B66363G0000X187,2355028,N87,MnZn ferrite,ETD,ETD 39/20/13,unverified,,EUR,200,1.6200,0,0,1,2880,"NCLEO DE FERRITA, ETD, 39, N87",https://www.findchips.com/search/B66363G0000X187,,2026-09-30T19:50Z,11500.0,set,60.0,set,https://www.tdk-electronics.tdk.com/inf/80/db/fer/etd_39_20_13.pdf,MnZn,"MAS material ""N87""",1.13550,ECB euro reference rate 2026-09-30: 1 EUR = 1.1355 USD; https://www.ecb.europa.eu/stats/eurofxref/eurofxref-daily.xml fetched 2026-09-30T20:12:47Z,1.8395
Farnell,"FindChips aggregator listing (page fetched in the first collection, fc_results.jsonl)",TDK,B66363G0000X187,2355028,N87,MnZn ferrite,ETD,ETD 39/20/13,unverified,,EUR,400,1.5400,0,1,1,2880,"NCLEO DE FERRITA, ETD, 39, N87",https://www.findchips.com/search/B66363G0000X187,,2026-09-30T19:50Z,11500.0,set,60.0,set,https://www.tdk-electronics.tdk.com/inf/80/db/fer/etd_39_20_13.pdf,MnZn,"MAS material ""N87""",1.13550,ECB euro reference rate 2026-09-30: 1 EUR = 1.1355 USD; https://www.ecb.europa.eu/stats/eurofxref/eurofxref-daily.xml fetched 2026-09-30T20:12:47Z,1.7487
TME,"FindChips aggregator listing (page fetched in the first collection, fc_results.jsonl)",TDK,B66363G0000X187,B66363G0000X187,N87,MnZn ferrite,ETD,ETD 39/20/13,unverified,,USD,1,2.4000,1,0,1,65,"Core: ferrite,  ETD,  N87,  2700nH,  11500mm3,  125mm2",https://www.findchips.com/search/B66363G0000X187,,2026-09-30T19:50Z,11500.0,set,60.0,set,https://www.tdk-electronics.tdk.com/inf/80/db/fer/etd_39_20_13.pdf,MnZn,"MAS material ""N87""",,,2.4000
TME,"FindChips aggregator listing (page fetched in the first collection, fc_results.jsonl)",TDK,B66363G0000X187,B66363G0000X187,N87,MnZn ferrite,ETD,ETD 39/20/13,unverified,,USD,10,1.7300,0,0,1,65,"Core: ferrite,  ETD,  N87,  2700nH,  11500mm3,  125mm2",https://www.findchips.com/search/B66363G0000X187,,2026-09-30T19:50Z,11500.0,set,60.0,set,https://www.tdk-electronics.tdk.com/inf/80/db/fer/etd_39_20_13.pdf,MnZn,"MAS material ""N87""",,,1.7300
TME,"FindChips aggregator listing (page fetched in the first collection, fc_results.jsonl)",TDK,B66363G0000X187,B66363G0000X187,N87,MnZn ferrite,ETD,ETD 39/20/13,unverified,,USD,25,1.5600,0,0,1,65,"Core: ferrite,  ETD,  N87,  2700nH,  11500mm3,  125mm2",https://www.findchips.com/search/B66363G0000X187,,2026-09-30T19:50Z,11500.0,set,60.0,set,https://www.tdk-electronics.tdk.com/inf/80/db/fer/etd_39_20_13.pdf,MnZn,"MAS material ""N87""",,,1.5600
TME,"FindChips aggregator listing (page fetched in the first collection, fc_results.jsonl)",TDK,B66363G0000X187,B66363G0000X187,N87,MnZn ferrite,ETD,ETD 39/20/13,unverified,,USD,52,1.4700,0,0,1,65,"Core: ferrite,  ETD,  N87,  2700nH,  11500mm3,  125mm2",https://www.findchips.com/search/B66363G0000X187,,2026-09-30T19:50Z,11500.0,set,60.0,set,https://www.tdk-electronics.tdk.com/inf/80/db/fer/etd_39_20_13.pdf,MnZn,"MAS material ""N87""",,,1.4700
TME,"FindChips aggregator listing (page fetched in the first collection, fc_results.jsonl)",TDK,B66363G0000X187,B66363G0000X187,N87,MnZn ferrite,ETD,ETD 39/20/13,unverified,,USD,104,1.4500,0,1,1,65,"Core: ferrite,  ETD,  N87,  2700nH,  11500mm3,  125mm2",https://www.findchips.com/search/B66363G0000X187,,2026-09-30T19:50Z,11500.0,set,60.0,set,https://www.tdk-electronics.tdk.com/inf/80/db/fer/etd_39_20_13.pdf,MnZn,"MAS material ""N87""",,,1.4500
Farnell,"FindChips aggregator listing (page fetched in the first collection, fc_results.jsonl)",TDK,B66367G0000X187,2355032,N87,MnZn ferrite,ETD,ETD 49/25/16,unverified,,EUR,1,4.0500,1,0,1,607,"NCLEO DE FERRITA, ETD, 49, N87",https://www.findchips.com/search/B66367G0000X187,,2026-09-30T19:50Z,24100.0,set,124.0,set,https://www.tdk-electronics.tdk.com/inf/80/db/fer/etd_49_25_16.pdf,MnZn,"MAS material ""N87""",1.13550,ECB euro reference rate 2026-09-30: 1 EUR = 1.1355 USD; https://www.ecb.europa.eu/stats/eurofxref/eurofxref-daily.xml fetched 2026-09-30T20:12:47Z,4.5988
Farnell,"FindChips aggregator listing (page fetched in the first collection, fc_results.jsonl)",TDK,B66367G0000X187,2355032,N87,MnZn ferrite,ETD,ETD 49/25/16,unverified,,EUR,5,3.0600,0,0,1,607,"NCLEO DE FERRITA, ETD, 49, N87",https://www.findchips.com/search/B66367G0000X187,,2026-09-30T19:50Z,24100.0,set,124.0,set,https://www.tdk-electronics.tdk.com/inf/80/db/fer/etd_49_25_16.pdf,MnZn,"MAS material ""N87""",1.13550,ECB euro reference rate 2026-09-30: 1 EUR = 1.1355 USD; https://www.ecb.europa.eu/stats/eurofxref/eurofxref-daily.xml fetched 2026-09-30T20:12:47Z,3.4746
Farnell,"FindChips aggregator listing (page fetched in the first collection, fc_results.jsonl)",TDK,B66367G0000X187,2355032,N87,MnZn ferrite,ETD,ETD 49/25/16,unverified,,EUR,10,2.5900,0,0,1,607,"NCLEO DE FERRITA, ETD, 49, N87",https://www.findchips.com/search/B66367G0000X187,,2026-09-30T19:50Z,24100.0,set,124.0,set,https://www.tdk-electronics.tdk.com/inf/80/db/fer/etd_49_25_16.pdf,MnZn,"MAS material ""N87""",1.13550,ECB euro reference rate 2026-09-30: 1 EUR = 1.1355 USD; https://www.ecb.europa.eu/stats/eurofxref/eurofxref-daily.xml fetched 2026-09-30T20:12:47Z,2.9409
Farnell,"FindChips aggregator listing (page fetched in the first collection, fc_results.jsonl)",TDK,B66367G0000X187,2355032,N87,MnZn ferrite,ETD,ETD 49/25/16,unverified,,EUR,25,2.3800,0,0,1,607,"NCLEO DE FERRITA, ETD, 49, N87",https://www.findchips.com/search/B66367G0000X187,,2026-09-30T19:50Z,24100.0,set,124.0,set,https://www.tdk-electronics.tdk.com/inf/80/db/fer/etd_49_25_16.pdf,MnZn,"MAS material ""N87""",1.13550,ECB euro reference rate 2026-09-30: 1 EUR = 1.1355 USD; https://www.ecb.europa.eu/stats/eurofxref/eurofxref-daily.xml fetched 2026-09-30T20:12:47Z,2.7025
Farnell,"FindChips aggregator listing (page fetched in the first collection, fc_results.jsonl)",TDK,B66367G0000X187,2355032,N87,MnZn ferrite,ETD,ETD 49/25/16,unverified,,EUR,50,2.2500,0,0,1,607,"NCLEO DE FERRITA, ETD, 49, N87",https://www.findchips.com/search/B66367G0000X187,,2026-09-30T19:50Z,24100.0,set,124.0,set,https://www.tdk-electronics.tdk.com/inf/80/db/fer/etd_49_25_16.pdf,MnZn,"MAS material ""N87""",1.13550,ECB euro reference rate 2026-09-30: 1 EUR = 1.1355 USD; https://www.ecb.europa.eu/stats/eurofxref/eurofxref-daily.xml fetched 2026-09-30T20:12:47Z,2.5549
Farnell,"FindChips aggregator listing (page fetched in the first collection, fc_results.jsonl)",TDK,B66367G0000X187,2355032,N87,MnZn ferrite,ETD,ETD 49/25/16,unverified,,EUR,120,2.1400,0,1,1,607,"NCLEO DE FERRITA, ETD, 49, N87",https://www.findchips.com/search/B66367G0000X187,,2026-09-30T19:50Z,24100.0,set,124.0,set,https://www.tdk-electronics.tdk.com/inf/80/db/fer/etd_49_25_16.pdf,MnZn,"MAS material ""N87""",1.13550,ECB euro reference rate 2026-09-30: 1 EUR = 1.1355 USD; https://www.ecb.europa.eu/stats/eurofxref/eurofxref-daily.xml fetched 2026-09-30T20:12:47Z,2.4300
TME,"FindChips aggregator listing (page fetched in the first collection, fc_results.jsonl)",TDK,B66367G0000X187,B66367G0000X187,N87,MnZn ferrite,ETD,ETD 49/25/16,unverified,,USD,1,3.2600,1,0,1,239,"Core: ferrite,  ETD,  3F3,  2800nH,  11500mm3,  125mm2",https://www.findchips.com/search/B66367G0000X187,,2026-09-30T19:50Z,24100.0,set,124.0,set,https://www.tdk-electronics.tdk.com/inf/80/db/fer/etd_49_25_16.pdf,MnZn,"MAS material ""N87""",,,3.2600
TME,"FindChips aggregator listing (page fetched in the first collection, fc_results.jsonl)",TDK,B66367G0000X187,B66367G0000X187,N87,MnZn ferrite,ETD,ETD 49/25/16,unverified,,USD,10,2.6600,0,0,1,239,"Core: ferrite,  ETD,  3F3,  2800nH,  11500mm3,  125mm2",https://www.findchips.com/search/B66367G0000X187,,2026-09-30T19:50Z,24100.0,set,124.0,set,https://www.tdk-electronics.tdk.com/inf/80/db/fer/etd_49_25_16.pdf,MnZn,"MAS material ""N87""",,,2.6600
TME,"FindChips aggregator listing (page fetched in the first collection, fc_results.jsonl)",TDK,B66367G0000X187,B66367G0000X187,N87,MnZn ferrite,ETD,ETD 49/25/16,unverified,,USD,30,2.5100,0,0,1,239,"Core: ferrite,  ETD,  3F3,  2800nH,  11500mm3,  125mm2",https://www.findchips.com/search/B66367G0000X187,,2026-09-30T19:50Z,24100.0,set,124.0,set,https://www.tdk-electronics.tdk.com/inf/80/db/fer/etd_49_25_16.pdf,MnZn,"MAS material ""N87""",,,2.5100
TME,"FindChips aggregator listing (page fetched in the first collection, fc_results.jsonl)",TDK,B66367G0000X187,B66367G0000X187,N87,MnZn ferrite,ETD,ETD 49/25/16,unverified,,USD,60,2.4400,0,0,1,239,"Core: ferrite,  ETD,  3F3,  2800nH,  11500mm3,  125mm2",https://www.findchips.com/search/B66367G0000X187,,2026-09-30T19:50Z,24100.0,set,124.0,set,https://www.tdk-electronics.tdk.com/inf/80/db/fer/etd_49_25_16.pdf,MnZn,"MAS material ""N87""",,,2.4400
TME,"FindChips aggregator listing (page fetched in the first collection, fc_results.jsonl)",TDK,B66367G0000X187,B66367G0000X187,N87,MnZn ferrite,ETD,ETD 49/25/16,unverified,,USD,120,2.3400,0,0,1,239,"Core: ferrite,  ETD,  3F3,  2800nH,  11500mm3,  125mm2",https://www.findchips.com/search/B66367G0000X187,,2026-09-30T19:50Z,24100.0,set,124.0,set,https://www.tdk-electronics.tdk.com/inf/80/db/fer/etd_49_25_16.pdf,MnZn,"MAS material ""N87""",,,2.3400
TME,"FindChips aggregator listing (page fetched in the first collection, fc_results.jsonl)",TDK,B66367G0000X187,B66367G0000X187,N87,MnZn ferrite,ETD,ETD 49/25/16,unverified,,USD,240,2.2600,0,0,1,239,"Core: ferrite,  ETD,  3F3,  2800nH,  11500mm3,  125mm2",https://www.findchips.com/search/B66367G0000X187,,2026-09-30T19:50Z,24100.0,set,124.0,set,https://www.tdk-electronics.tdk.com/inf/80/db/fer/etd_49_25_16.pdf,MnZn,"MAS material ""N87""",,,2.2600
TME,"FindChips aggregator listing (page fetched in the first collection, fc_results.jsonl)",TDK,B66367G0000X187,B66367G0000X187,N87,MnZn ferrite,ETD,ETD 49/25/16,unverified,,USD,480,2.2300,0,1,1,239,"Core: ferrite,  ETD,  3F3,  2800nH,  11500mm3,  125mm2",https://www.findchips.com/search/B66367G0000X187,,2026-09-30T19:50Z,24100.0,set,124.0,set,https://www.tdk-electronics.tdk.com/inf/80/db/fer/etd_49_25_16.pdf,MnZn,"MAS material ""N87""",,,2.2300
Farnell,"FindChips aggregator listing (page fetched in the first collection, fc_results.jsonl)",TDK,B66395G0000X187,2355034,N87,MnZn ferrite,ETD,ETD 54/28/19,unverified,,EUR,1,6.3900,1,0,1,116,"NCLEO DE FERRITA, ETD, 54, N87",https://www.findchips.com/search/B66395G0000X187,,2026-09-30T19:50Z,35600.0,set,180.0,set,https://www.tdk-electronics.tdk.com/inf/80/db/fer/etd_54_28_19.pdf,MnZn,"MAS material ""N87""",1.13550,ECB euro reference rate 2026-09-30: 1 EUR = 1.1355 USD; https://www.ecb.europa.eu/stats/eurofxref/eurofxref-daily.xml fetched 2026-09-30T20:12:47Z,7.2558
Farnell,"FindChips aggregator listing (page fetched in the first collection, fc_results.jsonl)",TDK,B66395G0000X187,2355034,N87,MnZn ferrite,ETD,ETD 54/28/19,unverified,,EUR,10,4.4400,0,0,1,116,"NCLEO DE FERRITA, ETD, 54, N87",https://www.findchips.com/search/B66395G0000X187,,2026-09-30T19:50Z,35600.0,set,180.0,set,https://www.tdk-electronics.tdk.com/inf/80/db/fer/etd_54_28_19.pdf,MnZn,"MAS material ""N87""",1.13550,ECB euro reference rate 2026-09-30: 1 EUR = 1.1355 USD; https://www.ecb.europa.eu/stats/eurofxref/eurofxref-daily.xml fetched 2026-09-30T20:12:47Z,5.0416
Farnell,"FindChips aggregator listing (page fetched in the first collection, fc_results.jsonl)",TDK,B66395G0000X187,2355034,N87,MnZn ferrite,ETD,ETD 54/28/19,unverified,,EUR,25,3.5500,0,0,1,116,"NCLEO DE FERRITA, ETD, 54, N87",https://www.findchips.com/search/B66395G0000X187,,2026-09-30T19:50Z,35600.0,set,180.0,set,https://www.tdk-electronics.tdk.com/inf/80/db/fer/etd_54_28_19.pdf,MnZn,"MAS material ""N87""",1.13550,ECB euro reference rate 2026-09-30: 1 EUR = 1.1355 USD; https://www.ecb.europa.eu/stats/eurofxref/eurofxref-daily.xml fetched 2026-09-30T20:12:47Z,4.0310
Farnell,"FindChips aggregator listing (page fetched in the first collection, fc_results.jsonl)",TDK,B66395G0000X187,2355034,N87,MnZn ferrite,ETD,ETD 54/28/19,unverified,,EUR,50,3.2500,0,0,1,116,"NCLEO DE FERRITA, ETD, 54, N87",https://www.findchips.com/search/B66395G0000X187,,2026-09-30T19:50Z,35600.0,set,180.0,set,https://www.tdk-electronics.tdk.com/inf/80/db/fer/etd_54_28_19.pdf,MnZn,"MAS material ""N87""",1.13550,ECB euro reference rate 2026-09-30: 1 EUR = 1.1355 USD; https://www.ecb.europa.eu/stats/eurofxref/eurofxref-daily.xml fetched 2026-09-30T20:12:47Z,3.6904
Farnell,"FindChips aggregator listing (page fetched in the first collection, fc_results.jsonl)",TDK,B66395G0000X187,2355034,N87,MnZn ferrite,ETD,ETD 54/28/19,unverified,,EUR,100,3.2400,0,0,1,116,"NCLEO DE FERRITA, ETD, 54, N87",https://www.findchips.com/search/B66395G0000X187,,2026-09-30T19:50Z,35600.0,set,180.0,set,https://www.tdk-electronics.tdk.com/inf/80/db/fer/etd_54_28_19.pdf,MnZn,"MAS material ""N87""",1.13550,ECB euro reference rate 2026-09-30: 1 EUR = 1.1355 USD; https://www.ecb.europa.eu/stats/eurofxref/eurofxref-daily.xml fetched 2026-09-30T20:12:47Z,3.6790
Farnell,"FindChips aggregator listing (page fetched in the first collection, fc_results.jsonl)",TDK,B66395G0000X187,2355034,N87,MnZn ferrite,ETD,ETD 54/28/19,unverified,,EUR,243,3.2300,0,1,1,116,"NCLEO DE FERRITA, ETD, 54, N87",https://www.findchips.com/search/B66395G0000X187,,2026-09-30T19:50Z,35600.0,set,180.0,set,https://www.tdk-electronics.tdk.com/inf/80/db/fer/etd_54_28_19.pdf,MnZn,"MAS material ""N87""",1.13550,ECB euro reference rate 2026-09-30: 1 EUR = 1.1355 USD; https://www.ecb.europa.eu/stats/eurofxref/eurofxref-daily.xml fetched 2026-09-30T20:12:47Z,3.6677
TME,"FindChips aggregator listing (page fetched in the first collection, fc_results.jsonl)",TDK,B66395G0000X187,B66395G0000X187,N87,MnZn ferrite,ETD,ETD 54/28/19,unverified,,USD,243,3.4400,0,1,243,0,"Core: ferrite,  ETD,  N87,  4450nH,  35600mm3,  280mm2",https://www.findchips.com/search/B66395G0000X187,,2026-09-30T19:50Z,35600.0,set,180.0,set,https://www.tdk-electronics.tdk.com/inf/80/db/fer/etd_54_28_19.pdf,MnZn,"MAS material ""N87""",,,3.4400
Farnell,"FindChips aggregator listing (page fetched in the first collection, fc_results.jsonl)",TDK,B66397G0000X187,2355035,N87,MnZn ferrite,ETD,ETD 59/31/22,unverified,,EUR,1,6.4000,1,0,1,0,"NCLEO DE FERRITA, ETD, 59, N87",https://www.findchips.com/search/B66397G0000X187,,2026-09-30T19:50Z,51200.0,set,260.0,set,https://www.tdk-electronics.tdk.com/inf/80/db/fer/etd_59_31_22.pdf,MnZn,"MAS material ""N87""",1.13550,ECB euro reference rate 2026-09-30: 1 EUR = 1.1355 USD; https://www.ecb.europa.eu/stats/eurofxref/eurofxref-daily.xml fetched 2026-09-30T20:12:47Z,7.2672
Farnell,"FindChips aggregator listing (page fetched in the first collection, fc_results.jsonl)",TDK,B66397G0000X187,2355035,N87,MnZn ferrite,ETD,ETD 59/31/22,unverified,,EUR,3,4.8400,0,0,1,0,"NCLEO DE FERRITA, ETD, 59, N87",https://www.findchips.com/search/B66397G0000X187,,2026-09-30T19:50Z,51200.0,set,260.0,set,https://www.tdk-electronics.tdk.com/inf/80/db/fer/etd_59_31_22.pdf,MnZn,"MAS material ""N87""",1.13550,ECB euro reference rate 2026-09-30: 1 EUR = 1.1355 USD; https://www.ecb.europa.eu/stats/eurofxref/eurofxref-daily.xml fetched 2026-09-30T20:12:47Z,5.4958
Farnell,"FindChips aggregator listing (page fetched in the first collection, fc_results.jsonl)",TDK,B66397G0000X187,2355035,N87,MnZn ferrite,ETD,ETD 59/31/22,unverified,,EUR,5,4.1000,0,0,1,0,"NCLEO DE FERRITA, ETD, 59, N87",https://www.findchips.com/search/B66397G0000X187,,2026-09-30T19:50Z,51200.0,set,260.0,set,https://www.tdk-electronics.tdk.com/inf/80/db/fer/etd_59_31_22.pdf,MnZn,"MAS material ""N87""",1.13550,ECB euro reference rate 2026-09-30: 1 EUR = 1.1355 USD; https://www.ecb.europa.eu/stats/eurofxref/eurofxref-daily.xml fetched 2026-09-30T20:12:47Z,4.6555
Farnell,"FindChips aggregator listing (page fetched in the first collection, fc_results.jsonl)",TDK,B66397G0000X187,2355035,N87,MnZn ferrite,ETD,ETD 59/31/22,unverified,,EUR,10,3.7600,0,0,1,0,"NCLEO DE FERRITA, ETD, 59, N87",https://www.findchips.com/search/B66397G0000X187,,2026-09-30T19:50Z,51200.0,set,260.0,set,https://www.tdk-electronics.tdk.com/inf/80/db/fer/etd_59_31_22.pdf,MnZn,"MAS material ""N87""",1.13550,ECB euro reference rate 2026-09-30: 1 EUR = 1.1355 USD; https://www.ecb.europa.eu/stats/eurofxref/eurofxref-daily.xml fetched 2026-09-30T20:12:47Z,4.2695
Farnell,"FindChips aggregator listing (page fetched in the first collection, fc_results.jsonl)",TDK,B66397G0000X187,2355035,N87,MnZn ferrite,ETD,ETD 59/31/22,unverified,,EUR,20,3.5600,0,0,1,0,"NCLEO DE FERRITA, ETD, 59, N87",https://www.findchips.com/search/B66397G0000X187,,2026-09-30T19:50Z,51200.0,set,260.0,set,https://www.tdk-electronics.tdk.com/inf/80/db/fer/etd_59_31_22.pdf,MnZn,"MAS material ""N87""",1.13550,ECB euro reference rate 2026-09-30: 1 EUR = 1.1355 USD; https://www.ecb.europa.eu/stats/eurofxref/eurofxref-daily.xml fetched 2026-09-30T20:12:47Z,4.0424
Farnell,"FindChips aggregator listing (page fetched in the first collection, fc_results.jsonl)",TDK,B66397G0000X187,2355035,N87,MnZn ferrite,ETD,ETD 59/31/22,unverified,,EUR,50,3.3800,0,1,1,0,"NCLEO DE FERRITA, ETD, 59, N87",https://www.findchips.com/search/B66397G0000X187,,2026-09-30T19:50Z,51200.0,set,260.0,set,https://www.tdk-electronics.tdk.com/inf/80/db/fer/etd_59_31_22.pdf,MnZn,"MAS material ""N87""",1.13550,ECB euro reference rate 2026-09-30: 1 EUR = 1.1355 USD; https://www.ecb.europa.eu/stats/eurofxref/eurofxref-daily.xml fetched 2026-09-30T20:12:47Z,3.8380
TME,"FindChips aggregator listing (page fetched in the first collection, fc_results.jsonl)",TDK,B66397G0000X187,B66397G0000X187,N87,MnZn ferrite,ETD,ETD 59/31/22,unverified,,USD,1,19.3900,1,0,1,0,"Core: ferrite,  ETD,  N87,  5300nH,  51200mm3,  368mm2",https://www.findchips.com/search/B66397G0000X187,,2026-09-30T19:50Z,51200.0,set,260.0,set,https://www.tdk-electronics.tdk.com/inf/80/db/fer/etd_59_31_22.pdf,MnZn,"MAS material ""N87""",,,19.3900
TME,"FindChips aggregator listing (page fetched in the first collection, fc_results.jsonl)",TDK,B66397G0000X187,B66397G0000X187,N87,MnZn ferrite,ETD,ETD 59/31/22,unverified,,USD,10,12.5100,0,0,1,0,"Core: ferrite,  ETD,  N87,  5300nH,  51200mm3,  368mm2",https://www.findchips.com/search/B66397G0000X187,,2026-09-30T19:50Z,51200.0,set,260.0,set,https://www.tdk-electronics.tdk.com/inf/80/db/fer/etd_59_31_22.pdf,MnZn,"MAS material ""N87""",,,12.5100
TME,"FindChips aggregator listing (page fetched in the first collection, fc_results.jsonl)",TDK,B66397G0000X187,B66397G0000X187,N87,MnZn ferrite,ETD,ETD 59/31/22,unverified,,USD,20,11.4000,0,0,1,0,"Core: ferrite,  ETD,  N87,  5300nH,  51200mm3,  368mm2",https://www.findchips.com/search/B66397G0000X187,,2026-09-30T19:50Z,51200.0,set,260.0,set,https://www.tdk-electronics.tdk.com/inf/80/db/fer/etd_59_31_22.pdf,MnZn,"MAS material ""N87""",,,11.4000
TME,"FindChips aggregator listing (page fetched in the first collection, fc_results.jsonl)",TDK,B66397G0000X187,B66397G0000X187,N87,MnZn ferrite,ETD,ETD 59/31/22,unverified,,USD,40,10.3000,0,1,1,0,"Core: ferrite,  ETD,  N87,  5300nH,  51200mm3,  368mm2",https://www.findchips.com/search/B66397G0000X187,,2026-09-30T19:50Z,51200.0,set,260.0,set,https://www.tdk-electronics.tdk.com/inf/80/db/fer/etd_59_31_22.pdf,MnZn,"MAS material ""N87""",,,10.3000
Farnell,"FindChips aggregator listing (page fetched in the first collection, fc_results.jsonl)",TDK,B65541W0000R087,4153955,N87,MnZn ferrite,P,P 14/8,unverified,,EUR,1,3.0200,1,0,1,5936,"TRANSFORM NCLEO, N87 PM, P14/8, 2.8UH",https://www.findchips.com/search/B65541W0000R087,,2026-09-30T19:51Z,,,,,,MnZn,"MAS material ""N87""",1.13550,ECB euro reference rate 2026-09-30: 1 EUR = 1.1355 USD; https://www.ecb.europa.eu/stats/eurofxref/eurofxref-daily.xml fetched 2026-09-30T20:12:47Z,3.4292
Farnell,"FindChips aggregator listing (page fetched in the first collection, fc_results.jsonl)",TDK,B65541W0000R087,4153955,N87,MnZn ferrite,P,P 14/8,unverified,,EUR,10,2.0600,0,0,1,5936,"TRANSFORM NCLEO, N87 PM, P14/8, 2.8UH",https://www.findchips.com/search/B65541W0000R087,,2026-09-30T19:51Z,,,,,,MnZn,"MAS material ""N87""",1.13550,ECB euro reference rate 2026-09-30: 1 EUR = 1.1355 USD; https://www.ecb.europa.eu/stats/eurofxref/eurofxref-daily.xml fetched 2026-09-30T20:12:47Z,2.3391
Farnell,"FindChips aggregator listing (page fetched in the first collection, fc_results.jsonl)",TDK,B65541W0000R087,4153955,N87,MnZn ferrite,P,P 14/8,unverified,,EUR,50,1.5300,0,0,1,5936,"TRANSFORM NCLEO, N87 PM, P14/8, 2.8UH",https://www.findchips.com/search/B65541W0000R087,,2026-09-30T19:51Z,,,,,,MnZn,"MAS material ""N87""",1.13550,ECB euro reference rate 2026-09-30: 1 EUR = 1.1355 USD; https://www.ecb.europa.eu/stats/eurofxref/eurofxref-daily.xml fetched 2026-09-30T20:12:47Z,1.7373
Farnell,"FindChips aggregator listing (page fetched in the first collection, fc_results.jsonl)",TDK,B65541W0000R087,4153955,N87,MnZn ferrite,P,P 14/8,unverified,,EUR,100,1.4700,0,0,1,5936,"TRANSFORM NCLEO, N87 PM, P14/8, 2.8UH",https://www.findchips.com/search/B65541W0000R087,,2026-09-30T19:51Z,,,,,,MnZn,"MAS material ""N87""",1.13550,ECB euro reference rate 2026-09-30: 1 EUR = 1.1355 USD; https://www.ecb.europa.eu/stats/eurofxref/eurofxref-daily.xml fetched 2026-09-30T20:12:47Z,1.6692
Farnell,"FindChips aggregator listing (page fetched in the first collection, fc_results.jsonl)",TDK,B65541W0000R087,4153955,N87,MnZn ferrite,P,P 14/8,unverified,,EUR,200,1.4100,0,0,1,5936,"TRANSFORM NCLEO, N87 PM, P14/8, 2.8UH",https://www.findchips.com/search/B65541W0000R087,,2026-09-30T19:51Z,,,,,,MnZn,"MAS material ""N87""",1.13550,ECB euro reference rate 2026-09-30: 1 EUR = 1.1355 USD; https://www.ecb.europa.eu/stats/eurofxref/eurofxref-daily.xml fetched 2026-09-30T20:12:47Z,1.6011
Farnell,"FindChips aggregator listing (page fetched in the first collection, fc_results.jsonl)",TDK,B65541W0000R087,4153955,N87,MnZn ferrite,P,P 14/8,unverified,,EUR,500,1.3500,0,1,1,5936,"TRANSFORM NCLEO, N87 PM, P14/8, 2.8UH",https://www.findchips.com/search/B65541W0000R087,,2026-09-30T19:51Z,,,,,,MnZn,"MAS material ""N87""",1.13550,ECB euro reference rate 2026-09-30: 1 EUR = 1.1355 USD; https://www.ecb.europa.eu/stats/eurofxref/eurofxref-daily.xml fetched 2026-09-30T20:12:47Z,1.5329
Farnell,"FindChips aggregator listing (page fetched in the first collection, fc_results.jsonl)",TDK,B65671W0000R087,2673421,N87,MnZn ferrite,P,P 26/16,unverified,,EUR,1,4.8200,1,0,1,378,"NCLEO DE FERRITA, N87, P26/16, 5.5UH",https://www.findchips.com/search/B65671W0000R087,,2026-09-30T19:51Z,,,,,,MnZn,"MAS material ""N87""",1.13550,ECB euro reference rate 2026-09-30: 1 EUR = 1.1355 USD; https://www.ecb.europa.eu/stats/eurofxref/eurofxref-daily.xml fetched 2026-09-30T20:12:47Z,5.4731
Farnell,"FindChips aggregator listing (page fetched in the first collection, fc_results.jsonl)",TDK,B65671W0000R087,2673421,N87,MnZn ferrite,P,P 26/16,unverified,,EUR,10,3.2800,0,0,1,378,"NCLEO DE FERRITA, N87, P26/16, 5.5UH",https://www.findchips.com/search/B65671W0000R087,,2026-09-30T19:51Z,,,,,,MnZn,"MAS material ""N87""",1.13550,ECB euro reference rate 2026-09-30: 1 EUR = 1.1355 USD; https://www.ecb.europa.eu/stats/eurofxref/eurofxref-daily.xml fetched 2026-09-30T20:12:47Z,3.7244
Farnell,"FindChips aggregator listing (page fetched in the first collection, fc_results.jsonl)",TDK,B65671W0000R087,2673421,N87,MnZn ferrite,P,P 26/16,unverified,,EUR,50,2.4200,0,0,1,378,"NCLEO DE FERRITA, N87, P26/16, 5.5UH",https://www.findchips.com/search/B65671W0000R087,,2026-09-30T19:51Z,,,,,,MnZn,"MAS material ""N87""",1.13550,ECB euro reference rate 2026-09-30: 1 EUR = 1.1355 USD; https://www.ecb.europa.eu/stats/eurofxref/eurofxref-daily.xml fetched 2026-09-30T20:12:47Z,2.7479
Farnell,"FindChips aggregator listing (page fetched in the first collection, fc_results.jsonl)",TDK,B65671W0000R087,2673421,N87,MnZn ferrite,P,P 26/16,unverified,,EUR,100,2.2300,0,0,1,378,"NCLEO DE FERRITA, N87, P26/16, 5.5UH",https://www.findchips.com/search/B65671W0000R087,,2026-09-30T19:51Z,,,,,,MnZn,"MAS material ""N87""",1.13550,ECB euro reference rate 2026-09-30: 1 EUR = 1.1355 USD; https://www.ecb.europa.eu/stats/eurofxref/eurofxref-daily.xml fetched 2026-09-30T20:12:47Z,2.5322
Farnell,"FindChips aggregator listing (page fetched in the first collection, fc_results.jsonl)",TDK,B65671W0000R087,2673421,N87,MnZn ferrite,P,P 26/16,unverified,,EUR,200,2.2200,0,1,1,378,"NCLEO DE FERRITA, N87, P26/16, 5.5UH",https://www.findchips.com/search/B65671W0000R087,,2026-09-30T19:51Z,,,,,,MnZn,"MAS material ""N87""",1.13550,ECB euro reference rate 2026-09-30: 1 EUR = 1.1355 USD; https://www.ecb.europa.eu/stats/eurofxref/eurofxref-daily.xml fetched 2026-09-30T20:12:47Z,2.5208
Farnell,"FindChips aggregator listing (page fetched in the first collection, fc_results.jsonl)",TDK,B65684A0000R087,2673423,N87,MnZn ferrite,PM,PM 62/49,unverified,,EUR,1,17.5200,1,0,1,0,"NCLEO FERRITA, N87, PM62/49, 9.2UH",https://www.findchips.com/search/B65684A0000R087,,2026-09-30T19:51Z,62000.0,set,280.0,set,https://www.tdk-electronics.tdk.com/inf/80/db/fer/pm_62_49.pdf,MnZn,"MAS material ""N87""",1.13550,ECB euro reference rate 2026-09-30: 1 EUR = 1.1355 USD; https://www.ecb.europa.eu/stats/eurofxref/eurofxref-daily.xml fetched 2026-09-30T20:12:47Z,19.8940
Farnell,"FindChips aggregator listing (page fetched in the first collection, fc_results.jsonl)",TDK,B65684A0000R087,2673423,N87,MnZn ferrite,PM,PM 62/49,unverified,,EUR,10,11.1100,0,0,1,0,"NCLEO FERRITA, N87, PM62/49, 9.2UH",https://www.findchips.com/search/B65684A0000R087,,2026-09-30T19:51Z,62000.0,set,280.0,set,https://www.tdk-electronics.tdk.com/inf/80/db/fer/pm_62_49.pdf,MnZn,"MAS material ""N87""",1.13550,ECB euro reference rate 2026-09-30: 1 EUR = 1.1355 USD; https://www.ecb.europa.eu/stats/eurofxref/eurofxref-daily.xml fetched 2026-09-30T20:12:47Z,12.6154
Farnell,"FindChips aggregator listing (page fetched in the first collection, fc_results.jsonl)",TDK,B65684A0000R087,2673423,N87,MnZn ferrite,PM,PM 62/49,unverified,,EUR,20,9.8000,0,1,1,0,"NCLEO FERRITA, N87, PM62/49, 9.2UH",https://www.findchips.com/search/B65684A0000R087,,2026-09-30T19:51Z,62000.0,set,280.0,set,https://www.tdk-electronics.tdk.com/inf/80/db/fer/pm_62_49.pdf,MnZn,"MAS material ""N87""",1.13550,ECB euro reference rate 2026-09-30: 1 EUR = 1.1355 USD; https://www.ecb.europa.eu/stats/eurofxref/eurofxref-daily.xml fetched 2026-09-30T20:12:47Z,11.1279
TME,"FindChips aggregator listing (page fetched in the first collection, fc_results.jsonl)",TDK,B65684A0000R087,B65684A0000R087,N87,MnZn ferrite,PM,PM 62/49,unverified,,USD,1,21.2300,1,0,1,33,"Core: ferrite,  PM,  N87,  9200nH,  62000mm3,  570mm2,  2pcs.",https://www.findchips.com/search/B65684A0000R087,,2026-09-30T19:51Z,62000.0,set,280.0,set,https://www.tdk-electronics.tdk.com/inf/80/db/fer/pm_62_49.pdf,MnZn,"MAS material ""N87""",,,21.2300
TME,"FindChips aggregator listing (page fetched in the first collection, fc_results.jsonl)",TDK,B65684A0000R087,B65684A0000R087,N87,MnZn ferrite,PM,PM 62/49,unverified,,USD,5,19.3900,0,0,1,33,"Core: ferrite,  PM,  N87,  9200nH,  62000mm3,  570mm2,  2pcs.",https://www.findchips.com/search/B65684A0000R087,,2026-09-30T19:51Z,62000.0,set,280.0,set,https://www.tdk-electronics.tdk.com/inf/80/db/fer/pm_62_49.pdf,MnZn,"MAS material ""N87""",,,19.3900
TME,"FindChips aggregator listing (page fetched in the first collection, fc_results.jsonl)",TDK,B65684A0000R087,B65684A0000R087,N87,MnZn ferrite,PM,PM 62/49,unverified,,USD,10,18.9300,0,0,1,33,"Core: ferrite,  PM,  N87,  9200nH,  62000mm3,  570mm2,  2pcs.",https://www.findchips.com/search/B65684A0000R087,,2026-09-30T19:51Z,62000.0,set,280.0,set,https://www.tdk-electronics.tdk.com/inf/80/db/fer/pm_62_49.pdf,MnZn,"MAS material ""N87""",,,18.9300
TME,"FindChips aggregator listing (page fetched in the first collection, fc_results.jsonl)",TDK,B65684A0000R087,B65684A0000R087,N87,MnZn ferrite,PM,PM 62/49,unverified,,USD,20,18.5900,0,0,1,33,"Core: ferrite,  PM,  N87,  9200nH,  62000mm3,  570mm2,  2pcs.",https://www.findchips.com/search/B65684A0000R087,,2026-09-30T19:51Z,62000.0,set,280.0,set,https://www.tdk-electronics.tdk.com/inf/80/db/fer/pm_62_49.pdf,MnZn,"MAS material ""N87""",,,18.5900
TME,"FindChips aggregator listing (page fetched in the first collection, fc_results.jsonl)",TDK,B65684A0000R087,B65684A0000R087,N87,MnZn ferrite,PM,PM 62/49,unverified,,USD,40,18.2400,0,1,1,33,"Core: ferrite,  PM,  N87,  9200nH,  62000mm3,  570mm2,  2pcs.",https://www.findchips.com/search/B65684A0000R087,,2026-09-30T19:51Z,62000.0,set,280.0,set,https://www.tdk-electronics.tdk.com/inf/80/db/fer/pm_62_49.pdf,MnZn,"MAS material ""N87""",,,18.2400
Farnell,"FindChips aggregator listing (page fetched in the first collection, fc_results.jsonl)",TDK,B65713A0000R087,2355045,N87,MnZn ferrite,PM,PM 87/70,unverified,,EUR,1,49.1700,1,0,1,0,"FERRITE CORE , PM 87 N87",https://www.findchips.com/search/B65713A0000R087,,2026-09-30T19:51Z,,,,,,MnZn,"MAS material ""N87""",1.13550,ECB euro reference rate 2026-09-30: 1 EUR = 1.1355 USD; https://www.ecb.europa.eu/stats/eurofxref/eurofxref-daily.xml fetched 2026-09-30T20:12:47Z,55.8325
Farnell,"FindChips aggregator listing (page fetched in the first collection, fc_results.jsonl)",TDK,B65713A0000R087,2355045,N87,MnZn ferrite,PM,PM 87/70,unverified,,EUR,10,44.1200,0,0,1,0,"FERRITE CORE , PM 87 N87",https://www.findchips.com/search/B65713A0000R087,,2026-09-30T19:51Z,,,,,,MnZn,"MAS material ""N87""",1.13550,ECB euro reference rate 2026-09-30: 1 EUR = 1.1355 USD; https://www.ecb.europa.eu/stats/eurofxref/eurofxref-daily.xml fetched 2026-09-30T20:12:47Z,50.0983
Farnell,"FindChips aggregator listing (page fetched in the first collection, fc_results.jsonl)",TDK,B65713A0000R087,2355045,N87,MnZn ferrite,PM,PM 87/70,unverified,,EUR,20,39.0600,0,1,1,0,"FERRITE CORE , PM 87 N87",https://www.findchips.com/search/B65713A0000R087,,2026-09-30T19:51Z,,,,,,MnZn,"MAS material ""N87""",1.13550,ECB euro reference rate 2026-09-30: 1 EUR = 1.1355 USD; https://www.ecb.europa.eu/stats/eurofxref/eurofxref-daily.xml fetched 2026-09-30T20:12:47Z,44.3526
Farnell,"FindChips aggregator listing (page fetched in the first collection, fc_results.jsonl)",TDK,B65879A0000R087,2355060,N87,MnZn ferrite,PQ,PQ 32/20,unverified,,EUR,1,4.5500,1,0,1,226,"FERRITE CORE , PQ 32 N87",https://www.findchips.com/search/B65879A0000R087,,2026-09-30T19:51Z,7460.0,set,41.0,set,https://www.tdk-electronics.tdk.com/inf/80/db/fer/pq_32_20.pdf,MnZn,"MAS material ""N87""",1.13550,ECB euro reference rate 2026-09-30: 1 EUR = 1.1355 USD; https://www.ecb.europa.eu/stats/eurofxref/eurofxref-daily.xml fetched 2026-09-30T20:12:47Z,5.1665
Farnell,"FindChips aggregator listing (page fetched in the first collection, fc_results.jsonl)",TDK,B65879A0000R087,2355060,N87,MnZn ferrite,PQ,PQ 32/20,unverified,,EUR,10,3.1000,0,0,1,226,"FERRITE CORE , PQ 32 N87",https://www.findchips.com/search/B65879A0000R087,,2026-09-30T19:51Z,7460.0,set,41.0,set,https://www.tdk-electronics.tdk.com/inf/80/db/fer/pq_32_20.pdf,MnZn,"MAS material ""N87""",1.13550,ECB euro reference rate 2026-09-30: 1 EUR = 1.1355 USD; https://www.ecb.europa.eu/stats/eurofxref/eurofxref-daily.xml fetched 2026-09-30T20:12:47Z,3.5200
Farnell,"FindChips aggregator listing (page fetched in the first collection, fc_results.jsonl)",TDK,B65879A0000R087,2355060,N87,MnZn ferrite,PQ,PQ 32/20,unverified,,EUR,25,3.0000,0,0,1,226,"FERRITE CORE , PQ 32 N87",https://www.findchips.com/search/B65879A0000R087,,2026-09-30T19:51Z,7460.0,set,41.0,set,https://www.tdk-electronics.tdk.com/inf/80/db/fer/pq_32_20.pdf,MnZn,"MAS material ""N87""",1.13550,ECB euro reference rate 2026-09-30: 1 EUR = 1.1355 USD; https://www.ecb.europa.eu/stats/eurofxref/eurofxref-daily.xml fetched 2026-09-30T20:12:47Z,3.4065
Farnell,"FindChips aggregator listing (page fetched in the first collection, fc_results.jsonl)",TDK,B65879A0000R087,2355060,N87,MnZn ferrite,PQ,PQ 32/20,unverified,,EUR,50,2.8900,0,0,1,226,"FERRITE CORE , PQ 32 N87",https://www.findchips.com/search/B65879A0000R087,,2026-09-30T19:51Z,7460.0,set,41.0,set,https://www.tdk-electronics.tdk.com/inf/80/db/fer/pq_32_20.pdf,MnZn,"MAS material ""N87""",1.13550,ECB euro reference rate 2026-09-30: 1 EUR = 1.1355 USD; https://www.ecb.europa.eu/stats/eurofxref/eurofxref-daily.xml fetched 2026-09-30T20:12:47Z,3.2816
Farnell,"FindChips aggregator listing (page fetched in the first collection, fc_results.jsonl)",TDK,B65879A0000R087,2355060,N87,MnZn ferrite,PQ,PQ 32/20,unverified,,EUR,100,2.7900,0,0,1,226,"FERRITE CORE , PQ 32 N87",https://www.findchips.com/search/B65879A0000R087,,2026-09-30T19:51Z,7460.0,set,41.0,set,https://www.tdk-electronics.tdk.com/inf/80/db/fer/pq_32_20.pdf,MnZn,"MAS material ""N87""",1.13550,ECB euro reference rate 2026-09-30: 1 EUR = 1.1355 USD; https://www.ecb.europa.eu/stats/eurofxref/eurofxref-daily.xml fetched 2026-09-30T20:12:47Z,3.1680
Farnell,"FindChips aggregator listing (page fetched in the first collection, fc_results.jsonl)",TDK,B65879A0000R087,2355060,N87,MnZn ferrite,PQ,PQ 32/20,unverified,,EUR,240,2.6800,0,1,1,226,"FERRITE CORE , PQ 32 N87",https://www.findchips.com/search/B65879A0000R087,,2026-09-30T19:51Z,7460.0,set,41.0,set,https://www.tdk-electronics.tdk.com/inf/80/db/fer/pq_32_20.pdf,MnZn,"MAS material ""N87""",1.13550,ECB euro reference rate 2026-09-30: 1 EUR = 1.1355 USD; https://www.ecb.europa.eu/stats/eurofxref/eurofxref-daily.xml fetched 2026-09-30T20:12:47Z,3.0431
Farnell,"FindChips aggregator listing (page fetched in the first collection, fc_results.jsonl)",TDK,B65881A0000R087,4153992,N87,MnZn ferrite,PQ,PQ 35/35,unverified,,EUR,1,11.0300,1,0,1,378,"TRANSFORM NCLEO, N87 PQ, PQ35/35, 4.5UH",https://www.findchips.com/search/B65881A0000R087,,2026-09-30T19:51Z,13650.0,set,74.0,set,https://www.tdk-electronics.tdk.com/inf/80/db/fer/pq_35_35.pdf,MnZn,"MAS material ""N87""",1.13550,ECB euro reference rate 2026-09-30: 1 EUR = 1.1355 USD; https://www.ecb.europa.eu/stats/eurofxref/eurofxref-daily.xml fetched 2026-09-30T20:12:47Z,12.5246
Farnell,"FindChips aggregator listing (page fetched in the first collection, fc_results.jsonl)",TDK,B65881A0000R087,4153992,N87,MnZn ferrite,PQ,PQ 35/35,unverified,,EUR,5,9.5300,0,0,1,378,"TRANSFORM NCLEO, N87 PQ, PQ35/35, 4.5UH",https://www.findchips.com/search/B65881A0000R087,,2026-09-30T19:51Z,13650.0,set,74.0,set,https://www.tdk-electronics.tdk.com/inf/80/db/fer/pq_35_35.pdf,MnZn,"MAS material ""N87""",1.13550,ECB euro reference rate 2026-09-30: 1 EUR = 1.1355 USD; https://www.ecb.europa.eu/stats/eurofxref/eurofxref-daily.xml fetched 2026-09-30T20:12:47Z,10.8213
Farnell,"FindChips aggregator listing (page fetched in the first collection, fc_results.jsonl)",TDK,B65881A0000R087,4153992,N87,MnZn ferrite,PQ,PQ 35/35,unverified,,EUR,10,8.0200,0,0,1,378,"TRANSFORM NCLEO, N87 PQ, PQ35/35, 4.5UH",https://www.findchips.com/search/B65881A0000R087,,2026-09-30T19:51Z,13650.0,set,74.0,set,https://www.tdk-electronics.tdk.com/inf/80/db/fer/pq_35_35.pdf,MnZn,"MAS material ""N87""",1.13550,ECB euro reference rate 2026-09-30: 1 EUR = 1.1355 USD; https://www.ecb.europa.eu/stats/eurofxref/eurofxref-daily.xml fetched 2026-09-30T20:12:47Z,9.1067
Farnell,"FindChips aggregator listing (page fetched in the first collection, fc_results.jsonl)",TDK,B65881A0000R087,4153992,N87,MnZn ferrite,PQ,PQ 35/35,unverified,,EUR,25,5.9100,0,0,1,378,"TRANSFORM NCLEO, N87 PQ, PQ35/35, 4.5UH",https://www.findchips.com/search/B65881A0000R087,,2026-09-30T19:51Z,13650.0,set,74.0,set,https://www.tdk-electronics.tdk.com/inf/80/db/fer/pq_35_35.pdf,MnZn,"MAS material ""N87""",1.13550,ECB euro reference rate 2026-09-30: 1 EUR = 1.1355 USD; https://www.ecb.europa.eu/stats/eurofxref/eurofxref-daily.xml fetched 2026-09-30T20:12:47Z,6.7108
Farnell,"FindChips aggregator listing (page fetched in the first collection, fc_results.jsonl)",TDK,B65881A0000R087,4153992,N87,MnZn ferrite,PQ,PQ 35/35,unverified,,EUR,50,5.6300,0,0,1,378,"TRANSFORM NCLEO, N87 PQ, PQ35/35, 4.5UH",https://www.findchips.com/search/B65881A0000R087,,2026-09-30T19:51Z,13650.0,set,74.0,set,https://www.tdk-electronics.tdk.com/inf/80/db/fer/pq_35_35.pdf,MnZn,"MAS material ""N87""",1.13550,ECB euro reference rate 2026-09-30: 1 EUR = 1.1355 USD; https://www.ecb.europa.eu/stats/eurofxref/eurofxref-daily.xml fetched 2026-09-30T20:12:47Z,6.3929
Farnell,"FindChips aggregator listing (page fetched in the first collection, fc_results.jsonl)",TDK,B65881A0000R087,4153992,N87,MnZn ferrite,PQ,PQ 35/35,unverified,,EUR,144,5.3000,0,1,1,378,"TRANSFORM NCLEO, N87 PQ, PQ35/35, 4.5UH",https://www.findchips.com/search/B65881A0000R087,,2026-09-30T19:51Z,13650.0,set,74.0,set,https://www.tdk-electronics.tdk.com/inf/80/db/fer/pq_35_35.pdf,MnZn,"MAS material ""N87""",1.13550,ECB euro reference rate 2026-09-30: 1 EUR = 1.1355 USD; https://www.ecb.europa.eu/stats/eurofxref/eurofxref-daily.xml fetched 2026-09-30T20:12:47Z,6.0181
TME,"FindChips aggregator listing (page fetched in the first collection, fc_results.jsonl)",TDK,B65887P0000R087,B65887P0000R087,N87,MnZn ferrite,RM,RM 14LP,unverified,,USD,60,6.5700,0,1,60,0,"Core: ferrite,  RM,  N87,  7100nH,  10230mm3,  201mm2,  Permeability: 1430",https://www.findchips.com/search/B65887P0000R087,,2026-09-30T19:52Z,14000.0,set,74.0,set,https://www.tdk-electronics.tdk.com/inf/80/db/fer/rm_14.pdf,MnZn,"MAS material ""N87""",,,6.5700
Farnell,"FindChips aggregator listing (page fetched in the first collection, fc_results.jsonl)",TDK,B64290L0045X087,2673402,N87,MnZn ferrite,T,T 16/9.6/6.3,per toroid,toroid (single piece),EUR,10,0.6910,0,0,10,103,"NCLEO FERRITA CILNDRICO, N87, 9.6MM",https://www.findchips.com/search/B64290L0045X087,,2026-09-30T19:52Z,760.0,toroid (value printed on sibling-material row of same geometry),3.7,toroid,https://www.tdk-electronics.tdk.com/inf/80/db/fer/r_16_0_9_60_6_30.pdf,MnZn,"MAS material ""N87""",1.13550,ECB euro reference rate 2026-09-30: 1 EUR = 1.1355 USD; https://www.ecb.europa.eu/stats/eurofxref/eurofxref-daily.xml fetched 2026-09-30T20:12:47Z,0.7846
Farnell,"FindChips aggregator listing (page fetched in the first collection, fc_results.jsonl)",TDK,B64290L0045X087,2673402,N87,MnZn ferrite,T,T 16/9.6/6.3,per toroid,toroid (single piece),EUR,100,0.4570,0,0,10,103,"NCLEO FERRITA CILNDRICO, N87, 9.6MM",https://www.findchips.com/search/B64290L0045X087,,2026-09-30T19:52Z,760.0,toroid (value printed on sibling-material row of same geometry),3.7,toroid,https://www.tdk-electronics.tdk.com/inf/80/db/fer/r_16_0_9_60_6_30.pdf,MnZn,"MAS material ""N87""",1.13550,ECB euro reference rate 2026-09-30: 1 EUR = 1.1355 USD; https://www.ecb.europa.eu/stats/eurofxref/eurofxref-daily.xml fetched 2026-09-30T20:12:47Z,0.5189
Farnell,"FindChips aggregator listing (page fetched in the first collection, fc_results.jsonl)",TDK,B64290L0045X087,2673402,N87,MnZn ferrite,T,T 16/9.6/6.3,per toroid,toroid (single piece),EUR,500,0.3780,0,0,10,103,"NCLEO FERRITA CILNDRICO, N87, 9.6MM",https://www.findchips.com/search/B64290L0045X087,,2026-09-30T19:52Z,760.0,toroid (value printed on sibling-material row of same geometry),3.7,toroid,https://www.tdk-electronics.tdk.com/inf/80/db/fer/r_16_0_9_60_6_30.pdf,MnZn,"MAS material ""N87""",1.13550,ECB euro reference rate 2026-09-30: 1 EUR = 1.1355 USD; https://www.ecb.europa.eu/stats/eurofxref/eurofxref-daily.xml fetched 2026-09-30T20:12:47Z,0.4292
Farnell,"FindChips aggregator listing (page fetched in the first collection, fc_results.jsonl)",TDK,B64290L0045X087,2673402,N87,MnZn ferrite,T,T 16/9.6/6.3,per toroid,toroid (single piece),EUR,1000,0.3580,0,1,10,103,"NCLEO FERRITA CILNDRICO, N87, 9.6MM",https://www.findchips.com/search/B64290L0045X087,,2026-09-30T19:52Z,760.0,toroid (value printed on sibling-material row of same geometry),3.7,toroid,https://www.tdk-electronics.tdk.com/inf/80/db/fer/r_16_0_9_60_6_30.pdf,MnZn,"MAS material ""N87""",1.13550,ECB euro reference rate 2026-09-30: 1 EUR = 1.1355 USD; https://www.ecb.europa.eu/stats/eurofxref/eurofxref-daily.xml fetched 2026-09-30T20:12:47Z,0.4065
Farnell,"FindChips aggregator listing (page fetched in the first collection, fc_results.jsonl)",TDK,B64290L0045X087,2673402,N87,MnZn ferrite,T,T 16/9.6/6.3,per toroid,toroid (single piece),EUR,2000,0.3380,0,0,10,103,"NCLEO FERRITA CILNDRICO, N87, 9.6MM",https://www.findchips.com/search/B64290L0045X087,,2026-09-30T19:52Z,760.0,toroid (value printed on sibling-material row of same geometry),3.7,toroid,https://www.tdk-electronics.tdk.com/inf/80/db/fer/r_16_0_9_60_6_30.pdf,MnZn,"MAS material ""N87""",1.13550,ECB euro reference rate 2026-09-30: 1 EUR = 1.1355 USD; https://www.ecb.europa.eu/stats/eurofxref/eurofxref-daily.xml fetched 2026-09-30T20:12:47Z,0.3838
Farnell,"FindChips aggregator listing (page fetched in the first collection, fc_results.jsonl)",TDK,B64290L0045X087,2673402,N87,MnZn ferrite,T,T 16/9.6/6.3,per toroid,toroid (single piece),EUR,4000,0.3210,0,0,10,103,"NCLEO FERRITA CILNDRICO, N87, 9.6MM",https://www.findchips.com/search/B64290L0045X087,,2026-09-30T19:52Z,760.0,toroid (value printed on sibling-material row of same geometry),3.7,toroid,https://www.tdk-electronics.tdk.com/inf/80/db/fer/r_16_0_9_60_6_30.pdf,MnZn,"MAS material ""N87""",1.13550,ECB euro reference rate 2026-09-30: 1 EUR = 1.1355 USD; https://www.ecb.europa.eu/stats/eurofxref/eurofxref-daily.xml fetched 2026-09-30T20:12:47Z,0.3645
TME,"FindChips aggregator listing (page fetched in the first collection, fc_results.jsonl)",TDK,B64290L0045X087,B64290L0045X087,N87,MnZn ferrite,T,T 16/9.6/6.3,per toroid,toroid (single piece),USD,4000,0.3250,0,0,4000,0,"Ferrite: toroidal,  L: 6.3mm,  Øint: 9.6mm,  Øout: 16mm,  Core mat: N87",https://www.findchips.com/search/B64290L0045X087,,2026-09-30T19:52Z,760.0,toroid (value printed on sibling-material row of same geometry),3.7,toroid,https://www.tdk-electronics.tdk.com/inf/80/db/fer/r_16_0_9_60_6_30.pdf,MnZn,"MAS material ""N87""",,,0.3250
Farnell,"FindChips aggregator listing (page fetched in the first collection, fc_results.jsonl)",TDK,B64290L0647X087,2673799,N87,MnZn ferrite,T,T 29.5/19/14.9,per toroid,toroid (single piece),EUR,1,3.9600,1,0,1,0,"NCLEO FERRITA CILNDRICO, N87, 19MM",https://www.findchips.com/search/B64290L0647X087,,2026-09-30T19:52Z,5680.0,toroid,27.0,toroid,https://www.tdk-electronics.tdk.com/inf/80/db/fer/r_29_5_19_0_14_9.pdf,MnZn,"MAS material ""N87""",1.13550,ECB euro reference rate 2026-09-30: 1 EUR = 1.1355 USD; https://www.ecb.europa.eu/stats/eurofxref/eurofxref-daily.xml fetched 2026-09-30T20:12:47Z,4.4966
Farnell,"FindChips aggregator listing (page fetched in the first collection, fc_results.jsonl)",TDK,B64290L0647X087,2673799,N87,MnZn ferrite,T,T 29.5/19/14.9,per toroid,toroid (single piece),EUR,5,3.3400,0,0,1,0,"NCLEO FERRITA CILNDRICO, N87, 19MM",https://www.findchips.com/search/B64290L0647X087,,2026-09-30T19:52Z,5680.0,toroid,27.0,toroid,https://www.tdk-electronics.tdk.com/inf/80/db/fer/r_29_5_19_0_14_9.pdf,MnZn,"MAS material ""N87""",1.13550,ECB euro reference rate 2026-09-30: 1 EUR = 1.1355 USD; https://www.ecb.europa.eu/stats/eurofxref/eurofxref-daily.xml fetched 2026-09-30T20:12:47Z,3.7926
Farnell,"FindChips aggregator listing (page fetched in the first collection, fc_results.jsonl)",TDK,B64290L0647X087,2673799,N87,MnZn ferrite,T,T 29.5/19/14.9,per toroid,toroid (single piece),EUR,10,2.7100,0,0,1,0,"NCLEO FERRITA CILNDRICO, N87, 19MM",https://www.findchips.com/search/B64290L0647X087,,2026-09-30T19:52Z,5680.0,toroid,27.0,toroid,https://www.tdk-electronics.tdk.com/inf/80/db/fer/r_29_5_19_0_14_9.pdf,MnZn,"MAS material ""N87""",1.13550,ECB euro reference rate 2026-09-30: 1 EUR = 1.1355 USD; https://www.ecb.europa.eu/stats/eurofxref/eurofxref-daily.xml fetched 2026-09-30T20:12:47Z,3.0772
Farnell,"FindChips aggregator listing (page fetched in the first collection, fc_results.jsonl)",TDK,B64290L0647X087,2673799,N87,MnZn ferrite,T,T 29.5/19/14.9,per toroid,toroid (single piece),EUR,25,2.3100,0,0,1,0,"NCLEO FERRITA CILNDRICO, N87, 19MM",https://www.findchips.com/search/B64290L0647X087,,2026-09-30T19:52Z,5680.0,toroid,27.0,toroid,https://www.tdk-electronics.tdk.com/inf/80/db/fer/r_29_5_19_0_14_9.pdf,MnZn,"MAS material ""N87""",1.13550,ECB euro reference rate 2026-09-30: 1 EUR = 1.1355 USD; https://www.ecb.europa.eu/stats/eurofxref/eurofxref-daily.xml fetched 2026-09-30T20:12:47Z,2.6230
Farnell,"FindChips aggregator listing (page fetched in the first collection, fc_results.jsonl)",TDK,B64290L0647X087,2673799,N87,MnZn ferrite,T,T 29.5/19/14.9,per toroid,toroid (single piece),EUR,50,2.0200,0,0,1,0,"NCLEO FERRITA CILNDRICO, N87, 19MM",https://www.findchips.com/search/B64290L0647X087,,2026-09-30T19:52Z,5680.0,toroid,27.0,toroid,https://www.tdk-electronics.tdk.com/inf/80/db/fer/r_29_5_19_0_14_9.pdf,MnZn,"MAS material ""N87""",1.13550,ECB euro reference rate 2026-09-30: 1 EUR = 1.1355 USD; https://www.ecb.europa.eu/stats/eurofxref/eurofxref-daily.xml fetched 2026-09-30T20:12:47Z,2.2937
Farnell,"FindChips aggregator listing (page fetched in the first collection, fc_results.jsonl)",TDK,B64290L0647X087,2673799,N87,MnZn ferrite,T,T 29.5/19/14.9,per toroid,toroid (single piece),EUR,200,1.6700,0,1,1,0,"NCLEO FERRITA CILNDRICO, N87, 19MM",https://www.findchips.com/search/B64290L0647X087,,2026-09-30T19:52Z,5680.0,toroid,27.0,toroid,https://www.tdk-electronics.tdk.com/inf/80/db/fer/r_29_5_19_0_14_9.pdf,MnZn,"MAS material ""N87""",1.13550,ECB euro reference rate 2026-09-30: 1 EUR = 1.1355 USD; https://www.ecb.europa.eu/stats/eurofxref/eurofxref-daily.xml fetched 2026-09-30T20:12:47Z,1.8963
TME,"FindChips aggregator listing (page fetched in the first collection, fc_results.jsonl)",TDK,B64290L0647X087,B64290L0647X087,N87,MnZn ferrite,T,T 29.5/19/14.9,per toroid,toroid (single piece),USD,1,5.0900,1,0,1,0,"Ferrite: toroidal,  L: 14.9mm,  Øint: 19mm,  Øout: 29.5mm,  Core mat: N87",https://www.findchips.com/search/B64290L0647X087,,2026-09-30T19:52Z,5680.0,toroid,27.0,toroid,https://www.tdk-electronics.tdk.com/inf/80/db/fer/r_29_5_19_0_14_9.pdf,MnZn,"MAS material ""N87""",,,5.0900
TME,"FindChips aggregator listing (page fetched in the first collection, fc_results.jsonl)",TDK,B64290L0647X087,B64290L0647X087,N87,MnZn ferrite,T,T 29.5/19/14.9,per toroid,toroid (single piece),USD,5,4.1600,0,0,1,0,"Ferrite: toroidal,  L: 14.9mm,  Øint: 19mm,  Øout: 29.5mm,  Core mat: N87",https://www.findchips.com/search/B64290L0647X087,,2026-09-30T19:52Z,5680.0,toroid,27.0,toroid,https://www.tdk-electronics.tdk.com/inf/80/db/fer/r_29_5_19_0_14_9.pdf,MnZn,"MAS material ""N87""",,,4.1600
TME,"FindChips aggregator listing (page fetched in the first collection, fc_results.jsonl)",TDK,B64290L0647X087,B64290L0647X087,N87,MnZn ferrite,T,T 29.5/19/14.9,per toroid,toroid (single piece),USD,10,3.6000,0,0,1,0,"Ferrite: toroidal,  L: 14.9mm,  Øint: 19mm,  Øout: 29.5mm,  Core mat: N87",https://www.findchips.com/search/B64290L0647X087,,2026-09-30T19:52Z,5680.0,toroid,27.0,toroid,https://www.tdk-electronics.tdk.com/inf/80/db/fer/r_29_5_19_0_14_9.pdf,MnZn,"MAS material ""N87""",,,3.6000
TME,"FindChips aggregator listing (page fetched in the first collection, fc_results.jsonl)",TDK,B64290L0647X087,B64290L0647X087,N87,MnZn ferrite,T,T 29.5/19/14.9,per toroid,toroid (single piece),USD,25,2.9500,0,0,1,0,"Ferrite: toroidal,  L: 14.9mm,  Øint: 19mm,  Øout: 29.5mm,  Core mat: N87",https://www.findchips.com/search/B64290L0647X087,,2026-09-30T19:52Z,5680.0,toroid,27.0,toroid,https://www.tdk-electronics.tdk.com/inf/80/db/fer/r_29_5_19_0_14_9.pdf,MnZn,"MAS material ""N87""",,,2.9500
TME,"FindChips aggregator listing (page fetched in the first collection, fc_results.jsonl)",TDK,B64290L0647X087,B64290L0647X087,N87,MnZn ferrite,T,T 29.5/19/14.9,per toroid,toroid (single piece),USD,50,2.6500,0,0,1,0,"Ferrite: toroidal,  L: 14.9mm,  Øint: 19mm,  Øout: 29.5mm,  Core mat: N87",https://www.findchips.com/search/B64290L0647X087,,2026-09-30T19:52Z,5680.0,toroid,27.0,toroid,https://www.tdk-electronics.tdk.com/inf/80/db/fer/r_29_5_19_0_14_9.pdf,MnZn,"MAS material ""N87""",,,2.6500
TME,"FindChips aggregator listing (page fetched in the first collection, fc_results.jsonl)",TDK,B64290L0647X087,B64290L0647X087,N87,MnZn ferrite,T,T 29.5/19/14.9,per toroid,toroid (single piece),USD,100,2.5600,0,1,1,0,"Ferrite: toroidal,  L: 14.9mm,  Øint: 19mm,  Øout: 29.5mm,  Core mat: N87",https://www.findchips.com/search/B64290L0647X087,,2026-09-30T19:52Z,5680.0,toroid,27.0,toroid,https://www.tdk-electronics.tdk.com/inf/80/db/fer/r_29_5_19_0_14_9.pdf,MnZn,"MAS material ""N87""",,,2.5600
Farnell,"FindChips aggregator listing (page fetched in the first collection, fc_results.jsonl)",TDK,B67345B0003X087,4659479,N87,MnZn ferrite,U,U 93/76/16,unverified,,EUR,1,22.2500,1,0,1,0,NCLEO TRANSFORMAD U93/76/16 N87 354MM,https://www.findchips.com/search/B67345B0003X087,,2026-09-30T19:52Z,,,,,,MnZn,"MAS material ""N87""",1.13550,ECB euro reference rate 2026-09-30: 1 EUR = 1.1355 USD; https://www.ecb.europa.eu/stats/eurofxref/eurofxref-daily.xml fetched 2026-09-30T20:12:47Z,25.2649
Farnell,"FindChips aggregator listing (page fetched in the first collection, fc_results.jsonl)",TDK,B67345B0003X087,4659479,N87,MnZn ferrite,U,U 93/76/16,unverified,,EUR,10,16.5500,0,0,1,0,NCLEO TRANSFORMAD U93/76/16 N87 354MM,https://www.findchips.com/search/B67345B0003X087,,2026-09-30T19:52Z,,,,,,MnZn,"MAS material ""N87""",1.13550,ECB euro reference rate 2026-09-30: 1 EUR = 1.1355 USD; https://www.ecb.europa.eu/stats/eurofxref/eurofxref-daily.xml fetched 2026-09-30T20:12:47Z,18.7925
Farnell,"FindChips aggregator listing (page fetched in the first collection, fc_results.jsonl)",TDK,B67345B0003X087,4659479,N87,MnZn ferrite,U,U 93/76/16,unverified,,EUR,20,16.2200,0,1,1,0,NCLEO TRANSFORMAD U93/76/16 N87 354MM,https://www.findchips.com/search/B67345B0003X087,,2026-09-30T19:52Z,,,,,,MnZn,"MAS material ""N87""",1.13550,ECB euro reference rate 2026-09-30: 1 EUR = 1.1355 USD; https://www.ecb.europa.eu/stats/eurofxref/eurofxref-daily.xml fetched 2026-09-30T20:12:47Z,18.4178
Farnell,"FindChips aggregator listing (page fetched in the first collection, fc_results.jsonl)",TDK,B66283G0000X197,3931916,N97,MnZn ferrite,E,E 18/4/10,per half (piece),"TDK datasheet ordering code column ""(per piece)""",EUR,2016,0.8920,0,0,2016,0,"NCLEO TRANSFORMADOR, ELP, N97, 2670 NH",https://www.findchips.com/search/B66283G0000X197,,2026-09-30T19:54Z,955.0,set,4.8,set,https://www.tdk-electronics.tdk.com/inf/80/db/fer/elp_18_4_10.pdf,MnZn,"MAS material ""N97""",1.13550,ECB euro reference rate 2026-09-30: 1 EUR = 1.1355 USD; https://www.ecb.europa.eu/stats/eurofxref/eurofxref-daily.xml fetched 2026-09-30T20:12:47Z,1.0129
Farnell,"FindChips aggregator listing (page fetched in the first collection, fc_results.jsonl)",TDK,B66291G0000X197,4154008,N97,MnZn ferrite,E,E 43/10/28,per half (piece),"TDK datasheet ordering code column ""(per piece)""",EUR,1,5.9300,1,0,1,90,"TRANSFORM NCLEO, N97, PLANAR ELP",https://www.findchips.com/search/B66291G0000X197,,2026-09-30T19:54Z,13748.0,set,70.0,set,https://www.tdk-electronics.tdk.com/inf/80/db/fer/elp_43_10_28.pdf,MnZn,"MAS material ""N97""",1.13550,ECB euro reference rate 2026-09-30: 1 EUR = 1.1355 USD; https://www.ecb.europa.eu/stats/eurofxref/eurofxref-daily.xml fetched 2026-09-30T20:12:47Z,6.7335
Farnell,"FindChips aggregator listing (page fetched in the first collection, fc_results.jsonl)",TDK,B66291G0000X197,4154008,N97,MnZn ferrite,E,E 43/10/28,per half (piece),"TDK datasheet ordering code column ""(per piece)""",EUR,5,5.0200,0,0,1,90,"TRANSFORM NCLEO, N97, PLANAR ELP",https://www.findchips.com/search/B66291G0000X197,,2026-09-30T19:54Z,13748.0,set,70.0,set,https://www.tdk-electronics.tdk.com/inf/80/db/fer/elp_43_10_28.pdf,MnZn,"MAS material ""N97""",1.13550,ECB euro reference rate 2026-09-30: 1 EUR = 1.1355 USD; https://www.ecb.europa.eu/stats/eurofxref/eurofxref-daily.xml fetched 2026-09-30T20:12:47Z,5.7002
Farnell,"FindChips aggregator listing (page fetched in the first collection, fc_results.jsonl)",TDK,B66291G0000X197,4154008,N97,MnZn ferrite,E,E 43/10/28,per half (piece),"TDK datasheet ordering code column ""(per piece)""",EUR,10,4.1100,0,0,1,90,"TRANSFORM NCLEO, N97, PLANAR ELP",https://www.findchips.com/search/B66291G0000X197,,2026-09-30T19:54Z,13748.0,set,70.0,set,https://www.tdk-electronics.tdk.com/inf/80/db/fer/elp_43_10_28.pdf,MnZn,"MAS material ""N97""",1.13550,ECB euro reference rate 2026-09-30: 1 EUR = 1.1355 USD; https://www.ecb.europa.eu/stats/eurofxref/eurofxref-daily.xml fetched 2026-09-30T20:12:47Z,4.6669
Farnell,"FindChips aggregator listing (page fetched in the first collection, fc_results.jsonl)",TDK,B66291G0000X197,4154008,N97,MnZn ferrite,E,E 43/10/28,per half (piece),"TDK datasheet ordering code column ""(per piece)""",EUR,25,3.2900,0,0,1,90,"TRANSFORM NCLEO, N97, PLANAR ELP",https://www.findchips.com/search/B66291G0000X197,,2026-09-30T19:54Z,13748.0,set,70.0,set,https://www.tdk-electronics.tdk.com/inf/80/db/fer/elp_43_10_28.pdf,MnZn,"MAS material ""N97""",1.13550,ECB euro reference rate 2026-09-30: 1 EUR = 1.1355 USD; https://www.ecb.europa.eu/stats/eurofxref/eurofxref-daily.xml fetched 2026-09-30T20:12:47Z,3.7358
Farnell,"FindChips aggregator listing (page fetched in the first collection, fc_results.jsonl)",TDK,B66291G0000X197,4154008,N97,MnZn ferrite,E,E 43/10/28,per half (piece),"TDK datasheet ordering code column ""(per piece)""",EUR,50,3.1900,0,0,1,90,"TRANSFORM NCLEO, N97, PLANAR ELP",https://www.findchips.com/search/B66291G0000X197,,2026-09-30T19:54Z,13748.0,set,70.0,set,https://www.tdk-electronics.tdk.com/inf/80/db/fer/elp_43_10_28.pdf,MnZn,"MAS material ""N97""",1.13550,ECB euro reference rate 2026-09-30: 1 EUR = 1.1355 USD; https://www.ecb.europa.eu/stats/eurofxref/eurofxref-daily.xml fetched 2026-09-30T20:12:47Z,3.6222
Farnell,"FindChips aggregator listing (page fetched in the first collection, fc_results.jsonl)",TDK,B66291G0000X197,4154008,N97,MnZn ferrite,E,E 43/10/28,per half (piece),"TDK datasheet ordering code column ""(per piece)""",EUR,150,3.0800,0,1,1,90,"TRANSFORM NCLEO, N97, PLANAR ELP",https://www.findchips.com/search/B66291G0000X197,,2026-09-30T19:54Z,13748.0,set,70.0,set,https://www.tdk-electronics.tdk.com/inf/80/db/fer/elp_43_10_28.pdf,MnZn,"MAS material ""N97""",1.13550,ECB euro reference rate 2026-09-30: 1 EUR = 1.1355 USD; https://www.ecb.europa.eu/stats/eurofxref/eurofxref-daily.xml fetched 2026-09-30T20:12:47Z,3.4973
Farnell,"FindChips aggregator listing (page fetched in the first collection, fc_results.jsonl)",TDK,B66375G0000X197,4968871,N97,MnZn ferrite,E,E 80/38/20,unverified,,EUR,1,5.9200,1,0,1,0,"NCLEO FERRITA, N97, E80/38/20, 4.7UH",https://www.findchips.com/search/B66375G0000X197,,2026-09-30T19:54Z,,,,,,MnZn,"MAS material ""N97""",1.13550,ECB euro reference rate 2026-09-30: 1 EUR = 1.1355 USD; https://www.ecb.europa.eu/stats/eurofxref/eurofxref-daily.xml fetched 2026-09-30T20:12:47Z,6.7222
Farnell,"FindChips aggregator listing (page fetched in the first collection, fc_results.jsonl)",TDK,B66375G0000X197,4968871,N97,MnZn ferrite,E,E 80/38/20,unverified,,EUR,3,5.3200,0,0,1,0,"NCLEO FERRITA, N97, E80/38/20, 4.7UH",https://www.findchips.com/search/B66375G0000X197,,2026-09-30T19:54Z,,,,,,MnZn,"MAS material ""N97""",1.13550,ECB euro reference rate 2026-09-30: 1 EUR = 1.1355 USD; https://www.ecb.europa.eu/stats/eurofxref/eurofxref-daily.xml fetched 2026-09-30T20:12:47Z,6.0409
Farnell,"FindChips aggregator listing (page fetched in the first collection, fc_results.jsonl)",TDK,B66375G0000X197,4968871,N97,MnZn ferrite,E,E 80/38/20,unverified,,EUR,5,4.7100,0,0,1,0,"NCLEO FERRITA, N97, E80/38/20, 4.7UH",https://www.findchips.com/search/B66375G0000X197,,2026-09-30T19:54Z,,,,,,MnZn,"MAS material ""N97""",1.13550,ECB euro reference rate 2026-09-30: 1 EUR = 1.1355 USD; https://www.ecb.europa.eu/stats/eurofxref/eurofxref-daily.xml fetched 2026-09-30T20:12:47Z,5.3482
Farnell,"FindChips aggregator listing (page fetched in the first collection, fc_results.jsonl)",TDK,B66375G0000X197,4968871,N97,MnZn ferrite,E,E 80/38/20,unverified,,EUR,10,4.1100,0,0,1,0,"NCLEO FERRITA, N97, E80/38/20, 4.7UH",https://www.findchips.com/search/B66375G0000X197,,2026-09-30T19:54Z,,,,,,MnZn,"MAS material ""N97""",1.13550,ECB euro reference rate 2026-09-30: 1 EUR = 1.1355 USD; https://www.ecb.europa.eu/stats/eurofxref/eurofxref-daily.xml fetched 2026-09-30T20:12:47Z,4.6669
Farnell,"FindChips aggregator listing (page fetched in the first collection, fc_results.jsonl)",TDK,B66375G0000X197,4968871,N97,MnZn ferrite,E,E 80/38/20,unverified,,EUR,20,3.5600,0,0,1,0,"NCLEO FERRITA, N97, E80/38/20, 4.7UH",https://www.findchips.com/search/B66375G0000X197,,2026-09-30T19:54Z,,,,,,MnZn,"MAS material ""N97""",1.13550,ECB euro reference rate 2026-09-30: 1 EUR = 1.1355 USD; https://www.ecb.europa.eu/stats/eurofxref/eurofxref-daily.xml fetched 2026-09-30T20:12:47Z,4.0424
Farnell,"FindChips aggregator listing (page fetched in the first collection, fc_results.jsonl)",TDK,B66375G0000X197,4968871,N97,MnZn ferrite,E,E 80/38/20,unverified,,EUR,50,3.0100,0,1,1,0,"NCLEO FERRITA, N97, E80/38/20, 4.7UH",https://www.findchips.com/search/B66375G0000X197,,2026-09-30T19:54Z,,,,,,MnZn,"MAS material ""N97""",1.13550,ECB euro reference rate 2026-09-30: 1 EUR = 1.1355 USD; https://www.ecb.europa.eu/stats/eurofxref/eurofxref-daily.xml fetched 2026-09-30T20:12:47Z,3.4179
Farnell,"FindChips aggregator listing (page fetched in the first collection, fc_results.jsonl)",TDK,B66417G0000X197,1422729,N97,MnZn ferrite,EFD,EFD 20/10/7,unverified,,EUR,1,1.2400,1,0,1,3212,"NCLEO DE FERRITA, EFD, N97",https://www.findchips.com/search/B66417G0000X197,,2026-09-30T19:54Z,1460.0,set,7.2,set,https://www.tdk-electronics.tdk.com/inf/80/db/fer/efd_20_10_7.pdf,MnZn,"MAS material ""N97""",1.13550,ECB euro reference rate 2026-09-30: 1 EUR = 1.1355 USD; https://www.ecb.europa.eu/stats/eurofxref/eurofxref-daily.xml fetched 2026-09-30T20:12:47Z,1.4080
Farnell,"FindChips aggregator listing (page fetched in the first collection, fc_results.jsonl)",TDK,B66417G0000X197,1422729,N97,MnZn ferrite,EFD,EFD 20/10/7,unverified,,EUR,50,0.6860,0,0,1,3212,"NCLEO DE FERRITA, EFD, N97",https://www.findchips.com/search/B66417G0000X197,,2026-09-30T19:54Z,1460.0,set,7.2,set,https://www.tdk-electronics.tdk.com/inf/80/db/fer/efd_20_10_7.pdf,MnZn,"MAS material ""N97""",1.13550,ECB euro reference rate 2026-09-30: 1 EUR = 1.1355 USD; https://www.ecb.europa.eu/stats/eurofxref/eurofxref-daily.xml fetched 2026-09-30T20:12:47Z,0.7790
Farnell,"FindChips aggregator listing (page fetched in the first collection, fc_results.jsonl)",TDK,B66417G0000X197,1422729,N97,MnZn ferrite,EFD,EFD 20/10/7,unverified,,EUR,100,0.6040,0,0,1,3212,"NCLEO DE FERRITA, EFD, N97",https://www.findchips.com/search/B66417G0000X197,,2026-09-30T19:54Z,1460.0,set,7.2,set,https://www.tdk-electronics.tdk.com/inf/80/db/fer/efd_20_10_7.pdf,MnZn,"MAS material ""N97""",1.13550,ECB euro reference rate 2026-09-30: 1 EUR = 1.1355 USD; https://www.ecb.europa.eu/stats/eurofxref/eurofxref-daily.xml fetched 2026-09-30T20:12:47Z,0.6858
Farnell,"FindChips aggregator listing (page fetched in the first collection, fc_results.jsonl)",TDK,B66417G0000X197,1422729,N97,MnZn ferrite,EFD,EFD 20/10/7,unverified,,EUR,250,0.4900,0,0,1,3212,"NCLEO DE FERRITA, EFD, N97",https://www.findchips.com/search/B66417G0000X197,,2026-09-30T19:54Z,1460.0,set,7.2,set,https://www.tdk-electronics.tdk.com/inf/80/db/fer/efd_20_10_7.pdf,MnZn,"MAS material ""N97""",1.13550,ECB euro reference rate 2026-09-30: 1 EUR = 1.1355 USD; https://www.ecb.europa.eu/stats/eurofxref/eurofxref-daily.xml fetched 2026-09-30T20:12:47Z,0.5564
Farnell,"FindChips aggregator listing (page fetched in the first collection, fc_results.jsonl)",TDK,B66417G0000X197,1422729,N97,MnZn ferrite,EFD,EFD 20/10/7,unverified,,EUR,500,0.4540,0,1,1,3212,"NCLEO DE FERRITA, EFD, N97",https://www.findchips.com/search/B66417G0000X197,,2026-09-30T19:54Z,1460.0,set,7.2,set,https://www.tdk-electronics.tdk.com/inf/80/db/fer/efd_20_10_7.pdf,MnZn,"MAS material ""N97""",1.13550,ECB euro reference rate 2026-09-30: 1 EUR = 1.1355 USD; https://www.ecb.europa.eu/stats/eurofxref/eurofxref-daily.xml fetched 2026-09-30T20:12:47Z,0.5155
Farnell,"FindChips aggregator listing (page fetched in the first collection, fc_results.jsonl)",TDK,B66417G0000X197,1422729,N97,MnZn ferrite,EFD,EFD 20/10/7,unverified,,EUR,1260,0.4480,0,0,1,3212,"NCLEO DE FERRITA, EFD, N97",https://www.findchips.com/search/B66417G0000X197,,2026-09-30T19:54Z,1460.0,set,7.2,set,https://www.tdk-electronics.tdk.com/inf/80/db/fer/efd_20_10_7.pdf,MnZn,"MAS material ""N97""",1.13550,ECB euro reference rate 2026-09-30: 1 EUR = 1.1355 USD; https://www.ecb.europa.eu/stats/eurofxref/eurofxref-daily.xml fetched 2026-09-30T20:12:47Z,0.5087
TME,"FindChips aggregator listing (page fetched in the first collection, fc_results.jsonl)",TDK,B66417G0000X197,B66417G0000X197,N97,MnZn ferrite,EFD,EFD 20/10/7,unverified,,USD,3780,0.4980,0,0,3780,0,"Core: ferrite,  EFD,  N97,  1250nH,  1460mm3,  31mm2",https://www.findchips.com/search/B66417G0000X197,,2026-09-30T19:54Z,1460.0,set,7.2,set,https://www.tdk-electronics.tdk.com/inf/80/db/fer/efd_20_10_7.pdf,MnZn,"MAS material ""N97""",,,0.4980
Farnell,"FindChips aggregator listing (page fetched in the first collection, fc_results.jsonl)",TDK,B66421G0000X197,1422731,N97,MnZn ferrite,EFD,EFD 25/13/9,unverified,,EUR,1,1.0900,1,0,1,0,"NCLEO DE FERRITA, EFD, N97",https://www.findchips.com/search/B66421G0000X197,,2026-09-30T19:54Z,3310.0,set,16.6,set,https://www.tdk-electronics.tdk.com/inf/80/db/fer/efd_25_13_9.pdf,MnZn,"MAS material ""N97""",1.13550,ECB euro reference rate 2026-09-30: 1 EUR = 1.1355 USD; https://www.ecb.europa.eu/stats/eurofxref/eurofxref-daily.xml fetched 2026-09-30T20:12:47Z,1.2377
Farnell,"FindChips aggregator listing (page fetched in the first collection, fc_results.jsonl)",TDK,B66421G0000X197,1422731,N97,MnZn ferrite,EFD,EFD 25/13/9,unverified,,EUR,50,0.7330,0,0,1,0,"NCLEO DE FERRITA, EFD, N97",https://www.findchips.com/search/B66421G0000X197,,2026-09-30T19:54Z,3310.0,set,16.6,set,https://www.tdk-electronics.tdk.com/inf/80/db/fer/efd_25_13_9.pdf,MnZn,"MAS material ""N97""",1.13550,ECB euro reference rate 2026-09-30: 1 EUR = 1.1355 USD; https://www.ecb.europa.eu/stats/eurofxref/eurofxref-daily.xml fetched 2026-09-30T20:12:47Z,0.8323
Farnell,"FindChips aggregator listing (page fetched in the first collection, fc_results.jsonl)",TDK,B66421G0000X197,1422731,N97,MnZn ferrite,EFD,EFD 25/13/9,unverified,,EUR,100,0.6660,0,0,1,0,"NCLEO DE FERRITA, EFD, N97",https://www.findchips.com/search/B66421G0000X197,,2026-09-30T19:54Z,3310.0,set,16.6,set,https://www.tdk-electronics.tdk.com/inf/80/db/fer/efd_25_13_9.pdf,MnZn,"MAS material ""N97""",1.13550,ECB euro reference rate 2026-09-30: 1 EUR = 1.1355 USD; https://www.ecb.europa.eu/stats/eurofxref/eurofxref-daily.xml fetched 2026-09-30T20:12:47Z,0.7562
Farnell,"FindChips aggregator listing (page fetched in the first collection, fc_results.jsonl)",TDK,B66421G0000X197,1422731,N97,MnZn ferrite,EFD,EFD 25/13/9,unverified,,EUR,250,0.6110,0,0,1,0,"NCLEO DE FERRITA, EFD, N97",https://www.findchips.com/search/B66421G0000X197,,2026-09-30T19:54Z,3310.0,set,16.6,set,https://www.tdk-electronics.tdk.com/inf/80/db/fer/efd_25_13_9.pdf,MnZn,"MAS material ""N97""",1.13550,ECB euro reference rate 2026-09-30: 1 EUR = 1.1355 USD; https://www.ecb.europa.eu/stats/eurofxref/eurofxref-daily.xml fetched 2026-09-30T20:12:47Z,0.6938
Farnell,"FindChips aggregator listing (page fetched in the first collection, fc_results.jsonl)",TDK,B66421G0000X197,1422731,N97,MnZn ferrite,EFD,EFD 25/13/9,unverified,,EUR,500,0.6100,0,1,1,0,"NCLEO DE FERRITA, EFD, N97",https://www.findchips.com/search/B66421G0000X197,,2026-09-30T19:54Z,3310.0,set,16.6,set,https://www.tdk-electronics.tdk.com/inf/80/db/fer/efd_25_13_9.pdf,MnZn,"MAS material ""N97""",1.13550,ECB euro reference rate 2026-09-30: 1 EUR = 1.1355 USD; https://www.ecb.europa.eu/stats/eurofxref/eurofxref-daily.xml fetched 2026-09-30T20:12:47Z,0.6927
Farnell,"FindChips aggregator listing (page fetched in the first collection, fc_results.jsonl)",TDK,B66421G0000X197,1422731,N97,MnZn ferrite,EFD,EFD 25/13/9,unverified,,EUR,1300,0.6090,0,0,1,0,"NCLEO DE FERRITA, EFD, N97",https://www.findchips.com/search/B66421G0000X197,,2026-09-30T19:54Z,3310.0,set,16.6,set,https://www.tdk-electronics.tdk.com/inf/80/db/fer/efd_25_13_9.pdf,MnZn,"MAS material ""N97""",1.13550,ECB euro reference rate 2026-09-30: 1 EUR = 1.1355 USD; https://www.ecb.europa.eu/stats/eurofxref/eurofxref-daily.xml fetched 2026-09-30T20:12:47Z,0.6915
TME,"FindChips aggregator listing (page fetched in the first collection, fc_results.jsonl)",TDK,B66421G0000X197,B66421G0000X197,N97,MnZn ferrite,EFD,EFD 25/13/9,unverified,,USD,2600,0.6220,0,0,2600,0,"Core: ferrite,  EFD,  N97,  2100nH,  3310mm3,  58mm2",https://www.findchips.com/search/B66421G0000X197,,2026-09-30T19:54Z,3310.0,set,16.6,set,https://www.tdk-electronics.tdk.com/inf/80/db/fer/efd_25_13_9.pdf,MnZn,"MAS material ""N97""",,,0.6220
Farnell,"FindChips aggregator listing (page fetched in the first collection, fc_results.jsonl)",TDK,B66423G0000X197,1422732,N97,MnZn ferrite,EFD,EFD 30/15/9,unverified,,EUR,1,2.1500,1,1,1,18,"NCLEO DE FERRITA, EFD, N97",https://www.findchips.com/search/B66423G0000X197,,2026-09-30T19:54Z,4690.0,set,24.0,set,https://www.tdk-electronics.tdk.com/inf/80/db/fer/efd_30_15_9.pdf,MnZn,"MAS material ""N97""",1.13550,ECB euro reference rate 2026-09-30: 1 EUR = 1.1355 USD; https://www.ecb.europa.eu/stats/eurofxref/eurofxref-daily.xml fetched 2026-09-30T20:12:47Z,2.4413
TME,"FindChips aggregator listing (page fetched in the first collection, fc_results.jsonl)",TDK,B66423G0000X197,B66423G0000X197,N97,MnZn ferrite,EFD,EFD 30/15/9,unverified,,USD,1,2.2300,1,1,1,4,"Core: ferrite,  EFD,  N97,  2150nH,  4690mm3,  69mm2",https://www.findchips.com/search/B66423G0000X197,,2026-09-30T19:54Z,4690.0,set,24.0,set,https://www.tdk-electronics.tdk.com/inf/80/db/fer/efd_30_15_9.pdf,MnZn,"MAS material ""N97""",,,2.2300
Farnell,"FindChips aggregator listing (page fetched in the first collection, fc_results.jsonl)",TDK,B66479G0000X197,2355163,N97,MnZn ferrite,EQ,EQ 13/3,unverified,,EUR,5,2.3300,0,0,5,3303,"FERRITE CORE , EQ 13 N97",https://www.findchips.com/search/B66479G0000X197,,2026-09-30T19:54Z,347.0,set,1.8,set,https://www.tdk-electronics.tdk.com/inf/80/db/fer/eq_13_2_85_8_7.pdf,MnZn,"MAS material ""N97""",1.13550,ECB euro reference rate 2026-09-30: 1 EUR = 1.1355 USD; https://www.ecb.europa.eu/stats/eurofxref/eurofxref-daily.xml fetched 2026-09-30T20:12:47Z,2.6457
Farnell,"FindChips aggregator listing (page fetched in the first collection, fc_results.jsonl)",TDK,B66479G0000X197,2355163,N97,MnZn ferrite,EQ,EQ 13/3,unverified,,EUR,50,1.2100,0,0,5,3303,"FERRITE CORE , EQ 13 N97",https://www.findchips.com/search/B66479G0000X197,,2026-09-30T19:54Z,347.0,set,1.8,set,https://www.tdk-electronics.tdk.com/inf/80/db/fer/eq_13_2_85_8_7.pdf,MnZn,"MAS material ""N97""",1.13550,ECB euro reference rate 2026-09-30: 1 EUR = 1.1355 USD; https://www.ecb.europa.eu/stats/eurofxref/eurofxref-daily.xml fetched 2026-09-30T20:12:47Z,1.3740
Farnell,"FindChips aggregator listing (page fetched in the first collection, fc_results.jsonl)",TDK,B66479G0000X197,2355163,N97,MnZn ferrite,EQ,EQ 13/3,unverified,,EUR,250,0.9370,0,0,5,3303,"FERRITE CORE , EQ 13 N97",https://www.findchips.com/search/B66479G0000X197,,2026-09-30T19:54Z,347.0,set,1.8,set,https://www.tdk-electronics.tdk.com/inf/80/db/fer/eq_13_2_85_8_7.pdf,MnZn,"MAS material ""N97""",1.13550,ECB euro reference rate 2026-09-30: 1 EUR = 1.1355 USD; https://www.ecb.europa.eu/stats/eurofxref/eurofxref-daily.xml fetched 2026-09-30T20:12:47Z,1.0640
Farnell,"FindChips aggregator listing (page fetched in the first collection, fc_results.jsonl)",TDK,B66479G0000X197,2355163,N97,MnZn ferrite,EQ,EQ 13/3,unverified,,EUR,500,0.8860,0,0,5,3303,"FERRITE CORE , EQ 13 N97",https://www.findchips.com/search/B66479G0000X197,,2026-09-30T19:54Z,347.0,set,1.8,set,https://www.tdk-electronics.tdk.com/inf/80/db/fer/eq_13_2_85_8_7.pdf,MnZn,"MAS material ""N97""",1.13550,ECB euro reference rate 2026-09-30: 1 EUR = 1.1355 USD; https://www.ecb.europa.eu/stats/eurofxref/eurofxref-daily.xml fetched 2026-09-30T20:12:47Z,1.0061
Farnell,"FindChips aggregator listing (page fetched in the first collection, fc_results.jsonl)",TDK,B66479G0000X197,2355163,N97,MnZn ferrite,EQ,EQ 13/3,unverified,,EUR,1000,0.8680,0,1,5,3303,"FERRITE CORE , EQ 13 N97",https://www.findchips.com/search/B66479G0000X197,,2026-09-30T19:54Z,347.0,set,1.8,set,https://www.tdk-electronics.tdk.com/inf/80/db/fer/eq_13_2_85_8_7.pdf,MnZn,"MAS material ""N97""",1.13550,ECB euro reference rate 2026-09-30: 1 EUR = 1.1355 USD; https://www.ecb.europa.eu/stats/eurofxref/eurofxref-daily.xml fetched 2026-09-30T20:12:47Z,0.9856
Farnell,"FindChips aggregator listing (page fetched in the first collection, fc_results.jsonl)",TDK,B66479G0000X197,2355163,N97,MnZn ferrite,EQ,EQ 13/3,unverified,,EUR,2000,0.8510,0,0,5,3303,"FERRITE CORE , EQ 13 N97",https://www.findchips.com/search/B66479G0000X197,,2026-09-30T19:54Z,347.0,set,1.8,set,https://www.tdk-electronics.tdk.com/inf/80/db/fer/eq_13_2_85_8_7.pdf,MnZn,"MAS material ""N97""",1.13550,ECB euro reference rate 2026-09-30: 1 EUR = 1.1355 USD; https://www.ecb.europa.eu/stats/eurofxref/eurofxref-daily.xml fetched 2026-09-30T20:12:47Z,0.9663
Farnell,"FindChips aggregator listing (page fetched in the first collection, fc_results.jsonl)",TDK,B66483G0000X197,2355165,N97,MnZn ferrite,EQ,EQ 20/6,unverified,,EUR,1,3.0100,1,0,1,2388,"FERRITE CORE , EQ 20 N97",https://www.findchips.com/search/B66483G0000X197,,2026-09-30T19:54Z,1960.0,set,11.0,set,https://www.tdk-electronics.tdk.com/inf/80/db/fer/eq_20_6_3_14.pdf,MnZn,"MAS material ""N97""",1.13550,ECB euro reference rate 2026-09-30: 1 EUR = 1.1355 USD; https://www.ecb.europa.eu/stats/eurofxref/eurofxref-daily.xml fetched 2026-09-30T20:12:47Z,3.4179
Farnell,"FindChips aggregator listing (page fetched in the first collection, fc_results.jsonl)",TDK,B66483G0000X197,2355165,N97,MnZn ferrite,EQ,EQ 20/6,unverified,,EUR,50,1.5300,0,0,1,2388,"FERRITE CORE , EQ 20 N97",https://www.findchips.com/search/B66483G0000X197,,2026-09-30T19:54Z,1960.0,set,11.0,set,https://www.tdk-electronics.tdk.com/inf/80/db/fer/eq_20_6_3_14.pdf,MnZn,"MAS material ""N97""",1.13550,ECB euro reference rate 2026-09-30: 1 EUR = 1.1355 USD; https://www.ecb.europa.eu/stats/eurofxref/eurofxref-daily.xml fetched 2026-09-30T20:12:47Z,1.7373
Farnell,"FindChips aggregator listing (page fetched in the first collection, fc_results.jsonl)",TDK,B66483G0000X197,2355165,N97,MnZn ferrite,EQ,EQ 20/6,unverified,,EUR,100,1.4800,0,0,1,2388,"FERRITE CORE , EQ 20 N97",https://www.findchips.com/search/B66483G0000X197,,2026-09-30T19:54Z,1960.0,set,11.0,set,https://www.tdk-electronics.tdk.com/inf/80/db/fer/eq_20_6_3_14.pdf,MnZn,"MAS material ""N97""",1.13550,ECB euro reference rate 2026-09-30: 1 EUR = 1.1355 USD; https://www.ecb.europa.eu/stats/eurofxref/eurofxref-daily.xml fetched 2026-09-30T20:12:47Z,1.6805
Farnell,"FindChips aggregator listing (page fetched in the first collection, fc_results.jsonl)",TDK,B66483G0000X197,2355165,N97,MnZn ferrite,EQ,EQ 20/6,unverified,,EUR,250,1.4400,0,0,1,2388,"FERRITE CORE , EQ 20 N97",https://www.findchips.com/search/B66483G0000X197,,2026-09-30T19:54Z,1960.0,set,11.0,set,https://www.tdk-electronics.tdk.com/inf/80/db/fer/eq_20_6_3_14.pdf,MnZn,"MAS material ""N97""",1.13550,ECB euro reference rate 2026-09-30: 1 EUR = 1.1355 USD; https://www.ecb.europa.eu/stats/eurofxref/eurofxref-daily.xml fetched 2026-09-30T20:12:47Z,1.6351
Farnell,"FindChips aggregator listing (page fetched in the first collection, fc_results.jsonl)",TDK,B66483G0000X197,2355165,N97,MnZn ferrite,EQ,EQ 20/6,unverified,,EUR,500,1.3900,0,1,1,2388,"FERRITE CORE , EQ 20 N97",https://www.findchips.com/search/B66483G0000X197,,2026-09-30T19:54Z,1960.0,set,11.0,set,https://www.tdk-electronics.tdk.com/inf/80/db/fer/eq_20_6_3_14.pdf,MnZn,"MAS material ""N97""",1.13550,ECB euro reference rate 2026-09-30: 1 EUR = 1.1355 USD; https://www.ecb.europa.eu/stats/eurofxref/eurofxref-daily.xml fetched 2026-09-30T20:12:47Z,1.5783
Farnell,"FindChips aggregator listing (page fetched in the first collection, fc_results.jsonl)",TDK,B66483G0000X197,2355165,N97,MnZn ferrite,EQ,EQ 20/6,unverified,,EUR,1200,1.3400,0,0,1,2388,"FERRITE CORE , EQ 20 N97",https://www.findchips.com/search/B66483G0000X197,,2026-09-30T19:54Z,1960.0,set,11.0,set,https://www.tdk-electronics.tdk.com/inf/80/db/fer/eq_20_6_3_14.pdf,MnZn,"MAS material ""N97""",1.13550,ECB euro reference rate 2026-09-30: 1 EUR = 1.1355 USD; https://www.ecb.europa.eu/stats/eurofxref/eurofxref-daily.xml fetched 2026-09-30T20:12:47Z,1.5216
Farnell,"FindChips aggregator listing (page fetched in the first collection, fc_results.jsonl)",TDK,B66482G0000X197,4167379,N97,MnZn ferrite,ER,ER 23/5/13,unverified,,EUR,1,2.1100,1,0,1,849,FERRITE CORE,https://www.findchips.com/search/B66482G0000X197,,2026-09-30T19:55Z,1640.0,set,7.8,set,https://www.tdk-electronics.tdk.com/inf/80/db/fer/er_23_5_13.pdf,MnZn,"MAS material ""N97""",1.13550,ECB euro reference rate 2026-09-30: 1 EUR = 1.1355 USD; https://www.ecb.europa.eu/stats/eurofxref/eurofxref-daily.xml fetched 2026-09-30T20:12:47Z,2.3959
Farnell,"FindChips aggregator listing (page fetched in the first collection, fc_results.jsonl)",TDK,B66482G0000X197,4167379,N97,MnZn ferrite,ER,ER 23/5/13,unverified,,EUR,10,1.4500,0,0,1,849,FERRITE CORE,https://www.findchips.com/search/B66482G0000X197,,2026-09-30T19:55Z,1640.0,set,7.8,set,https://www.tdk-electronics.tdk.com/inf/80/db/fer/er_23_5_13.pdf,MnZn,"MAS material ""N97""",1.13550,ECB euro reference rate 2026-09-30: 1 EUR = 1.1355 USD; https://www.ecb.europa.eu/stats/eurofxref/eurofxref-daily.xml fetched 2026-09-30T20:12:47Z,1.6465
Farnell,"FindChips aggregator listing (page fetched in the first collection, fc_results.jsonl)",TDK,B66482G0000X197,4167379,N97,MnZn ferrite,ER,ER 23/5/13,unverified,,EUR,50,1.1000,0,0,1,849,FERRITE CORE,https://www.findchips.com/search/B66482G0000X197,,2026-09-30T19:55Z,1640.0,set,7.8,set,https://www.tdk-electronics.tdk.com/inf/80/db/fer/er_23_5_13.pdf,MnZn,"MAS material ""N97""",1.13550,ECB euro reference rate 2026-09-30: 1 EUR = 1.1355 USD; https://www.ecb.europa.eu/stats/eurofxref/eurofxref-daily.xml fetched 2026-09-30T20:12:47Z,1.2490
Farnell,"FindChips aggregator listing (page fetched in the first collection, fc_results.jsonl)",TDK,B66482G0000X197,4167379,N97,MnZn ferrite,ER,ER 23/5/13,unverified,,EUR,100,1.0800,0,0,1,849,FERRITE CORE,https://www.findchips.com/search/B66482G0000X197,,2026-09-30T19:55Z,1640.0,set,7.8,set,https://www.tdk-electronics.tdk.com/inf/80/db/fer/er_23_5_13.pdf,MnZn,"MAS material ""N97""",1.13550,ECB euro reference rate 2026-09-30: 1 EUR = 1.1355 USD; https://www.ecb.europa.eu/stats/eurofxref/eurofxref-daily.xml fetched 2026-09-30T20:12:47Z,1.2263
Farnell,"FindChips aggregator listing (page fetched in the first collection, fc_results.jsonl)",TDK,B66482G0000X197,4167379,N97,MnZn ferrite,ER,ER 23/5/13,unverified,,EUR,200,1.0700,0,0,1,849,FERRITE CORE,https://www.findchips.com/search/B66482G0000X197,,2026-09-30T19:55Z,1640.0,set,7.8,set,https://www.tdk-electronics.tdk.com/inf/80/db/fer/er_23_5_13.pdf,MnZn,"MAS material ""N97""",1.13550,ECB euro reference rate 2026-09-30: 1 EUR = 1.1355 USD; https://www.ecb.europa.eu/stats/eurofxref/eurofxref-daily.xml fetched 2026-09-30T20:12:47Z,1.2150
Farnell,"FindChips aggregator listing (page fetched in the first collection, fc_results.jsonl)",TDK,B66482G0000X197,4167379,N97,MnZn ferrite,ER,ER 23/5/13,unverified,,EUR,540,1.0500,0,1,1,849,FERRITE CORE,https://www.findchips.com/search/B66482G0000X197,,2026-09-30T19:55Z,1640.0,set,7.8,set,https://www.tdk-electronics.tdk.com/inf/80/db/fer/er_23_5_13.pdf,MnZn,"MAS material ""N97""",1.13550,ECB euro reference rate 2026-09-30: 1 EUR = 1.1355 USD; https://www.ecb.europa.eu/stats/eurofxref/eurofxref-daily.xml fetched 2026-09-30T20:12:47Z,1.1923
Farnell,"FindChips aggregator listing (page fetched in the first collection, fc_results.jsonl)",TDK,B66501G0000X197,4154055,N97,MnZn ferrite,ER,ER 32/5/21,unverified,,EUR,1,5.4900,1,0,1,665,"TRANSFORM NCLEO, N97, ER32/5/21",https://www.findchips.com/search/B66501G0000X197,,2026-09-30T19:55Z,3847.0,set,23.3,set,https://www.tdk-electronics.tdk.com/inf/80/db/fer/er_32_5_21.pdf,MnZn,"MAS material ""N97""",1.13550,ECB euro reference rate 2026-09-30: 1 EUR = 1.1355 USD; https://www.ecb.europa.eu/stats/eurofxref/eurofxref-daily.xml fetched 2026-09-30T20:12:47Z,6.2339
Farnell,"FindChips aggregator listing (page fetched in the first collection, fc_results.jsonl)",TDK,B66501G0000X197,4154055,N97,MnZn ferrite,ER,ER 32/5/21,unverified,,EUR,50,2.7800,0,0,1,665,"TRANSFORM NCLEO, N97, ER32/5/21",https://www.findchips.com/search/B66501G0000X197,,2026-09-30T19:55Z,3847.0,set,23.3,set,https://www.tdk-electronics.tdk.com/inf/80/db/fer/er_32_5_21.pdf,MnZn,"MAS material ""N97""",1.13550,ECB euro reference rate 2026-09-30: 1 EUR = 1.1355 USD; https://www.ecb.europa.eu/stats/eurofxref/eurofxref-daily.xml fetched 2026-09-30T20:12:47Z,3.1567
Farnell,"FindChips aggregator listing (page fetched in the first collection, fc_results.jsonl)",TDK,B66501G0000X197,4154055,N97,MnZn ferrite,ER,ER 32/5/21,unverified,,EUR,100,2.7700,0,0,1,665,"TRANSFORM NCLEO, N97, ER32/5/21",https://www.findchips.com/search/B66501G0000X197,,2026-09-30T19:55Z,3847.0,set,23.3,set,https://www.tdk-electronics.tdk.com/inf/80/db/fer/er_32_5_21.pdf,MnZn,"MAS material ""N97""",1.13550,ECB euro reference rate 2026-09-30: 1 EUR = 1.1355 USD; https://www.ecb.europa.eu/stats/eurofxref/eurofxref-daily.xml fetched 2026-09-30T20:12:47Z,3.1453
Farnell,"FindChips aggregator listing (page fetched in the first collection, fc_results.jsonl)",TDK,B66501G0000X197,4154055,N97,MnZn ferrite,ER,ER 32/5/21,unverified,,EUR,250,2.7600,0,0,1,665,"TRANSFORM NCLEO, N97, ER32/5/21",https://www.findchips.com/search/B66501G0000X197,,2026-09-30T19:55Z,3847.0,set,23.3,set,https://www.tdk-electronics.tdk.com/inf/80/db/fer/er_32_5_21.pdf,MnZn,"MAS material ""N97""",1.13550,ECB euro reference rate 2026-09-30: 1 EUR = 1.1355 USD; https://www.ecb.europa.eu/stats/eurofxref/eurofxref-daily.xml fetched 2026-09-30T20:12:47Z,3.1340
Farnell,"FindChips aggregator listing (page fetched in the first collection, fc_results.jsonl)",TDK,B66501G0000X197,4154055,N97,MnZn ferrite,ER,ER 32/5/21,unverified,,EUR,500,2.7500,0,0,1,665,"TRANSFORM NCLEO, N97, ER32/5/21",https://www.findchips.com/search/B66501G0000X197,,2026-09-30T19:55Z,3847.0,set,23.3,set,https://www.tdk-electronics.tdk.com/inf/80/db/fer/er_32_5_21.pdf,MnZn,"MAS material ""N97""",1.13550,ECB euro reference rate 2026-09-30: 1 EUR = 1.1355 USD; https://www.ecb.europa.eu/stats/eurofxref/eurofxref-daily.xml fetched 2026-09-30T20:12:47Z,3.1226
Farnell,"FindChips aggregator listing (page fetched in the first collection, fc_results.jsonl)",TDK,B66501G0000X197,4154055,N97,MnZn ferrite,ER,ER 32/5/21,unverified,,EUR,810,2.7400,0,1,1,665,"TRANSFORM NCLEO, N97, ER32/5/21",https://www.findchips.com/search/B66501G0000X197,,2026-09-30T19:55Z,3847.0,set,23.3,set,https://www.tdk-electronics.tdk.com/inf/80/db/fer/er_32_5_21.pdf,MnZn,"MAS material ""N97""",1.13550,ECB euro reference rate 2026-09-30: 1 EUR = 1.1355 USD; https://www.ecb.europa.eu/stats/eurofxref/eurofxref-daily.xml fetched 2026-09-30T20:12:47Z,3.1113
Farnell,"FindChips aggregator listing (page fetched in the first collection, fc_results.jsonl)",TDK,B66361G0000X197,4167360,N97,MnZn ferrite,ETD,ETD 34/17/11,unverified,,EUR,1,2.0800,1,0,1,1207,FERRITE CORE,https://www.findchips.com/search/B66361G0000X197,,2026-09-30T19:55Z,7630.0,set,40.0,set,https://www.tdk-electronics.tdk.com/inf/80/db/fer/etd_34_17_11.pdf,MnZn,"MAS material ""N97""",1.13550,ECB euro reference rate 2026-09-30: 1 EUR = 1.1355 USD; https://www.ecb.europa.eu/stats/eurofxref/eurofxref-daily.xml fetched 2026-09-30T20:12:47Z,2.3618
Farnell,"FindChips aggregator listing (page fetched in the first collection, fc_results.jsonl)",TDK,B66361G0000X197,4167360,N97,MnZn ferrite,ETD,ETD 34/17/11,unverified,,EUR,10,1.4400,0,0,1,1207,FERRITE CORE,https://www.findchips.com/search/B66361G0000X197,,2026-09-30T19:55Z,7630.0,set,40.0,set,https://www.tdk-electronics.tdk.com/inf/80/db/fer/etd_34_17_11.pdf,MnZn,"MAS material ""N97""",1.13550,ECB euro reference rate 2026-09-30: 1 EUR = 1.1355 USD; https://www.ecb.europa.eu/stats/eurofxref/eurofxref-daily.xml fetched 2026-09-30T20:12:47Z,1.6351
Farnell,"FindChips aggregator listing (page fetched in the first collection, fc_results.jsonl)",TDK,B66361G0000X197,4167360,N97,MnZn ferrite,ETD,ETD 34/17/11,unverified,,EUR,50,1.3600,0,0,1,1207,FERRITE CORE,https://www.findchips.com/search/B66361G0000X197,,2026-09-30T19:55Z,7630.0,set,40.0,set,https://www.tdk-electronics.tdk.com/inf/80/db/fer/etd_34_17_11.pdf,MnZn,"MAS material ""N97""",1.13550,ECB euro reference rate 2026-09-30: 1 EUR = 1.1355 USD; https://www.ecb.europa.eu/stats/eurofxref/eurofxref-daily.xml fetched 2026-09-30T20:12:47Z,1.5443
Farnell,"FindChips aggregator listing (page fetched in the first collection, fc_results.jsonl)",TDK,B66361G0000X197,4167360,N97,MnZn ferrite,ETD,ETD 34/17/11,unverified,,EUR,100,1.2900,0,0,1,1207,FERRITE CORE,https://www.findchips.com/search/B66361G0000X197,,2026-09-30T19:55Z,7630.0,set,40.0,set,https://www.tdk-electronics.tdk.com/inf/80/db/fer/etd_34_17_11.pdf,MnZn,"MAS material ""N97""",1.13550,ECB euro reference rate 2026-09-30: 1 EUR = 1.1355 USD; https://www.ecb.europa.eu/stats/eurofxref/eurofxref-daily.xml fetched 2026-09-30T20:12:47Z,1.4648
Farnell,"FindChips aggregator listing (page fetched in the first collection, fc_results.jsonl)",TDK,B66361G0000X197,4167360,N97,MnZn ferrite,ETD,ETD 34/17/11,unverified,,EUR,200,1.2100,0,0,1,1207,FERRITE CORE,https://www.findchips.com/search/B66361G0000X197,,2026-09-30T19:55Z,7630.0,set,40.0,set,https://www.tdk-electronics.tdk.com/inf/80/db/fer/etd_34_17_11.pdf,MnZn,"MAS material ""N97""",1.13550,ECB euro reference rate 2026-09-30: 1 EUR = 1.1355 USD; https://www.ecb.europa.eu/stats/eurofxref/eurofxref-daily.xml fetched 2026-09-30T20:12:47Z,1.3740
Farnell,"FindChips aggregator listing (page fetched in the first collection, fc_results.jsonl)",TDK,B66361G0000X197,4167360,N97,MnZn ferrite,ETD,ETD 34/17/11,unverified,,EUR,600,1.1300,0,1,1,1207,FERRITE CORE,https://www.findchips.com/search/B66361G0000X197,,2026-09-30T19:55Z,7630.0,set,40.0,set,https://www.tdk-electronics.tdk.com/inf/80/db/fer/etd_34_17_11.pdf,MnZn,"MAS material ""N97""",1.13550,ECB euro reference rate 2026-09-30: 1 EUR = 1.1355 USD; https://www.ecb.europa.eu/stats/eurofxref/eurofxref-daily.xml fetched 2026-09-30T20:12:47Z,1.2831
Farnell,"FindChips aggregator listing (page fetched in the first collection, fc_results.jsonl)",TDK,B66363G0000X197,1422748,N97,MnZn ferrite,ETD,ETD 39/20/13,unverified,,EUR,1,4.1000,1,0,1,0,"NCLEO DE FERRITA, ETD, N97",https://www.findchips.com/search/B66363G0000X197,,2026-09-30T19:55Z,11500.0,set,60.0,set,https://www.tdk-electronics.tdk.com/inf/80/db/fer/etd_39_20_13.pdf,MnZn,"MAS material ""N97""",1.13550,ECB euro reference rate 2026-09-30: 1 EUR = 1.1355 USD; https://www.ecb.europa.eu/stats/eurofxref/eurofxref-daily.xml fetched 2026-09-30T20:12:47Z,4.6555
Farnell,"FindChips aggregator listing (page fetched in the first collection, fc_results.jsonl)",TDK,B66363G0000X197,1422748,N97,MnZn ferrite,ETD,ETD 39/20/13,unverified,,EUR,5,3.4500,0,0,1,0,"NCLEO DE FERRITA, ETD, N97",https://www.findchips.com/search/B66363G0000X197,,2026-09-30T19:55Z,11500.0,set,60.0,set,https://www.tdk-electronics.tdk.com/inf/80/db/fer/etd_39_20_13.pdf,MnZn,"MAS material ""N97""",1.13550,ECB euro reference rate 2026-09-30: 1 EUR = 1.1355 USD; https://www.ecb.europa.eu/stats/eurofxref/eurofxref-daily.xml fetched 2026-09-30T20:12:47Z,3.9175
Farnell,"FindChips aggregator listing (page fetched in the first collection, fc_results.jsonl)",TDK,B66363G0000X197,1422748,N97,MnZn ferrite,ETD,ETD 39/20/13,unverified,,EUR,10,2.8000,0,0,1,0,"NCLEO DE FERRITA, ETD, N97",https://www.findchips.com/search/B66363G0000X197,,2026-09-30T19:55Z,11500.0,set,60.0,set,https://www.tdk-electronics.tdk.com/inf/80/db/fer/etd_39_20_13.pdf,MnZn,"MAS material ""N97""",1.13550,ECB euro reference rate 2026-09-30: 1 EUR = 1.1355 USD; https://www.ecb.europa.eu/stats/eurofxref/eurofxref-daily.xml fetched 2026-09-30T20:12:47Z,3.1794
Farnell,"FindChips aggregator listing (page fetched in the first collection, fc_results.jsonl)",TDK,B66363G0000X197,1422748,N97,MnZn ferrite,ETD,ETD 39/20/13,unverified,,EUR,25,2.3800,0,0,1,0,"NCLEO DE FERRITA, ETD, N97",https://www.findchips.com/search/B66363G0000X197,,2026-09-30T19:55Z,11500.0,set,60.0,set,https://www.tdk-electronics.tdk.com/inf/80/db/fer/etd_39_20_13.pdf,MnZn,"MAS material ""N97""",1.13550,ECB euro reference rate 2026-09-30: 1 EUR = 1.1355 USD; https://www.ecb.europa.eu/stats/eurofxref/eurofxref-daily.xml fetched 2026-09-30T20:12:47Z,2.7025
Farnell,"FindChips aggregator listing (page fetched in the first collection, fc_results.jsonl)",TDK,B66363G0000X197,1422748,N97,MnZn ferrite,ETD,ETD 39/20/13,unverified,,EUR,50,2.0800,0,0,1,0,"NCLEO DE FERRITA, ETD, N97",https://www.findchips.com/search/B66363G0000X197,,2026-09-30T19:55Z,11500.0,set,60.0,set,https://www.tdk-electronics.tdk.com/inf/80/db/fer/etd_39_20_13.pdf,MnZn,"MAS material ""N97""",1.13550,ECB euro reference rate 2026-09-30: 1 EUR = 1.1355 USD; https://www.ecb.europa.eu/stats/eurofxref/eurofxref-daily.xml fetched 2026-09-30T20:12:47Z,2.3618
Farnell,"FindChips aggregator listing (page fetched in the first collection, fc_results.jsonl)",TDK,B66363G0000X197,1422748,N97,MnZn ferrite,ETD,ETD 39/20/13,unverified,,EUR,200,1.8000,0,1,1,0,"NCLEO DE FERRITA, ETD, N97",https://www.findchips.com/search/B66363G0000X197,,2026-09-30T19:55Z,11500.0,set,60.0,set,https://www.tdk-electronics.tdk.com/inf/80/db/fer/etd_39_20_13.pdf,MnZn,"MAS material ""N97""",1.13550,ECB euro reference rate 2026-09-30: 1 EUR = 1.1355 USD; https://www.ecb.europa.eu/stats/eurofxref/eurofxref-daily.xml fetched 2026-09-30T20:12:47Z,2.0439
TME,"FindChips aggregator listing (page fetched in the first collection, fc_results.jsonl)",TDK,B66363G0000X197,B66363G0000X197,N97,MnZn ferrite,ETD,ETD 39/20/13,unverified,,USD,800,2.2000,0,1,800,0,"Core: ferrite,  ETD,  N97,  2800nH,  11500mm3,  125mm2",https://www.findchips.com/search/B66363G0000X197,,2026-09-30T19:55Z,11500.0,set,60.0,set,https://www.tdk-electronics.tdk.com/inf/80/db/fer/etd_39_20_13.pdf,MnZn,"MAS material ""N97""",,,2.2000
Farnell,"FindChips aggregator listing (page fetched in the first collection, fc_results.jsonl)",TDK,B66397G0000X197,1422755,N97,MnZn ferrite,ETD,ETD 59/31/22,unverified,,EUR,1,11.6400,1,0,1,466,"NCLEO DE FERRITA, ETD, N97",https://www.findchips.com/search/B66397G0000X197,,2026-09-30T19:55Z,51200.0,set,260.0,set,https://www.tdk-electronics.tdk.com/inf/80/db/fer/etd_59_31_22.pdf,MnZn,"MAS material ""N97""",1.13550,ECB euro reference rate 2026-09-30: 1 EUR = 1.1355 USD; https://www.ecb.europa.eu/stats/eurofxref/eurofxref-daily.xml fetched 2026-09-30T20:12:47Z,13.2172
Farnell,"FindChips aggregator listing (page fetched in the first collection, fc_results.jsonl)",TDK,B66397G0000X197,1422755,N97,MnZn ferrite,ETD,ETD 59/31/22,unverified,,EUR,5,9.8500,0,0,1,466,"NCLEO DE FERRITA, ETD, N97",https://www.findchips.com/search/B66397G0000X197,,2026-09-30T19:55Z,51200.0,set,260.0,set,https://www.tdk-electronics.tdk.com/inf/80/db/fer/etd_59_31_22.pdf,MnZn,"MAS material ""N97""",1.13550,ECB euro reference rate 2026-09-30: 1 EUR = 1.1355 USD; https://www.ecb.europa.eu/stats/eurofxref/eurofxref-daily.xml fetched 2026-09-30T20:12:47Z,11.1847
Farnell,"FindChips aggregator listing (page fetched in the first collection, fc_results.jsonl)",TDK,B66397G0000X197,1422755,N97,MnZn ferrite,ETD,ETD 59/31/22,unverified,,EUR,10,8.0500,0,0,1,466,"NCLEO DE FERRITA, ETD, N97",https://www.findchips.com/search/B66397G0000X197,,2026-09-30T19:55Z,51200.0,set,260.0,set,https://www.tdk-electronics.tdk.com/inf/80/db/fer/etd_59_31_22.pdf,MnZn,"MAS material ""N97""",1.13550,ECB euro reference rate 2026-09-30: 1 EUR = 1.1355 USD; https://www.ecb.europa.eu/stats/eurofxref/eurofxref-daily.xml fetched 2026-09-30T20:12:47Z,9.1408
Farnell,"FindChips aggregator listing (page fetched in the first collection, fc_results.jsonl)",TDK,B66397G0000X197,1422755,N97,MnZn ferrite,ETD,ETD 59/31/22,unverified,,EUR,25,6.4000,0,0,1,466,"NCLEO DE FERRITA, ETD, N97",https://www.findchips.com/search/B66397G0000X197,,2026-09-30T19:55Z,51200.0,set,260.0,set,https://www.tdk-electronics.tdk.com/inf/80/db/fer/etd_59_31_22.pdf,MnZn,"MAS material ""N97""",1.13550,ECB euro reference rate 2026-09-30: 1 EUR = 1.1355 USD; https://www.ecb.europa.eu/stats/eurofxref/eurofxref-daily.xml fetched 2026-09-30T20:12:47Z,7.2672
Farnell,"FindChips aggregator listing (page fetched in the first collection, fc_results.jsonl)",TDK,B66397G0000X197,1422755,N97,MnZn ferrite,ETD,ETD 59/31/22,unverified,,EUR,50,6.3500,0,0,1,466,"NCLEO DE FERRITA, ETD, N97",https://www.findchips.com/search/B66397G0000X197,,2026-09-30T19:55Z,51200.0,set,260.0,set,https://www.tdk-electronics.tdk.com/inf/80/db/fer/etd_59_31_22.pdf,MnZn,"MAS material ""N97""",1.13550,ECB euro reference rate 2026-09-30: 1 EUR = 1.1355 USD; https://www.ecb.europa.eu/stats/eurofxref/eurofxref-daily.xml fetched 2026-09-30T20:12:47Z,7.2104
Farnell,"FindChips aggregator listing (page fetched in the first collection, fc_results.jsonl)",TDK,B66397G0000X197,1422755,N97,MnZn ferrite,ETD,ETD 59/31/22,unverified,,EUR,160,6.2900,0,1,1,466,"NCLEO DE FERRITA, ETD, N97",https://www.findchips.com/search/B66397G0000X197,,2026-09-30T19:55Z,51200.0,set,260.0,set,https://www.tdk-electronics.tdk.com/inf/80/db/fer/etd_59_31_22.pdf,MnZn,"MAS material ""N97""",1.13550,ECB euro reference rate 2026-09-30: 1 EUR = 1.1355 USD; https://www.ecb.europa.eu/stats/eurofxref/eurofxref-daily.xml fetched 2026-09-30T20:12:47Z,7.1423
TME,"FindChips aggregator listing (page fetched in the first collection, fc_results.jsonl)",TDK,B66397G0000X197,B66397G0000X197,N97,MnZn ferrite,ETD,ETD 59/31/22,unverified,,USD,160,6.9800,0,1,160,0,"Core: ferrite,  ETD,  N97,  5500nH,  51200mm3,  368mm2",https://www.findchips.com/search/B66397G0000X197,,2026-09-30T19:55Z,51200.0,set,260.0,set,https://www.tdk-electronics.tdk.com/inf/80/db/fer/etd_59_31_22.pdf,MnZn,"MAS material ""N97""",,,6.9800
Farnell,"FindChips aggregator listing (page fetched in the first collection, fc_results.jsonl)",TDK,B65877B0000R097,2355059,N97,MnZn ferrite,PQ,PQ 26/20,unverified,,EUR,1,5.8500,1,0,1,268,"FERRITE CORE , PQ 26 N97",https://www.findchips.com/search/B65877B0000R097,,2026-09-30T19:55Z,5440.0,set,31.0,set,https://www.tdk-electronics.tdk.com/inf/80/db/fer/pq_26_20.pdf,MnZn,"MAS material ""N97""",1.13550,ECB euro reference rate 2026-09-30: 1 EUR = 1.1355 USD; https://www.ecb.europa.eu/stats/eurofxref/eurofxref-daily.xml fetched 2026-09-30T20:12:47Z,6.6427
Farnell,"FindChips aggregator listing (page fetched in the first collection, fc_results.jsonl)",TDK,B65877B0000R097,2355059,N97,MnZn ferrite,PQ,PQ 26/20,unverified,,EUR,10,4.0600,0,0,1,268,"FERRITE CORE , PQ 26 N97",https://www.findchips.com/search/B65877B0000R097,,2026-09-30T19:55Z,5440.0,set,31.0,set,https://www.tdk-electronics.tdk.com/inf/80/db/fer/pq_26_20.pdf,MnZn,"MAS material ""N97""",1.13550,ECB euro reference rate 2026-09-30: 1 EUR = 1.1355 USD; https://www.ecb.europa.eu/stats/eurofxref/eurofxref-daily.xml fetched 2026-09-30T20:12:47Z,4.6101
Farnell,"FindChips aggregator listing (page fetched in the first collection, fc_results.jsonl)",TDK,B65877B0000R097,2355059,N97,MnZn ferrite,PQ,PQ 26/20,unverified,,EUR,50,3.8100,0,0,1,268,"FERRITE CORE , PQ 26 N97",https://www.findchips.com/search/B65877B0000R097,,2026-09-30T19:55Z,5440.0,set,31.0,set,https://www.tdk-electronics.tdk.com/inf/80/db/fer/pq_26_20.pdf,MnZn,"MAS material ""N97""",1.13550,ECB euro reference rate 2026-09-30: 1 EUR = 1.1355 USD; https://www.ecb.europa.eu/stats/eurofxref/eurofxref-daily.xml fetched 2026-09-30T20:12:47Z,4.3263
Farnell,"FindChips aggregator listing (page fetched in the first collection, fc_results.jsonl)",TDK,B65877B0000R097,2355059,N97,MnZn ferrite,PQ,PQ 26/20,unverified,,EUR,100,3.5500,0,0,1,268,"FERRITE CORE , PQ 26 N97",https://www.findchips.com/search/B65877B0000R097,,2026-09-30T19:55Z,5440.0,set,31.0,set,https://www.tdk-electronics.tdk.com/inf/80/db/fer/pq_26_20.pdf,MnZn,"MAS material ""N97""",1.13550,ECB euro reference rate 2026-09-30: 1 EUR = 1.1355 USD; https://www.ecb.europa.eu/stats/eurofxref/eurofxref-daily.xml fetched 2026-09-30T20:12:47Z,4.0310
Farnell,"FindChips aggregator listing (page fetched in the first collection, fc_results.jsonl)",TDK,B65877B0000R097,2355059,N97,MnZn ferrite,PQ,PQ 26/20,unverified,,EUR,200,3.3000,0,0,1,268,"FERRITE CORE , PQ 26 N97",https://www.findchips.com/search/B65877B0000R097,,2026-09-30T19:55Z,5440.0,set,31.0,set,https://www.tdk-electronics.tdk.com/inf/80/db/fer/pq_26_20.pdf,MnZn,"MAS material ""N97""",1.13550,ECB euro reference rate 2026-09-30: 1 EUR = 1.1355 USD; https://www.ecb.europa.eu/stats/eurofxref/eurofxref-daily.xml fetched 2026-09-30T20:12:47Z,3.7471
Farnell,"FindChips aggregator listing (page fetched in the first collection, fc_results.jsonl)",TDK,B65877B0000R097,2355059,N97,MnZn ferrite,PQ,PQ 26/20,unverified,,EUR,400,3.0400,0,1,1,268,"FERRITE CORE , PQ 26 N97",https://www.findchips.com/search/B65877B0000R097,,2026-09-30T19:55Z,5440.0,set,31.0,set,https://www.tdk-electronics.tdk.com/inf/80/db/fer/pq_26_20.pdf,MnZn,"MAS material ""N97""",1.13550,ECB euro reference rate 2026-09-30: 1 EUR = 1.1355 USD; https://www.ecb.europa.eu/stats/eurofxref/eurofxref-daily.xml fetched 2026-09-30T20:12:47Z,3.4519
Farnell,"FindChips aggregator listing (page fetched in the first collection, fc_results.jsonl)",TDK,B65879A0000R097,2355062,N97,MnZn ferrite,PQ,PQ 32/20,unverified,,EUR,1,5.7100,1,1,1,0,"FERRITE CORE , PQ 32 N97",https://www.findchips.com/search/B65879A0000R097,,2026-09-30T19:55Z,7460.0,set,41.0,set,https://www.tdk-electronics.tdk.com/inf/80/db/fer/pq_32_20.pdf,MnZn,"MAS material ""N97""",1.13550,ECB euro reference rate 2026-09-30: 1 EUR = 1.1355 USD; https://www.ecb.europa.eu/stats/eurofxref/eurofxref-daily.xml fetched 2026-09-30T20:12:47Z,6.4837
Farnell,"FindChips aggregator listing (page fetched in the first collection, fc_results.jsonl)",TDK,B65981A0000R097,2355070,N97,MnZn ferrite,PQ,PQ 50/50,unverified,,EUR,1,19.9800,1,0,1,20,"FERRITE CORE , PQ 50 N97",https://www.findchips.com/search/B65981A0000R097,,2026-09-30T19:55Z,37630.0,set,190.0,set,https://www.tdk-electronics.tdk.com/inf/80/db/fer/pq_50_50.pdf,MnZn,"MAS material ""N97""",1.13550,ECB euro reference rate 2026-09-30: 1 EUR = 1.1355 USD; https://www.ecb.europa.eu/stats/eurofxref/eurofxref-daily.xml fetched 2026-09-30T20:12:47Z,22.6873
Farnell,"FindChips aggregator listing (page fetched in the first collection, fc_results.jsonl)",TDK,B65981A0000R097,2355070,N97,MnZn ferrite,PQ,PQ 50/50,unverified,,EUR,5,15.1100,0,0,1,20,"FERRITE CORE , PQ 50 N97",https://www.findchips.com/search/B65981A0000R097,,2026-09-30T19:55Z,37630.0,set,190.0,set,https://www.tdk-electronics.tdk.com/inf/80/db/fer/pq_50_50.pdf,MnZn,"MAS material ""N97""",1.13550,ECB euro reference rate 2026-09-30: 1 EUR = 1.1355 USD; https://www.ecb.europa.eu/stats/eurofxref/eurofxref-daily.xml fetched 2026-09-30T20:12:47Z,17.1574
Farnell,"FindChips aggregator listing (page fetched in the first collection, fc_results.jsonl)",TDK,B65981A0000R097,2355070,N97,MnZn ferrite,PQ,PQ 50/50,unverified,,EUR,10,12.8000,0,0,1,20,"FERRITE CORE , PQ 50 N97",https://www.findchips.com/search/B65981A0000R097,,2026-09-30T19:55Z,37630.0,set,190.0,set,https://www.tdk-electronics.tdk.com/inf/80/db/fer/pq_50_50.pdf,MnZn,"MAS material ""N97""",1.13550,ECB euro reference rate 2026-09-30: 1 EUR = 1.1355 USD; https://www.ecb.europa.eu/stats/eurofxref/eurofxref-daily.xml fetched 2026-09-30T20:12:47Z,14.5344
Farnell,"FindChips aggregator listing (page fetched in the first collection, fc_results.jsonl)",TDK,B65981A0000R097,2355070,N97,MnZn ferrite,PQ,PQ 50/50,unverified,,EUR,25,11.7300,0,0,1,20,"FERRITE CORE , PQ 50 N97",https://www.findchips.com/search/B65981A0000R097,,2026-09-30T19:55Z,37630.0,set,190.0,set,https://www.tdk-electronics.tdk.com/inf/80/db/fer/pq_50_50.pdf,MnZn,"MAS material ""N97""",1.13550,ECB euro reference rate 2026-09-30: 1 EUR = 1.1355 USD; https://www.ecb.europa.eu/stats/eurofxref/eurofxref-daily.xml fetched 2026-09-30T20:12:47Z,13.3194
Farnell,"FindChips aggregator listing (page fetched in the first collection, fc_results.jsonl)",TDK,B65981A0000R097,2355070,N97,MnZn ferrite,PQ,PQ 50/50,unverified,,EUR,50,11.1200,0,0,1,20,"FERRITE CORE , PQ 50 N97",https://www.findchips.com/search/B65981A0000R097,,2026-09-30T19:55Z,37630.0,set,190.0,set,https://www.tdk-electronics.tdk.com/inf/80/db/fer/pq_50_50.pdf,MnZn,"MAS material ""N97""",1.13550,ECB euro reference rate 2026-09-30: 1 EUR = 1.1355 USD; https://www.ecb.europa.eu/stats/eurofxref/eurofxref-daily.xml fetched 2026-09-30T20:12:47Z,12.6268
Farnell,"FindChips aggregator listing (page fetched in the first collection, fc_results.jsonl)",TDK,B65981A0000R097,2355070,N97,MnZn ferrite,PQ,PQ 50/50,unverified,,EUR,108,10.5600,0,1,1,20,"FERRITE CORE , PQ 50 N97",https://www.findchips.com/search/B65981A0000R097,,2026-09-30T19:55Z,37630.0,set,190.0,set,https://www.tdk-electronics.tdk.com/inf/80/db/fer/pq_50_50.pdf,MnZn,"MAS material ""N97""",1.13550,ECB euro reference rate 2026-09-30: 1 EUR = 1.1355 USD; https://www.ecb.europa.eu/stats/eurofxref/eurofxref-daily.xml fetched 2026-09-30T20:12:47Z,11.9909
TME,"FindChips aggregator listing (page fetched in the first collection, fc_results.jsonl)",TDK,B65981A0000R097,B65981A0000R097,N97,MnZn ferrite,PQ,PQ 50/50,unverified,,USD,108,11.4000,0,1,108,0,"Core: ferrite,  PQ,  N97,  6700nH,  37630mm3,  332mm2",https://www.findchips.com/search/B65981A0000R097,,2026-09-30T19:55Z,37630.0,set,190.0,set,https://www.tdk-electronics.tdk.com/inf/80/db/fer/pq_50_50.pdf,MnZn,"MAS material ""N97""",,,11.4000
Farnell,"FindChips aggregator listing (page fetched in the first collection, fc_results.jsonl)",TDK,B65807J0000R097,2355150,N97,MnZn ferrite,RM,RM 6,unverified,,EUR,1,2.5700,1,0,1,0,"FERRITE CORE , RM 6 N97",https://www.findchips.com/search/B65807J0000R097,,2026-09-30T19:55Z,820.0,set,4.0,set,https://www.tdk-electronics.tdk.com/inf/80/db/fer/rm_6.pdf,MnZn,"MAS material ""N97""",1.13550,ECB euro reference rate 2026-09-30: 1 EUR = 1.1355 USD; https://www.ecb.europa.eu/stats/eurofxref/eurofxref-daily.xml fetched 2026-09-30T20:12:47Z,2.9182
Farnell,"FindChips aggregator listing (page fetched in the first collection, fc_results.jsonl)",TDK,B65807J0000R097,2355150,N97,MnZn ferrite,RM,RM 6,unverified,,EUR,50,2.3500,0,0,1,0,"FERRITE CORE , RM 6 N97",https://www.findchips.com/search/B65807J0000R097,,2026-09-30T19:55Z,820.0,set,4.0,set,https://www.tdk-electronics.tdk.com/inf/80/db/fer/rm_6.pdf,MnZn,"MAS material ""N97""",1.13550,ECB euro reference rate 2026-09-30: 1 EUR = 1.1355 USD; https://www.ecb.europa.eu/stats/eurofxref/eurofxref-daily.xml fetched 2026-09-30T20:12:47Z,2.6684
Farnell,"FindChips aggregator listing (page fetched in the first collection, fc_results.jsonl)",TDK,B65807J0000R097,2355150,N97,MnZn ferrite,RM,RM 6,unverified,,EUR,100,2.1200,0,0,1,0,"FERRITE CORE , RM 6 N97",https://www.findchips.com/search/B65807J0000R097,,2026-09-30T19:55Z,820.0,set,4.0,set,https://www.tdk-electronics.tdk.com/inf/80/db/fer/rm_6.pdf,MnZn,"MAS material ""N97""",1.13550,ECB euro reference rate 2026-09-30: 1 EUR = 1.1355 USD; https://www.ecb.europa.eu/stats/eurofxref/eurofxref-daily.xml fetched 2026-09-30T20:12:47Z,2.4073
Farnell,"FindChips aggregator listing (page fetched in the first collection, fc_results.jsonl)",TDK,B65807J0000R097,2355150,N97,MnZn ferrite,RM,RM 6,unverified,,EUR,250,1.9000,0,0,1,0,"FERRITE CORE , RM 6 N97",https://www.findchips.com/search/B65807J0000R097,,2026-09-30T19:55Z,820.0,set,4.0,set,https://www.tdk-electronics.tdk.com/inf/80/db/fer/rm_6.pdf,MnZn,"MAS material ""N97""",1.13550,ECB euro reference rate 2026-09-30: 1 EUR = 1.1355 USD; https://www.ecb.europa.eu/stats/eurofxref/eurofxref-daily.xml fetched 2026-09-30T20:12:47Z,2.1574
Farnell,"FindChips aggregator listing (page fetched in the first collection, fc_results.jsonl)",TDK,B65807J0000R097,2355150,N97,MnZn ferrite,RM,RM 6,unverified,,EUR,500,1.6700,0,0,1,0,"FERRITE CORE , RM 6 N97",https://www.findchips.com/search/B65807J0000R097,,2026-09-30T19:55Z,820.0,set,4.0,set,https://www.tdk-electronics.tdk.com/inf/80/db/fer/rm_6.pdf,MnZn,"MAS material ""N97""",1.13550,ECB euro reference rate 2026-09-30: 1 EUR = 1.1355 USD; https://www.ecb.europa.eu/stats/eurofxref/eurofxref-daily.xml fetched 2026-09-30T20:12:47Z,1.8963
Farnell,"FindChips aggregator listing (page fetched in the first collection, fc_results.jsonl)",TDK,B65807J0000R097,2355150,N97,MnZn ferrite,RM,RM 6,unverified,,EUR,1000,1.4500,0,1,1,0,"FERRITE CORE , RM 6 N97",https://www.findchips.com/search/B65807J0000R097,,2026-09-30T19:55Z,820.0,set,4.0,set,https://www.tdk-electronics.tdk.com/inf/80/db/fer/rm_6.pdf,MnZn,"MAS material ""N97""",1.13550,ECB euro reference rate 2026-09-30: 1 EUR = 1.1355 USD; https://www.ecb.europa.eu/stats/eurofxref/eurofxref-daily.xml fetched 2026-09-30T20:12:47Z,1.6465
Farnell,"FindChips aggregator listing (page fetched in the first collection, fc_results.jsonl)",TDK,B65819J0000R097,2355155,N97,MnZn ferrite,RM,RM 7,unverified,,EUR,1,3.0100,1,0,1,626,"FERRITE CORE , RM 7 N97",https://www.findchips.com/search/B65819J0000R097,,2026-09-30T19:55Z,1060.0,set,5.7,set,https://www.tdk-electronics.tdk.com/inf/80/db/fer/rm_7.pdf,MnZn,"MAS material ""N97""",1.13550,ECB euro reference rate 2026-09-30: 1 EUR = 1.1355 USD; https://www.ecb.europa.eu/stats/eurofxref/eurofxref-daily.xml fetched 2026-09-30T20:12:47Z,3.4179
Farnell,"FindChips aggregator listing (page fetched in the first collection, fc_results.jsonl)",TDK,B65819J0000R097,2355155,N97,MnZn ferrite,RM,RM 7,unverified,,EUR,10,2.2700,0,0,1,626,"FERRITE CORE , RM 7 N97",https://www.findchips.com/search/B65819J0000R097,,2026-09-30T19:55Z,1060.0,set,5.7,set,https://www.tdk-electronics.tdk.com/inf/80/db/fer/rm_7.pdf,MnZn,"MAS material ""N97""",1.13550,ECB euro reference rate 2026-09-30: 1 EUR = 1.1355 USD; https://www.ecb.europa.eu/stats/eurofxref/eurofxref-daily.xml fetched 2026-09-30T20:12:47Z,2.5776
Farnell,"FindChips aggregator listing (page fetched in the first collection, fc_results.jsonl)",TDK,B65819J0000R097,2355155,N97,MnZn ferrite,RM,RM 7,unverified,,EUR,50,1.9300,0,0,1,626,"FERRITE CORE , RM 7 N97",https://www.findchips.com/search/B65819J0000R097,,2026-09-30T19:55Z,1060.0,set,5.7,set,https://www.tdk-electronics.tdk.com/inf/80/db/fer/rm_7.pdf,MnZn,"MAS material ""N97""",1.13550,ECB euro reference rate 2026-09-30: 1 EUR = 1.1355 USD; https://www.ecb.europa.eu/stats/eurofxref/eurofxref-daily.xml fetched 2026-09-30T20:12:47Z,2.1915
Farnell,"FindChips aggregator listing (page fetched in the first collection, fc_results.jsonl)",TDK,B65819J0000R097,2355155,N97,MnZn ferrite,RM,RM 7,unverified,,EUR,100,1.7700,0,0,1,626,"FERRITE CORE , RM 7 N97",https://www.findchips.com/search/B65819J0000R097,,2026-09-30T19:55Z,1060.0,set,5.7,set,https://www.tdk-electronics.tdk.com/inf/80/db/fer/rm_7.pdf,MnZn,"MAS material ""N97""",1.13550,ECB euro reference rate 2026-09-30: 1 EUR = 1.1355 USD; https://www.ecb.europa.eu/stats/eurofxref/eurofxref-daily.xml fetched 2026-09-30T20:12:47Z,2.0098
Farnell,"FindChips aggregator listing (page fetched in the first collection, fc_results.jsonl)",TDK,B65819J0000R097,2355155,N97,MnZn ferrite,RM,RM 7,unverified,,EUR,200,1.6700,0,0,1,626,"FERRITE CORE , RM 7 N97",https://www.findchips.com/search/B65819J0000R097,,2026-09-30T19:55Z,1060.0,set,5.7,set,https://www.tdk-electronics.tdk.com/inf/80/db/fer/rm_7.pdf,MnZn,"MAS material ""N97""",1.13550,ECB euro reference rate 2026-09-30: 1 EUR = 1.1355 USD; https://www.ecb.europa.eu/stats/eurofxref/eurofxref-daily.xml fetched 2026-09-30T20:12:47Z,1.8963
Farnell,"FindChips aggregator listing (page fetched in the first collection, fc_results.jsonl)",TDK,B65819J0000R097,2355155,N97,MnZn ferrite,RM,RM 7,unverified,,EUR,500,1.5900,0,1,1,626,"FERRITE CORE , RM 7 N97",https://www.findchips.com/search/B65819J0000R097,,2026-09-30T19:55Z,1060.0,set,5.7,set,https://www.tdk-electronics.tdk.com/inf/80/db/fer/rm_7.pdf,MnZn,"MAS material ""N97""",1.13550,ECB euro reference rate 2026-09-30: 1 EUR = 1.1355 USD; https://www.ecb.europa.eu/stats/eurofxref/eurofxref-daily.xml fetched 2026-09-30T20:12:47Z,1.8054
