distributor,source,manufacturer,mpn,distributor_pn,material,material_class,shape_family,size_name,price_basis,price_basis_evidence,currency,qty_break,unit_price,is_1pc,applies_to_1000pc_order,min_order_qty,stock,distributor_description,page_url,distributor_link,retrieved,ve_mm3,ve_basis,mass_g,mass_basis,ve_mass_source,material_composition,material_composition_note,fx_usd_per_unit_currency,fx_source,unit_price_usd
"Power Magnetics Ltd (powermagneticsstore.co.uk, UK; Micrometals authorized distributor)",distributor web shop product page (Magento tier prices),Micrometals,E118-52,E118-52,Mix 52,powder: iron (Micrometals mix),E,E118-52,unverified (E/U core: per piece or per pair not stated),"product page title ""E118-52 Micrometals Iron Powder E Core""",GBP,1,0.46,1,0,1,out,E118-52 Micrometals Iron Powder E Core,https://powermagneticsstore.co.uk/shop/e118-52-micrometals-iron-powder-e-core.html,,2026-09-30T22:13:41Z,4600.0,Micrometals datasheet,16.0,"Micrometals datasheet ""Mass (approximate)"" (part E118-52)",https://datasheets.micrometals.com/E118-52-DataSheet.pdf @ 2026-09-30T22:27:36Z,iron,MAS core reference E118-52,1.328645,"ECB euro reference rates 2026-09-30 (extra/ecb.xml, fetched 2026-09-30T20:12:47Z)",0.6112
"Power Magnetics Ltd (powermagneticsstore.co.uk, UK; Micrometals authorized distributor)",distributor web shop product page (Magento tier prices),Micrometals,E118-52,E118-52,Mix 52,powder: iron (Micrometals mix),E,E118-52,unverified (E/U core: per piece or per pair not stated),"product page title ""E118-52 Micrometals Iron Powder E Core""",GBP,10,0.38,0,0,1,out,E118-52 Micrometals Iron Powder E Core,https://powermagneticsstore.co.uk/shop/e118-52-micrometals-iron-powder-e-core.html,,2026-09-30T22:13:41Z,4600.0,Micrometals datasheet,16.0,"Micrometals datasheet ""Mass (approximate)"" (part E118-52)",https://datasheets.micrometals.com/E118-52-DataSheet.pdf @ 2026-09-30T22:27:36Z,iron,MAS core reference E118-52,1.328645,"ECB euro reference rates 2026-09-30 (extra/ecb.xml, fetched 2026-09-30T20:12:47Z)",0.5049
"Power Magnetics Ltd (powermagneticsstore.co.uk, UK; Micrometals authorized distributor)",distributor web shop product page (Magento tier prices),Micrometals,E118-52,E118-52,Mix 52,powder: iron (Micrometals mix),E,E118-52,unverified (E/U core: per piece or per pair not stated),"product page title ""E118-52 Micrometals Iron Powder E Core""",GBP,50,0.29,0,1,1,out,E118-52 Micrometals Iron Powder E Core,https://powermagneticsstore.co.uk/shop/e118-52-micrometals-iron-powder-e-core.html,,2026-09-30T22:13:41Z,4600.0,Micrometals datasheet,16.0,"Micrometals datasheet ""Mass (approximate)"" (part E118-52)",https://datasheets.micrometals.com/E118-52-DataSheet.pdf @ 2026-09-30T22:27:36Z,iron,MAS core reference E118-52,1.328645,"ECB euro reference rates 2026-09-30 (extra/ecb.xml, fetched 2026-09-30T20:12:47Z)",0.3853
"Power Magnetics Ltd (powermagneticsstore.co.uk, UK; Micrometals authorized distributor)",distributor web shop product page (Magento tier prices),Micrometals,E137-26,E137-26,Mix 26,powder: iron (Micrometals mix),E,E137-26,unverified (E/U core: per piece or per pair not stated),"product page title ""E137-26 Micrometals Iron Powder E Core""",GBP,1,0.79,1,0,1,in,E137-26 Micrometals Iron Powder E Core,https://powermagneticsstore.co.uk/shop/e137-26-micrometals-iron-powder-e-core.html,,2026-09-30T22:13:43Z,6720.0,Micrometals datasheet,24.0,"Micrometals datasheet ""Mass (approximate)"" (part E137-26)",https://datasheets.micrometals.com/E137-26-DataSheet.pdf @ 2026-09-30T22:27:39Z,iron,MAS core reference E137-26,1.328645,"ECB euro reference rates 2026-09-30 (extra/ecb.xml, fetched 2026-09-30T20:12:47Z)",1.0496
"Power Magnetics Ltd (powermagneticsstore.co.uk, UK; Micrometals authorized distributor)",distributor web shop product page (Magento tier prices),Micrometals,E137-26,E137-26,Mix 26,powder: iron (Micrometals mix),E,E137-26,unverified (E/U core: per piece or per pair not stated),"product page title ""E137-26 Micrometals Iron Powder E Core""",GBP,10,0.57,0,0,1,in,E137-26 Micrometals Iron Powder E Core,https://powermagneticsstore.co.uk/shop/e137-26-micrometals-iron-powder-e-core.html,,2026-09-30T22:13:43Z,6720.0,Micrometals datasheet,24.0,"Micrometals datasheet ""Mass (approximate)"" (part E137-26)",https://datasheets.micrometals.com/E137-26-DataSheet.pdf @ 2026-09-30T22:27:39Z,iron,MAS core reference E137-26,1.328645,"ECB euro reference rates 2026-09-30 (extra/ecb.xml, fetched 2026-09-30T20:12:47Z)",0.7573
"Power Magnetics Ltd (powermagneticsstore.co.uk, UK; Micrometals authorized distributor)",distributor web shop product page (Magento tier prices),Micrometals,E137-26,E137-26,Mix 26,powder: iron (Micrometals mix),E,E137-26,unverified (E/U core: per piece or per pair not stated),"product page title ""E137-26 Micrometals Iron Powder E Core""",GBP,50,0.45,0,1,1,in,E137-26 Micrometals Iron Powder E Core,https://powermagneticsstore.co.uk/shop/e137-26-micrometals-iron-powder-e-core.html,,2026-09-30T22:13:43Z,6720.0,Micrometals datasheet,24.0,"Micrometals datasheet ""Mass (approximate)"" (part E137-26)",https://datasheets.micrometals.com/E137-26-DataSheet.pdf @ 2026-09-30T22:27:39Z,iron,MAS core reference E137-26,1.328645,"ECB euro reference rates 2026-09-30 (extra/ecb.xml, fetched 2026-09-30T20:12:47Z)",0.5979
"Power Magnetics Ltd (powermagneticsstore.co.uk, UK; Micrometals authorized distributor)",distributor web shop product page (Magento tier prices),Micrometals,E137-52,E137-52,Mix 52,powder: iron (Micrometals mix),E,E137-52,unverified (E/U core: per piece or per pair not stated),"product page title ""E137-52 Micrometals Iron Powder E Core""",GBP,1,0.82,1,0,1,out,E137-52 Micrometals Iron Powder E Core,https://powermagneticsstore.co.uk/shop/e137-52-micrometals-iron-powder-e-core.html,,2026-09-30T22:13:46Z,6720.0,Micrometals datasheet,24.0,"Micrometals datasheet ""Mass (approximate)"" (part E137-52)",https://datasheets.micrometals.com/E137-52-DataSheet.pdf @ 2026-09-30T22:27:42Z,iron,MAS core reference E137-52,1.328645,"ECB euro reference rates 2026-09-30 (extra/ecb.xml, fetched 2026-09-30T20:12:47Z)",1.0895
"Power Magnetics Ltd (powermagneticsstore.co.uk, UK; Micrometals authorized distributor)",distributor web shop product page (Magento tier prices),Micrometals,E137-52,E137-52,Mix 52,powder: iron (Micrometals mix),E,E137-52,unverified (E/U core: per piece or per pair not stated),"product page title ""E137-52 Micrometals Iron Powder E Core""",GBP,10,0.6,0,0,1,out,E137-52 Micrometals Iron Powder E Core,https://powermagneticsstore.co.uk/shop/e137-52-micrometals-iron-powder-e-core.html,,2026-09-30T22:13:46Z,6720.0,Micrometals datasheet,24.0,"Micrometals datasheet ""Mass (approximate)"" (part E137-52)",https://datasheets.micrometals.com/E137-52-DataSheet.pdf @ 2026-09-30T22:27:42Z,iron,MAS core reference E137-52,1.328645,"ECB euro reference rates 2026-09-30 (extra/ecb.xml, fetched 2026-09-30T20:12:47Z)",0.7972
"Power Magnetics Ltd (powermagneticsstore.co.uk, UK; Micrometals authorized distributor)",distributor web shop product page (Magento tier prices),Micrometals,E137-52,E137-52,Mix 52,powder: iron (Micrometals mix),E,E137-52,unverified (E/U core: per piece or per pair not stated),"product page title ""E137-52 Micrometals Iron Powder E Core""",GBP,50,0.47,0,1,1,out,E137-52 Micrometals Iron Powder E Core,https://powermagneticsstore.co.uk/shop/e137-52-micrometals-iron-powder-e-core.html,,2026-09-30T22:13:46Z,6720.0,Micrometals datasheet,24.0,"Micrometals datasheet ""Mass (approximate)"" (part E137-52)",https://datasheets.micrometals.com/E137-52-DataSheet.pdf @ 2026-09-30T22:27:42Z,iron,MAS core reference E137-52,1.328645,"ECB euro reference rates 2026-09-30 (extra/ecb.xml, fetched 2026-09-30T20:12:47Z)",0.6245
"Power Magnetics Ltd (powermagneticsstore.co.uk, UK; Micrometals authorized distributor)",distributor web shop product page (Magento tier prices),Micrometals,E162-40,E162-40,Mix 40,powder: iron (Micrometals mix),E,E162-40,unverified (E/U core: per piece or per pair not stated),"product page title ""E162-40 Micrometals Iron Powder E Core""",GBP,1,1.81,1,0,1,in,E162-40 Micrometals Iron Powder E Core,https://powermagneticsstore.co.uk/shop/e162-40-micrometals-iron-powder-e-core.html,,2026-09-30T22:13:49Z,13600.0,Micrometals datasheet,47.0,"Micrometals datasheet ""Mass (approximate)"" (part E162-40)",https://datasheets.micrometals.com/E162-40-DataSheet.pdf @ 2026-09-30T22:27:45Z,iron,MAS core reference E162-40,1.328645,"ECB euro reference rates 2026-09-30 (extra/ecb.xml, fetched 2026-09-30T20:12:47Z)",2.4048
"Power Magnetics Ltd (powermagneticsstore.co.uk, UK; Micrometals authorized distributor)",distributor web shop product page (Magento tier prices),Micrometals,E162-40,E162-40,Mix 40,powder: iron (Micrometals mix),E,E162-40,unverified (E/U core: per piece or per pair not stated),"product page title ""E162-40 Micrometals Iron Powder E Core""",GBP,10,1.32,0,0,1,in,E162-40 Micrometals Iron Powder E Core,https://powermagneticsstore.co.uk/shop/e162-40-micrometals-iron-powder-e-core.html,,2026-09-30T22:13:49Z,13600.0,Micrometals datasheet,47.0,"Micrometals datasheet ""Mass (approximate)"" (part E162-40)",https://datasheets.micrometals.com/E162-40-DataSheet.pdf @ 2026-09-30T22:27:45Z,iron,MAS core reference E162-40,1.328645,"ECB euro reference rates 2026-09-30 (extra/ecb.xml, fetched 2026-09-30T20:12:47Z)",1.7538
"Power Magnetics Ltd (powermagneticsstore.co.uk, UK; Micrometals authorized distributor)",distributor web shop product page (Magento tier prices),Micrometals,E162-40,E162-40,Mix 40,powder: iron (Micrometals mix),E,E162-40,unverified (E/U core: per piece or per pair not stated),"product page title ""E162-40 Micrometals Iron Powder E Core""",GBP,50,1.04,0,1,1,in,E162-40 Micrometals Iron Powder E Core,https://powermagneticsstore.co.uk/shop/e162-40-micrometals-iron-powder-e-core.html,,2026-09-30T22:13:49Z,13600.0,Micrometals datasheet,47.0,"Micrometals datasheet ""Mass (approximate)"" (part E162-40)",https://datasheets.micrometals.com/E162-40-DataSheet.pdf @ 2026-09-30T22:27:45Z,iron,MAS core reference E162-40,1.328645,"ECB euro reference rates 2026-09-30 (extra/ecb.xml, fetched 2026-09-30T20:12:47Z)",1.3818
"Power Magnetics Ltd (powermagneticsstore.co.uk, UK; Micrometals authorized distributor)",distributor web shop product page (Magento tier prices),Micrometals,E168-26,E168-26,Mix 26,powder: iron (Micrometals mix),E,E168-26,unverified (E/U core: per piece or per pair not stated),"product page title ""E168-26 Micrometals Iron Powder E Core""",GBP,1,1.66,1,0,1,in,E168-26 Micrometals Iron Powder E Core,https://powermagneticsstore.co.uk/shop/e168-26-micrometals-iron-powder-e-core.html,,2026-09-30T22:13:52Z,18500.0,Micrometals datasheet,65.0,"Micrometals datasheet ""Mass (approximate)"" (part E168-26)",https://datasheets.micrometals.com/E168-26-DataSheet.pdf @ 2026-09-30T22:27:48Z,iron,MAS core reference E168-26,1.328645,"ECB euro reference rates 2026-09-30 (extra/ecb.xml, fetched 2026-09-30T20:12:47Z)",2.2056
"Power Magnetics Ltd (powermagneticsstore.co.uk, UK; Micrometals authorized distributor)",distributor web shop product page (Magento tier prices),Micrometals,E168-26,E168-26,Mix 26,powder: iron (Micrometals mix),E,E168-26,unverified (E/U core: per piece or per pair not stated),"product page title ""E168-26 Micrometals Iron Powder E Core""",GBP,10,1.21,0,0,1,in,E168-26 Micrometals Iron Powder E Core,https://powermagneticsstore.co.uk/shop/e168-26-micrometals-iron-powder-e-core.html,,2026-09-30T22:13:52Z,18500.0,Micrometals datasheet,65.0,"Micrometals datasheet ""Mass (approximate)"" (part E168-26)",https://datasheets.micrometals.com/E168-26-DataSheet.pdf @ 2026-09-30T22:27:48Z,iron,MAS core reference E168-26,1.328645,"ECB euro reference rates 2026-09-30 (extra/ecb.xml, fetched 2026-09-30T20:12:47Z)",1.6077
"Power Magnetics Ltd (powermagneticsstore.co.uk, UK; Micrometals authorized distributor)",distributor web shop product page (Magento tier prices),Micrometals,E168-26,E168-26,Mix 26,powder: iron (Micrometals mix),E,E168-26,unverified (E/U core: per piece or per pair not stated),"product page title ""E168-26 Micrometals Iron Powder E Core""",GBP,50,0.95,0,1,1,in,E168-26 Micrometals Iron Powder E Core,https://powermagneticsstore.co.uk/shop/e168-26-micrometals-iron-powder-e-core.html,,2026-09-30T22:13:52Z,18500.0,Micrometals datasheet,65.0,"Micrometals datasheet ""Mass (approximate)"" (part E168-26)",https://datasheets.micrometals.com/E168-26-DataSheet.pdf @ 2026-09-30T22:27:48Z,iron,MAS core reference E168-26,1.328645,"ECB euro reference rates 2026-09-30 (extra/ecb.xml, fetched 2026-09-30T20:12:47Z)",1.2622
"Power Magnetics Ltd (powermagneticsstore.co.uk, UK; Micrometals authorized distributor)",distributor web shop product page (Magento tier prices),Micrometals,E168-26A,E168-26A,Mix 26,powder: iron (Micrometals mix),E,E168-26A,unverified (E/U core: per piece or per pair not stated),"product page title ""E168-26A Micrometals Iron Powder E Core""",GBP,1,2.14,1,0,1,in,E168-26A Micrometals Iron Powder E Core,https://powermagneticsstore.co.uk/shop/e168-26a-micrometals-iron-powder-e-core.html,,2026-09-30T22:13:55Z,24600.0,Micrometals datasheet,86.0,"Micrometals datasheet ""Mass (approximate)"" (part E168-26A)",https://datasheets.micrometals.com/E168-26A-DataSheet.pdf @ 2026-09-30T22:27:51Z,iron,MAS core reference E168-26A,1.328645,"ECB euro reference rates 2026-09-30 (extra/ecb.xml, fetched 2026-09-30T20:12:47Z)",2.8433
"Power Magnetics Ltd (powermagneticsstore.co.uk, UK; Micrometals authorized distributor)",distributor web shop product page (Magento tier prices),Micrometals,E168-26A,E168-26A,Mix 26,powder: iron (Micrometals mix),E,E168-26A,unverified (E/U core: per piece or per pair not stated),"product page title ""E168-26A Micrometals Iron Powder E Core""",GBP,10,1.56,0,0,1,in,E168-26A Micrometals Iron Powder E Core,https://powermagneticsstore.co.uk/shop/e168-26a-micrometals-iron-powder-e-core.html,,2026-09-30T22:13:55Z,24600.0,Micrometals datasheet,86.0,"Micrometals datasheet ""Mass (approximate)"" (part E168-26A)",https://datasheets.micrometals.com/E168-26A-DataSheet.pdf @ 2026-09-30T22:27:51Z,iron,MAS core reference E168-26A,1.328645,"ECB euro reference rates 2026-09-30 (extra/ecb.xml, fetched 2026-09-30T20:12:47Z)",2.0727
"Power Magnetics Ltd (powermagneticsstore.co.uk, UK; Micrometals authorized distributor)",distributor web shop product page (Magento tier prices),Micrometals,E168-26A,E168-26A,Mix 26,powder: iron (Micrometals mix),E,E168-26A,unverified (E/U core: per piece or per pair not stated),"product page title ""E168-26A Micrometals Iron Powder E Core""",GBP,50,1.23,0,1,1,in,E168-26A Micrometals Iron Powder E Core,https://powermagneticsstore.co.uk/shop/e168-26a-micrometals-iron-powder-e-core.html,,2026-09-30T22:13:55Z,24600.0,Micrometals datasheet,86.0,"Micrometals datasheet ""Mass (approximate)"" (part E168-26A)",https://datasheets.micrometals.com/E168-26A-DataSheet.pdf @ 2026-09-30T22:27:51Z,iron,MAS core reference E168-26A,1.328645,"ECB euro reference rates 2026-09-30 (extra/ecb.xml, fetched 2026-09-30T20:12:47Z)",1.6342
"Power Magnetics Ltd (powermagneticsstore.co.uk, UK; Micrometals authorized distributor)",distributor web shop product page (Magento tier prices),Micrometals,E168-40,E168-40,Mix 40,powder: iron (Micrometals mix),E,E168-40,unverified (E/U core: per piece or per pair not stated),"product page title ""E168-40 Micrometals Iron Powder E Core""",GBP,1,1.66,1,0,1,in,E168-40 Micrometals Iron Powder E Core,https://powermagneticsstore.co.uk/shop/e168-40-micrometals-iron-powder-e-core.html,,2026-09-30T22:13:57Z,18500.0,Micrometals datasheet,64.0,"Micrometals datasheet ""Mass (approximate)"" (part E168-40)",https://datasheets.micrometals.com/E168-40-DataSheet.pdf @ 2026-09-30T22:27:54Z,iron,MAS core reference E168-40,1.328645,"ECB euro reference rates 2026-09-30 (extra/ecb.xml, fetched 2026-09-30T20:12:47Z)",2.2056
"Power Magnetics Ltd (powermagneticsstore.co.uk, UK; Micrometals authorized distributor)",distributor web shop product page (Magento tier prices),Micrometals,E168-40,E168-40,Mix 40,powder: iron (Micrometals mix),E,E168-40,unverified (E/U core: per piece or per pair not stated),"product page title ""E168-40 Micrometals Iron Powder E Core""",GBP,10,1.21,0,0,1,in,E168-40 Micrometals Iron Powder E Core,https://powermagneticsstore.co.uk/shop/e168-40-micrometals-iron-powder-e-core.html,,2026-09-30T22:13:57Z,18500.0,Micrometals datasheet,64.0,"Micrometals datasheet ""Mass (approximate)"" (part E168-40)",https://datasheets.micrometals.com/E168-40-DataSheet.pdf @ 2026-09-30T22:27:54Z,iron,MAS core reference E168-40,1.328645,"ECB euro reference rates 2026-09-30 (extra/ecb.xml, fetched 2026-09-30T20:12:47Z)",1.6077
"Power Magnetics Ltd (powermagneticsstore.co.uk, UK; Micrometals authorized distributor)",distributor web shop product page (Magento tier prices),Micrometals,E168-40,E168-40,Mix 40,powder: iron (Micrometals mix),E,E168-40,unverified (E/U core: per piece or per pair not stated),"product page title ""E168-40 Micrometals Iron Powder E Core""",GBP,50,0.95,0,1,1,in,E168-40 Micrometals Iron Powder E Core,https://powermagneticsstore.co.uk/shop/e168-40-micrometals-iron-powder-e-core.html,,2026-09-30T22:13:57Z,18500.0,Micrometals datasheet,64.0,"Micrometals datasheet ""Mass (approximate)"" (part E168-40)",https://datasheets.micrometals.com/E168-40-DataSheet.pdf @ 2026-09-30T22:27:54Z,iron,MAS core reference E168-40,1.328645,"ECB euro reference rates 2026-09-30 (extra/ecb.xml, fetched 2026-09-30T20:12:47Z)",1.2622
"Power Magnetics Ltd (powermagneticsstore.co.uk, UK; Micrometals authorized distributor)",distributor web shop product page (Magento tier prices),Micrometals,E168-52,E168-52,Mix 52,powder: iron (Micrometals mix),E,E168-52,unverified (E/U core: per piece or per pair not stated),"product page title ""E168-52 Micrometals Iron Powder E Core""",GBP,1,1.81,1,0,1,in,E168-52 Micrometals Iron Powder E Core,https://powermagneticsstore.co.uk/shop/e168-52-micrometals-iron-powder-e-core.html,,2026-09-30T22:14:00Z,18500.0,Micrometals datasheet,65.0,"Micrometals datasheet ""Mass (approximate)"" (part E168-52)",https://datasheets.micrometals.com/E168-52-DataSheet.pdf @ 2026-09-30T22:27:56Z,iron,MAS core reference E168-52,1.328645,"ECB euro reference rates 2026-09-30 (extra/ecb.xml, fetched 2026-09-30T20:12:47Z)",2.4048
"Power Magnetics Ltd (powermagneticsstore.co.uk, UK; Micrometals authorized distributor)",distributor web shop product page (Magento tier prices),Micrometals,E168-52,E168-52,Mix 52,powder: iron (Micrometals mix),E,E168-52,unverified (E/U core: per piece or per pair not stated),"product page title ""E168-52 Micrometals Iron Powder E Core""",GBP,10,1.32,0,0,1,in,E168-52 Micrometals Iron Powder E Core,https://powermagneticsstore.co.uk/shop/e168-52-micrometals-iron-powder-e-core.html,,2026-09-30T22:14:00Z,18500.0,Micrometals datasheet,65.0,"Micrometals datasheet ""Mass (approximate)"" (part E168-52)",https://datasheets.micrometals.com/E168-52-DataSheet.pdf @ 2026-09-30T22:27:56Z,iron,MAS core reference E168-52,1.328645,"ECB euro reference rates 2026-09-30 (extra/ecb.xml, fetched 2026-09-30T20:12:47Z)",1.7538
"Power Magnetics Ltd (powermagneticsstore.co.uk, UK; Micrometals authorized distributor)",distributor web shop product page (Magento tier prices),Micrometals,E168-52,E168-52,Mix 52,powder: iron (Micrometals mix),E,E168-52,unverified (E/U core: per piece or per pair not stated),"product page title ""E168-52 Micrometals Iron Powder E Core""",GBP,50,1.04,0,1,1,in,E168-52 Micrometals Iron Powder E Core,https://powermagneticsstore.co.uk/shop/e168-52-micrometals-iron-powder-e-core.html,,2026-09-30T22:14:00Z,18500.0,Micrometals datasheet,65.0,"Micrometals datasheet ""Mass (approximate)"" (part E168-52)",https://datasheets.micrometals.com/E168-52-DataSheet.pdf @ 2026-09-30T22:27:56Z,iron,MAS core reference E168-52,1.328645,"ECB euro reference rates 2026-09-30 (extra/ecb.xml, fetched 2026-09-30T20:12:47Z)",1.3818
"Power Magnetics Ltd (powermagneticsstore.co.uk, UK; Micrometals authorized distributor)",distributor web shop product page (Magento tier prices),Micrometals,E220-52,E220-52,Mix 52,powder: iron (Micrometals mix),E,E220-52,unverified (E/U core: per piece or per pair not stated),"product page title ""E220-52 Micrometals Iron Powder E Core""",GBP,1,4.26,1,0,1,in,E220-52 Micrometals Iron Powder E Core,https://powermagneticsstore.co.uk/shop/e220-52-micrometals-iron-powder-e-core.html,,2026-09-30T22:14:03Z,47700.0,Micrometals datasheet,170.0,"Micrometals datasheet ""Mass (approximate)"" (part E220-52)",https://datasheets.micrometals.com/E220-52-DataSheet.pdf @ 2026-09-30T22:28:01Z,iron,MAS core reference E220-52,1.328645,"ECB euro reference rates 2026-09-30 (extra/ecb.xml, fetched 2026-09-30T20:12:47Z)",5.66
"Power Magnetics Ltd (powermagneticsstore.co.uk, UK; Micrometals authorized distributor)",distributor web shop product page (Magento tier prices),Micrometals,E220-52,E220-52,Mix 52,powder: iron (Micrometals mix),E,E220-52,unverified (E/U core: per piece or per pair not stated),"product page title ""E220-52 Micrometals Iron Powder E Core""",GBP,10,3.1,0,0,1,in,E220-52 Micrometals Iron Powder E Core,https://powermagneticsstore.co.uk/shop/e220-52-micrometals-iron-powder-e-core.html,,2026-09-30T22:14:03Z,47700.0,Micrometals datasheet,170.0,"Micrometals datasheet ""Mass (approximate)"" (part E220-52)",https://datasheets.micrometals.com/E220-52-DataSheet.pdf @ 2026-09-30T22:28:01Z,iron,MAS core reference E220-52,1.328645,"ECB euro reference rates 2026-09-30 (extra/ecb.xml, fetched 2026-09-30T20:12:47Z)",4.1188
"Power Magnetics Ltd (powermagneticsstore.co.uk, UK; Micrometals authorized distributor)",distributor web shop product page (Magento tier prices),Micrometals,E220-52,E220-52,Mix 52,powder: iron (Micrometals mix),E,E220-52,unverified (E/U core: per piece or per pair not stated),"product page title ""E220-52 Micrometals Iron Powder E Core""",GBP,50,2.44,0,1,1,in,E220-52 Micrometals Iron Powder E Core,https://powermagneticsstore.co.uk/shop/e220-52-micrometals-iron-powder-e-core.html,,2026-09-30T22:14:03Z,47700.0,Micrometals datasheet,170.0,"Micrometals datasheet ""Mass (approximate)"" (part E220-52)",https://datasheets.micrometals.com/E220-52-DataSheet.pdf @ 2026-09-30T22:28:01Z,iron,MAS core reference E220-52,1.328645,"ECB euro reference rates 2026-09-30 (extra/ecb.xml, fetched 2026-09-30T20:12:47Z)",3.2419
"Power Magnetics Ltd (powermagneticsstore.co.uk, UK; Micrometals authorized distributor)",distributor web shop product page (Magento tier prices),Micrometals,E220-60,E220-60,Mix 60,powder: iron (Micrometals mix),E,E220-60,unverified (E/U core: per piece or per pair not stated),"product page title ""E220-60 Micrometals Iron Powder E Core""",GBP,1,8.0,1,0,1,in,E220-60 Micrometals Iron Powder E Core,https://powermagneticsstore.co.uk/shop/e220-60-micrometals-iron-powder-e-core.html,,2026-09-30T22:14:06Z,47700.0,Micrometals datasheet,150.0,"Micrometals datasheet ""Mass (approximate)"" (part E220-60)",https://datasheets.micrometals.com/E220-60-DataSheet.pdf @ 2026-09-30T22:28:04Z,iron,MAS core reference E220-60,1.328645,"ECB euro reference rates 2026-09-30 (extra/ecb.xml, fetched 2026-09-30T20:12:47Z)",10.6292
"Power Magnetics Ltd (powermagneticsstore.co.uk, UK; Micrometals authorized distributor)",distributor web shop product page (Magento tier prices),Micrometals,E220-60,E220-60,Mix 60,powder: iron (Micrometals mix),E,E220-60,unverified (E/U core: per piece or per pair not stated),"product page title ""E220-60 Micrometals Iron Powder E Core""",GBP,10,5.82,0,0,1,in,E220-60 Micrometals Iron Powder E Core,https://powermagneticsstore.co.uk/shop/e220-60-micrometals-iron-powder-e-core.html,,2026-09-30T22:14:06Z,47700.0,Micrometals datasheet,150.0,"Micrometals datasheet ""Mass (approximate)"" (part E220-60)",https://datasheets.micrometals.com/E220-60-DataSheet.pdf @ 2026-09-30T22:28:04Z,iron,MAS core reference E220-60,1.328645,"ECB euro reference rates 2026-09-30 (extra/ecb.xml, fetched 2026-09-30T20:12:47Z)",7.7327
"Power Magnetics Ltd (powermagneticsstore.co.uk, UK; Micrometals authorized distributor)",distributor web shop product page (Magento tier prices),Micrometals,E220-60,E220-60,Mix 60,powder: iron (Micrometals mix),E,E220-60,unverified (E/U core: per piece or per pair not stated),"product page title ""E220-60 Micrometals Iron Powder E Core""",GBP,50,4.57,0,1,1,in,E220-60 Micrometals Iron Powder E Core,https://powermagneticsstore.co.uk/shop/e220-60-micrometals-iron-powder-e-core.html,,2026-09-30T22:14:06Z,47700.0,Micrometals datasheet,150.0,"Micrometals datasheet ""Mass (approximate)"" (part E220-60)",https://datasheets.micrometals.com/E220-60-DataSheet.pdf @ 2026-09-30T22:28:04Z,iron,MAS core reference E220-60,1.328645,"ECB euro reference rates 2026-09-30 (extra/ecb.xml, fetched 2026-09-30T20:12:47Z)",6.0719
"Power Magnetics Ltd (powermagneticsstore.co.uk, UK; Micrometals authorized distributor)",distributor web shop product page (Magento tier prices),Micrometals,E225-52,E225-52,Mix 52,powder: iron (Micrometals mix),E,E225-52,unverified (E/U core: per piece or per pair not stated),"product page title ""E225-52 Micrometals Iron Powder E Core""",GBP,1,3.52,1,0,1,in,E225-52 Micrometals Iron Powder E Core,https://powermagneticsstore.co.uk/shop/e225-52-micrometals-iron-powder-e-core.html,,2026-09-30T22:14:09Z,40800.0,Micrometals datasheet,140.0,"Micrometals datasheet ""Mass (approximate)"" (part E225-52)",https://datasheets.micrometals.com/E225-52-DataSheet.pdf @ 2026-09-30T22:28:07Z,iron,MAS core reference E225-52,1.328645,"ECB euro reference rates 2026-09-30 (extra/ecb.xml, fetched 2026-09-30T20:12:47Z)",4.6768
"Power Magnetics Ltd (powermagneticsstore.co.uk, UK; Micrometals authorized distributor)",distributor web shop product page (Magento tier prices),Micrometals,E225-52,E225-52,Mix 52,powder: iron (Micrometals mix),E,E225-52,unverified (E/U core: per piece or per pair not stated),"product page title ""E225-52 Micrometals Iron Powder E Core""",GBP,10,2.56,0,0,1,in,E225-52 Micrometals Iron Powder E Core,https://powermagneticsstore.co.uk/shop/e225-52-micrometals-iron-powder-e-core.html,,2026-09-30T22:14:09Z,40800.0,Micrometals datasheet,140.0,"Micrometals datasheet ""Mass (approximate)"" (part E225-52)",https://datasheets.micrometals.com/E225-52-DataSheet.pdf @ 2026-09-30T22:28:07Z,iron,MAS core reference E225-52,1.328645,"ECB euro reference rates 2026-09-30 (extra/ecb.xml, fetched 2026-09-30T20:12:47Z)",3.4013
"Power Magnetics Ltd (powermagneticsstore.co.uk, UK; Micrometals authorized distributor)",distributor web shop product page (Magento tier prices),Micrometals,E225-52,E225-52,Mix 52,powder: iron (Micrometals mix),E,E225-52,unverified (E/U core: per piece or per pair not stated),"product page title ""E225-52 Micrometals Iron Powder E Core""",GBP,50,2.01,0,1,1,in,E225-52 Micrometals Iron Powder E Core,https://powermagneticsstore.co.uk/shop/e225-52-micrometals-iron-powder-e-core.html,,2026-09-30T22:14:09Z,40800.0,Micrometals datasheet,140.0,"Micrometals datasheet ""Mass (approximate)"" (part E225-52)",https://datasheets.micrometals.com/E225-52-DataSheet.pdf @ 2026-09-30T22:28:07Z,iron,MAS core reference E225-52,1.328645,"ECB euro reference rates 2026-09-30 (extra/ecb.xml, fetched 2026-09-30T20:12:47Z)",2.6706
"Power Magnetics Ltd (powermagneticsstore.co.uk, UK; Micrometals authorized distributor)",distributor web shop product page (Magento tier prices),Micrometals,E305-26A,E305-26A,Mix 26,powder: iron (Micrometals mix),E,E305-26A,unverified (E/U core: per piece or per pair not stated),"product page title ""E305-26A Micrometals Iron Powder E Core""",GBP,1,6.49,1,0,1,in,E305-26A Micrometals Iron Powder E Core,https://powermagneticsstore.co.uk/shop/e305-26a-micrometals-iron-powder-e-core.html,,2026-09-30T22:14:12Z,139000.0,Micrometals datasheet,490.0,"Micrometals datasheet ""Mass (approximate)"" (part E305-26A)",https://datasheets.micrometals.com/E305-26A-DataSheet.pdf @ 2026-09-30T22:28:12Z,iron,MAS core reference E305-26A,1.328645,"ECB euro reference rates 2026-09-30 (extra/ecb.xml, fetched 2026-09-30T20:12:47Z)",8.6229
"Power Magnetics Ltd (powermagneticsstore.co.uk, UK; Micrometals authorized distributor)",distributor web shop product page (Magento tier prices),Micrometals,E305-26A,E305-26A,Mix 26,powder: iron (Micrometals mix),E,E305-26A,unverified (E/U core: per piece or per pair not stated),"product page title ""E305-26A Micrometals Iron Powder E Core""",GBP,10,4.9,0,0,1,in,E305-26A Micrometals Iron Powder E Core,https://powermagneticsstore.co.uk/shop/e305-26a-micrometals-iron-powder-e-core.html,,2026-09-30T22:14:12Z,139000.0,Micrometals datasheet,490.0,"Micrometals datasheet ""Mass (approximate)"" (part E305-26A)",https://datasheets.micrometals.com/E305-26A-DataSheet.pdf @ 2026-09-30T22:28:12Z,iron,MAS core reference E305-26A,1.328645,"ECB euro reference rates 2026-09-30 (extra/ecb.xml, fetched 2026-09-30T20:12:47Z)",6.5104
"Power Magnetics Ltd (powermagneticsstore.co.uk, UK; Micrometals authorized distributor)",distributor web shop product page (Magento tier prices),Micrometals,E305-26A,E305-26A,Mix 26,powder: iron (Micrometals mix),E,E305-26A,unverified (E/U core: per piece or per pair not stated),"product page title ""E305-26A Micrometals Iron Powder E Core""",GBP,50,4.16,0,1,1,in,E305-26A Micrometals Iron Powder E Core,https://powermagneticsstore.co.uk/shop/e305-26a-micrometals-iron-powder-e-core.html,,2026-09-30T22:14:12Z,139000.0,Micrometals datasheet,490.0,"Micrometals datasheet ""Mass (approximate)"" (part E305-26A)",https://datasheets.micrometals.com/E305-26A-DataSheet.pdf @ 2026-09-30T22:28:12Z,iron,MAS core reference E305-26A,1.328645,"ECB euro reference rates 2026-09-30 (extra/ecb.xml, fetched 2026-09-30T20:12:47Z)",5.5272
"Power Magnetics Ltd (powermagneticsstore.co.uk, UK; Micrometals authorized distributor)",distributor web shop product page (Magento tier prices),Micrometals,E305-40,E305-40,Mix 40,powder: iron (Micrometals mix),E,E305-40,unverified (E/U core: per piece or per pair not stated),"product page title ""E305-40 Micrometals Iron Powder E Core""",GBP,1,4.8,1,0,1,in,E305-40 Micrometals Iron Powder E Core,https://powermagneticsstore.co.uk/shop/e305-40-micrometals-iron-powder-e-core.html,,2026-09-30T22:14:13Z,104000.0,Micrometals datasheet,360.0,"Micrometals datasheet ""Mass (approximate)"" (part E305-40)",https://datasheets.micrometals.com/E305-40-DataSheet.pdf @ 2026-09-30T22:28:15Z,iron,MAS core reference E305-40,1.328645,"ECB euro reference rates 2026-09-30 (extra/ecb.xml, fetched 2026-09-30T20:12:47Z)",6.3775
"Power Magnetics Ltd (powermagneticsstore.co.uk, UK; Micrometals authorized distributor)",distributor web shop product page (Magento tier prices),Micrometals,E305-40,E305-40,Mix 40,powder: iron (Micrometals mix),E,E305-40,unverified (E/U core: per piece or per pair not stated),"product page title ""E305-40 Micrometals Iron Powder E Core""",GBP,10,3.65,0,0,1,in,E305-40 Micrometals Iron Powder E Core,https://powermagneticsstore.co.uk/shop/e305-40-micrometals-iron-powder-e-core.html,,2026-09-30T22:14:13Z,104000.0,Micrometals datasheet,360.0,"Micrometals datasheet ""Mass (approximate)"" (part E305-40)",https://datasheets.micrometals.com/E305-40-DataSheet.pdf @ 2026-09-30T22:28:15Z,iron,MAS core reference E305-40,1.328645,"ECB euro reference rates 2026-09-30 (extra/ecb.xml, fetched 2026-09-30T20:12:47Z)",4.8496
"Power Magnetics Ltd (powermagneticsstore.co.uk, UK; Micrometals authorized distributor)",distributor web shop product page (Magento tier prices),Micrometals,E305-40,E305-40,Mix 40,powder: iron (Micrometals mix),E,E305-40,unverified (E/U core: per piece or per pair not stated),"product page title ""E305-40 Micrometals Iron Powder E Core""",GBP,50,3.08,0,1,1,in,E305-40 Micrometals Iron Powder E Core,https://powermagneticsstore.co.uk/shop/e305-40-micrometals-iron-powder-e-core.html,,2026-09-30T22:14:13Z,104000.0,Micrometals datasheet,360.0,"Micrometals datasheet ""Mass (approximate)"" (part E305-40)",https://datasheets.micrometals.com/E305-40-DataSheet.pdf @ 2026-09-30T22:28:15Z,iron,MAS core reference E305-40,1.328645,"ECB euro reference rates 2026-09-30 (extra/ecb.xml, fetched 2026-09-30T20:12:47Z)",4.0922
"Power Magnetics Ltd (powermagneticsstore.co.uk, UK; Micrometals authorized distributor)",distributor web shop product page (Magento tier prices),Micrometals,T90-26,T90-26,Mix 26,powder: iron (Micrometals mix),T,T90-26,per piece (toroid),"product page title ""T 90-26 Micrometals Iron Powder Toroid""",GBP,1,0.84,1,0,1,in,T 90-26 Micrometals Iron Powder Toroid,https://powermagneticsstore.co.uk/shop/t-90-26-micrometals-iron-powder-toroid.html,,2026-09-30T22:14:16Z,2280.0,Micrometals datasheet,,,,iron,MAS core reference T90-26,1.328645,"ECB euro reference rates 2026-09-30 (extra/ecb.xml, fetched 2026-09-30T20:12:47Z)",1.1161
"Power Magnetics Ltd (powermagneticsstore.co.uk, UK; Micrometals authorized distributor)",distributor web shop product page (Magento tier prices),Micrometals,T90-26,T90-26,Mix 26,powder: iron (Micrometals mix),T,T90-26,per piece (toroid),"product page title ""T 90-26 Micrometals Iron Powder Toroid""",GBP,10,0.58,0,0,1,in,T 90-26 Micrometals Iron Powder Toroid,https://powermagneticsstore.co.uk/shop/t-90-26-micrometals-iron-powder-toroid.html,,2026-09-30T22:14:16Z,2280.0,Micrometals datasheet,,,,iron,MAS core reference T90-26,1.328645,"ECB euro reference rates 2026-09-30 (extra/ecb.xml, fetched 2026-09-30T20:12:47Z)",0.7706
"Power Magnetics Ltd (powermagneticsstore.co.uk, UK; Micrometals authorized distributor)",distributor web shop product page (Magento tier prices),Micrometals,T90-26,T90-26,Mix 26,powder: iron (Micrometals mix),T,T90-26,per piece (toroid),"product page title ""T 90-26 Micrometals Iron Powder Toroid""",GBP,50,0.46,0,1,1,in,T 90-26 Micrometals Iron Powder Toroid,https://powermagneticsstore.co.uk/shop/t-90-26-micrometals-iron-powder-toroid.html,,2026-09-30T22:14:16Z,2280.0,Micrometals datasheet,,,,iron,MAS core reference T90-26,1.328645,"ECB euro reference rates 2026-09-30 (extra/ecb.xml, fetched 2026-09-30T20:12:47Z)",0.6112
"Power Magnetics Ltd (powermagneticsstore.co.uk, UK; Micrometals authorized distributor)",distributor web shop product page (Magento tier prices),Micrometals,T94-26,T94-26,Mix 26,powder: iron (Micrometals mix),T,T94-26,per piece (toroid),"product page title ""T 94-26 Micrometals Iron Powder Toroid""",GBP,1,0.82,1,0,1,in,T 94-26 Micrometals Iron Powder Toroid,https://powermagneticsstore.co.uk/shop/t-94-26-micrometals-iron-powder-toroid.html,,2026-09-30T22:14:19Z,2160.0,Micrometals datasheet,,,,iron,MAS core reference T94-26,1.328645,"ECB euro reference rates 2026-09-30 (extra/ecb.xml, fetched 2026-09-30T20:12:47Z)",1.0895
"Power Magnetics Ltd (powermagneticsstore.co.uk, UK; Micrometals authorized distributor)",distributor web shop product page (Magento tier prices),Micrometals,T94-26,T94-26,Mix 26,powder: iron (Micrometals mix),T,T94-26,per piece (toroid),"product page title ""T 94-26 Micrometals Iron Powder Toroid""",GBP,10,0.57,0,0,1,in,T 94-26 Micrometals Iron Powder Toroid,https://powermagneticsstore.co.uk/shop/t-94-26-micrometals-iron-powder-toroid.html,,2026-09-30T22:14:19Z,2160.0,Micrometals datasheet,,,,iron,MAS core reference T94-26,1.328645,"ECB euro reference rates 2026-09-30 (extra/ecb.xml, fetched 2026-09-30T20:12:47Z)",0.7573
"Power Magnetics Ltd (powermagneticsstore.co.uk, UK; Micrometals authorized distributor)",distributor web shop product page (Magento tier prices),Micrometals,T94-26,T94-26,Mix 26,powder: iron (Micrometals mix),T,T94-26,per piece (toroid),"product page title ""T 94-26 Micrometals Iron Powder Toroid""",GBP,50,0.45,0,1,1,in,T 94-26 Micrometals Iron Powder Toroid,https://powermagneticsstore.co.uk/shop/t-94-26-micrometals-iron-powder-toroid.html,,2026-09-30T22:14:19Z,2160.0,Micrometals datasheet,,,,iron,MAS core reference T94-26,1.328645,"ECB euro reference rates 2026-09-30 (extra/ecb.xml, fetched 2026-09-30T20:12:47Z)",0.5979
"Power Magnetics Ltd (powermagneticsstore.co.uk, UK; Micrometals authorized distributor)",distributor web shop product page (Magento tier prices),Micrometals,T94-52,T94-52,Mix 52,powder: iron (Micrometals mix),T,T94-52,per piece (toroid),"product page title ""T 94-52 Micrometals Iron Powder Toroid""",GBP,1,0.84,1,0,1,in,T 94-52 Micrometals Iron Powder Toroid,https://powermagneticsstore.co.uk/shop/t-94-52-micrometals-iron-powder-toroid.html,,2026-09-30T22:14:22Z,2160.0,Micrometals datasheet,15.0,"Micrometals datasheet ""Mass (approximate)"" (part T94-52)",https://datasheets.micrometals.com/T94-52-DataSheet.pdf @ 2026-09-30T20:27:44Z,iron,MAS core reference T94-52,1.328645,"ECB euro reference rates 2026-09-30 (extra/ecb.xml, fetched 2026-09-30T20:12:47Z)",1.1161
"Power Magnetics Ltd (powermagneticsstore.co.uk, UK; Micrometals authorized distributor)",distributor web shop product page (Magento tier prices),Micrometals,T94-52,T94-52,Mix 52,powder: iron (Micrometals mix),T,T94-52,per piece (toroid),"product page title ""T 94-52 Micrometals Iron Powder Toroid""",GBP,10,0.58,0,0,1,in,T 94-52 Micrometals Iron Powder Toroid,https://powermagneticsstore.co.uk/shop/t-94-52-micrometals-iron-powder-toroid.html,,2026-09-30T22:14:22Z,2160.0,Micrometals datasheet,15.0,"Micrometals datasheet ""Mass (approximate)"" (part T94-52)",https://datasheets.micrometals.com/T94-52-DataSheet.pdf @ 2026-09-30T20:27:44Z,iron,MAS core reference T94-52,1.328645,"ECB euro reference rates 2026-09-30 (extra/ecb.xml, fetched 2026-09-30T20:12:47Z)",0.7706
"Power Magnetics Ltd (powermagneticsstore.co.uk, UK; Micrometals authorized distributor)",distributor web shop product page (Magento tier prices),Micrometals,T94-52,T94-52,Mix 52,powder: iron (Micrometals mix),T,T94-52,per piece (toroid),"product page title ""T 94-52 Micrometals Iron Powder Toroid""",GBP,50,0.46,0,1,1,in,T 94-52 Micrometals Iron Powder Toroid,https://powermagneticsstore.co.uk/shop/t-94-52-micrometals-iron-powder-toroid.html,,2026-09-30T22:14:22Z,2160.0,Micrometals datasheet,15.0,"Micrometals datasheet ""Mass (approximate)"" (part T94-52)",https://datasheets.micrometals.com/T94-52-DataSheet.pdf @ 2026-09-30T20:27:44Z,iron,MAS core reference T94-52,1.328645,"ECB euro reference rates 2026-09-30 (extra/ecb.xml, fetched 2026-09-30T20:12:47Z)",0.6112
"Power Magnetics Ltd (powermagneticsstore.co.uk, UK; Micrometals authorized distributor)",distributor web shop product page (Magento tier prices),Micrometals,T95-26B,T95-26B,Mix 26,powder: iron (Micrometals mix),T,T95-26B,per piece (toroid),"product page title ""T 95-26B Micrometals Iron Powder Toroid""",GBP,1,1.02,1,0,1,in,T 95-26B Micrometals Iron Powder Toroid,https://powermagneticsstore.co.uk/shop/t-95-26b-micrometals-iron-powder-toroid.html,,2026-09-30T22:14:24Z,2910.0,Micrometals datasheet,20.0,"Micrometals datasheet ""Mass (approximate)"" (part T95-26B)",https://datasheets.micrometals.com/T95-26B-DataSheet.pdf @ 2026-09-30T22:33:50Z,iron,MAS core reference T95-26B,1.328645,"ECB euro reference rates 2026-09-30 (extra/ecb.xml, fetched 2026-09-30T20:12:47Z)",1.3552
"Power Magnetics Ltd (powermagneticsstore.co.uk, UK; Micrometals authorized distributor)",distributor web shop product page (Magento tier prices),Micrometals,T95-26B,T95-26B,Mix 26,powder: iron (Micrometals mix),T,T95-26B,per piece (toroid),"product page title ""T 95-26B Micrometals Iron Powder Toroid""",GBP,10,0.71,0,0,1,in,T 95-26B Micrometals Iron Powder Toroid,https://powermagneticsstore.co.uk/shop/t-95-26b-micrometals-iron-powder-toroid.html,,2026-09-30T22:14:24Z,2910.0,Micrometals datasheet,20.0,"Micrometals datasheet ""Mass (approximate)"" (part T95-26B)",https://datasheets.micrometals.com/T95-26B-DataSheet.pdf @ 2026-09-30T22:33:50Z,iron,MAS core reference T95-26B,1.328645,"ECB euro reference rates 2026-09-30 (extra/ecb.xml, fetched 2026-09-30T20:12:47Z)",0.9433
"Power Magnetics Ltd (powermagneticsstore.co.uk, UK; Micrometals authorized distributor)",distributor web shop product page (Magento tier prices),Micrometals,T95-26B,T95-26B,Mix 26,powder: iron (Micrometals mix),T,T95-26B,per piece (toroid),"product page title ""T 95-26B Micrometals Iron Powder Toroid""",GBP,50,0.56,0,1,1,in,T 95-26B Micrometals Iron Powder Toroid,https://powermagneticsstore.co.uk/shop/t-95-26b-micrometals-iron-powder-toroid.html,,2026-09-30T22:14:24Z,2910.0,Micrometals datasheet,20.0,"Micrometals datasheet ""Mass (approximate)"" (part T95-26B)",https://datasheets.micrometals.com/T95-26B-DataSheet.pdf @ 2026-09-30T22:33:50Z,iron,MAS core reference T95-26B,1.328645,"ECB euro reference rates 2026-09-30 (extra/ecb.xml, fetched 2026-09-30T20:12:47Z)",0.744
"Power Magnetics Ltd (powermagneticsstore.co.uk, UK; Micrometals authorized distributor)",distributor web shop product page (Magento tier prices),Micrometals,E450-26,E450-26,Mix 26,powder: iron (Micrometals mix),E,E450-26,unverified (E/U core: per piece or per pair not stated),"product page title ""E450-26 Micrometals Iron Powder E Core""",GBP,1,13.2,1,0,1,in,E450-26 Micrometals Iron Powder E Core,https://powermagneticsstore.co.uk/shop/e450-26-micrometals-iron-powder-e-core.html,,2026-09-30T22:14:28Z,280000.0,Micrometals datasheet,980.0,"Micrometals datasheet ""Mass (approximate)"" (part E450-26)",https://datasheets.micrometals.com/E450-26-DataSheet.pdf @ 2026-09-30T22:28:21Z,iron,MAS core reference E450-26,1.328645,"ECB euro reference rates 2026-09-30 (extra/ecb.xml, fetched 2026-09-30T20:12:47Z)",17.5381
"Power Magnetics Ltd (powermagneticsstore.co.uk, UK; Micrometals authorized distributor)",distributor web shop product page (Magento tier prices),Micrometals,E450-26,E450-26,Mix 26,powder: iron (Micrometals mix),E,E450-26,unverified (E/U core: per piece or per pair not stated),"product page title ""E450-26 Micrometals Iron Powder E Core""",GBP,10,9.98,0,0,1,in,E450-26 Micrometals Iron Powder E Core,https://powermagneticsstore.co.uk/shop/e450-26-micrometals-iron-powder-e-core.html,,2026-09-30T22:14:28Z,280000.0,Micrometals datasheet,980.0,"Micrometals datasheet ""Mass (approximate)"" (part E450-26)",https://datasheets.micrometals.com/E450-26-DataSheet.pdf @ 2026-09-30T22:28:21Z,iron,MAS core reference E450-26,1.328645,"ECB euro reference rates 2026-09-30 (extra/ecb.xml, fetched 2026-09-30T20:12:47Z)",13.2599
"Power Magnetics Ltd (powermagneticsstore.co.uk, UK; Micrometals authorized distributor)",distributor web shop product page (Magento tier prices),Micrometals,E450-26,E450-26,Mix 26,powder: iron (Micrometals mix),E,E450-26,unverified (E/U core: per piece or per pair not stated),"product page title ""E450-26 Micrometals Iron Powder E Core""",GBP,50,8.47,0,1,1,in,E450-26 Micrometals Iron Powder E Core,https://powermagneticsstore.co.uk/shop/e450-26-micrometals-iron-powder-e-core.html,,2026-09-30T22:14:28Z,280000.0,Micrometals datasheet,980.0,"Micrometals datasheet ""Mass (approximate)"" (part E450-26)",https://datasheets.micrometals.com/E450-26-DataSheet.pdf @ 2026-09-30T22:28:21Z,iron,MAS core reference E450-26,1.328645,"ECB euro reference rates 2026-09-30 (extra/ecb.xml, fetched 2026-09-30T20:12:47Z)",11.2536
"Power Magnetics Ltd (powermagneticsstore.co.uk, UK; Micrometals authorized distributor)",distributor web shop product page (Magento tier prices),Micrometals,E450-60,E450-60,Mix 60,powder: iron (Micrometals mix),E,E450-60,unverified (E/U core: per piece or per pair not stated),"product page title ""E450-60 Micrometals Iron Powder E Core""",GBP,1,30.96,1,0,1,in,E450-60 Micrometals Iron Powder E Core,https://powermagneticsstore.co.uk/shop/e450-60-micrometals-iron-powder-e-core.html,,2026-09-30T22:14:31Z,280000.0,Micrometals datasheet,850.0,"Micrometals datasheet ""Mass (approximate)"" (part E450-60)",https://datasheets.micrometals.com/E450-60-DataSheet.pdf @ 2026-09-30T22:28:23Z,iron,MAS core reference E450-60,1.328645,"ECB euro reference rates 2026-09-30 (extra/ecb.xml, fetched 2026-09-30T20:12:47Z)",41.1349
"Power Magnetics Ltd (powermagneticsstore.co.uk, UK; Micrometals authorized distributor)",distributor web shop product page (Magento tier prices),Micrometals,E450-60,E450-60,Mix 60,powder: iron (Micrometals mix),E,E450-60,unverified (E/U core: per piece or per pair not stated),"product page title ""E450-60 Micrometals Iron Powder E Core""",GBP,10,23.39,0,0,1,in,E450-60 Micrometals Iron Powder E Core,https://powermagneticsstore.co.uk/shop/e450-60-micrometals-iron-powder-e-core.html,,2026-09-30T22:14:31Z,280000.0,Micrometals datasheet,850.0,"Micrometals datasheet ""Mass (approximate)"" (part E450-60)",https://datasheets.micrometals.com/E450-60-DataSheet.pdf @ 2026-09-30T22:28:23Z,iron,MAS core reference E450-60,1.328645,"ECB euro reference rates 2026-09-30 (extra/ecb.xml, fetched 2026-09-30T20:12:47Z)",31.077
"Power Magnetics Ltd (powermagneticsstore.co.uk, UK; Micrometals authorized distributor)",distributor web shop product page (Magento tier prices),Micrometals,E450-60,E450-60,Mix 60,powder: iron (Micrometals mix),E,E450-60,unverified (E/U core: per piece or per pair not stated),"product page title ""E450-60 Micrometals Iron Powder E Core""",GBP,50,19.86,0,1,1,in,E450-60 Micrometals Iron Powder E Core,https://powermagneticsstore.co.uk/shop/e450-60-micrometals-iron-powder-e-core.html,,2026-09-30T22:14:31Z,280000.0,Micrometals datasheet,850.0,"Micrometals datasheet ""Mass (approximate)"" (part E450-60)",https://datasheets.micrometals.com/E450-60-DataSheet.pdf @ 2026-09-30T22:28:23Z,iron,MAS core reference E450-60,1.328645,"ECB euro reference rates 2026-09-30 (extra/ecb.xml, fetched 2026-09-30T20:12:47Z)",26.3869
"Power Magnetics Ltd (powermagneticsstore.co.uk, UK; Micrometals authorized distributor)",distributor web shop product page (Magento tier prices),Micrometals,E610-26,E610-26,Mix 26,powder: iron (Micrometals mix),E,E610-26,unverified (E/U core: per piece or per pair not stated),"product page title ""E610-26 Micrometals Iron Powder E Core""",GBP,1,37.06,1,0,1,in,E610-26 Micrometals Iron Powder E Core,https://powermagneticsstore.co.uk/shop/e610-26-micrometals-iron-powder-e-core.html,,2026-09-30T22:14:33Z,832000.0,Micrometals datasheet,2910.0,"Micrometals datasheet ""Mass (approximate)"" (part E610-26)",https://datasheets.micrometals.com/E610-26-DataSheet.pdf @ 2026-09-30T22:28:26Z,iron,MAS core reference E610-26,1.328645,"ECB euro reference rates 2026-09-30 (extra/ecb.xml, fetched 2026-09-30T20:12:47Z)",49.2396
"Power Magnetics Ltd (powermagneticsstore.co.uk, UK; Micrometals authorized distributor)",distributor web shop product page (Magento tier prices),Micrometals,E610-26,E610-26,Mix 26,powder: iron (Micrometals mix),E,E610-26,unverified (E/U core: per piece or per pair not stated),"product page title ""E610-26 Micrometals Iron Powder E Core""",GBP,10,28.01,0,0,1,in,E610-26 Micrometals Iron Powder E Core,https://powermagneticsstore.co.uk/shop/e610-26-micrometals-iron-powder-e-core.html,,2026-09-30T22:14:33Z,832000.0,Micrometals datasheet,2910.0,"Micrometals datasheet ""Mass (approximate)"" (part E610-26)",https://datasheets.micrometals.com/E610-26-DataSheet.pdf @ 2026-09-30T22:28:26Z,iron,MAS core reference E610-26,1.328645,"ECB euro reference rates 2026-09-30 (extra/ecb.xml, fetched 2026-09-30T20:12:47Z)",37.2154
"Power Magnetics Ltd (powermagneticsstore.co.uk, UK; Micrometals authorized distributor)",distributor web shop product page (Magento tier prices),Micrometals,E610-26,E610-26,Mix 26,powder: iron (Micrometals mix),E,E610-26,unverified (E/U core: per piece or per pair not stated),"product page title ""E610-26 Micrometals Iron Powder E Core""",GBP,50,23.78,0,1,1,in,E610-26 Micrometals Iron Powder E Core,https://powermagneticsstore.co.uk/shop/e610-26-micrometals-iron-powder-e-core.html,,2026-09-30T22:14:33Z,832000.0,Micrometals datasheet,2910.0,"Micrometals datasheet ""Mass (approximate)"" (part E610-26)",https://datasheets.micrometals.com/E610-26-DataSheet.pdf @ 2026-09-30T22:28:26Z,iron,MAS core reference E610-26,1.328645,"ECB euro reference rates 2026-09-30 (extra/ecb.xml, fetched 2026-09-30T20:12:47Z)",31.5952
"Power Magnetics Ltd (powermagneticsstore.co.uk, UK; Micrometals authorized distributor)",distributor web shop product page (Magento tier prices),Micrometals,E610-34,E610-34,Mix 34,powder: iron (Micrometals mix),E,E610-34,unverified (E/U core: per piece or per pair not stated),"product page title ""E610-34 Micrometals Iron Powder E Core""",GBP,1,47.09,1,0,1,in,E610-34 Micrometals Iron Powder E Core,https://powermagneticsstore.co.uk/shop/e610-34-micrometals-iron-powder-e-core.html,,2026-09-30T22:14:36Z,832000.0,Micrometals datasheet,2580.0,"Micrometals datasheet ""Mass (approximate)"" (part E610-34)",https://datasheets.micrometals.com/E610-34-DataSheet.pdf @ 2026-09-30T22:28:29Z,iron,MAS core reference E610-34,1.328645,"ECB euro reference rates 2026-09-30 (extra/ecb.xml, fetched 2026-09-30T20:12:47Z)",62.5659
"Power Magnetics Ltd (powermagneticsstore.co.uk, UK; Micrometals authorized distributor)",distributor web shop product page (Magento tier prices),Micrometals,E610-34,E610-34,Mix 34,powder: iron (Micrometals mix),E,E610-34,unverified (E/U core: per piece or per pair not stated),"product page title ""E610-34 Micrometals Iron Powder E Core""",GBP,10,35.58,0,0,1,in,E610-34 Micrometals Iron Powder E Core,https://powermagneticsstore.co.uk/shop/e610-34-micrometals-iron-powder-e-core.html,,2026-09-30T22:14:36Z,832000.0,Micrometals datasheet,2580.0,"Micrometals datasheet ""Mass (approximate)"" (part E610-34)",https://datasheets.micrometals.com/E610-34-DataSheet.pdf @ 2026-09-30T22:28:29Z,iron,MAS core reference E610-34,1.328645,"ECB euro reference rates 2026-09-30 (extra/ecb.xml, fetched 2026-09-30T20:12:47Z)",47.2732
"Power Magnetics Ltd (powermagneticsstore.co.uk, UK; Micrometals authorized distributor)",distributor web shop product page (Magento tier prices),Micrometals,E610-34,E610-34,Mix 34,powder: iron (Micrometals mix),E,E610-34,unverified (E/U core: per piece or per pair not stated),"product page title ""E610-34 Micrometals Iron Powder E Core""",GBP,50,30.21,0,1,1,in,E610-34 Micrometals Iron Powder E Core,https://powermagneticsstore.co.uk/shop/e610-34-micrometals-iron-powder-e-core.html,,2026-09-30T22:14:36Z,832000.0,Micrometals datasheet,2580.0,"Micrometals datasheet ""Mass (approximate)"" (part E610-34)",https://datasheets.micrometals.com/E610-34-DataSheet.pdf @ 2026-09-30T22:28:29Z,iron,MAS core reference E610-34,1.328645,"ECB euro reference rates 2026-09-30 (extra/ecb.xml, fetched 2026-09-30T20:12:47Z)",40.1384
"Power Magnetics Ltd (powermagneticsstore.co.uk, UK; Micrometals authorized distributor)",distributor web shop product page (Magento tier prices),Micrometals,E75-26,E75-26,Mix 26,powder: iron (Micrometals mix),E,E75-26,unverified (E/U core: per piece or per pair not stated),"product page title ""E 75-26 Micrometals Iron Powder E Core""",GBP,1,0.23,1,0,1,in,E 75-26 Micrometals Iron Powder E Core,https://powermagneticsstore.co.uk/shop/e-75-26-micrometals-iron-powder-e-core.html,,2026-09-30T22:14:39Z,936.0,Micrometals datasheet,3.3,"Micrometals datasheet ""Mass (approximate)"" (part E75-26)",https://datasheets.micrometals.com/E75-26-DataSheet.pdf @ 2026-09-30T22:28:33Z,iron,MAS core reference E75-26,1.328645,"ECB euro reference rates 2026-09-30 (extra/ecb.xml, fetched 2026-09-30T20:12:47Z)",0.3056
"Power Magnetics Ltd (powermagneticsstore.co.uk, UK; Micrometals authorized distributor)",distributor web shop product page (Magento tier prices),Micrometals,E75-26,E75-26,Mix 26,powder: iron (Micrometals mix),E,E75-26,unverified (E/U core: per piece or per pair not stated),"product page title ""E 75-26 Micrometals Iron Powder E Core""",GBP,10,0.19,0,0,1,in,E 75-26 Micrometals Iron Powder E Core,https://powermagneticsstore.co.uk/shop/e-75-26-micrometals-iron-powder-e-core.html,,2026-09-30T22:14:39Z,936.0,Micrometals datasheet,3.3,"Micrometals datasheet ""Mass (approximate)"" (part E75-26)",https://datasheets.micrometals.com/E75-26-DataSheet.pdf @ 2026-09-30T22:28:33Z,iron,MAS core reference E75-26,1.328645,"ECB euro reference rates 2026-09-30 (extra/ecb.xml, fetched 2026-09-30T20:12:47Z)",0.2524
"Power Magnetics Ltd (powermagneticsstore.co.uk, UK; Micrometals authorized distributor)",distributor web shop product page (Magento tier prices),Micrometals,E75-26,E75-26,Mix 26,powder: iron (Micrometals mix),E,E75-26,unverified (E/U core: per piece or per pair not stated),"product page title ""E 75-26 Micrometals Iron Powder E Core""",GBP,50,0.14,0,1,1,in,E 75-26 Micrometals Iron Powder E Core,https://powermagneticsstore.co.uk/shop/e-75-26-micrometals-iron-powder-e-core.html,,2026-09-30T22:14:39Z,936.0,Micrometals datasheet,3.3,"Micrometals datasheet ""Mass (approximate)"" (part E75-26)",https://datasheets.micrometals.com/E75-26-DataSheet.pdf @ 2026-09-30T22:28:33Z,iron,MAS core reference E75-26,1.328645,"ECB euro reference rates 2026-09-30 (extra/ecb.xml, fetched 2026-09-30T20:12:47Z)",0.186
"Power Magnetics Ltd (powermagneticsstore.co.uk, UK; Micrometals authorized distributor)",distributor web shop product page (Magento tier prices),Micrometals,T106-26,T106-26,Mix 26,powder: iron (Micrometals mix),T,T106-26,per piece (toroid),"product page title ""T106-26 Micrometals Iron Powder Toroid""",GBP,1,0.84,1,0,1,in,T106-26 Micrometals Iron Powder Toroid,https://powermagneticsstore.co.uk/shop/t106-26-micrometals-iron-powder-toroid.html,,2026-09-30T22:14:42Z,4280.0,Micrometals datasheet,30.0,"Micrometals datasheet ""Mass (approximate)"" (part T106-26)",https://datasheets.micrometals.com/T106-26-DataSheet.pdf @ 2026-09-30T20:16:40Z,iron,MAS core reference T106-26,1.328645,"ECB euro reference rates 2026-09-30 (extra/ecb.xml, fetched 2026-09-30T20:12:47Z)",1.1161
"Power Magnetics Ltd (powermagneticsstore.co.uk, UK; Micrometals authorized distributor)",distributor web shop product page (Magento tier prices),Micrometals,T106-26,T106-26,Mix 26,powder: iron (Micrometals mix),T,T106-26,per piece (toroid),"product page title ""T106-26 Micrometals Iron Powder Toroid""",GBP,10,0.58,0,0,1,in,T106-26 Micrometals Iron Powder Toroid,https://powermagneticsstore.co.uk/shop/t106-26-micrometals-iron-powder-toroid.html,,2026-09-30T22:14:42Z,4280.0,Micrometals datasheet,30.0,"Micrometals datasheet ""Mass (approximate)"" (part T106-26)",https://datasheets.micrometals.com/T106-26-DataSheet.pdf @ 2026-09-30T20:16:40Z,iron,MAS core reference T106-26,1.328645,"ECB euro reference rates 2026-09-30 (extra/ecb.xml, fetched 2026-09-30T20:12:47Z)",0.7706
"Power Magnetics Ltd (powermagneticsstore.co.uk, UK; Micrometals authorized distributor)",distributor web shop product page (Magento tier prices),Micrometals,T106-26,T106-26,Mix 26,powder: iron (Micrometals mix),T,T106-26,per piece (toroid),"product page title ""T106-26 Micrometals Iron Powder Toroid""",GBP,50,0.47,0,1,1,in,T106-26 Micrometals Iron Powder Toroid,https://powermagneticsstore.co.uk/shop/t106-26-micrometals-iron-powder-toroid.html,,2026-09-30T22:14:42Z,4280.0,Micrometals datasheet,30.0,"Micrometals datasheet ""Mass (approximate)"" (part T106-26)",https://datasheets.micrometals.com/T106-26-DataSheet.pdf @ 2026-09-30T20:16:40Z,iron,MAS core reference T106-26,1.328645,"ECB euro reference rates 2026-09-30 (extra/ecb.xml, fetched 2026-09-30T20:12:47Z)",0.6245
"Power Magnetics Ltd (powermagneticsstore.co.uk, UK; Micrometals authorized distributor)",distributor web shop product page (Magento tier prices),Micrometals,T106-26A,T106-26A,Mix 26,powder: iron (Micrometals mix),T,T106-26A,per piece (toroid),"product page title ""T106-26A Micrometals Iron Powder Toroid""",GBP,1,0.66,1,0,1,in,T106-26A Micrometals Iron Powder Toroid,https://powermagneticsstore.co.uk/shop/t106-26a-micrometals-iron-powder-toroid.html,,2026-09-30T22:14:43Z,3000.0,Micrometals datasheet,21.0,"Micrometals datasheet ""Mass (approximate)"" (part T106-26A)",https://datasheets.micrometals.com/T106-26A-DataSheet.pdf @ 2026-09-30T22:29:57Z,iron,MAS core reference T106-26A,1.328645,"ECB euro reference rates 2026-09-30 (extra/ecb.xml, fetched 2026-09-30T20:12:47Z)",0.8769
"Power Magnetics Ltd (powermagneticsstore.co.uk, UK; Micrometals authorized distributor)",distributor web shop product page (Magento tier prices),Micrometals,T106-26A,T106-26A,Mix 26,powder: iron (Micrometals mix),T,T106-26A,per piece (toroid),"product page title ""T106-26A Micrometals Iron Powder Toroid""",GBP,10,0.46,0,0,1,in,T106-26A Micrometals Iron Powder Toroid,https://powermagneticsstore.co.uk/shop/t106-26a-micrometals-iron-powder-toroid.html,,2026-09-30T22:14:43Z,3000.0,Micrometals datasheet,21.0,"Micrometals datasheet ""Mass (approximate)"" (part T106-26A)",https://datasheets.micrometals.com/T106-26A-DataSheet.pdf @ 2026-09-30T22:29:57Z,iron,MAS core reference T106-26A,1.328645,"ECB euro reference rates 2026-09-30 (extra/ecb.xml, fetched 2026-09-30T20:12:47Z)",0.6112
"Power Magnetics Ltd (powermagneticsstore.co.uk, UK; Micrometals authorized distributor)",distributor web shop product page (Magento tier prices),Micrometals,T106-26A,T106-26A,Mix 26,powder: iron (Micrometals mix),T,T106-26A,per piece (toroid),"product page title ""T106-26A Micrometals Iron Powder Toroid""",GBP,50,0.37,0,1,1,in,T106-26A Micrometals Iron Powder Toroid,https://powermagneticsstore.co.uk/shop/t106-26a-micrometals-iron-powder-toroid.html,,2026-09-30T22:14:43Z,3000.0,Micrometals datasheet,21.0,"Micrometals datasheet ""Mass (approximate)"" (part T106-26A)",https://datasheets.micrometals.com/T106-26A-DataSheet.pdf @ 2026-09-30T22:29:57Z,iron,MAS core reference T106-26A,1.328645,"ECB euro reference rates 2026-09-30 (extra/ecb.xml, fetched 2026-09-30T20:12:47Z)",0.4916
"Power Magnetics Ltd (powermagneticsstore.co.uk, UK; Micrometals authorized distributor)",distributor web shop product page (Magento tier prices),Micrometals,T106-26B,T106-26B,Mix 26,powder: iron (Micrometals mix),T,T106-26B,per piece (toroid),"product page title ""T106-26B Micrometals Iron Powder Toroid""",GBP,1,0.96,1,0,1,in,T106-26B Micrometals Iron Powder Toroid,https://powermagneticsstore.co.uk/shop/t106-26b-micrometals-iron-powder-toroid.html,,2026-09-30T22:14:46Z,5570.0,Micrometals datasheet,39.0,"Micrometals datasheet ""Mass (approximate)"" (part T106-26B)",https://datasheets.micrometals.com/T106-26B-DataSheet.pdf @ 2026-09-30T22:30:00Z,iron,MAS core reference T106-26B,1.328645,"ECB euro reference rates 2026-09-30 (extra/ecb.xml, fetched 2026-09-30T20:12:47Z)",1.2755
"Power Magnetics Ltd (powermagneticsstore.co.uk, UK; Micrometals authorized distributor)",distributor web shop product page (Magento tier prices),Micrometals,T106-26B,T106-26B,Mix 26,powder: iron (Micrometals mix),T,T106-26B,per piece (toroid),"product page title ""T106-26B Micrometals Iron Powder Toroid""",GBP,10,0.67,0,0,1,in,T106-26B Micrometals Iron Powder Toroid,https://powermagneticsstore.co.uk/shop/t106-26b-micrometals-iron-powder-toroid.html,,2026-09-30T22:14:46Z,5570.0,Micrometals datasheet,39.0,"Micrometals datasheet ""Mass (approximate)"" (part T106-26B)",https://datasheets.micrometals.com/T106-26B-DataSheet.pdf @ 2026-09-30T22:30:00Z,iron,MAS core reference T106-26B,1.328645,"ECB euro reference rates 2026-09-30 (extra/ecb.xml, fetched 2026-09-30T20:12:47Z)",0.8902
"Power Magnetics Ltd (powermagneticsstore.co.uk, UK; Micrometals authorized distributor)",distributor web shop product page (Magento tier prices),Micrometals,T106-26B,T106-26B,Mix 26,powder: iron (Micrometals mix),T,T106-26B,per piece (toroid),"product page title ""T106-26B Micrometals Iron Powder Toroid""",GBP,50,0.54,0,1,1,in,T106-26B Micrometals Iron Powder Toroid,https://powermagneticsstore.co.uk/shop/t106-26b-micrometals-iron-powder-toroid.html,,2026-09-30T22:14:46Z,5570.0,Micrometals datasheet,39.0,"Micrometals datasheet ""Mass (approximate)"" (part T106-26B)",https://datasheets.micrometals.com/T106-26B-DataSheet.pdf @ 2026-09-30T22:30:00Z,iron,MAS core reference T106-26B,1.328645,"ECB euro reference rates 2026-09-30 (extra/ecb.xml, fetched 2026-09-30T20:12:47Z)",0.7175
"Power Magnetics Ltd (powermagneticsstore.co.uk, UK; Micrometals authorized distributor)",distributor web shop product page (Magento tier prices),Micrometals,T106-40,T106-40,Mix 40,powder: iron (Micrometals mix),T,T106-40,per piece (toroid),"product page title ""T106-40 Micrometals Iron Powder Toroid""",GBP,1,0.83,1,0,1,in,T106-40 Micrometals Iron Powder Toroid,https://powermagneticsstore.co.uk/shop/t106-40-micrometals-iron-powder-toroid.html,,2026-09-30T22:14:48Z,4280.0,Micrometals datasheet,30.0,"Micrometals datasheet ""Mass (approximate)"" (part T106-40)",https://datasheets.micrometals.com/T106-40-DataSheet.pdf @ 2026-09-30T20:16:46Z,iron,MAS core reference T106-40,1.328645,"ECB euro reference rates 2026-09-30 (extra/ecb.xml, fetched 2026-09-30T20:12:47Z)",1.1028
"Power Magnetics Ltd (powermagneticsstore.co.uk, UK; Micrometals authorized distributor)",distributor web shop product page (Magento tier prices),Micrometals,T106-40,T106-40,Mix 40,powder: iron (Micrometals mix),T,T106-40,per piece (toroid),"product page title ""T106-40 Micrometals Iron Powder Toroid""",GBP,10,0.58,0,0,1,in,T106-40 Micrometals Iron Powder Toroid,https://powermagneticsstore.co.uk/shop/t106-40-micrometals-iron-powder-toroid.html,,2026-09-30T22:14:48Z,4280.0,Micrometals datasheet,30.0,"Micrometals datasheet ""Mass (approximate)"" (part T106-40)",https://datasheets.micrometals.com/T106-40-DataSheet.pdf @ 2026-09-30T20:16:46Z,iron,MAS core reference T106-40,1.328645,"ECB euro reference rates 2026-09-30 (extra/ecb.xml, fetched 2026-09-30T20:12:47Z)",0.7706
"Power Magnetics Ltd (powermagneticsstore.co.uk, UK; Micrometals authorized distributor)",distributor web shop product page (Magento tier prices),Micrometals,T106-40,T106-40,Mix 40,powder: iron (Micrometals mix),T,T106-40,per piece (toroid),"product page title ""T106-40 Micrometals Iron Powder Toroid""",GBP,50,0.47,0,1,1,in,T106-40 Micrometals Iron Powder Toroid,https://powermagneticsstore.co.uk/shop/t106-40-micrometals-iron-powder-toroid.html,,2026-09-30T22:14:48Z,4280.0,Micrometals datasheet,30.0,"Micrometals datasheet ""Mass (approximate)"" (part T106-40)",https://datasheets.micrometals.com/T106-40-DataSheet.pdf @ 2026-09-30T20:16:46Z,iron,MAS core reference T106-40,1.328645,"ECB euro reference rates 2026-09-30 (extra/ecb.xml, fetched 2026-09-30T20:12:47Z)",0.6245
"Power Magnetics Ltd (powermagneticsstore.co.uk, UK; Micrometals authorized distributor)",distributor web shop product page (Magento tier prices),Micrometals,T106-40B,T106-40B,Mix 40,powder: iron (Micrometals mix),T,T106-40B,per piece (toroid),"product page title ""T106-40B Micrometals Iron Powder Toroid""",GBP,1,0.96,1,0,1,out,T106-40B Micrometals Iron Powder Toroid,https://powermagneticsstore.co.uk/shop/t106-40b-micrometals-iron-powder-toroid.html,,2026-09-30T22:14:51Z,5570.0,Micrometals datasheet,38.0,"Micrometals datasheet ""Mass (approximate)"" (part T106-40B)",https://datasheets.micrometals.com/T106-40B-DataSheet.pdf @ 2026-09-30T22:30:03Z,iron,MAS core reference T106-40B,1.328645,"ECB euro reference rates 2026-09-30 (extra/ecb.xml, fetched 2026-09-30T20:12:47Z)",1.2755
"Power Magnetics Ltd (powermagneticsstore.co.uk, UK; Micrometals authorized distributor)",distributor web shop product page (Magento tier prices),Micrometals,T106-40B,T106-40B,Mix 40,powder: iron (Micrometals mix),T,T106-40B,per piece (toroid),"product page title ""T106-40B Micrometals Iron Powder Toroid""",GBP,10,0.67,0,0,1,out,T106-40B Micrometals Iron Powder Toroid,https://powermagneticsstore.co.uk/shop/t106-40b-micrometals-iron-powder-toroid.html,,2026-09-30T22:14:51Z,5570.0,Micrometals datasheet,38.0,"Micrometals datasheet ""Mass (approximate)"" (part T106-40B)",https://datasheets.micrometals.com/T106-40B-DataSheet.pdf @ 2026-09-30T22:30:03Z,iron,MAS core reference T106-40B,1.328645,"ECB euro reference rates 2026-09-30 (extra/ecb.xml, fetched 2026-09-30T20:12:47Z)",0.8902
"Power Magnetics Ltd (powermagneticsstore.co.uk, UK; Micrometals authorized distributor)",distributor web shop product page (Magento tier prices),Micrometals,T106-40B,T106-40B,Mix 40,powder: iron (Micrometals mix),T,T106-40B,per piece (toroid),"product page title ""T106-40B Micrometals Iron Powder Toroid""",GBP,50,0.54,0,1,1,out,T106-40B Micrometals Iron Powder Toroid,https://powermagneticsstore.co.uk/shop/t106-40b-micrometals-iron-powder-toroid.html,,2026-09-30T22:14:51Z,5570.0,Micrometals datasheet,38.0,"Micrometals datasheet ""Mass (approximate)"" (part T106-40B)",https://datasheets.micrometals.com/T106-40B-DataSheet.pdf @ 2026-09-30T22:30:03Z,iron,MAS core reference T106-40B,1.328645,"ECB euro reference rates 2026-09-30 (extra/ecb.xml, fetched 2026-09-30T20:12:47Z)",0.7175
"Power Magnetics Ltd (powermagneticsstore.co.uk, UK; Micrometals authorized distributor)",distributor web shop product page (Magento tier prices),Micrometals,T106-45,T106-45,Mix 45,powder: iron (Micrometals mix),T,T106-45,per piece (toroid),"product page title ""T106-45 Micrometals Iron Powder Toroid""",GBP,1,2.76,1,0,1,in,T106-45 Micrometals Iron Powder Toroid,https://powermagneticsstore.co.uk/shop/t106-45-micrometals-iron-powder-toroid.html,,2026-09-30T22:14:54Z,4280.0,Micrometals datasheet,31.0,"Micrometals datasheet ""Mass (approximate)"" (part T106-45)",https://datasheets.micrometals.com/T106-45-DataSheet.pdf @ 2026-09-30T22:30:04Z,iron,MAS core reference T106-45,1.328645,"ECB euro reference rates 2026-09-30 (extra/ecb.xml, fetched 2026-09-30T20:12:47Z)",3.6671
"Power Magnetics Ltd (powermagneticsstore.co.uk, UK; Micrometals authorized distributor)",distributor web shop product page (Magento tier prices),Micrometals,T106-45,T106-45,Mix 45,powder: iron (Micrometals mix),T,T106-45,per piece (toroid),"product page title ""T106-45 Micrometals Iron Powder Toroid""",GBP,10,1.91,0,0,1,in,T106-45 Micrometals Iron Powder Toroid,https://powermagneticsstore.co.uk/shop/t106-45-micrometals-iron-powder-toroid.html,,2026-09-30T22:14:54Z,4280.0,Micrometals datasheet,31.0,"Micrometals datasheet ""Mass (approximate)"" (part T106-45)",https://datasheets.micrometals.com/T106-45-DataSheet.pdf @ 2026-09-30T22:30:04Z,iron,MAS core reference T106-45,1.328645,"ECB euro reference rates 2026-09-30 (extra/ecb.xml, fetched 2026-09-30T20:12:47Z)",2.5377
"Power Magnetics Ltd (powermagneticsstore.co.uk, UK; Micrometals authorized distributor)",distributor web shop product page (Magento tier prices),Micrometals,T106-45,T106-45,Mix 45,powder: iron (Micrometals mix),T,T106-45,per piece (toroid),"product page title ""T106-45 Micrometals Iron Powder Toroid""",GBP,50,1.54,0,1,1,in,T106-45 Micrometals Iron Powder Toroid,https://powermagneticsstore.co.uk/shop/t106-45-micrometals-iron-powder-toroid.html,,2026-09-30T22:14:54Z,4280.0,Micrometals datasheet,31.0,"Micrometals datasheet ""Mass (approximate)"" (part T106-45)",https://datasheets.micrometals.com/T106-45-DataSheet.pdf @ 2026-09-30T22:30:04Z,iron,MAS core reference T106-45,1.328645,"ECB euro reference rates 2026-09-30 (extra/ecb.xml, fetched 2026-09-30T20:12:47Z)",2.0461
"Power Magnetics Ltd (powermagneticsstore.co.uk, UK; Micrometals authorized distributor)",distributor web shop product page (Magento tier prices),Micrometals,T106-52,T106-52,Mix 52,powder: iron (Micrometals mix),T,T106-52,per piece (toroid),"product page title ""T106-52 Micrometals Iron Powder Toroid""",GBP,1,0.85,1,0,1,in,T106-52 Micrometals Iron Powder Toroid,https://powermagneticsstore.co.uk/shop/t106-52-micrometals-iron-powder-toroid.html,,2026-09-30T22:14:57Z,4280.0,Micrometals datasheet,30.0,"Micrometals datasheet ""Mass (approximate)"" (part T106-52)",https://datasheets.micrometals.com/T106-52-DataSheet.pdf @ 2026-09-30T22:30:07Z,iron,MAS core reference T106-52,1.328645,"ECB euro reference rates 2026-09-30 (extra/ecb.xml, fetched 2026-09-30T20:12:47Z)",1.1293
"Power Magnetics Ltd (powermagneticsstore.co.uk, UK; Micrometals authorized distributor)",distributor web shop product page (Magento tier prices),Micrometals,T106-52,T106-52,Mix 52,powder: iron (Micrometals mix),T,T106-52,per piece (toroid),"product page title ""T106-52 Micrometals Iron Powder Toroid""",GBP,10,0.59,0,0,1,in,T106-52 Micrometals Iron Powder Toroid,https://powermagneticsstore.co.uk/shop/t106-52-micrometals-iron-powder-toroid.html,,2026-09-30T22:14:57Z,4280.0,Micrometals datasheet,30.0,"Micrometals datasheet ""Mass (approximate)"" (part T106-52)",https://datasheets.micrometals.com/T106-52-DataSheet.pdf @ 2026-09-30T22:30:07Z,iron,MAS core reference T106-52,1.328645,"ECB euro reference rates 2026-09-30 (extra/ecb.xml, fetched 2026-09-30T20:12:47Z)",0.7839
"Power Magnetics Ltd (powermagneticsstore.co.uk, UK; Micrometals authorized distributor)",distributor web shop product page (Magento tier prices),Micrometals,T106-52,T106-52,Mix 52,powder: iron (Micrometals mix),T,T106-52,per piece (toroid),"product page title ""T106-52 Micrometals Iron Powder Toroid""",GBP,50,0.48,0,1,1,in,T106-52 Micrometals Iron Powder Toroid,https://powermagneticsstore.co.uk/shop/t106-52-micrometals-iron-powder-toroid.html,,2026-09-30T22:14:57Z,4280.0,Micrometals datasheet,30.0,"Micrometals datasheet ""Mass (approximate)"" (part T106-52)",https://datasheets.micrometals.com/T106-52-DataSheet.pdf @ 2026-09-30T22:30:07Z,iron,MAS core reference T106-52,1.328645,"ECB euro reference rates 2026-09-30 (extra/ecb.xml, fetched 2026-09-30T20:12:47Z)",0.6377
"Power Magnetics Ltd (powermagneticsstore.co.uk, UK; Micrometals authorized distributor)",distributor web shop product page (Magento tier prices),Micrometals,T106-52B,T106-52B,Mix 52,powder: iron (Micrometals mix),T,T106-52B,per piece (toroid),"product page title ""T106-52B Micrometals Iron Powder Toroid""",GBP,1,1.01,1,0,1,in,T106-52B Micrometals Iron Powder Toroid,https://powermagneticsstore.co.uk/shop/t106-52b-micrometals-iron-powder-toroid.html,,2026-09-30T22:14:59Z,5570.0,Micrometals datasheet,39.0,"Micrometals datasheet ""Mass (approximate)"" (part T106-52B)",https://datasheets.micrometals.com/T106-52B-DataSheet.pdf @ 2026-09-30T22:30:10Z,iron,MAS core reference T106-52B,1.328645,"ECB euro reference rates 2026-09-30 (extra/ecb.xml, fetched 2026-09-30T20:12:47Z)",1.3419
"Power Magnetics Ltd (powermagneticsstore.co.uk, UK; Micrometals authorized distributor)",distributor web shop product page (Magento tier prices),Micrometals,T106-52B,T106-52B,Mix 52,powder: iron (Micrometals mix),T,T106-52B,per piece (toroid),"product page title ""T106-52B Micrometals Iron Powder Toroid""",GBP,10,0.71,0,0,1,in,T106-52B Micrometals Iron Powder Toroid,https://powermagneticsstore.co.uk/shop/t106-52b-micrometals-iron-powder-toroid.html,,2026-09-30T22:14:59Z,5570.0,Micrometals datasheet,39.0,"Micrometals datasheet ""Mass (approximate)"" (part T106-52B)",https://datasheets.micrometals.com/T106-52B-DataSheet.pdf @ 2026-09-30T22:30:10Z,iron,MAS core reference T106-52B,1.328645,"ECB euro reference rates 2026-09-30 (extra/ecb.xml, fetched 2026-09-30T20:12:47Z)",0.9433
"Power Magnetics Ltd (powermagneticsstore.co.uk, UK; Micrometals authorized distributor)",distributor web shop product page (Magento tier prices),Micrometals,T106-52B,T106-52B,Mix 52,powder: iron (Micrometals mix),T,T106-52B,per piece (toroid),"product page title ""T106-52B Micrometals Iron Powder Toroid""",GBP,50,0.58,0,1,1,in,T106-52B Micrometals Iron Powder Toroid,https://powermagneticsstore.co.uk/shop/t106-52b-micrometals-iron-powder-toroid.html,,2026-09-30T22:14:59Z,5570.0,Micrometals datasheet,39.0,"Micrometals datasheet ""Mass (approximate)"" (part T106-52B)",https://datasheets.micrometals.com/T106-52B-DataSheet.pdf @ 2026-09-30T22:30:10Z,iron,MAS core reference T106-52B,1.328645,"ECB euro reference rates 2026-09-30 (extra/ecb.xml, fetched 2026-09-30T20:12:47Z)",0.7706
"Power Magnetics Ltd (powermagneticsstore.co.uk, UK; Micrometals authorized distributor)",distributor web shop product page (Magento tier prices),Micrometals,T106-70,T106-70,Mix 70,powder: iron (Micrometals mix),T,T106-70,per piece (toroid),"product page title ""T106-70 Micrometals Iron Powder Toroid""",GBP,1,3.2,1,0,1,in,T106-70 Micrometals Iron Powder Toroid,https://powermagneticsstore.co.uk/shop/t106-70-micrometals-iron-powder-toroid.html,,2026-09-30T22:15:03Z,4280.0,Micrometals datasheet,32.0,"Micrometals datasheet ""Mass (approximate)"" (part T106-70)",https://datasheets.micrometals.com/T106-70-DataSheet.pdf @ 2026-09-30T22:30:13Z,iron,MAS core reference T106-70,1.328645,"ECB euro reference rates 2026-09-30 (extra/ecb.xml, fetched 2026-09-30T20:12:47Z)",4.2517
"Power Magnetics Ltd (powermagneticsstore.co.uk, UK; Micrometals authorized distributor)",distributor web shop product page (Magento tier prices),Micrometals,T106-70,T106-70,Mix 70,powder: iron (Micrometals mix),T,T106-70,per piece (toroid),"product page title ""T106-70 Micrometals Iron Powder Toroid""",GBP,10,2.1,0,0,1,in,T106-70 Micrometals Iron Powder Toroid,https://powermagneticsstore.co.uk/shop/t106-70-micrometals-iron-powder-toroid.html,,2026-09-30T22:15:03Z,4280.0,Micrometals datasheet,32.0,"Micrometals datasheet ""Mass (approximate)"" (part T106-70)",https://datasheets.micrometals.com/T106-70-DataSheet.pdf @ 2026-09-30T22:30:13Z,iron,MAS core reference T106-70,1.328645,"ECB euro reference rates 2026-09-30 (extra/ecb.xml, fetched 2026-09-30T20:12:47Z)",2.7902
"Power Magnetics Ltd (powermagneticsstore.co.uk, UK; Micrometals authorized distributor)",distributor web shop product page (Magento tier prices),Micrometals,T106-70,T106-70,Mix 70,powder: iron (Micrometals mix),T,T106-70,per piece (toroid),"product page title ""T106-70 Micrometals Iron Powder Toroid""",GBP,50,1.76,0,1,1,in,T106-70 Micrometals Iron Powder Toroid,https://powermagneticsstore.co.uk/shop/t106-70-micrometals-iron-powder-toroid.html,,2026-09-30T22:15:03Z,4280.0,Micrometals datasheet,32.0,"Micrometals datasheet ""Mass (approximate)"" (part T106-70)",https://datasheets.micrometals.com/T106-70-DataSheet.pdf @ 2026-09-30T22:30:13Z,iron,MAS core reference T106-70,1.328645,"ECB euro reference rates 2026-09-30 (extra/ecb.xml, fetched 2026-09-30T20:12:47Z)",2.3384
"Power Magnetics Ltd (powermagneticsstore.co.uk, UK; Micrometals authorized distributor)",distributor web shop product page (Magento tier prices),Micrometals,T106-70B,T106-70B,Mix 70,powder: iron (Micrometals mix),T,T106-70B,per piece (toroid),"product page title ""T106-70B Micrometals Iron Powder Toroid""",GBP,1,3.5,1,0,1,in,T106-70B Micrometals Iron Powder Toroid,https://powermagneticsstore.co.uk/shop/t106-70b-micrometals-iron-powder-toroid.html,,2026-09-30T22:15:05Z,5570.0,Micrometals datasheet,41.0,"Micrometals datasheet ""Mass (approximate)"" (part T106-70B)",https://datasheets.micrometals.com/T106-70B-DataSheet.pdf @ 2026-09-30T22:30:16Z,iron,MAS core reference T106-70B,1.328645,"ECB euro reference rates 2026-09-30 (extra/ecb.xml, fetched 2026-09-30T20:12:47Z)",4.6503
"Power Magnetics Ltd (powermagneticsstore.co.uk, UK; Micrometals authorized distributor)",distributor web shop product page (Magento tier prices),Micrometals,T106-70B,T106-70B,Mix 70,powder: iron (Micrometals mix),T,T106-70B,per piece (toroid),"product page title ""T106-70B Micrometals Iron Powder Toroid""",GBP,10,2.4,0,0,1,in,T106-70B Micrometals Iron Powder Toroid,https://powermagneticsstore.co.uk/shop/t106-70b-micrometals-iron-powder-toroid.html,,2026-09-30T22:15:05Z,5570.0,Micrometals datasheet,41.0,"Micrometals datasheet ""Mass (approximate)"" (part T106-70B)",https://datasheets.micrometals.com/T106-70B-DataSheet.pdf @ 2026-09-30T22:30:16Z,iron,MAS core reference T106-70B,1.328645,"ECB euro reference rates 2026-09-30 (extra/ecb.xml, fetched 2026-09-30T20:12:47Z)",3.1887
"Power Magnetics Ltd (powermagneticsstore.co.uk, UK; Micrometals authorized distributor)",distributor web shop product page (Magento tier prices),Micrometals,T106-70B,T106-70B,Mix 70,powder: iron (Micrometals mix),T,T106-70B,per piece (toroid),"product page title ""T106-70B Micrometals Iron Powder Toroid""",GBP,50,2.0,0,1,1,in,T106-70B Micrometals Iron Powder Toroid,https://powermagneticsstore.co.uk/shop/t106-70b-micrometals-iron-powder-toroid.html,,2026-09-30T22:15:05Z,5570.0,Micrometals datasheet,41.0,"Micrometals datasheet ""Mass (approximate)"" (part T106-70B)",https://datasheets.micrometals.com/T106-70B-DataSheet.pdf @ 2026-09-30T22:30:16Z,iron,MAS core reference T106-70B,1.328645,"ECB euro reference rates 2026-09-30 (extra/ecb.xml, fetched 2026-09-30T20:12:47Z)",2.6573
"Power Magnetics Ltd (powermagneticsstore.co.uk, UK; Micrometals authorized distributor)",distributor web shop product page (Magento tier prices),Micrometals,T130-26,T130-26,Mix 26,powder: iron (Micrometals mix),T,T130-26,per piece (toroid),"product page title ""T130-26 Micrometals Iron Powder Toroid""",GBP,1,1.12,1,0,1,in,T130-26 Micrometals Iron Powder Toroid,https://powermagneticsstore.co.uk/shop/t130-26-micrometals-iron-powder-toroid.html,,2026-09-30T22:15:08Z,5780.0,Micrometals datasheet,40.0,"Micrometals datasheet ""Mass (approximate)"" (part T130-26)",https://datasheets.micrometals.com/T130-26-DataSheet.pdf @ 2026-09-30T20:17:54Z,iron,MAS core reference T130-26,1.328645,"ECB euro reference rates 2026-09-30 (extra/ecb.xml, fetched 2026-09-30T20:12:47Z)",1.4881
"Power Magnetics Ltd (powermagneticsstore.co.uk, UK; Micrometals authorized distributor)",distributor web shop product page (Magento tier prices),Micrometals,T130-26,T130-26,Mix 26,powder: iron (Micrometals mix),T,T130-26,per piece (toroid),"product page title ""T130-26 Micrometals Iron Powder Toroid""",GBP,10,0.78,0,0,1,in,T130-26 Micrometals Iron Powder Toroid,https://powermagneticsstore.co.uk/shop/t130-26-micrometals-iron-powder-toroid.html,,2026-09-30T22:15:08Z,5780.0,Micrometals datasheet,40.0,"Micrometals datasheet ""Mass (approximate)"" (part T130-26)",https://datasheets.micrometals.com/T130-26-DataSheet.pdf @ 2026-09-30T20:17:54Z,iron,MAS core reference T130-26,1.328645,"ECB euro reference rates 2026-09-30 (extra/ecb.xml, fetched 2026-09-30T20:12:47Z)",1.0363
"Power Magnetics Ltd (powermagneticsstore.co.uk, UK; Micrometals authorized distributor)",distributor web shop product page (Magento tier prices),Micrometals,T130-26,T130-26,Mix 26,powder: iron (Micrometals mix),T,T130-26,per piece (toroid),"product page title ""T130-26 Micrometals Iron Powder Toroid""",GBP,50,0.63,0,1,1,in,T130-26 Micrometals Iron Powder Toroid,https://powermagneticsstore.co.uk/shop/t130-26-micrometals-iron-powder-toroid.html,,2026-09-30T22:15:08Z,5780.0,Micrometals datasheet,40.0,"Micrometals datasheet ""Mass (approximate)"" (part T130-26)",https://datasheets.micrometals.com/T130-26-DataSheet.pdf @ 2026-09-30T20:17:54Z,iron,MAS core reference T130-26,1.328645,"ECB euro reference rates 2026-09-30 (extra/ecb.xml, fetched 2026-09-30T20:12:47Z)",0.837
"Power Magnetics Ltd (powermagneticsstore.co.uk, UK; Micrometals authorized distributor)",distributor web shop product page (Magento tier prices),Micrometals,T130-26A,T130-26A,Mix 26,powder: iron (Micrometals mix),T,T130-26A,per piece (toroid),"product page title ""T130-26A- Micrometals Iron Powder Toroid""",GBP,1,0.83,1,0,1,in,T130-26A- Micrometals Iron Powder Toroid,https://powermagneticsstore.co.uk/shop/t130-26a-micrometals-iron-powder-toroid.html,,2026-09-30T22:15:11Z,2990.0,Micrometals datasheet,21.0,"Micrometals datasheet ""Mass (approximate)"" (part T130-26A)",https://datasheets.micrometals.com/T130-26A-DataSheet.pdf @ 2026-09-30T22:30:19Z,iron,MAS core reference T130-26A,1.328645,"ECB euro reference rates 2026-09-30 (extra/ecb.xml, fetched 2026-09-30T20:12:47Z)",1.1028
"Power Magnetics Ltd (powermagneticsstore.co.uk, UK; Micrometals authorized distributor)",distributor web shop product page (Magento tier prices),Micrometals,T130-26A,T130-26A,Mix 26,powder: iron (Micrometals mix),T,T130-26A,per piece (toroid),"product page title ""T130-26A- Micrometals Iron Powder Toroid""",GBP,10,0.58,0,0,1,in,T130-26A- Micrometals Iron Powder Toroid,https://powermagneticsstore.co.uk/shop/t130-26a-micrometals-iron-powder-toroid.html,,2026-09-30T22:15:11Z,2990.0,Micrometals datasheet,21.0,"Micrometals datasheet ""Mass (approximate)"" (part T130-26A)",https://datasheets.micrometals.com/T130-26A-DataSheet.pdf @ 2026-09-30T22:30:19Z,iron,MAS core reference T130-26A,1.328645,"ECB euro reference rates 2026-09-30 (extra/ecb.xml, fetched 2026-09-30T20:12:47Z)",0.7706
"Power Magnetics Ltd (powermagneticsstore.co.uk, UK; Micrometals authorized distributor)",distributor web shop product page (Magento tier prices),Micrometals,T130-26A,T130-26A,Mix 26,powder: iron (Micrometals mix),T,T130-26A,per piece (toroid),"product page title ""T130-26A- Micrometals Iron Powder Toroid""",GBP,50,0.47,0,1,1,in,T130-26A- Micrometals Iron Powder Toroid,https://powermagneticsstore.co.uk/shop/t130-26a-micrometals-iron-powder-toroid.html,,2026-09-30T22:15:11Z,2990.0,Micrometals datasheet,21.0,"Micrometals datasheet ""Mass (approximate)"" (part T130-26A)",https://datasheets.micrometals.com/T130-26A-DataSheet.pdf @ 2026-09-30T22:30:19Z,iron,MAS core reference T130-26A,1.328645,"ECB euro reference rates 2026-09-30 (extra/ecb.xml, fetched 2026-09-30T20:12:47Z)",0.6245
"Power Magnetics Ltd (powermagneticsstore.co.uk, UK; Micrometals authorized distributor)",distributor web shop product page (Magento tier prices),Micrometals,T130-38,T130-38,Mix 38,powder: iron (Micrometals mix),T,T130-38,per piece (toroid),"product page title ""T130-38 Micrometals Iron Powder Toroid""",GBP,1,1.12,1,0,1,out,T130-38 Micrometals Iron Powder Toroid,https://powermagneticsstore.co.uk/shop/t130-38-micrometals-iron-powder-toroid.html,,2026-09-30T22:15:12Z,5780.0,Micrometals datasheet,41.0,"Micrometals datasheet ""Mass (approximate)"" (part T130-38)",https://datasheets.micrometals.com/T130-38-DataSheet.pdf @ 2026-09-30T22:30:22Z,iron,MAS core reference T130-38,1.328645,"ECB euro reference rates 2026-09-30 (extra/ecb.xml, fetched 2026-09-30T20:12:47Z)",1.4881
"Power Magnetics Ltd (powermagneticsstore.co.uk, UK; Micrometals authorized distributor)",distributor web shop product page (Magento tier prices),Micrometals,T130-38,T130-38,Mix 38,powder: iron (Micrometals mix),T,T130-38,per piece (toroid),"product page title ""T130-38 Micrometals Iron Powder Toroid""",GBP,10,0.78,0,0,1,out,T130-38 Micrometals Iron Powder Toroid,https://powermagneticsstore.co.uk/shop/t130-38-micrometals-iron-powder-toroid.html,,2026-09-30T22:15:12Z,5780.0,Micrometals datasheet,41.0,"Micrometals datasheet ""Mass (approximate)"" (part T130-38)",https://datasheets.micrometals.com/T130-38-DataSheet.pdf @ 2026-09-30T22:30:22Z,iron,MAS core reference T130-38,1.328645,"ECB euro reference rates 2026-09-30 (extra/ecb.xml, fetched 2026-09-30T20:12:47Z)",1.0363
"Power Magnetics Ltd (powermagneticsstore.co.uk, UK; Micrometals authorized distributor)",distributor web shop product page (Magento tier prices),Micrometals,T130-38,T130-38,Mix 38,powder: iron (Micrometals mix),T,T130-38,per piece (toroid),"product page title ""T130-38 Micrometals Iron Powder Toroid""",GBP,50,0.63,0,1,1,out,T130-38 Micrometals Iron Powder Toroid,https://powermagneticsstore.co.uk/shop/t130-38-micrometals-iron-powder-toroid.html,,2026-09-30T22:15:12Z,5780.0,Micrometals datasheet,41.0,"Micrometals datasheet ""Mass (approximate)"" (part T130-38)",https://datasheets.micrometals.com/T130-38-DataSheet.pdf @ 2026-09-30T22:30:22Z,iron,MAS core reference T130-38,1.328645,"ECB euro reference rates 2026-09-30 (extra/ecb.xml, fetched 2026-09-30T20:12:47Z)",0.837
"Power Magnetics Ltd (powermagneticsstore.co.uk, UK; Micrometals authorized distributor)",distributor web shop product page (Magento tier prices),Micrometals,T130-40,T130-40,Mix 40,powder: iron (Micrometals mix),T,T130-40,per piece (toroid),"product page title ""T130-40 Micrometals Iron Powder Toroid""",GBP,1,1.12,1,0,1,in,T130-40 Micrometals Iron Powder Toroid,https://powermagneticsstore.co.uk/shop/t130-40-micrometals-iron-powder-toroid.html,,2026-09-30T22:15:15Z,5780.0,Micrometals datasheet,40.0,"Micrometals datasheet ""Mass (approximate)"" (part T130-40)",https://datasheets.micrometals.com/T130-40-DataSheet.pdf @ 2026-09-30T20:18:03Z,iron,MAS core reference T130-40,1.328645,"ECB euro reference rates 2026-09-30 (extra/ecb.xml, fetched 2026-09-30T20:12:47Z)",1.4881
"Power Magnetics Ltd (powermagneticsstore.co.uk, UK; Micrometals authorized distributor)",distributor web shop product page (Magento tier prices),Micrometals,T130-40,T130-40,Mix 40,powder: iron (Micrometals mix),T,T130-40,per piece (toroid),"product page title ""T130-40 Micrometals Iron Powder Toroid""",GBP,10,0.78,0,0,1,in,T130-40 Micrometals Iron Powder Toroid,https://powermagneticsstore.co.uk/shop/t130-40-micrometals-iron-powder-toroid.html,,2026-09-30T22:15:15Z,5780.0,Micrometals datasheet,40.0,"Micrometals datasheet ""Mass (approximate)"" (part T130-40)",https://datasheets.micrometals.com/T130-40-DataSheet.pdf @ 2026-09-30T20:18:03Z,iron,MAS core reference T130-40,1.328645,"ECB euro reference rates 2026-09-30 (extra/ecb.xml, fetched 2026-09-30T20:12:47Z)",1.0363
"Power Magnetics Ltd (powermagneticsstore.co.uk, UK; Micrometals authorized distributor)",distributor web shop product page (Magento tier prices),Micrometals,T130-40,T130-40,Mix 40,powder: iron (Micrometals mix),T,T130-40,per piece (toroid),"product page title ""T130-40 Micrometals Iron Powder Toroid""",GBP,50,0.63,0,1,1,in,T130-40 Micrometals Iron Powder Toroid,https://powermagneticsstore.co.uk/shop/t130-40-micrometals-iron-powder-toroid.html,,2026-09-30T22:15:15Z,5780.0,Micrometals datasheet,40.0,"Micrometals datasheet ""Mass (approximate)"" (part T130-40)",https://datasheets.micrometals.com/T130-40-DataSheet.pdf @ 2026-09-30T20:18:03Z,iron,MAS core reference T130-40,1.328645,"ECB euro reference rates 2026-09-30 (extra/ecb.xml, fetched 2026-09-30T20:12:47Z)",0.837
"Power Magnetics Ltd (powermagneticsstore.co.uk, UK; Micrometals authorized distributor)",distributor web shop product page (Magento tier prices),Micrometals,T130-52,T130-52,Mix 52,powder: iron (Micrometals mix),T,T130-52,per piece (toroid),"product page title ""T130-52 Micrometals Iron Powder Toroid""",GBP,1,1.16,1,0,1,in,T130-52 Micrometals Iron Powder Toroid,https://powermagneticsstore.co.uk/shop/t130-52-micrometals-iron-powder-toroid.html,,2026-09-30T22:15:18Z,5780.0,Micrometals datasheet,40.0,"Micrometals datasheet ""Mass (approximate)"" (part T130-52)",https://datasheets.micrometals.com/T130-52-DataSheet.pdf @ 2026-09-30T20:18:06Z,iron,MAS core reference T130-52,1.328645,"ECB euro reference rates 2026-09-30 (extra/ecb.xml, fetched 2026-09-30T20:12:47Z)",1.5412
"Power Magnetics Ltd (powermagneticsstore.co.uk, UK; Micrometals authorized distributor)",distributor web shop product page (Magento tier prices),Micrometals,T130-52,T130-52,Mix 52,powder: iron (Micrometals mix),T,T130-52,per piece (toroid),"product page title ""T130-52 Micrometals Iron Powder Toroid""",GBP,10,0.8,0,0,1,in,T130-52 Micrometals Iron Powder Toroid,https://powermagneticsstore.co.uk/shop/t130-52-micrometals-iron-powder-toroid.html,,2026-09-30T22:15:18Z,5780.0,Micrometals datasheet,40.0,"Micrometals datasheet ""Mass (approximate)"" (part T130-52)",https://datasheets.micrometals.com/T130-52-DataSheet.pdf @ 2026-09-30T20:18:06Z,iron,MAS core reference T130-52,1.328645,"ECB euro reference rates 2026-09-30 (extra/ecb.xml, fetched 2026-09-30T20:12:47Z)",1.0629
"Power Magnetics Ltd (powermagneticsstore.co.uk, UK; Micrometals authorized distributor)",distributor web shop product page (Magento tier prices),Micrometals,T130-52,T130-52,Mix 52,powder: iron (Micrometals mix),T,T130-52,per piece (toroid),"product page title ""T130-52 Micrometals Iron Powder Toroid""",GBP,50,0.65,0,1,1,in,T130-52 Micrometals Iron Powder Toroid,https://powermagneticsstore.co.uk/shop/t130-52-micrometals-iron-powder-toroid.html,,2026-09-30T22:15:18Z,5780.0,Micrometals datasheet,40.0,"Micrometals datasheet ""Mass (approximate)"" (part T130-52)",https://datasheets.micrometals.com/T130-52-DataSheet.pdf @ 2026-09-30T20:18:06Z,iron,MAS core reference T130-52,1.328645,"ECB euro reference rates 2026-09-30 (extra/ecb.xml, fetched 2026-09-30T20:12:47Z)",0.8636
"Power Magnetics Ltd (powermagneticsstore.co.uk, UK; Micrometals authorized distributor)",distributor web shop product page (Magento tier prices),Micrometals,T130-60,T130-60,Mix 60,powder: iron (Micrometals mix),T,T130-60,per piece (toroid),"product page title ""T130-60 Micrometals Iron Powder Toroid""",GBP,1,2.17,1,0,1,out,T130-60 Micrometals Iron Powder Toroid,https://powermagneticsstore.co.uk/shop/t130-60-micrometals-iron-powder-toroid.html,,2026-09-30T22:15:20Z,5780.0,Micrometals datasheet,35.0,"Micrometals datasheet ""Mass (approximate)"" (part T130-60)",https://datasheets.micrometals.com/T130-60-DataSheet.pdf @ 2026-09-30T22:30:25Z,iron,MAS core reference T130-60,1.328645,"ECB euro reference rates 2026-09-30 (extra/ecb.xml, fetched 2026-09-30T20:12:47Z)",2.8832
"Power Magnetics Ltd (powermagneticsstore.co.uk, UK; Micrometals authorized distributor)",distributor web shop product page (Magento tier prices),Micrometals,T130-60,T130-60,Mix 60,powder: iron (Micrometals mix),T,T130-60,per piece (toroid),"product page title ""T130-60 Micrometals Iron Powder Toroid""",GBP,10,1.5,0,0,1,out,T130-60 Micrometals Iron Powder Toroid,https://powermagneticsstore.co.uk/shop/t130-60-micrometals-iron-powder-toroid.html,,2026-09-30T22:15:20Z,5780.0,Micrometals datasheet,35.0,"Micrometals datasheet ""Mass (approximate)"" (part T130-60)",https://datasheets.micrometals.com/T130-60-DataSheet.pdf @ 2026-09-30T22:30:25Z,iron,MAS core reference T130-60,1.328645,"ECB euro reference rates 2026-09-30 (extra/ecb.xml, fetched 2026-09-30T20:12:47Z)",1.993
"Power Magnetics Ltd (powermagneticsstore.co.uk, UK; Micrometals authorized distributor)",distributor web shop product page (Magento tier prices),Micrometals,T130-60,T130-60,Mix 60,powder: iron (Micrometals mix),T,T130-60,per piece (toroid),"product page title ""T130-60 Micrometals Iron Powder Toroid""",GBP,50,1.21,0,1,1,out,T130-60 Micrometals Iron Powder Toroid,https://powermagneticsstore.co.uk/shop/t130-60-micrometals-iron-powder-toroid.html,,2026-09-30T22:15:20Z,5780.0,Micrometals datasheet,35.0,"Micrometals datasheet ""Mass (approximate)"" (part T130-60)",https://datasheets.micrometals.com/T130-60-DataSheet.pdf @ 2026-09-30T22:30:25Z,iron,MAS core reference T130-60,1.328645,"ECB euro reference rates 2026-09-30 (extra/ecb.xml, fetched 2026-09-30T20:12:47Z)",1.6077
"Power Magnetics Ltd (powermagneticsstore.co.uk, UK; Micrometals authorized distributor)",distributor web shop product page (Magento tier prices),Micrometals,T131-26,T131-26,Mix 26,powder: iron (Micrometals mix),T,T131-26,per piece (toroid),"product page title ""T131-26 Micrometals Iron Powder Toroid""",GBP,1,1.23,1,0,1,in,T131-26 Micrometals Iron Powder Toroid,https://powermagneticsstore.co.uk/shop/t131-26-micrometals-iron-powder-toroid.html,,2026-09-30T22:15:23Z,6840.0,Micrometals datasheet,48.0,"Micrometals datasheet ""Mass (approximate)"" (part T131-26)",https://datasheets.micrometals.com/T131-26-DataSheet.pdf @ 2026-09-30T20:18:16Z,iron,MAS core reference T131-26,1.328645,"ECB euro reference rates 2026-09-30 (extra/ecb.xml, fetched 2026-09-30T20:12:47Z)",1.6342
"Power Magnetics Ltd (powermagneticsstore.co.uk, UK; Micrometals authorized distributor)",distributor web shop product page (Magento tier prices),Micrometals,T131-26,T131-26,Mix 26,powder: iron (Micrometals mix),T,T131-26,per piece (toroid),"product page title ""T131-26 Micrometals Iron Powder Toroid""",GBP,10,0.85,0,0,1,in,T131-26 Micrometals Iron Powder Toroid,https://powermagneticsstore.co.uk/shop/t131-26-micrometals-iron-powder-toroid.html,,2026-09-30T22:15:23Z,6840.0,Micrometals datasheet,48.0,"Micrometals datasheet ""Mass (approximate)"" (part T131-26)",https://datasheets.micrometals.com/T131-26-DataSheet.pdf @ 2026-09-30T20:18:16Z,iron,MAS core reference T131-26,1.328645,"ECB euro reference rates 2026-09-30 (extra/ecb.xml, fetched 2026-09-30T20:12:47Z)",1.1293
"Power Magnetics Ltd (powermagneticsstore.co.uk, UK; Micrometals authorized distributor)",distributor web shop product page (Magento tier prices),Micrometals,T131-26,T131-26,Mix 26,powder: iron (Micrometals mix),T,T131-26,per piece (toroid),"product page title ""T131-26 Micrometals Iron Powder Toroid""",GBP,50,0.69,0,1,1,in,T131-26 Micrometals Iron Powder Toroid,https://powermagneticsstore.co.uk/shop/t131-26-micrometals-iron-powder-toroid.html,,2026-09-30T22:15:23Z,6840.0,Micrometals datasheet,48.0,"Micrometals datasheet ""Mass (approximate)"" (part T131-26)",https://datasheets.micrometals.com/T131-26-DataSheet.pdf @ 2026-09-30T20:18:16Z,iron,MAS core reference T131-26,1.328645,"ECB euro reference rates 2026-09-30 (extra/ecb.xml, fetched 2026-09-30T20:12:47Z)",0.9168
"Power Magnetics Ltd (powermagneticsstore.co.uk, UK; Micrometals authorized distributor)",distributor web shop product page (Magento tier prices),Micrometals,T131-52,T131-52,Mix 52,powder: iron (Micrometals mix),T,T131-52,per piece (toroid),"product page title ""T131-52 Micrometals Iron Powder Toroid""",GBP,1,1.29,1,0,1,in,T131-52 Micrometals Iron Powder Toroid,https://powermagneticsstore.co.uk/shop/t131-52-micrometals-iron-powder-toroid.html,,2026-09-30T22:15:26Z,6840.0,Micrometals datasheet,48.0,"Micrometals datasheet ""Mass (approximate)"" (part T131-52)",https://datasheets.micrometals.com/T131-52-DataSheet.pdf @ 2026-09-30T22:30:28Z,iron,MAS core reference T131-52,1.328645,"ECB euro reference rates 2026-09-30 (extra/ecb.xml, fetched 2026-09-30T20:12:47Z)",1.714
"Power Magnetics Ltd (powermagneticsstore.co.uk, UK; Micrometals authorized distributor)",distributor web shop product page (Magento tier prices),Micrometals,T131-52,T131-52,Mix 52,powder: iron (Micrometals mix),T,T131-52,per piece (toroid),"product page title ""T131-52 Micrometals Iron Powder Toroid""",GBP,10,0.89,0,0,1,in,T131-52 Micrometals Iron Powder Toroid,https://powermagneticsstore.co.uk/shop/t131-52-micrometals-iron-powder-toroid.html,,2026-09-30T22:15:26Z,6840.0,Micrometals datasheet,48.0,"Micrometals datasheet ""Mass (approximate)"" (part T131-52)",https://datasheets.micrometals.com/T131-52-DataSheet.pdf @ 2026-09-30T22:30:28Z,iron,MAS core reference T131-52,1.328645,"ECB euro reference rates 2026-09-30 (extra/ecb.xml, fetched 2026-09-30T20:12:47Z)",1.1825
"Power Magnetics Ltd (powermagneticsstore.co.uk, UK; Micrometals authorized distributor)",distributor web shop product page (Magento tier prices),Micrometals,T131-52,T131-52,Mix 52,powder: iron (Micrometals mix),T,T131-52,per piece (toroid),"product page title ""T131-52 Micrometals Iron Powder Toroid""",GBP,50,0.72,0,1,1,in,T131-52 Micrometals Iron Powder Toroid,https://powermagneticsstore.co.uk/shop/t131-52-micrometals-iron-powder-toroid.html,,2026-09-30T22:15:26Z,6840.0,Micrometals datasheet,48.0,"Micrometals datasheet ""Mass (approximate)"" (part T131-52)",https://datasheets.micrometals.com/T131-52-DataSheet.pdf @ 2026-09-30T22:30:28Z,iron,MAS core reference T131-52,1.328645,"ECB euro reference rates 2026-09-30 (extra/ecb.xml, fetched 2026-09-30T20:12:47Z)",0.9566
"Power Magnetics Ltd (powermagneticsstore.co.uk, UK; Micrometals authorized distributor)",distributor web shop product page (Magento tier prices),Micrometals,T132-26,T132-26,Mix 26,powder: iron (Micrometals mix),T,T132-26,per piece (toroid),"product page title ""T132-26 Micrometals Iron Powder Toroid""",GBP,1,1.19,1,0,1,out,T132-26 Micrometals Iron Powder Toroid,https://powermagneticsstore.co.uk/shop/t132-26-micrometals-iron-powder-toroid.html,,2026-09-30T22:15:29Z,6410.0,Micrometals datasheet,45.0,"Micrometals datasheet ""Mass (approximate)"" (part T132-26)",https://datasheets.micrometals.com/T132-26-DataSheet.pdf @ 2026-09-30T20:18:18Z,iron,MAS core reference T132-26,1.328645,"ECB euro reference rates 2026-09-30 (extra/ecb.xml, fetched 2026-09-30T20:12:47Z)",1.5811
"Power Magnetics Ltd (powermagneticsstore.co.uk, UK; Micrometals authorized distributor)",distributor web shop product page (Magento tier prices),Micrometals,T132-26,T132-26,Mix 26,powder: iron (Micrometals mix),T,T132-26,per piece (toroid),"product page title ""T132-26 Micrometals Iron Powder Toroid""",GBP,10,0.82,0,0,1,out,T132-26 Micrometals Iron Powder Toroid,https://powermagneticsstore.co.uk/shop/t132-26-micrometals-iron-powder-toroid.html,,2026-09-30T22:15:29Z,6410.0,Micrometals datasheet,45.0,"Micrometals datasheet ""Mass (approximate)"" (part T132-26)",https://datasheets.micrometals.com/T132-26-DataSheet.pdf @ 2026-09-30T20:18:18Z,iron,MAS core reference T132-26,1.328645,"ECB euro reference rates 2026-09-30 (extra/ecb.xml, fetched 2026-09-30T20:12:47Z)",1.0895
"Power Magnetics Ltd (powermagneticsstore.co.uk, UK; Micrometals authorized distributor)",distributor web shop product page (Magento tier prices),Micrometals,T132-26,T132-26,Mix 26,powder: iron (Micrometals mix),T,T132-26,per piece (toroid),"product page title ""T132-26 Micrometals Iron Powder Toroid""",GBP,50,0.66,0,1,1,out,T132-26 Micrometals Iron Powder Toroid,https://powermagneticsstore.co.uk/shop/t132-26-micrometals-iron-powder-toroid.html,,2026-09-30T22:15:29Z,6410.0,Micrometals datasheet,45.0,"Micrometals datasheet ""Mass (approximate)"" (part T132-26)",https://datasheets.micrometals.com/T132-26-DataSheet.pdf @ 2026-09-30T20:18:18Z,iron,MAS core reference T132-26,1.328645,"ECB euro reference rates 2026-09-30 (extra/ecb.xml, fetched 2026-09-30T20:12:47Z)",0.8769
"Power Magnetics Ltd (powermagneticsstore.co.uk, UK; Micrometals authorized distributor)",distributor web shop product page (Magento tier prices),Micrometals,T141-26,T141-26,Mix 26,powder: iron (Micrometals mix),T,T141-26,per piece (toroid),"product page title ""T141-26 Micrometals Iron Powder Toroid""",GBP,1,1.31,1,0,1,in,T141-26 Micrometals Iron Powder Toroid,https://powermagneticsstore.co.uk/shop/t141-26-micrometals-iron-powder-toroid.html,,2026-09-30T22:15:31Z,6160.0,Micrometals datasheet,43.0,"Micrometals datasheet ""Mass (approximate)"" (part T141-26)",https://datasheets.micrometals.com/T141-26-DataSheet.pdf @ 2026-09-30T22:30:31Z,iron,MAS core reference T141-26,1.328645,"ECB euro reference rates 2026-09-30 (extra/ecb.xml, fetched 2026-09-30T20:12:47Z)",1.7405
"Power Magnetics Ltd (powermagneticsstore.co.uk, UK; Micrometals authorized distributor)",distributor web shop product page (Magento tier prices),Micrometals,T141-26,T141-26,Mix 26,powder: iron (Micrometals mix),T,T141-26,per piece (toroid),"product page title ""T141-26 Micrometals Iron Powder Toroid""",GBP,10,0.9,0,0,1,in,T141-26 Micrometals Iron Powder Toroid,https://powermagneticsstore.co.uk/shop/t141-26-micrometals-iron-powder-toroid.html,,2026-09-30T22:15:31Z,6160.0,Micrometals datasheet,43.0,"Micrometals datasheet ""Mass (approximate)"" (part T141-26)",https://datasheets.micrometals.com/T141-26-DataSheet.pdf @ 2026-09-30T22:30:31Z,iron,MAS core reference T141-26,1.328645,"ECB euro reference rates 2026-09-30 (extra/ecb.xml, fetched 2026-09-30T20:12:47Z)",1.1958
"Power Magnetics Ltd (powermagneticsstore.co.uk, UK; Micrometals authorized distributor)",distributor web shop product page (Magento tier prices),Micrometals,T141-26,T141-26,Mix 26,powder: iron (Micrometals mix),T,T141-26,per piece (toroid),"product page title ""T141-26 Micrometals Iron Powder Toroid""",GBP,50,0.73,0,1,1,in,T141-26 Micrometals Iron Powder Toroid,https://powermagneticsstore.co.uk/shop/t141-26-micrometals-iron-powder-toroid.html,,2026-09-30T22:15:31Z,6160.0,Micrometals datasheet,43.0,"Micrometals datasheet ""Mass (approximate)"" (part T141-26)",https://datasheets.micrometals.com/T141-26-DataSheet.pdf @ 2026-09-30T22:30:31Z,iron,MAS core reference T141-26,1.328645,"ECB euro reference rates 2026-09-30 (extra/ecb.xml, fetched 2026-09-30T20:12:47Z)",0.9699
"Power Magnetics Ltd (powermagneticsstore.co.uk, UK; Micrometals authorized distributor)",distributor web shop product page (Magento tier prices),Micrometals,T141-40,T141-40,Mix 40,powder: iron (Micrometals mix),T,T141-40,per piece (toroid),"product page title ""T141-40 Micrometals Iron Powder Toroid""",GBP,1,1.34,1,0,1,in,T141-40 Micrometals Iron Powder Toroid,https://powermagneticsstore.co.uk/shop/t141-40-micrometals-iron-powder-toroid.html,,2026-09-30T22:15:34Z,6160.0,Micrometals datasheet,43.0,"Micrometals datasheet ""Mass (approximate)"" (part T141-40)",https://datasheets.micrometals.com/T141-40-DataSheet.pdf @ 2026-09-30T22:30:34Z,iron,MAS core reference T141-40,1.328645,"ECB euro reference rates 2026-09-30 (extra/ecb.xml, fetched 2026-09-30T20:12:47Z)",1.7804
"Power Magnetics Ltd (powermagneticsstore.co.uk, UK; Micrometals authorized distributor)",distributor web shop product page (Magento tier prices),Micrometals,T141-40,T141-40,Mix 40,powder: iron (Micrometals mix),T,T141-40,per piece (toroid),"product page title ""T141-40 Micrometals Iron Powder Toroid""",GBP,10,0.96,0,0,1,in,T141-40 Micrometals Iron Powder Toroid,https://powermagneticsstore.co.uk/shop/t141-40-micrometals-iron-powder-toroid.html,,2026-09-30T22:15:34Z,6160.0,Micrometals datasheet,43.0,"Micrometals datasheet ""Mass (approximate)"" (part T141-40)",https://datasheets.micrometals.com/T141-40-DataSheet.pdf @ 2026-09-30T22:30:34Z,iron,MAS core reference T141-40,1.328645,"ECB euro reference rates 2026-09-30 (extra/ecb.xml, fetched 2026-09-30T20:12:47Z)",1.2755
"Power Magnetics Ltd (powermagneticsstore.co.uk, UK; Micrometals authorized distributor)",distributor web shop product page (Magento tier prices),Micrometals,T141-40,T141-40,Mix 40,powder: iron (Micrometals mix),T,T141-40,per piece (toroid),"product page title ""T141-40 Micrometals Iron Powder Toroid""",GBP,50,0.76,0,1,1,in,T141-40 Micrometals Iron Powder Toroid,https://powermagneticsstore.co.uk/shop/t141-40-micrometals-iron-powder-toroid.html,,2026-09-30T22:15:34Z,6160.0,Micrometals datasheet,43.0,"Micrometals datasheet ""Mass (approximate)"" (part T141-40)",https://datasheets.micrometals.com/T141-40-DataSheet.pdf @ 2026-09-30T22:30:34Z,iron,MAS core reference T141-40,1.328645,"ECB euro reference rates 2026-09-30 (extra/ecb.xml, fetched 2026-09-30T20:12:47Z)",1.0098
"Power Magnetics Ltd (powermagneticsstore.co.uk, UK; Micrometals authorized distributor)",distributor web shop product page (Magento tier prices),Micrometals,T150-26,T150-26,Mix 26,powder: iron (Micrometals mix),T,T150-26,per piece (toroid),"product page title ""T150-26 Micrometals Iron Powder Toroid""",GBP,1,1.57,1,0,1,in,T150-26 Micrometals Iron Powder Toroid,https://powermagneticsstore.co.uk/shop/t150-26-micrometals-iron-powder-toroid.html,,2026-09-30T22:15:37Z,8310.0,Micrometals datasheet,58.0,"Micrometals datasheet ""Mass (approximate)"" (part T150-26)",https://datasheets.micrometals.com/T150-26-DataSheet.pdf @ 2026-09-30T20:18:24Z,iron,MAS core reference T150-26,1.328645,"ECB euro reference rates 2026-09-30 (extra/ecb.xml, fetched 2026-09-30T20:12:47Z)",2.086
"Power Magnetics Ltd (powermagneticsstore.co.uk, UK; Micrometals authorized distributor)",distributor web shop product page (Magento tier prices),Micrometals,T150-26,T150-26,Mix 26,powder: iron (Micrometals mix),T,T150-26,per piece (toroid),"product page title ""T150-26 Micrometals Iron Powder Toroid""",GBP,10,1.09,0,0,1,in,T150-26 Micrometals Iron Powder Toroid,https://powermagneticsstore.co.uk/shop/t150-26-micrometals-iron-powder-toroid.html,,2026-09-30T22:15:37Z,8310.0,Micrometals datasheet,58.0,"Micrometals datasheet ""Mass (approximate)"" (part T150-26)",https://datasheets.micrometals.com/T150-26-DataSheet.pdf @ 2026-09-30T20:18:24Z,iron,MAS core reference T150-26,1.328645,"ECB euro reference rates 2026-09-30 (extra/ecb.xml, fetched 2026-09-30T20:12:47Z)",1.4482
"Power Magnetics Ltd (powermagneticsstore.co.uk, UK; Micrometals authorized distributor)",distributor web shop product page (Magento tier prices),Micrometals,T150-26,T150-26,Mix 26,powder: iron (Micrometals mix),T,T150-26,per piece (toroid),"product page title ""T150-26 Micrometals Iron Powder Toroid""",GBP,50,0.88,0,1,1,in,T150-26 Micrometals Iron Powder Toroid,https://powermagneticsstore.co.uk/shop/t150-26-micrometals-iron-powder-toroid.html,,2026-09-30T22:15:37Z,8310.0,Micrometals datasheet,58.0,"Micrometals datasheet ""Mass (approximate)"" (part T150-26)",https://datasheets.micrometals.com/T150-26-DataSheet.pdf @ 2026-09-30T20:18:24Z,iron,MAS core reference T150-26,1.328645,"ECB euro reference rates 2026-09-30 (extra/ecb.xml, fetched 2026-09-30T20:12:47Z)",1.1692
"Power Magnetics Ltd (powermagneticsstore.co.uk, UK; Micrometals authorized distributor)",distributor web shop product page (Magento tier prices),Micrometals,T157-26,T157-26,Mix 26,powder: iron (Micrometals mix),T,T157-26,per piece (toroid),"product page title ""T157-26 Micrometals Iron Powder Toroid""",GBP,1,1.91,1,0,1,in,T157-26 Micrometals Iron Powder Toroid,https://powermagneticsstore.co.uk/shop/t157-26-micrometals-iron-powder-toroid.html,,2026-09-30T22:15:40Z,10700.0,Micrometals datasheet,75.0,"Micrometals datasheet ""Mass (approximate)"" (part T157-26)",https://datasheets.micrometals.com/T157-26-DataSheet.pdf @ 2026-09-30T20:18:43Z,iron,MAS core reference T157-26,1.328645,"ECB euro reference rates 2026-09-30 (extra/ecb.xml, fetched 2026-09-30T20:12:47Z)",2.5377
"Power Magnetics Ltd (powermagneticsstore.co.uk, UK; Micrometals authorized distributor)",distributor web shop product page (Magento tier prices),Micrometals,T157-26,T157-26,Mix 26,powder: iron (Micrometals mix),T,T157-26,per piece (toroid),"product page title ""T157-26 Micrometals Iron Powder Toroid""",GBP,10,1.32,0,0,1,in,T157-26 Micrometals Iron Powder Toroid,https://powermagneticsstore.co.uk/shop/t157-26-micrometals-iron-powder-toroid.html,,2026-09-30T22:15:40Z,10700.0,Micrometals datasheet,75.0,"Micrometals datasheet ""Mass (approximate)"" (part T157-26)",https://datasheets.micrometals.com/T157-26-DataSheet.pdf @ 2026-09-30T20:18:43Z,iron,MAS core reference T157-26,1.328645,"ECB euro reference rates 2026-09-30 (extra/ecb.xml, fetched 2026-09-30T20:12:47Z)",1.7538
"Power Magnetics Ltd (powermagneticsstore.co.uk, UK; Micrometals authorized distributor)",distributor web shop product page (Magento tier prices),Micrometals,T157-26,T157-26,Mix 26,powder: iron (Micrometals mix),T,T157-26,per piece (toroid),"product page title ""T157-26 Micrometals Iron Powder Toroid""",GBP,50,1.07,0,1,1,in,T157-26 Micrometals Iron Powder Toroid,https://powermagneticsstore.co.uk/shop/t157-26-micrometals-iron-powder-toroid.html,,2026-09-30T22:15:40Z,10700.0,Micrometals datasheet,75.0,"Micrometals datasheet ""Mass (approximate)"" (part T157-26)",https://datasheets.micrometals.com/T157-26-DataSheet.pdf @ 2026-09-30T20:18:43Z,iron,MAS core reference T157-26,1.328645,"ECB euro reference rates 2026-09-30 (extra/ecb.xml, fetched 2026-09-30T20:12:47Z)",1.4217
"Power Magnetics Ltd (powermagneticsstore.co.uk, UK; Micrometals authorized distributor)",distributor web shop product page (Magento tier prices),Micrometals,T157-38,T157-38,Mix 38,powder: iron (Micrometals mix),T,T157-38,per piece (toroid),"product page title ""T157-38 Micrometals Iron Powder Toroid""",GBP,1,6.17,1,0,1,out,T157-38 Micrometals Iron Powder Toroid,https://powermagneticsstore.co.uk/shop/t157-38-micrometals-iron-powder-toroid.html,,2026-09-30T22:15:43Z,10700.0,Micrometals datasheet,76.0,"Micrometals datasheet ""Mass (approximate)"" (part T157-38)",https://datasheets.micrometals.com/T157-38-DataSheet.pdf @ 2026-09-30T22:30:35Z,iron,MAS core reference T157-38,1.328645,"ECB euro reference rates 2026-09-30 (extra/ecb.xml, fetched 2026-09-30T20:12:47Z)",8.1977
"Power Magnetics Ltd (powermagneticsstore.co.uk, UK; Micrometals authorized distributor)",distributor web shop product page (Magento tier prices),Micrometals,T157-38,T157-38,Mix 38,powder: iron (Micrometals mix),T,T157-38,per piece (toroid),"product page title ""T157-38 Micrometals Iron Powder Toroid""",GBP,10,4.26,0,0,1,out,T157-38 Micrometals Iron Powder Toroid,https://powermagneticsstore.co.uk/shop/t157-38-micrometals-iron-powder-toroid.html,,2026-09-30T22:15:43Z,10700.0,Micrometals datasheet,76.0,"Micrometals datasheet ""Mass (approximate)"" (part T157-38)",https://datasheets.micrometals.com/T157-38-DataSheet.pdf @ 2026-09-30T22:30:35Z,iron,MAS core reference T157-38,1.328645,"ECB euro reference rates 2026-09-30 (extra/ecb.xml, fetched 2026-09-30T20:12:47Z)",5.66
"Power Magnetics Ltd (powermagneticsstore.co.uk, UK; Micrometals authorized distributor)",distributor web shop product page (Magento tier prices),Micrometals,T157-38,T157-38,Mix 38,powder: iron (Micrometals mix),T,T157-38,per piece (toroid),"product page title ""T157-38 Micrometals Iron Powder Toroid""",GBP,50,3.44,0,1,1,out,T157-38 Micrometals Iron Powder Toroid,https://powermagneticsstore.co.uk/shop/t157-38-micrometals-iron-powder-toroid.html,,2026-09-30T22:15:43Z,10700.0,Micrometals datasheet,76.0,"Micrometals datasheet ""Mass (approximate)"" (part T157-38)",https://datasheets.micrometals.com/T157-38-DataSheet.pdf @ 2026-09-30T22:30:35Z,iron,MAS core reference T157-38,1.328645,"ECB euro reference rates 2026-09-30 (extra/ecb.xml, fetched 2026-09-30T20:12:47Z)",4.5705
"Power Magnetics Ltd (powermagneticsstore.co.uk, UK; Micrometals authorized distributor)",distributor web shop product page (Magento tier prices),Micrometals,T157-40,T157-40,Mix 40,powder: iron (Micrometals mix),T,T157-40,per piece (toroid),"product page title ""T157-40 Micrometals Iron Powder Toroid""",GBP,1,1.8,1,0,1,in,T157-40 Micrometals Iron Powder Toroid,https://powermagneticsstore.co.uk/shop/t157-40-micrometals-iron-powder-toroid.html,,2026-09-30T22:15:44Z,10700.0,Micrometals datasheet,74.0,"Micrometals datasheet ""Mass (approximate)"" (part T157-40)",https://datasheets.micrometals.com/T157-40-DataSheet.pdf @ 2026-09-30T22:30:38Z,iron,MAS core reference T157-40,1.328645,"ECB euro reference rates 2026-09-30 (extra/ecb.xml, fetched 2026-09-30T20:12:47Z)",2.3916
"Power Magnetics Ltd (powermagneticsstore.co.uk, UK; Micrometals authorized distributor)",distributor web shop product page (Magento tier prices),Micrometals,T157-40,T157-40,Mix 40,powder: iron (Micrometals mix),T,T157-40,per piece (toroid),"product page title ""T157-40 Micrometals Iron Powder Toroid""",GBP,10,1.26,0,0,1,in,T157-40 Micrometals Iron Powder Toroid,https://powermagneticsstore.co.uk/shop/t157-40-micrometals-iron-powder-toroid.html,,2026-09-30T22:15:44Z,10700.0,Micrometals datasheet,74.0,"Micrometals datasheet ""Mass (approximate)"" (part T157-40)",https://datasheets.micrometals.com/T157-40-DataSheet.pdf @ 2026-09-30T22:30:38Z,iron,MAS core reference T157-40,1.328645,"ECB euro reference rates 2026-09-30 (extra/ecb.xml, fetched 2026-09-30T20:12:47Z)",1.6741
"Power Magnetics Ltd (powermagneticsstore.co.uk, UK; Micrometals authorized distributor)",distributor web shop product page (Magento tier prices),Micrometals,T157-40,T157-40,Mix 40,powder: iron (Micrometals mix),T,T157-40,per piece (toroid),"product page title ""T157-40 Micrometals Iron Powder Toroid""",GBP,50,1.0,0,1,1,in,T157-40 Micrometals Iron Powder Toroid,https://powermagneticsstore.co.uk/shop/t157-40-micrometals-iron-powder-toroid.html,,2026-09-30T22:15:44Z,10700.0,Micrometals datasheet,74.0,"Micrometals datasheet ""Mass (approximate)"" (part T157-40)",https://datasheets.micrometals.com/T157-40-DataSheet.pdf @ 2026-09-30T22:30:38Z,iron,MAS core reference T157-40,1.328645,"ECB euro reference rates 2026-09-30 (extra/ecb.xml, fetched 2026-09-30T20:12:47Z)",1.3286
"Power Magnetics Ltd (powermagneticsstore.co.uk, UK; Micrometals authorized distributor)",distributor web shop product page (Magento tier prices),Micrometals,T157-45,T157-45,Mix 45,powder: iron (Micrometals mix),T,T157-45,per piece (toroid),"product page title ""T157-45 Micrometals Iron Powder Toroid""",GBP,1,5.83,1,0,1,in,T157-45 Micrometals Iron Powder Toroid,https://powermagneticsstore.co.uk/shop/t157-45-micrometals-iron-powder-toroid.html,,2026-09-30T22:15:47Z,10700.0,Micrometals datasheet,77.0,"Micrometals datasheet ""Mass (approximate)"" (part T157-45)",https://datasheets.micrometals.com/T157-45-DataSheet.pdf @ 2026-09-30T22:30:41Z,iron,MAS core reference T157-45,1.328645,"ECB euro reference rates 2026-09-30 (extra/ecb.xml, fetched 2026-09-30T20:12:47Z)",7.746
"Power Magnetics Ltd (powermagneticsstore.co.uk, UK; Micrometals authorized distributor)",distributor web shop product page (Magento tier prices),Micrometals,T157-45,T157-45,Mix 45,powder: iron (Micrometals mix),T,T157-45,per piece (toroid),"product page title ""T157-45 Micrometals Iron Powder Toroid""",GBP,10,4.03,0,0,1,in,T157-45 Micrometals Iron Powder Toroid,https://powermagneticsstore.co.uk/shop/t157-45-micrometals-iron-powder-toroid.html,,2026-09-30T22:15:47Z,10700.0,Micrometals datasheet,77.0,"Micrometals datasheet ""Mass (approximate)"" (part T157-45)",https://datasheets.micrometals.com/T157-45-DataSheet.pdf @ 2026-09-30T22:30:41Z,iron,MAS core reference T157-45,1.328645,"ECB euro reference rates 2026-09-30 (extra/ecb.xml, fetched 2026-09-30T20:12:47Z)",5.3544
"Power Magnetics Ltd (powermagneticsstore.co.uk, UK; Micrometals authorized distributor)",distributor web shop product page (Magento tier prices),Micrometals,T157-45,T157-45,Mix 45,powder: iron (Micrometals mix),T,T157-45,per piece (toroid),"product page title ""T157-45 Micrometals Iron Powder Toroid""",GBP,50,3.25,0,1,1,in,T157-45 Micrometals Iron Powder Toroid,https://powermagneticsstore.co.uk/shop/t157-45-micrometals-iron-powder-toroid.html,,2026-09-30T22:15:47Z,10700.0,Micrometals datasheet,77.0,"Micrometals datasheet ""Mass (approximate)"" (part T157-45)",https://datasheets.micrometals.com/T157-45-DataSheet.pdf @ 2026-09-30T22:30:41Z,iron,MAS core reference T157-45,1.328645,"ECB euro reference rates 2026-09-30 (extra/ecb.xml, fetched 2026-09-30T20:12:47Z)",4.3181
"Power Magnetics Ltd (powermagneticsstore.co.uk, UK; Micrometals authorized distributor)",distributor web shop product page (Magento tier prices),Micrometals,T157-52,T157-52,Mix 52,powder: iron (Micrometals mix),T,T157-52,per piece (toroid),"product page title ""T157-52 Micrometals Iron Powder Toroid""",GBP,1,1.96,1,0,1,out,T157-52 Micrometals Iron Powder Toroid,https://powermagneticsstore.co.uk/shop/t157-52-micrometals-iron-powder-toroid.html,,2026-09-30T22:15:49Z,10700.0,Micrometals datasheet,75.0,"Micrometals datasheet ""Mass (approximate)"" (part T157-52)",https://datasheets.micrometals.com/T157-52-DataSheet.pdf @ 2026-09-30T20:18:49Z,iron,MAS core reference T157-52,1.328645,"ECB euro reference rates 2026-09-30 (extra/ecb.xml, fetched 2026-09-30T20:12:47Z)",2.6041
"Power Magnetics Ltd (powermagneticsstore.co.uk, UK; Micrometals authorized distributor)",distributor web shop product page (Magento tier prices),Micrometals,T157-52,T157-52,Mix 52,powder: iron (Micrometals mix),T,T157-52,per piece (toroid),"product page title ""T157-52 Micrometals Iron Powder Toroid""",GBP,10,1.35,0,0,1,out,T157-52 Micrometals Iron Powder Toroid,https://powermagneticsstore.co.uk/shop/t157-52-micrometals-iron-powder-toroid.html,,2026-09-30T22:15:49Z,10700.0,Micrometals datasheet,75.0,"Micrometals datasheet ""Mass (approximate)"" (part T157-52)",https://datasheets.micrometals.com/T157-52-DataSheet.pdf @ 2026-09-30T20:18:49Z,iron,MAS core reference T157-52,1.328645,"ECB euro reference rates 2026-09-30 (extra/ecb.xml, fetched 2026-09-30T20:12:47Z)",1.7937
"Power Magnetics Ltd (powermagneticsstore.co.uk, UK; Micrometals authorized distributor)",distributor web shop product page (Magento tier prices),Micrometals,T157-52,T157-52,Mix 52,powder: iron (Micrometals mix),T,T157-52,per piece (toroid),"product page title ""T157-52 Micrometals Iron Powder Toroid""",GBP,50,1.09,0,1,1,out,T157-52 Micrometals Iron Powder Toroid,https://powermagneticsstore.co.uk/shop/t157-52-micrometals-iron-powder-toroid.html,,2026-09-30T22:15:49Z,10700.0,Micrometals datasheet,75.0,"Micrometals datasheet ""Mass (approximate)"" (part T157-52)",https://datasheets.micrometals.com/T157-52-DataSheet.pdf @ 2026-09-30T20:18:49Z,iron,MAS core reference T157-52,1.328645,"ECB euro reference rates 2026-09-30 (extra/ecb.xml, fetched 2026-09-30T20:12:47Z)",1.4482
"Power Magnetics Ltd (powermagneticsstore.co.uk, UK; Micrometals authorized distributor)",distributor web shop product page (Magento tier prices),Micrometals,T157-70,T157-70,Mix 70,powder: iron (Micrometals mix),T,T157-70,per piece (toroid),"product page title ""T157-70 Micrometals Iron Powder Toroid""",GBP,1,21.0,1,0,1,in,T157-70 Micrometals Iron Powder Toroid,https://powermagneticsstore.co.uk/shop/t157-70-micrometals-iron-powder-toroid.html,,2026-09-30T22:15:52Z,10700.0,Micrometals datasheet,79.0,"Micrometals datasheet ""Mass (approximate)"" (part T157-70)",https://datasheets.micrometals.com/T157-70-DataSheet.pdf @ 2026-09-30T22:30:44Z,iron,MAS core reference T157-70,1.328645,"ECB euro reference rates 2026-09-30 (extra/ecb.xml, fetched 2026-09-30T20:12:47Z)",27.9015
"Power Magnetics Ltd (powermagneticsstore.co.uk, UK; Micrometals authorized distributor)",distributor web shop product page (Magento tier prices),Micrometals,T157-70,T157-70,Mix 70,powder: iron (Micrometals mix),T,T157-70,per piece (toroid),"product page title ""T157-70 Micrometals Iron Powder Toroid""",GBP,10,18.0,0,0,1,in,T157-70 Micrometals Iron Powder Toroid,https://powermagneticsstore.co.uk/shop/t157-70-micrometals-iron-powder-toroid.html,,2026-09-30T22:15:52Z,10700.0,Micrometals datasheet,79.0,"Micrometals datasheet ""Mass (approximate)"" (part T157-70)",https://datasheets.micrometals.com/T157-70-DataSheet.pdf @ 2026-09-30T22:30:44Z,iron,MAS core reference T157-70,1.328645,"ECB euro reference rates 2026-09-30 (extra/ecb.xml, fetched 2026-09-30T20:12:47Z)",23.9156
"Power Magnetics Ltd (powermagneticsstore.co.uk, UK; Micrometals authorized distributor)",distributor web shop product page (Magento tier prices),Micrometals,T157-70,T157-70,Mix 70,powder: iron (Micrometals mix),T,T157-70,per piece (toroid),"product page title ""T157-70 Micrometals Iron Powder Toroid""",GBP,50,16.0,0,1,1,in,T157-70 Micrometals Iron Powder Toroid,https://powermagneticsstore.co.uk/shop/t157-70-micrometals-iron-powder-toroid.html,,2026-09-30T22:15:52Z,10700.0,Micrometals datasheet,79.0,"Micrometals datasheet ""Mass (approximate)"" (part T157-70)",https://datasheets.micrometals.com/T157-70-DataSheet.pdf @ 2026-09-30T22:30:44Z,iron,MAS core reference T157-70,1.328645,"ECB euro reference rates 2026-09-30 (extra/ecb.xml, fetched 2026-09-30T20:12:47Z)",21.2583
"Power Magnetics Ltd (powermagneticsstore.co.uk, UK; Micrometals authorized distributor)",distributor web shop product page (Magento tier prices),Micrometals,T175-26,T175-26,Mix 26,powder: iron (Micrometals mix),T,T175-26,per piece (toroid),"product page title ""T175-26 Micrometals Iron Powder Toroid""",GBP,1,2.57,1,0,1,in,T175-26 Micrometals Iron Powder Toroid,https://powermagneticsstore.co.uk/shop/t175-26-micrometals-iron-powder-toroid.html,,2026-09-30T22:15:55Z,15000.0,Micrometals datasheet,110.0,"Micrometals datasheet ""Mass (approximate)"" (part T175-26)",https://datasheets.micrometals.com/T175-26-DataSheet.pdf @ 2026-09-30T20:19:24Z,iron,MAS core reference T175-26,1.328645,"ECB euro reference rates 2026-09-30 (extra/ecb.xml, fetched 2026-09-30T20:12:47Z)",3.4146
"Power Magnetics Ltd (powermagneticsstore.co.uk, UK; Micrometals authorized distributor)",distributor web shop product page (Magento tier prices),Micrometals,T175-26,T175-26,Mix 26,powder: iron (Micrometals mix),T,T175-26,per piece (toroid),"product page title ""T175-26 Micrometals Iron Powder Toroid""",GBP,10,1.77,0,0,1,in,T175-26 Micrometals Iron Powder Toroid,https://powermagneticsstore.co.uk/shop/t175-26-micrometals-iron-powder-toroid.html,,2026-09-30T22:15:55Z,15000.0,Micrometals datasheet,110.0,"Micrometals datasheet ""Mass (approximate)"" (part T175-26)",https://datasheets.micrometals.com/T175-26-DataSheet.pdf @ 2026-09-30T20:19:24Z,iron,MAS core reference T175-26,1.328645,"ECB euro reference rates 2026-09-30 (extra/ecb.xml, fetched 2026-09-30T20:12:47Z)",2.3517
"Power Magnetics Ltd (powermagneticsstore.co.uk, UK; Micrometals authorized distributor)",distributor web shop product page (Magento tier prices),Micrometals,T175-26,T175-26,Mix 26,powder: iron (Micrometals mix),T,T175-26,per piece (toroid),"product page title ""T175-26 Micrometals Iron Powder Toroid""",GBP,50,1.43,0,1,1,in,T175-26 Micrometals Iron Powder Toroid,https://powermagneticsstore.co.uk/shop/t175-26-micrometals-iron-powder-toroid.html,,2026-09-30T22:15:55Z,15000.0,Micrometals datasheet,110.0,"Micrometals datasheet ""Mass (approximate)"" (part T175-26)",https://datasheets.micrometals.com/T175-26-DataSheet.pdf @ 2026-09-30T20:19:24Z,iron,MAS core reference T175-26,1.328645,"ECB euro reference rates 2026-09-30 (extra/ecb.xml, fetched 2026-09-30T20:12:47Z)",1.9
"Power Magnetics Ltd (powermagneticsstore.co.uk, UK; Micrometals authorized distributor)",distributor web shop product page (Magento tier prices),Micrometals,T175-40,T175-40,Mix 40,powder: iron (Micrometals mix),T,T175-40,per piece (toroid),"product page title ""T175-40 Micrometals Iron Powder Toroid""",GBP,1,2.57,1,0,1,in,T175-40 Micrometals Iron Powder Toroid,https://powermagneticsstore.co.uk/shop/t175-40-micrometals-iron-powder-toroid.html,,2026-09-30T22:15:57Z,15000.0,Micrometals datasheet,100.0,"Micrometals datasheet ""Mass (approximate)"" (part T175-40)",https://datasheets.micrometals.com/T175-40-DataSheet.pdf @ 2026-09-30T22:30:49Z,iron,MAS core reference T175-40,1.328645,"ECB euro reference rates 2026-09-30 (extra/ecb.xml, fetched 2026-09-30T20:12:47Z)",3.4146
"Power Magnetics Ltd (powermagneticsstore.co.uk, UK; Micrometals authorized distributor)",distributor web shop product page (Magento tier prices),Micrometals,T175-40,T175-40,Mix 40,powder: iron (Micrometals mix),T,T175-40,per piece (toroid),"product page title ""T175-40 Micrometals Iron Powder Toroid""",GBP,10,1.77,0,0,1,in,T175-40 Micrometals Iron Powder Toroid,https://powermagneticsstore.co.uk/shop/t175-40-micrometals-iron-powder-toroid.html,,2026-09-30T22:15:57Z,15000.0,Micrometals datasheet,100.0,"Micrometals datasheet ""Mass (approximate)"" (part T175-40)",https://datasheets.micrometals.com/T175-40-DataSheet.pdf @ 2026-09-30T22:30:49Z,iron,MAS core reference T175-40,1.328645,"ECB euro reference rates 2026-09-30 (extra/ecb.xml, fetched 2026-09-30T20:12:47Z)",2.3517
"Power Magnetics Ltd (powermagneticsstore.co.uk, UK; Micrometals authorized distributor)",distributor web shop product page (Magento tier prices),Micrometals,T175-40,T175-40,Mix 40,powder: iron (Micrometals mix),T,T175-40,per piece (toroid),"product page title ""T175-40 Micrometals Iron Powder Toroid""",GBP,50,1.43,0,1,1,in,T175-40 Micrometals Iron Powder Toroid,https://powermagneticsstore.co.uk/shop/t175-40-micrometals-iron-powder-toroid.html,,2026-09-30T22:15:57Z,15000.0,Micrometals datasheet,100.0,"Micrometals datasheet ""Mass (approximate)"" (part T175-40)",https://datasheets.micrometals.com/T175-40-DataSheet.pdf @ 2026-09-30T22:30:49Z,iron,MAS core reference T175-40,1.328645,"ECB euro reference rates 2026-09-30 (extra/ecb.xml, fetched 2026-09-30T20:12:47Z)",1.9
"Power Magnetics Ltd (powermagneticsstore.co.uk, UK; Micrometals authorized distributor)",distributor web shop product page (Magento tier prices),Micrometals,T184-26,T184-26,Mix 26,powder: iron (Micrometals mix),T,T184-26,per piece (toroid),"product page title ""T184-26 Micrometals Iron Powder Toroid""",GBP,1,3.36,1,0,1,in,T184-26 Micrometals Iron Powder Toroid,https://powermagneticsstore.co.uk/shop/t184-26-micrometals-iron-powder-toroid.html,,2026-09-30T22:16:00Z,21000.0,Micrometals datasheet,150.0,"Micrometals datasheet ""Mass (approximate)"" (part T184-26)",https://datasheets.micrometals.com/T184-26-DataSheet.pdf @ 2026-09-30T20:19:38Z,iron,MAS core reference T184-26,1.328645,"ECB euro reference rates 2026-09-30 (extra/ecb.xml, fetched 2026-09-30T20:12:47Z)",4.4642
"Power Magnetics Ltd (powermagneticsstore.co.uk, UK; Micrometals authorized distributor)",distributor web shop product page (Magento tier prices),Micrometals,T184-26,T184-26,Mix 26,powder: iron (Micrometals mix),T,T184-26,per piece (toroid),"product page title ""T184-26 Micrometals Iron Powder Toroid""",GBP,10,2.32,0,0,1,in,T184-26 Micrometals Iron Powder Toroid,https://powermagneticsstore.co.uk/shop/t184-26-micrometals-iron-powder-toroid.html,,2026-09-30T22:16:00Z,21000.0,Micrometals datasheet,150.0,"Micrometals datasheet ""Mass (approximate)"" (part T184-26)",https://datasheets.micrometals.com/T184-26-DataSheet.pdf @ 2026-09-30T20:19:38Z,iron,MAS core reference T184-26,1.328645,"ECB euro reference rates 2026-09-30 (extra/ecb.xml, fetched 2026-09-30T20:12:47Z)",3.0825
"Power Magnetics Ltd (powermagneticsstore.co.uk, UK; Micrometals authorized distributor)",distributor web shop product page (Magento tier prices),Micrometals,T184-26,T184-26,Mix 26,powder: iron (Micrometals mix),T,T184-26,per piece (toroid),"product page title ""T184-26 Micrometals Iron Powder Toroid""",GBP,50,1.88,0,1,1,in,T184-26 Micrometals Iron Powder Toroid,https://powermagneticsstore.co.uk/shop/t184-26-micrometals-iron-powder-toroid.html,,2026-09-30T22:16:00Z,21000.0,Micrometals datasheet,150.0,"Micrometals datasheet ""Mass (approximate)"" (part T184-26)",https://datasheets.micrometals.com/T184-26-DataSheet.pdf @ 2026-09-30T20:19:38Z,iron,MAS core reference T184-26,1.328645,"ECB euro reference rates 2026-09-30 (extra/ecb.xml, fetched 2026-09-30T20:12:47Z)",2.4979
"Power Magnetics Ltd (powermagneticsstore.co.uk, UK; Micrometals authorized distributor)",distributor web shop product page (Magento tier prices),Micrometals,T184-40,T184-40,Mix 40,powder: iron (Micrometals mix),T,T184-40,per piece (toroid),"product page title ""T184-40 Micrometals Iron Powder Toroid""",GBP,1,3.28,1,0,1,in,T184-40 Micrometals Iron Powder Toroid,https://powermagneticsstore.co.uk/shop/t184-40-micrometals-iron-powder-toroid.html,,2026-09-30T22:16:03Z,21000.0,Micrometals datasheet,140.0,"Micrometals datasheet ""Mass (approximate)"" (part T184-40)",https://datasheets.micrometals.com/T184-40-DataSheet.pdf @ 2026-09-30T22:30:55Z,iron,MAS core reference T184-40,1.328645,"ECB euro reference rates 2026-09-30 (extra/ecb.xml, fetched 2026-09-30T20:12:47Z)",4.358
"Power Magnetics Ltd (powermagneticsstore.co.uk, UK; Micrometals authorized distributor)",distributor web shop product page (Magento tier prices),Micrometals,T184-40,T184-40,Mix 40,powder: iron (Micrometals mix),T,T184-40,per piece (toroid),"product page title ""T184-40 Micrometals Iron Powder Toroid""",GBP,10,2.32,0,0,1,in,T184-40 Micrometals Iron Powder Toroid,https://powermagneticsstore.co.uk/shop/t184-40-micrometals-iron-powder-toroid.html,,2026-09-30T22:16:03Z,21000.0,Micrometals datasheet,140.0,"Micrometals datasheet ""Mass (approximate)"" (part T184-40)",https://datasheets.micrometals.com/T184-40-DataSheet.pdf @ 2026-09-30T22:30:55Z,iron,MAS core reference T184-40,1.328645,"ECB euro reference rates 2026-09-30 (extra/ecb.xml, fetched 2026-09-30T20:12:47Z)",3.0825
"Power Magnetics Ltd (powermagneticsstore.co.uk, UK; Micrometals authorized distributor)",distributor web shop product page (Magento tier prices),Micrometals,T184-40,T184-40,Mix 40,powder: iron (Micrometals mix),T,T184-40,per piece (toroid),"product page title ""T184-40 Micrometals Iron Powder Toroid""",GBP,50,1.88,0,1,1,in,T184-40 Micrometals Iron Powder Toroid,https://powermagneticsstore.co.uk/shop/t184-40-micrometals-iron-powder-toroid.html,,2026-09-30T22:16:03Z,21000.0,Micrometals datasheet,140.0,"Micrometals datasheet ""Mass (approximate)"" (part T184-40)",https://datasheets.micrometals.com/T184-40-DataSheet.pdf @ 2026-09-30T22:30:55Z,iron,MAS core reference T184-40,1.328645,"ECB euro reference rates 2026-09-30 (extra/ecb.xml, fetched 2026-09-30T20:12:47Z)",2.4979
"Power Magnetics Ltd (powermagneticsstore.co.uk, UK; Micrometals authorized distributor)",distributor web shop product page (Magento tier prices),Micrometals,T184-52,T184-52,Mix 52,powder: iron (Micrometals mix),T,T184-52,per piece (toroid),"product page title ""T184-52 Micrometals Iron Powder Toroid""",GBP,1,3.47,1,0,1,in,T184-52 Micrometals Iron Powder Toroid,https://powermagneticsstore.co.uk/shop/t184-52-micrometals-iron-powder-toroid.html,,2026-09-30T22:16:06Z,21000.0,Micrometals datasheet,150.0,"Micrometals datasheet ""Mass (approximate)"" (part T184-52)",https://datasheets.micrometals.com/T184-52-DataSheet.pdf @ 2026-09-30T20:19:43Z,iron,MAS core reference T184-52,1.328645,"ECB euro reference rates 2026-09-30 (extra/ecb.xml, fetched 2026-09-30T20:12:47Z)",4.6104
"Power Magnetics Ltd (powermagneticsstore.co.uk, UK; Micrometals authorized distributor)",distributor web shop product page (Magento tier prices),Micrometals,T184-52,T184-52,Mix 52,powder: iron (Micrometals mix),T,T184-52,per piece (toroid),"product page title ""T184-52 Micrometals Iron Powder Toroid""",GBP,10,2.4,0,0,1,in,T184-52 Micrometals Iron Powder Toroid,https://powermagneticsstore.co.uk/shop/t184-52-micrometals-iron-powder-toroid.html,,2026-09-30T22:16:06Z,21000.0,Micrometals datasheet,150.0,"Micrometals datasheet ""Mass (approximate)"" (part T184-52)",https://datasheets.micrometals.com/T184-52-DataSheet.pdf @ 2026-09-30T20:19:43Z,iron,MAS core reference T184-52,1.328645,"ECB euro reference rates 2026-09-30 (extra/ecb.xml, fetched 2026-09-30T20:12:47Z)",3.1887
"Power Magnetics Ltd (powermagneticsstore.co.uk, UK; Micrometals authorized distributor)",distributor web shop product page (Magento tier prices),Micrometals,T184-52,T184-52,Mix 52,powder: iron (Micrometals mix),T,T184-52,per piece (toroid),"product page title ""T184-52 Micrometals Iron Powder Toroid""",GBP,50,1.94,0,1,1,in,T184-52 Micrometals Iron Powder Toroid,https://powermagneticsstore.co.uk/shop/t184-52-micrometals-iron-powder-toroid.html,,2026-09-30T22:16:06Z,21000.0,Micrometals datasheet,150.0,"Micrometals datasheet ""Mass (approximate)"" (part T184-52)",https://datasheets.micrometals.com/T184-52-DataSheet.pdf @ 2026-09-30T20:19:43Z,iron,MAS core reference T184-52,1.328645,"ECB euro reference rates 2026-09-30 (extra/ecb.xml, fetched 2026-09-30T20:12:47Z)",2.5776
"Power Magnetics Ltd (powermagneticsstore.co.uk, UK; Micrometals authorized distributor)",distributor web shop product page (Magento tier prices),Micrometals,T200-26,T200-26,Mix 26,powder: iron (Micrometals mix),T,T200-26,per piece (toroid),"product page title ""T200-26 Micrometals Iron Powder Toroid""",GBP,1,3.0,1,0,1,in,T200-26 Micrometals Iron Powder Toroid,https://powermagneticsstore.co.uk/shop/t200-26-micrometals-iron-powder-toroid.html,,2026-09-30T22:16:08Z,16400.0,Micrometals datasheet,110.0,"Micrometals datasheet ""Mass (approximate)"" (part T200-26)",https://datasheets.micrometals.com/T200-26-DataSheet.pdf @ 2026-09-30T20:20:30Z,iron,MAS core reference T200-26,1.328645,"ECB euro reference rates 2026-09-30 (extra/ecb.xml, fetched 2026-09-30T20:12:47Z)",3.9859
"Power Magnetics Ltd (powermagneticsstore.co.uk, UK; Micrometals authorized distributor)",distributor web shop product page (Magento tier prices),Micrometals,T200-26,T200-26,Mix 26,powder: iron (Micrometals mix),T,T200-26,per piece (toroid),"product page title ""T200-26 Micrometals Iron Powder Toroid""",GBP,10,2.08,0,0,1,in,T200-26 Micrometals Iron Powder Toroid,https://powermagneticsstore.co.uk/shop/t200-26-micrometals-iron-powder-toroid.html,,2026-09-30T22:16:08Z,16400.0,Micrometals datasheet,110.0,"Micrometals datasheet ""Mass (approximate)"" (part T200-26)",https://datasheets.micrometals.com/T200-26-DataSheet.pdf @ 2026-09-30T20:20:30Z,iron,MAS core reference T200-26,1.328645,"ECB euro reference rates 2026-09-30 (extra/ecb.xml, fetched 2026-09-30T20:12:47Z)",2.7636
"Power Magnetics Ltd (powermagneticsstore.co.uk, UK; Micrometals authorized distributor)",distributor web shop product page (Magento tier prices),Micrometals,T200-26,T200-26,Mix 26,powder: iron (Micrometals mix),T,T200-26,per piece (toroid),"product page title ""T200-26 Micrometals Iron Powder Toroid""",GBP,50,1.68,0,1,1,in,T200-26 Micrometals Iron Powder Toroid,https://powermagneticsstore.co.uk/shop/t200-26-micrometals-iron-powder-toroid.html,,2026-09-30T22:16:08Z,16400.0,Micrometals datasheet,110.0,"Micrometals datasheet ""Mass (approximate)"" (part T200-26)",https://datasheets.micrometals.com/T200-26-DataSheet.pdf @ 2026-09-30T20:20:30Z,iron,MAS core reference T200-26,1.328645,"ECB euro reference rates 2026-09-30 (extra/ecb.xml, fetched 2026-09-30T20:12:47Z)",2.2321
"Power Magnetics Ltd (powermagneticsstore.co.uk, UK; Micrometals authorized distributor)",distributor web shop product page (Magento tier prices),Micrometals,T200-26B,T200-26B,Mix 26,powder: iron (Micrometals mix),T,T200-26B,per piece (toroid),"product page title ""T200-26B Micrometals Iron Powder Toroid""",GBP,1,4.42,1,0,1,out,T200-26B Micrometals Iron Powder Toroid,https://powermagneticsstore.co.uk/shop/t200-26b-micrometals-iron-powder-toroid.html,,2026-09-30T22:16:11Z,29800.0,Micrometals datasheet,210.0,"Micrometals datasheet ""Mass (approximate)"" (part T200-26B)",https://datasheets.micrometals.com/T200-26B-DataSheet.pdf @ 2026-09-30T22:30:58Z,iron,MAS core reference T200-26B,1.328645,"ECB euro reference rates 2026-09-30 (extra/ecb.xml, fetched 2026-09-30T20:12:47Z)",5.8726
"Power Magnetics Ltd (powermagneticsstore.co.uk, UK; Micrometals authorized distributor)",distributor web shop product page (Magento tier prices),Micrometals,T200-26B,T200-26B,Mix 26,powder: iron (Micrometals mix),T,T200-26B,per piece (toroid),"product page title ""T200-26B Micrometals Iron Powder Toroid""",GBP,10,3.05,0,0,1,out,T200-26B Micrometals Iron Powder Toroid,https://powermagneticsstore.co.uk/shop/t200-26b-micrometals-iron-powder-toroid.html,,2026-09-30T22:16:11Z,29800.0,Micrometals datasheet,210.0,"Micrometals datasheet ""Mass (approximate)"" (part T200-26B)",https://datasheets.micrometals.com/T200-26B-DataSheet.pdf @ 2026-09-30T22:30:58Z,iron,MAS core reference T200-26B,1.328645,"ECB euro reference rates 2026-09-30 (extra/ecb.xml, fetched 2026-09-30T20:12:47Z)",4.0524
"Power Magnetics Ltd (powermagneticsstore.co.uk, UK; Micrometals authorized distributor)",distributor web shop product page (Magento tier prices),Micrometals,T200-26B,T200-26B,Mix 26,powder: iron (Micrometals mix),T,T200-26B,per piece (toroid),"product page title ""T200-26B Micrometals Iron Powder Toroid""",GBP,50,2.47,0,1,1,out,T200-26B Micrometals Iron Powder Toroid,https://powermagneticsstore.co.uk/shop/t200-26b-micrometals-iron-powder-toroid.html,,2026-09-30T22:16:11Z,29800.0,Micrometals datasheet,210.0,"Micrometals datasheet ""Mass (approximate)"" (part T200-26B)",https://datasheets.micrometals.com/T200-26B-DataSheet.pdf @ 2026-09-30T22:30:58Z,iron,MAS core reference T200-26B,1.328645,"ECB euro reference rates 2026-09-30 (extra/ecb.xml, fetched 2026-09-30T20:12:47Z)",3.2818
"Power Magnetics Ltd (powermagneticsstore.co.uk, UK; Micrometals authorized distributor)",distributor web shop product page (Magento tier prices),Micrometals,T200-38B,T200-38B,Mix 38,powder: iron (Micrometals mix),T,T200-38B,per piece (toroid),"product page title ""T200-38B Micrometals Iron Powder Toroid""",GBP,1,5.0,1,0,1,in,T200-38B Micrometals Iron Powder Toroid,https://powermagneticsstore.co.uk/shop/t200-38b-micrometals-iron-powder-toroid.html,,2026-09-30T22:16:14Z,29800.0,Micrometals datasheet,210.0,"Micrometals datasheet ""Mass (approximate)"" (part T200-38B)",https://datasheets.micrometals.com/T200-38B-DataSheet.pdf @ 2026-09-30T22:31:01Z,iron,MAS core reference T200-38B,1.328645,"ECB euro reference rates 2026-09-30 (extra/ecb.xml, fetched 2026-09-30T20:12:47Z)",6.6432
"Power Magnetics Ltd (powermagneticsstore.co.uk, UK; Micrometals authorized distributor)",distributor web shop product page (Magento tier prices),Micrometals,T200-38B,T200-38B,Mix 38,powder: iron (Micrometals mix),T,T200-38B,per piece (toroid),"product page title ""T200-38B Micrometals Iron Powder Toroid""",GBP,10,3.7,0,0,1,in,T200-38B Micrometals Iron Powder Toroid,https://powermagneticsstore.co.uk/shop/t200-38b-micrometals-iron-powder-toroid.html,,2026-09-30T22:16:14Z,29800.0,Micrometals datasheet,210.0,"Micrometals datasheet ""Mass (approximate)"" (part T200-38B)",https://datasheets.micrometals.com/T200-38B-DataSheet.pdf @ 2026-09-30T22:31:01Z,iron,MAS core reference T200-38B,1.328645,"ECB euro reference rates 2026-09-30 (extra/ecb.xml, fetched 2026-09-30T20:12:47Z)",4.916
"Power Magnetics Ltd (powermagneticsstore.co.uk, UK; Micrometals authorized distributor)",distributor web shop product page (Magento tier prices),Micrometals,T200-38B,T200-38B,Mix 38,powder: iron (Micrometals mix),T,T200-38B,per piece (toroid),"product page title ""T200-38B Micrometals Iron Powder Toroid""",GBP,50,2.8,0,1,1,in,T200-38B Micrometals Iron Powder Toroid,https://powermagneticsstore.co.uk/shop/t200-38b-micrometals-iron-powder-toroid.html,,2026-09-30T22:16:14Z,29800.0,Micrometals datasheet,210.0,"Micrometals datasheet ""Mass (approximate)"" (part T200-38B)",https://datasheets.micrometals.com/T200-38B-DataSheet.pdf @ 2026-09-30T22:31:01Z,iron,MAS core reference T200-38B,1.328645,"ECB euro reference rates 2026-09-30 (extra/ecb.xml, fetched 2026-09-30T20:12:47Z)",3.7202
"Power Magnetics Ltd (powermagneticsstore.co.uk, UK; Micrometals authorized distributor)",distributor web shop product page (Magento tier prices),Micrometals,T200-40,T200-40,Mix 40,powder: iron (Micrometals mix),T,T200-40,per piece (toroid),"product page title ""T200-40 Micrometals Iron Powder Toroid""",GBP,1,3.4,1,0,1,in,T200-40 Micrometals Iron Powder Toroid,https://powermagneticsstore.co.uk/shop/t200-40-micrometals-iron-powder-toroid.html,,2026-09-30T22:16:15Z,16400.0,Micrometals datasheet,110.0,"Micrometals datasheet ""Mass (approximate)"" (part T200-40)",https://datasheets.micrometals.com/T200-40-DataSheet.pdf @ 2026-09-30T20:20:35Z,iron,MAS core reference T200-40,1.328645,"ECB euro reference rates 2026-09-30 (extra/ecb.xml, fetched 2026-09-30T20:12:47Z)",4.5174
"Power Magnetics Ltd (powermagneticsstore.co.uk, UK; Micrometals authorized distributor)",distributor web shop product page (Magento tier prices),Micrometals,T200-40,T200-40,Mix 40,powder: iron (Micrometals mix),T,T200-40,per piece (toroid),"product page title ""T200-40 Micrometals Iron Powder Toroid""",GBP,10,2.7,0,0,1,in,T200-40 Micrometals Iron Powder Toroid,https://powermagneticsstore.co.uk/shop/t200-40-micrometals-iron-powder-toroid.html,,2026-09-30T22:16:15Z,16400.0,Micrometals datasheet,110.0,"Micrometals datasheet ""Mass (approximate)"" (part T200-40)",https://datasheets.micrometals.com/T200-40-DataSheet.pdf @ 2026-09-30T20:20:35Z,iron,MAS core reference T200-40,1.328645,"ECB euro reference rates 2026-09-30 (extra/ecb.xml, fetched 2026-09-30T20:12:47Z)",3.5873
"Power Magnetics Ltd (powermagneticsstore.co.uk, UK; Micrometals authorized distributor)",distributor web shop product page (Magento tier prices),Micrometals,T200-40,T200-40,Mix 40,powder: iron (Micrometals mix),T,T200-40,per piece (toroid),"product page title ""T200-40 Micrometals Iron Powder Toroid""",GBP,50,2.25,0,1,1,in,T200-40 Micrometals Iron Powder Toroid,https://powermagneticsstore.co.uk/shop/t200-40-micrometals-iron-powder-toroid.html,,2026-09-30T22:16:15Z,16400.0,Micrometals datasheet,110.0,"Micrometals datasheet ""Mass (approximate)"" (part T200-40)",https://datasheets.micrometals.com/T200-40-DataSheet.pdf @ 2026-09-30T20:20:35Z,iron,MAS core reference T200-40,1.328645,"ECB euro reference rates 2026-09-30 (extra/ecb.xml, fetched 2026-09-30T20:12:47Z)",2.9895
"Power Magnetics Ltd (powermagneticsstore.co.uk, UK; Micrometals authorized distributor)",distributor web shop product page (Magento tier prices),Micrometals,T201-26,T201-26,Mix 26,powder: iron (Micrometals mix),T,T201-26,per piece (toroid),"product page title ""T201-26 Micrometals Iron Powder Toroid""",GBP,1,5.05,1,0,1,in,T201-26 Micrometals Iron Powder Toroid,https://powermagneticsstore.co.uk/shop/t201-26-micrometals-iron-powder-toroid.html,,2026-09-30T22:16:18Z,33200.0,Micrometals datasheet,230.0,"Micrometals datasheet ""Mass (approximate)"" (part T201-26)",https://datasheets.micrometals.com/T201-26-DataSheet.pdf @ 2026-09-30T22:31:04Z,iron,MAS core reference T201-26,1.328645,"ECB euro reference rates 2026-09-30 (extra/ecb.xml, fetched 2026-09-30T20:12:47Z)",6.7097
"Power Magnetics Ltd (powermagneticsstore.co.uk, UK; Micrometals authorized distributor)",distributor web shop product page (Magento tier prices),Micrometals,T201-26,T201-26,Mix 26,powder: iron (Micrometals mix),T,T201-26,per piece (toroid),"product page title ""T201-26 Micrometals Iron Powder Toroid""",GBP,10,3.51,0,0,1,in,T201-26 Micrometals Iron Powder Toroid,https://powermagneticsstore.co.uk/shop/t201-26-micrometals-iron-powder-toroid.html,,2026-09-30T22:16:18Z,33200.0,Micrometals datasheet,230.0,"Micrometals datasheet ""Mass (approximate)"" (part T201-26)",https://datasheets.micrometals.com/T201-26-DataSheet.pdf @ 2026-09-30T22:31:04Z,iron,MAS core reference T201-26,1.328645,"ECB euro reference rates 2026-09-30 (extra/ecb.xml, fetched 2026-09-30T20:12:47Z)",4.6635
"Power Magnetics Ltd (powermagneticsstore.co.uk, UK; Micrometals authorized distributor)",distributor web shop product page (Magento tier prices),Micrometals,T201-26,T201-26,Mix 26,powder: iron (Micrometals mix),T,T201-26,per piece (toroid),"product page title ""T201-26 Micrometals Iron Powder Toroid""",GBP,50,2.81,0,1,1,in,T201-26 Micrometals Iron Powder Toroid,https://powermagneticsstore.co.uk/shop/t201-26-micrometals-iron-powder-toroid.html,,2026-09-30T22:16:18Z,33200.0,Micrometals datasheet,230.0,"Micrometals datasheet ""Mass (approximate)"" (part T201-26)",https://datasheets.micrometals.com/T201-26-DataSheet.pdf @ 2026-09-30T22:31:04Z,iron,MAS core reference T201-26,1.328645,"ECB euro reference rates 2026-09-30 (extra/ecb.xml, fetched 2026-09-30T20:12:47Z)",3.7335
"Power Magnetics Ltd (powermagneticsstore.co.uk, UK; Micrometals authorized distributor)",distributor web shop product page (Magento tier prices),Micrometals,T201-40,T201-40,Mix 40,powder: iron (Micrometals mix),T,T201-40,per piece (toroid),"product page title ""T201-40 Micrometals Iron Powder Toroid""",GBP,1,4.99,1,0,1,in,T201-40 Micrometals Iron Powder Toroid,https://powermagneticsstore.co.uk/shop/t201-40-micrometals-iron-powder-toroid.html,,2026-09-30T22:16:21Z,33200.0,Micrometals datasheet,230.0,"Micrometals datasheet ""Mass (approximate)"" (part T201-40)",https://datasheets.micrometals.com/T201-40-DataSheet.pdf @ 2026-09-30T22:31:05Z,iron,MAS core reference T201-40,1.328645,"ECB euro reference rates 2026-09-30 (extra/ecb.xml, fetched 2026-09-30T20:12:47Z)",6.6299
"Power Magnetics Ltd (powermagneticsstore.co.uk, UK; Micrometals authorized distributor)",distributor web shop product page (Magento tier prices),Micrometals,T201-40,T201-40,Mix 40,powder: iron (Micrometals mix),T,T201-40,per piece (toroid),"product page title ""T201-40 Micrometals Iron Powder Toroid""",GBP,10,3.45,0,0,1,in,T201-40 Micrometals Iron Powder Toroid,https://powermagneticsstore.co.uk/shop/t201-40-micrometals-iron-powder-toroid.html,,2026-09-30T22:16:21Z,33200.0,Micrometals datasheet,230.0,"Micrometals datasheet ""Mass (approximate)"" (part T201-40)",https://datasheets.micrometals.com/T201-40-DataSheet.pdf @ 2026-09-30T22:31:05Z,iron,MAS core reference T201-40,1.328645,"ECB euro reference rates 2026-09-30 (extra/ecb.xml, fetched 2026-09-30T20:12:47Z)",4.5838
"Power Magnetics Ltd (powermagneticsstore.co.uk, UK; Micrometals authorized distributor)",distributor web shop product page (Magento tier prices),Micrometals,T201-40,T201-40,Mix 40,powder: iron (Micrometals mix),T,T201-40,per piece (toroid),"product page title ""T201-40 Micrometals Iron Powder Toroid""",GBP,50,2.79,0,1,1,in,T201-40 Micrometals Iron Powder Toroid,https://powermagneticsstore.co.uk/shop/t201-40-micrometals-iron-powder-toroid.html,,2026-09-30T22:16:21Z,33200.0,Micrometals datasheet,230.0,"Micrometals datasheet ""Mass (approximate)"" (part T201-40)",https://datasheets.micrometals.com/T201-40-DataSheet.pdf @ 2026-09-30T22:31:05Z,iron,MAS core reference T201-40,1.328645,"ECB euro reference rates 2026-09-30 (extra/ecb.xml, fetched 2026-09-30T20:12:47Z)",3.7069
"Power Magnetics Ltd (powermagneticsstore.co.uk, UK; Micrometals authorized distributor)",distributor web shop product page (Magento tier prices),Micrometals,T201-52,T201-52,Mix 52,powder: iron (Micrometals mix),T,T201-52,per piece (toroid),"product page title ""T201-52 Micrometals Iron Powder Toroid""",GBP,1,5.21,1,0,1,in,T201-52 Micrometals Iron Powder Toroid,https://powermagneticsstore.co.uk/shop/t201-52-micrometals-iron-powder-toroid.html,,2026-09-30T22:16:23Z,33200.0,Micrometals datasheet,230.0,"Micrometals datasheet ""Mass (approximate)"" (part T201-52)",https://datasheets.micrometals.com/T201-52-DataSheet.pdf @ 2026-09-30T22:31:08Z,iron,MAS core reference T201-52,1.328645,"ECB euro reference rates 2026-09-30 (extra/ecb.xml, fetched 2026-09-30T20:12:47Z)",6.9222
"Power Magnetics Ltd (powermagneticsstore.co.uk, UK; Micrometals authorized distributor)",distributor web shop product page (Magento tier prices),Micrometals,T201-52,T201-52,Mix 52,powder: iron (Micrometals mix),T,T201-52,per piece (toroid),"product page title ""T201-52 Micrometals Iron Powder Toroid""",GBP,10,3.6,0,0,1,in,T201-52 Micrometals Iron Powder Toroid,https://powermagneticsstore.co.uk/shop/t201-52-micrometals-iron-powder-toroid.html,,2026-09-30T22:16:23Z,33200.0,Micrometals datasheet,230.0,"Micrometals datasheet ""Mass (approximate)"" (part T201-52)",https://datasheets.micrometals.com/T201-52-DataSheet.pdf @ 2026-09-30T22:31:08Z,iron,MAS core reference T201-52,1.328645,"ECB euro reference rates 2026-09-30 (extra/ecb.xml, fetched 2026-09-30T20:12:47Z)",4.7831
"Power Magnetics Ltd (powermagneticsstore.co.uk, UK; Micrometals authorized distributor)",distributor web shop product page (Magento tier prices),Micrometals,T201-52,T201-52,Mix 52,powder: iron (Micrometals mix),T,T201-52,per piece (toroid),"product page title ""T201-52 Micrometals Iron Powder Toroid""",GBP,50,2.91,0,1,1,in,T201-52 Micrometals Iron Powder Toroid,https://powermagneticsstore.co.uk/shop/t201-52-micrometals-iron-powder-toroid.html,,2026-09-30T22:16:23Z,33200.0,Micrometals datasheet,230.0,"Micrometals datasheet ""Mass (approximate)"" (part T201-52)",https://datasheets.micrometals.com/T201-52-DataSheet.pdf @ 2026-09-30T22:31:08Z,iron,MAS core reference T201-52,1.328645,"ECB euro reference rates 2026-09-30 (extra/ecb.xml, fetched 2026-09-30T20:12:47Z)",3.8664
"Power Magnetics Ltd (powermagneticsstore.co.uk, UK; Micrometals authorized distributor)",distributor web shop product page (Magento tier prices),Micrometals,T225-26,T225-26,Mix 26,powder: iron (Micrometals mix),T,T225-26,per piece (toroid),"product page title ""T225-26 Micrometals Iron Powder Toroid""",GBP,1,3.59,1,0,1,in,T225-26 Micrometals Iron Powder Toroid,https://powermagneticsstore.co.uk/shop/t225-26-micrometals-iron-powder-toroid.html,,2026-09-30T22:16:26Z,20700.0,Micrometals datasheet,140.0,"Micrometals datasheet ""Mass (approximate)"" (part T225-26)",https://datasheets.micrometals.com/T225-26-DataSheet.pdf @ 2026-09-30T20:21:01Z,iron,MAS core reference T225-26,1.328645,"ECB euro reference rates 2026-09-30 (extra/ecb.xml, fetched 2026-09-30T20:12:47Z)",4.7698
"Power Magnetics Ltd (powermagneticsstore.co.uk, UK; Micrometals authorized distributor)",distributor web shop product page (Magento tier prices),Micrometals,T225-26,T225-26,Mix 26,powder: iron (Micrometals mix),T,T225-26,per piece (toroid),"product page title ""T225-26 Micrometals Iron Powder Toroid""",GBP,10,2.48,0,0,1,in,T225-26 Micrometals Iron Powder Toroid,https://powermagneticsstore.co.uk/shop/t225-26-micrometals-iron-powder-toroid.html,,2026-09-30T22:16:26Z,20700.0,Micrometals datasheet,140.0,"Micrometals datasheet ""Mass (approximate)"" (part T225-26)",https://datasheets.micrometals.com/T225-26-DataSheet.pdf @ 2026-09-30T20:21:01Z,iron,MAS core reference T225-26,1.328645,"ECB euro reference rates 2026-09-30 (extra/ecb.xml, fetched 2026-09-30T20:12:47Z)",3.295
"Power Magnetics Ltd (powermagneticsstore.co.uk, UK; Micrometals authorized distributor)",distributor web shop product page (Magento tier prices),Micrometals,T225-26,T225-26,Mix 26,powder: iron (Micrometals mix),T,T225-26,per piece (toroid),"product page title ""T225-26 Micrometals Iron Powder Toroid""",GBP,50,2.01,0,1,1,in,T225-26 Micrometals Iron Powder Toroid,https://powermagneticsstore.co.uk/shop/t225-26-micrometals-iron-powder-toroid.html,,2026-09-30T22:16:26Z,20700.0,Micrometals datasheet,140.0,"Micrometals datasheet ""Mass (approximate)"" (part T225-26)",https://datasheets.micrometals.com/T225-26-DataSheet.pdf @ 2026-09-30T20:21:01Z,iron,MAS core reference T225-26,1.328645,"ECB euro reference rates 2026-09-30 (extra/ecb.xml, fetched 2026-09-30T20:12:47Z)",2.6706
"Power Magnetics Ltd (powermagneticsstore.co.uk, UK; Micrometals authorized distributor)",distributor web shop product page (Magento tier prices),Micrometals,T225-34,T225-34,Mix 34,powder: iron (Micrometals mix),T,T225-34,per piece (toroid),"product page title ""T225-34 Micrometals Iron Powder Toroid""",GBP,1,4.67,1,0,1,in,T225-34 Micrometals Iron Powder Toroid,https://powermagneticsstore.co.uk/shop/t225-34-micrometals-iron-powder-toroid.html,,2026-09-30T22:16:29Z,20700.0,Micrometals datasheet,130.0,"Micrometals datasheet ""Mass (approximate)"" (part T225-34)",https://datasheets.micrometals.com/T225-34-DataSheet.pdf @ 2026-09-30T22:31:14Z,iron,MAS core reference T225-34,1.328645,"ECB euro reference rates 2026-09-30 (extra/ecb.xml, fetched 2026-09-30T20:12:47Z)",6.2048
"Power Magnetics Ltd (powermagneticsstore.co.uk, UK; Micrometals authorized distributor)",distributor web shop product page (Magento tier prices),Micrometals,T225-34,T225-34,Mix 34,powder: iron (Micrometals mix),T,T225-34,per piece (toroid),"product page title ""T225-34 Micrometals Iron Powder Toroid""",GBP,10,3.23,0,0,1,in,T225-34 Micrometals Iron Powder Toroid,https://powermagneticsstore.co.uk/shop/t225-34-micrometals-iron-powder-toroid.html,,2026-09-30T22:16:29Z,20700.0,Micrometals datasheet,130.0,"Micrometals datasheet ""Mass (approximate)"" (part T225-34)",https://datasheets.micrometals.com/T225-34-DataSheet.pdf @ 2026-09-30T22:31:14Z,iron,MAS core reference T225-34,1.328645,"ECB euro reference rates 2026-09-30 (extra/ecb.xml, fetched 2026-09-30T20:12:47Z)",4.2915
"Power Magnetics Ltd (powermagneticsstore.co.uk, UK; Micrometals authorized distributor)",distributor web shop product page (Magento tier prices),Micrometals,T225-34,T225-34,Mix 34,powder: iron (Micrometals mix),T,T225-34,per piece (toroid),"product page title ""T225-34 Micrometals Iron Powder Toroid""",GBP,50,2.61,0,1,1,in,T225-34 Micrometals Iron Powder Toroid,https://powermagneticsstore.co.uk/shop/t225-34-micrometals-iron-powder-toroid.html,,2026-09-30T22:16:29Z,20700.0,Micrometals datasheet,130.0,"Micrometals datasheet ""Mass (approximate)"" (part T225-34)",https://datasheets.micrometals.com/T225-34-DataSheet.pdf @ 2026-09-30T22:31:14Z,iron,MAS core reference T225-34,1.328645,"ECB euro reference rates 2026-09-30 (extra/ecb.xml, fetched 2026-09-30T20:12:47Z)",3.4678
"Power Magnetics Ltd (powermagneticsstore.co.uk, UK; Micrometals authorized distributor)",distributor web shop product page (Magento tier prices),Micrometals,T225-66B,T225-66B,Mix 66,powder: iron (Micrometals mix),T,T225-66B,per piece (toroid),"product page title ""T225-66B Micrometals Iron Powder Toroid""",GBP,1,13.35,1,0,1,in,T225-66B Micrometals Iron Powder Toroid,https://powermagneticsstore.co.uk/shop/t225-66b-micrometals-iron-powder-toroid.html,,2026-09-30T22:16:31Z,37800.0,Micrometals datasheet,230.0,"Micrometals datasheet ""Mass (approximate)"" (part T225-66B)",https://datasheets.micrometals.com/T225-66B-DataSheet.pdf @ 2026-09-30T22:31:20Z,iron,MAS core reference T225-66B,1.328645,"ECB euro reference rates 2026-09-30 (extra/ecb.xml, fetched 2026-09-30T20:12:47Z)",17.7374
"Power Magnetics Ltd (powermagneticsstore.co.uk, UK; Micrometals authorized distributor)",distributor web shop product page (Magento tier prices),Micrometals,T225-66B,T225-66B,Mix 66,powder: iron (Micrometals mix),T,T225-66B,per piece (toroid),"product page title ""T225-66B Micrometals Iron Powder Toroid""",GBP,10,9.22,0,0,1,in,T225-66B Micrometals Iron Powder Toroid,https://powermagneticsstore.co.uk/shop/t225-66b-micrometals-iron-powder-toroid.html,,2026-09-30T22:16:31Z,37800.0,Micrometals datasheet,230.0,"Micrometals datasheet ""Mass (approximate)"" (part T225-66B)",https://datasheets.micrometals.com/T225-66B-DataSheet.pdf @ 2026-09-30T22:31:20Z,iron,MAS core reference T225-66B,1.328645,"ECB euro reference rates 2026-09-30 (extra/ecb.xml, fetched 2026-09-30T20:12:47Z)",12.2501
"Power Magnetics Ltd (powermagneticsstore.co.uk, UK; Micrometals authorized distributor)",distributor web shop product page (Magento tier prices),Micrometals,T225-66B,T225-66B,Mix 66,powder: iron (Micrometals mix),T,T225-66B,per piece (toroid),"product page title ""T225-66B Micrometals Iron Powder Toroid""",GBP,50,7.45,0,1,1,in,T225-66B Micrometals Iron Powder Toroid,https://powermagneticsstore.co.uk/shop/t225-66b-micrometals-iron-powder-toroid.html,,2026-09-30T22:16:31Z,37800.0,Micrometals datasheet,230.0,"Micrometals datasheet ""Mass (approximate)"" (part T225-66B)",https://datasheets.micrometals.com/T225-66B-DataSheet.pdf @ 2026-09-30T22:31:20Z,iron,MAS core reference T225-66B,1.328645,"ECB euro reference rates 2026-09-30 (extra/ecb.xml, fetched 2026-09-30T20:12:47Z)",9.8984
"Power Magnetics Ltd (powermagneticsstore.co.uk, UK; Micrometals authorized distributor)",distributor web shop product page (Magento tier prices),Micrometals,T25-60,T25-60,Mix 60,powder: iron (Micrometals mix),T,T25-60,per piece (toroid),"product page title ""T 25-60 Micrometals Iron Powder Toroid""",GBP,1,0.85,1,0,1,in,T 25-60 Micrometals Iron Powder Toroid,https://powermagneticsstore.co.uk/shop/t-25-60-micrometals-iron-powder-toroid.html,,2026-09-30T22:16:34Z,55.0,Micrometals datasheet,0.34,"Micrometals datasheet ""Mass (approximate)"" (part T25-60)",https://datasheets.micrometals.com/T25-60-DataSheet.pdf @ 2026-09-30T22:31:26Z,iron,MAS core reference T25-60,1.328645,"ECB euro reference rates 2026-09-30 (extra/ecb.xml, fetched 2026-09-30T20:12:47Z)",1.1293
"Power Magnetics Ltd (powermagneticsstore.co.uk, UK; Micrometals authorized distributor)",distributor web shop product page (Magento tier prices),Micrometals,T25-60,T25-60,Mix 60,powder: iron (Micrometals mix),T,T25-60,per piece (toroid),"product page title ""T 25-60 Micrometals Iron Powder Toroid""",GBP,10,0.63,0,0,1,in,T 25-60 Micrometals Iron Powder Toroid,https://powermagneticsstore.co.uk/shop/t-25-60-micrometals-iron-powder-toroid.html,,2026-09-30T22:16:34Z,55.0,Micrometals datasheet,0.34,"Micrometals datasheet ""Mass (approximate)"" (part T25-60)",https://datasheets.micrometals.com/T25-60-DataSheet.pdf @ 2026-09-30T22:31:26Z,iron,MAS core reference T25-60,1.328645,"ECB euro reference rates 2026-09-30 (extra/ecb.xml, fetched 2026-09-30T20:12:47Z)",0.837
"Power Magnetics Ltd (powermagneticsstore.co.uk, UK; Micrometals authorized distributor)",distributor web shop product page (Magento tier prices),Micrometals,T25-60,T25-60,Mix 60,powder: iron (Micrometals mix),T,T25-60,per piece (toroid),"product page title ""T 25-60 Micrometals Iron Powder Toroid""",GBP,50,0.53,0,1,1,in,T 25-60 Micrometals Iron Powder Toroid,https://powermagneticsstore.co.uk/shop/t-25-60-micrometals-iron-powder-toroid.html,,2026-09-30T22:16:34Z,55.0,Micrometals datasheet,0.34,"Micrometals datasheet ""Mass (approximate)"" (part T25-60)",https://datasheets.micrometals.com/T25-60-DataSheet.pdf @ 2026-09-30T22:31:26Z,iron,MAS core reference T25-60,1.328645,"ECB euro reference rates 2026-09-30 (extra/ecb.xml, fetched 2026-09-30T20:12:47Z)",0.7042
"Power Magnetics Ltd (powermagneticsstore.co.uk, UK; Micrometals authorized distributor)",distributor web shop product page (Magento tier prices),Micrometals,T250-26,T250-26,Mix 26,powder: iron (Micrometals mix),T,T250-26,per piece (toroid),"product page title ""T250-26 Micrometals Iron Powder Toroid""",GBP,1,6.93,1,0,1,in,T250-26 Micrometals Iron Powder Toroid,https://powermagneticsstore.co.uk/shop/t250-26-micrometals-iron-powder-toroid.html,,2026-09-30T22:16:37Z,57400.0,Micrometals datasheet,400.0,"Micrometals datasheet ""Mass (approximate)"" (part T250-26)",https://datasheets.micrometals.com/T250-26-DataSheet.pdf @ 2026-09-30T22:31:29Z,iron,MAS core reference T250-26,1.328645,"ECB euro reference rates 2026-09-30 (extra/ecb.xml, fetched 2026-09-30T20:12:47Z)",9.2075
"Power Magnetics Ltd (powermagneticsstore.co.uk, UK; Micrometals authorized distributor)",distributor web shop product page (Magento tier prices),Micrometals,T250-26,T250-26,Mix 26,powder: iron (Micrometals mix),T,T250-26,per piece (toroid),"product page title ""T250-26 Micrometals Iron Powder Toroid""",GBP,10,4.91,0,0,1,in,T250-26 Micrometals Iron Powder Toroid,https://powermagneticsstore.co.uk/shop/t250-26-micrometals-iron-powder-toroid.html,,2026-09-30T22:16:37Z,57400.0,Micrometals datasheet,400.0,"Micrometals datasheet ""Mass (approximate)"" (part T250-26)",https://datasheets.micrometals.com/T250-26-DataSheet.pdf @ 2026-09-30T22:31:29Z,iron,MAS core reference T250-26,1.328645,"ECB euro reference rates 2026-09-30 (extra/ecb.xml, fetched 2026-09-30T20:12:47Z)",6.5236
"Power Magnetics Ltd (powermagneticsstore.co.uk, UK; Micrometals authorized distributor)",distributor web shop product page (Magento tier prices),Micrometals,T250-26,T250-26,Mix 26,powder: iron (Micrometals mix),T,T250-26,per piece (toroid),"product page title ""T250-26 Micrometals Iron Powder Toroid""",GBP,50,4.21,0,1,1,in,T250-26 Micrometals Iron Powder Toroid,https://powermagneticsstore.co.uk/shop/t250-26-micrometals-iron-powder-toroid.html,,2026-09-30T22:16:37Z,57400.0,Micrometals datasheet,400.0,"Micrometals datasheet ""Mass (approximate)"" (part T250-26)",https://datasheets.micrometals.com/T250-26-DataSheet.pdf @ 2026-09-30T22:31:29Z,iron,MAS core reference T250-26,1.328645,"ECB euro reference rates 2026-09-30 (extra/ecb.xml, fetched 2026-09-30T20:12:47Z)",5.5936
"Power Magnetics Ltd (powermagneticsstore.co.uk, UK; Micrometals authorized distributor)",distributor web shop product page (Magento tier prices),Micrometals,T250-61,T250-61,Mix 61,powder: iron (Micrometals mix),T,T250-61,per piece (toroid),"product page title ""T250-61 Micrometals Iron Powder Toroid""",GBP,1,15.12,1,0,1,in,T250-61 Micrometals Iron Powder Toroid,https://powermagneticsstore.co.uk/shop/t250-61-micrometals-iron-powder-toroid.html,,2026-09-30T22:16:39Z,57400.0,Micrometals datasheet,350.0,"Micrometals datasheet ""Mass (approximate)"" (part T250-61)",https://datasheets.micrometals.com/T250-61-DataSheet.pdf @ 2026-09-30T22:31:32Z,iron,MAS core reference T250-61,1.328645,"ECB euro reference rates 2026-09-30 (extra/ecb.xml, fetched 2026-09-30T20:12:47Z)",20.0891
"Power Magnetics Ltd (powermagneticsstore.co.uk, UK; Micrometals authorized distributor)",distributor web shop product page (Magento tier prices),Micrometals,T250-61,T250-61,Mix 61,powder: iron (Micrometals mix),T,T250-61,per piece (toroid),"product page title ""T250-61 Micrometals Iron Powder Toroid""",GBP,10,10.71,0,0,1,in,T250-61 Micrometals Iron Powder Toroid,https://powermagneticsstore.co.uk/shop/t250-61-micrometals-iron-powder-toroid.html,,2026-09-30T22:16:39Z,57400.0,Micrometals datasheet,350.0,"Micrometals datasheet ""Mass (approximate)"" (part T250-61)",https://datasheets.micrometals.com/T250-61-DataSheet.pdf @ 2026-09-30T22:31:32Z,iron,MAS core reference T250-61,1.328645,"ECB euro reference rates 2026-09-30 (extra/ecb.xml, fetched 2026-09-30T20:12:47Z)",14.2298
"Power Magnetics Ltd (powermagneticsstore.co.uk, UK; Micrometals authorized distributor)",distributor web shop product page (Magento tier prices),Micrometals,T250-61,T250-61,Mix 61,powder: iron (Micrometals mix),T,T250-61,per piece (toroid),"product page title ""T250-61 Micrometals Iron Powder Toroid""",GBP,50,9.18,0,1,1,in,T250-61 Micrometals Iron Powder Toroid,https://powermagneticsstore.co.uk/shop/t250-61-micrometals-iron-powder-toroid.html,,2026-09-30T22:16:39Z,57400.0,Micrometals datasheet,350.0,"Micrometals datasheet ""Mass (approximate)"" (part T250-61)",https://datasheets.micrometals.com/T250-61-DataSheet.pdf @ 2026-09-30T22:31:32Z,iron,MAS core reference T250-61,1.328645,"ECB euro reference rates 2026-09-30 (extra/ecb.xml, fetched 2026-09-30T20:12:47Z)",12.197
"Power Magnetics Ltd (powermagneticsstore.co.uk, UK; Micrometals authorized distributor)",distributor web shop product page (Magento tier prices),Micrometals,T26-26,T26-26,Mix 26,powder: iron (Micrometals mix),T,T26-26,per piece (toroid),"product page title ""T 26-26 Micrometals Iron Powder Toroid""",GBP,1,0.34,1,0,1,in,T 26-26 Micrometals Iron Powder Toroid,https://powermagneticsstore.co.uk/shop/t-26-26-micrometals-iron-powder-toroid.html,,2026-09-30T22:16:42Z,133.0,Micrometals datasheet,0.93,"Micrometals datasheet ""Mass (approximate)"" (part T26-26)",https://datasheets.micrometals.com/T26-26-DataSheet.pdf @ 2026-09-30T22:31:35Z,iron,MAS core reference T26-26,1.328645,"ECB euro reference rates 2026-09-30 (extra/ecb.xml, fetched 2026-09-30T20:12:47Z)",0.4517
"Power Magnetics Ltd (powermagneticsstore.co.uk, UK; Micrometals authorized distributor)",distributor web shop product page (Magento tier prices),Micrometals,T26-26,T26-26,Mix 26,powder: iron (Micrometals mix),T,T26-26,per piece (toroid),"product page title ""T 26-26 Micrometals Iron Powder Toroid""",GBP,10,0.26,0,0,1,in,T 26-26 Micrometals Iron Powder Toroid,https://powermagneticsstore.co.uk/shop/t-26-26-micrometals-iron-powder-toroid.html,,2026-09-30T22:16:42Z,133.0,Micrometals datasheet,0.93,"Micrometals datasheet ""Mass (approximate)"" (part T26-26)",https://datasheets.micrometals.com/T26-26-DataSheet.pdf @ 2026-09-30T22:31:35Z,iron,MAS core reference T26-26,1.328645,"ECB euro reference rates 2026-09-30 (extra/ecb.xml, fetched 2026-09-30T20:12:47Z)",0.3454
"Power Magnetics Ltd (powermagneticsstore.co.uk, UK; Micrometals authorized distributor)",distributor web shop product page (Magento tier prices),Micrometals,T26-26,T26-26,Mix 26,powder: iron (Micrometals mix),T,T26-26,per piece (toroid),"product page title ""T 26-26 Micrometals Iron Powder Toroid""",GBP,50,0.21,0,1,1,in,T 26-26 Micrometals Iron Powder Toroid,https://powermagneticsstore.co.uk/shop/t-26-26-micrometals-iron-powder-toroid.html,,2026-09-30T22:16:42Z,133.0,Micrometals datasheet,0.93,"Micrometals datasheet ""Mass (approximate)"" (part T26-26)",https://datasheets.micrometals.com/T26-26-DataSheet.pdf @ 2026-09-30T22:31:35Z,iron,MAS core reference T26-26,1.328645,"ECB euro reference rates 2026-09-30 (extra/ecb.xml, fetched 2026-09-30T20:12:47Z)",0.279
"Power Magnetics Ltd (powermagneticsstore.co.uk, UK; Micrometals authorized distributor)",distributor web shop product page (Magento tier prices),Micrometals,T27-52,T27-52,Mix 52,powder: iron (Micrometals mix),T,T27-52,per piece (toroid),"product page title ""T 27-52 Micrometals Iron Powder Toroid""",GBP,1,0.4,1,0,1,out,T 27-52 Micrometals Iron Powder Toroid,https://powermagneticsstore.co.uk/shop/t-27-52-micrometals-iron-powder-toroid.html,,2026-09-30T22:16:45Z,80.0,Micrometals datasheet,0.56,"Micrometals datasheet ""Mass (approximate)"" (part T27-52)",https://datasheets.micrometals.com/T27-52-DataSheet.pdf @ 2026-09-30T22:31:36Z,iron,MAS core reference T27-52,1.328645,"ECB euro reference rates 2026-09-30 (extra/ecb.xml, fetched 2026-09-30T20:12:47Z)",0.5315
"Power Magnetics Ltd (powermagneticsstore.co.uk, UK; Micrometals authorized distributor)",distributor web shop product page (Magento tier prices),Micrometals,T27-52,T27-52,Mix 52,powder: iron (Micrometals mix),T,T27-52,per piece (toroid),"product page title ""T 27-52 Micrometals Iron Powder Toroid""",GBP,10,0.31,0,0,1,out,T 27-52 Micrometals Iron Powder Toroid,https://powermagneticsstore.co.uk/shop/t-27-52-micrometals-iron-powder-toroid.html,,2026-09-30T22:16:45Z,80.0,Micrometals datasheet,0.56,"Micrometals datasheet ""Mass (approximate)"" (part T27-52)",https://datasheets.micrometals.com/T27-52-DataSheet.pdf @ 2026-09-30T22:31:36Z,iron,MAS core reference T27-52,1.328645,"ECB euro reference rates 2026-09-30 (extra/ecb.xml, fetched 2026-09-30T20:12:47Z)",0.4119
"Power Magnetics Ltd (powermagneticsstore.co.uk, UK; Micrometals authorized distributor)",distributor web shop product page (Magento tier prices),Micrometals,T27-52,T27-52,Mix 52,powder: iron (Micrometals mix),T,T27-52,per piece (toroid),"product page title ""T 27-52 Micrometals Iron Powder Toroid""",GBP,50,0.25,0,1,1,out,T 27-52 Micrometals Iron Powder Toroid,https://powermagneticsstore.co.uk/shop/t-27-52-micrometals-iron-powder-toroid.html,,2026-09-30T22:16:45Z,80.0,Micrometals datasheet,0.56,"Micrometals datasheet ""Mass (approximate)"" (part T27-52)",https://datasheets.micrometals.com/T27-52-DataSheet.pdf @ 2026-09-30T22:31:36Z,iron,MAS core reference T27-52,1.328645,"ECB euro reference rates 2026-09-30 (extra/ecb.xml, fetched 2026-09-30T20:12:47Z)",0.3322
"Power Magnetics Ltd (powermagneticsstore.co.uk, UK; Micrometals authorized distributor)",distributor web shop product page (Magento tier prices),Micrometals,T30-26,T30-26,Mix 26,powder: iron (Micrometals mix),T,T30-26,per piece (toroid),"product page title ""T 30-26 Micrometals Iron Powder Toroid""",GBP,1,0.34,1,0,1,in,T 30-26 Micrometals Iron Powder Toroid,https://powermagneticsstore.co.uk/shop/t-30-26-micrometals-iron-powder-toroid.html,,2026-09-30T22:16:46Z,110.0,Micrometals datasheet,0.77,"Micrometals datasheet ""Mass (approximate)"" (part T30-26)",https://datasheets.micrometals.com/T30-26-DataSheet.pdf @ 2026-09-30T20:22:25Z,iron,MAS core reference T30-26,1.328645,"ECB euro reference rates 2026-09-30 (extra/ecb.xml, fetched 2026-09-30T20:12:47Z)",0.4517
"Power Magnetics Ltd (powermagneticsstore.co.uk, UK; Micrometals authorized distributor)",distributor web shop product page (Magento tier prices),Micrometals,T30-26,T30-26,Mix 26,powder: iron (Micrometals mix),T,T30-26,per piece (toroid),"product page title ""T 30-26 Micrometals Iron Powder Toroid""",GBP,10,0.26,0,0,1,in,T 30-26 Micrometals Iron Powder Toroid,https://powermagneticsstore.co.uk/shop/t-30-26-micrometals-iron-powder-toroid.html,,2026-09-30T22:16:46Z,110.0,Micrometals datasheet,0.77,"Micrometals datasheet ""Mass (approximate)"" (part T30-26)",https://datasheets.micrometals.com/T30-26-DataSheet.pdf @ 2026-09-30T20:22:25Z,iron,MAS core reference T30-26,1.328645,"ECB euro reference rates 2026-09-30 (extra/ecb.xml, fetched 2026-09-30T20:12:47Z)",0.3454
"Power Magnetics Ltd (powermagneticsstore.co.uk, UK; Micrometals authorized distributor)",distributor web shop product page (Magento tier prices),Micrometals,T30-26,T30-26,Mix 26,powder: iron (Micrometals mix),T,T30-26,per piece (toroid),"product page title ""T 30-26 Micrometals Iron Powder Toroid""",GBP,50,0.21,0,1,1,in,T 30-26 Micrometals Iron Powder Toroid,https://powermagneticsstore.co.uk/shop/t-30-26-micrometals-iron-powder-toroid.html,,2026-09-30T22:16:46Z,110.0,Micrometals datasheet,0.77,"Micrometals datasheet ""Mass (approximate)"" (part T30-26)",https://datasheets.micrometals.com/T30-26-DataSheet.pdf @ 2026-09-30T20:22:25Z,iron,MAS core reference T30-26,1.328645,"ECB euro reference rates 2026-09-30 (extra/ecb.xml, fetched 2026-09-30T20:12:47Z)",0.279
"Power Magnetics Ltd (powermagneticsstore.co.uk, UK; Micrometals authorized distributor)",distributor web shop product page (Magento tier prices),Micrometals,T30-40,T30-40,Mix 40,powder: iron (Micrometals mix),T,T30-40,per piece (toroid),"product page title ""T 30-40 Micrometals Iron Powder Toroid""",GBP,1,0.34,1,0,1,in,T 30-40 Micrometals Iron Powder Toroid,https://powermagneticsstore.co.uk/shop/t-30-40-micrometals-iron-powder-toroid.html,,2026-09-30T22:16:49Z,110.0,Micrometals datasheet,0.76,"Micrometals datasheet ""Mass (approximate)"" (part T30-40)",https://datasheets.micrometals.com/T30-40-DataSheet.pdf @ 2026-09-30T20:22:31Z,iron,MAS core reference T30-40,1.328645,"ECB euro reference rates 2026-09-30 (extra/ecb.xml, fetched 2026-09-30T20:12:47Z)",0.4517
"Power Magnetics Ltd (powermagneticsstore.co.uk, UK; Micrometals authorized distributor)",distributor web shop product page (Magento tier prices),Micrometals,T30-40,T30-40,Mix 40,powder: iron (Micrometals mix),T,T30-40,per piece (toroid),"product page title ""T 30-40 Micrometals Iron Powder Toroid""",GBP,10,0.27,0,0,1,in,T 30-40 Micrometals Iron Powder Toroid,https://powermagneticsstore.co.uk/shop/t-30-40-micrometals-iron-powder-toroid.html,,2026-09-30T22:16:49Z,110.0,Micrometals datasheet,0.76,"Micrometals datasheet ""Mass (approximate)"" (part T30-40)",https://datasheets.micrometals.com/T30-40-DataSheet.pdf @ 2026-09-30T20:22:31Z,iron,MAS core reference T30-40,1.328645,"ECB euro reference rates 2026-09-30 (extra/ecb.xml, fetched 2026-09-30T20:12:47Z)",0.3587
"Power Magnetics Ltd (powermagneticsstore.co.uk, UK; Micrometals authorized distributor)",distributor web shop product page (Magento tier prices),Micrometals,T30-40,T30-40,Mix 40,powder: iron (Micrometals mix),T,T30-40,per piece (toroid),"product page title ""T 30-40 Micrometals Iron Powder Toroid""",GBP,50,0.22,0,1,1,in,T 30-40 Micrometals Iron Powder Toroid,https://powermagneticsstore.co.uk/shop/t-30-40-micrometals-iron-powder-toroid.html,,2026-09-30T22:16:49Z,110.0,Micrometals datasheet,0.76,"Micrometals datasheet ""Mass (approximate)"" (part T30-40)",https://datasheets.micrometals.com/T30-40-DataSheet.pdf @ 2026-09-30T20:22:31Z,iron,MAS core reference T30-40,1.328645,"ECB euro reference rates 2026-09-30 (extra/ecb.xml, fetched 2026-09-30T20:12:47Z)",0.2923
"Power Magnetics Ltd (powermagneticsstore.co.uk, UK; Micrometals authorized distributor)",distributor web shop product page (Magento tier prices),Micrometals,T30-52,T30-52,Mix 52,powder: iron (Micrometals mix),T,T30-52,per piece (toroid),"product page title ""T 30-52 Micrometals Iron Powder Toroid""",GBP,1,0.34,1,0,1,out,T 30-52 Micrometals Iron Powder Toroid,https://powermagneticsstore.co.uk/shop/t-30-52-micrometals-iron-powder-toroid.html,,2026-09-30T22:16:51Z,110.0,Micrometals datasheet,0.77,"Micrometals datasheet ""Mass (approximate)"" (part T30-52)",https://datasheets.micrometals.com/T30-52-DataSheet.pdf @ 2026-09-30T20:22:34Z,iron,MAS core reference T30-52,1.328645,"ECB euro reference rates 2026-09-30 (extra/ecb.xml, fetched 2026-09-30T20:12:47Z)",0.4517
"Power Magnetics Ltd (powermagneticsstore.co.uk, UK; Micrometals authorized distributor)",distributor web shop product page (Magento tier prices),Micrometals,T30-52,T30-52,Mix 52,powder: iron (Micrometals mix),T,T30-52,per piece (toroid),"product page title ""T 30-52 Micrometals Iron Powder Toroid""",GBP,10,0.26,0,0,1,out,T 30-52 Micrometals Iron Powder Toroid,https://powermagneticsstore.co.uk/shop/t-30-52-micrometals-iron-powder-toroid.html,,2026-09-30T22:16:51Z,110.0,Micrometals datasheet,0.77,"Micrometals datasheet ""Mass (approximate)"" (part T30-52)",https://datasheets.micrometals.com/T30-52-DataSheet.pdf @ 2026-09-30T20:22:34Z,iron,MAS core reference T30-52,1.328645,"ECB euro reference rates 2026-09-30 (extra/ecb.xml, fetched 2026-09-30T20:12:47Z)",0.3454
"Power Magnetics Ltd (powermagneticsstore.co.uk, UK; Micrometals authorized distributor)",distributor web shop product page (Magento tier prices),Micrometals,T30-52,T30-52,Mix 52,powder: iron (Micrometals mix),T,T30-52,per piece (toroid),"product page title ""T 30-52 Micrometals Iron Powder Toroid""",GBP,50,0.21,0,1,1,out,T 30-52 Micrometals Iron Powder Toroid,https://powermagneticsstore.co.uk/shop/t-30-52-micrometals-iron-powder-toroid.html,,2026-09-30T22:16:51Z,110.0,Micrometals datasheet,0.77,"Micrometals datasheet ""Mass (approximate)"" (part T30-52)",https://datasheets.micrometals.com/T30-52-DataSheet.pdf @ 2026-09-30T20:22:34Z,iron,MAS core reference T30-52,1.328645,"ECB euro reference rates 2026-09-30 (extra/ecb.xml, fetched 2026-09-30T20:12:47Z)",0.279
"Power Magnetics Ltd (powermagneticsstore.co.uk, UK; Micrometals authorized distributor)",distributor web shop product page (Magento tier prices),Micrometals,T300-26,T300-26,Mix 26,powder: iron (Micrometals mix),T,T300-26,per piece (toroid),"product page title ""T300-26 Micrometals Iron Powder Toroid""",GBP,1,5.53,1,0,1,in,T300-26 Micrometals Iron Powder Toroid,https://powermagneticsstore.co.uk/shop/t300-26-micrometals-iron-powder-toroid.html,,2026-09-30T22:16:54Z,33400.0,Micrometals datasheet,230.0,"Micrometals datasheet ""Mass (approximate)"" (part T300-26)",https://datasheets.micrometals.com/T300-26-DataSheet.pdf @ 2026-09-30T20:22:48Z,iron,MAS core reference T300-26,1.328645,"ECB euro reference rates 2026-09-30 (extra/ecb.xml, fetched 2026-09-30T20:12:47Z)",7.3474
"Power Magnetics Ltd (powermagneticsstore.co.uk, UK; Micrometals authorized distributor)",distributor web shop product page (Magento tier prices),Micrometals,T300-26,T300-26,Mix 26,powder: iron (Micrometals mix),T,T300-26,per piece (toroid),"product page title ""T300-26 Micrometals Iron Powder Toroid""",GBP,10,3.92,0,0,1,in,T300-26 Micrometals Iron Powder Toroid,https://powermagneticsstore.co.uk/shop/t300-26-micrometals-iron-powder-toroid.html,,2026-09-30T22:16:54Z,33400.0,Micrometals datasheet,230.0,"Micrometals datasheet ""Mass (approximate)"" (part T300-26)",https://datasheets.micrometals.com/T300-26-DataSheet.pdf @ 2026-09-30T20:22:48Z,iron,MAS core reference T300-26,1.328645,"ECB euro reference rates 2026-09-30 (extra/ecb.xml, fetched 2026-09-30T20:12:47Z)",5.2083
"Power Magnetics Ltd (powermagneticsstore.co.uk, UK; Micrometals authorized distributor)",distributor web shop product page (Magento tier prices),Micrometals,T300-26,T300-26,Mix 26,powder: iron (Micrometals mix),T,T300-26,per piece (toroid),"product page title ""T300-26 Micrometals Iron Powder Toroid""",GBP,50,3.36,0,1,1,in,T300-26 Micrometals Iron Powder Toroid,https://powermagneticsstore.co.uk/shop/t300-26-micrometals-iron-powder-toroid.html,,2026-09-30T22:16:54Z,33400.0,Micrometals datasheet,230.0,"Micrometals datasheet ""Mass (approximate)"" (part T300-26)",https://datasheets.micrometals.com/T300-26-DataSheet.pdf @ 2026-09-30T20:22:48Z,iron,MAS core reference T300-26,1.328645,"ECB euro reference rates 2026-09-30 (extra/ecb.xml, fetched 2026-09-30T20:12:47Z)",4.4642
"Power Magnetics Ltd (powermagneticsstore.co.uk, UK; Micrometals authorized distributor)",distributor web shop product page (Magento tier prices),Micrometals,T300-26D,T300-26D,Mix 26,powder: iron (Micrometals mix),T,T300-26D,per piece (toroid),"product page title ""T300-26D Micrometals Iron Powder Toroid""",GBP,1,9.56,1,0,1,out,T300-26D Micrometals Iron Powder Toroid,https://powermagneticsstore.co.uk/shop/t300-26d-micrometals-iron-powder-toroid.html,,2026-09-30T22:16:57Z,67000.0,Micrometals datasheet,470.0,"Micrometals datasheet ""Mass (approximate)"" (part T300-26D)",https://datasheets.micrometals.com/T300-26D-DataSheet.pdf @ 2026-09-30T22:31:39Z,iron,MAS core reference T300-26D,1.328645,"ECB euro reference rates 2026-09-30 (extra/ecb.xml, fetched 2026-09-30T20:12:47Z)",12.7018
"Power Magnetics Ltd (powermagneticsstore.co.uk, UK; Micrometals authorized distributor)",distributor web shop product page (Magento tier prices),Micrometals,T300-26D,T300-26D,Mix 26,powder: iron (Micrometals mix),T,T300-26D,per piece (toroid),"product page title ""T300-26D Micrometals Iron Powder Toroid""",GBP,10,6.77,0,0,1,out,T300-26D Micrometals Iron Powder Toroid,https://powermagneticsstore.co.uk/shop/t300-26d-micrometals-iron-powder-toroid.html,,2026-09-30T22:16:57Z,67000.0,Micrometals datasheet,470.0,"Micrometals datasheet ""Mass (approximate)"" (part T300-26D)",https://datasheets.micrometals.com/T300-26D-DataSheet.pdf @ 2026-09-30T22:31:39Z,iron,MAS core reference T300-26D,1.328645,"ECB euro reference rates 2026-09-30 (extra/ecb.xml, fetched 2026-09-30T20:12:47Z)",8.9949
"Power Magnetics Ltd (powermagneticsstore.co.uk, UK; Micrometals authorized distributor)",distributor web shop product page (Magento tier prices),Micrometals,T300-26D,T300-26D,Mix 26,powder: iron (Micrometals mix),T,T300-26D,per piece (toroid),"product page title ""T300-26D Micrometals Iron Powder Toroid""",GBP,50,5.8,0,1,1,out,T300-26D Micrometals Iron Powder Toroid,https://powermagneticsstore.co.uk/shop/t300-26d-micrometals-iron-powder-toroid.html,,2026-09-30T22:16:57Z,67000.0,Micrometals datasheet,470.0,"Micrometals datasheet ""Mass (approximate)"" (part T300-26D)",https://datasheets.micrometals.com/T300-26D-DataSheet.pdf @ 2026-09-30T22:31:39Z,iron,MAS core reference T300-26D,1.328645,"ECB euro reference rates 2026-09-30 (extra/ecb.xml, fetched 2026-09-30T20:12:47Z)",7.7061
"Power Magnetics Ltd (powermagneticsstore.co.uk, UK; Micrometals authorized distributor)",distributor web shop product page (Magento tier prices),Micrometals,T300-34,T300-34,Mix 34,powder: iron (Micrometals mix),T,T300-34,per piece (toroid),"product page title ""T300-34 Micrometals Iron Powder Toroid""",GBP,1,6.72,1,0,1,in,T300-34 Micrometals Iron Powder Toroid,https://powermagneticsstore.co.uk/shop/t300-34-micrometals-iron-powder-toroid.html,,2026-09-30T22:16:59Z,33400.0,Micrometals datasheet,210.0,"Micrometals datasheet ""Mass (approximate)"" (part T300-34)",https://datasheets.micrometals.com/T300-34-DataSheet.pdf @ 2026-09-30T22:31:45Z,iron,MAS core reference T300-34,1.328645,"ECB euro reference rates 2026-09-30 (extra/ecb.xml, fetched 2026-09-30T20:12:47Z)",8.9285
"Power Magnetics Ltd (powermagneticsstore.co.uk, UK; Micrometals authorized distributor)",distributor web shop product page (Magento tier prices),Micrometals,T300-34,T300-34,Mix 34,powder: iron (Micrometals mix),T,T300-34,per piece (toroid),"product page title ""T300-34 Micrometals Iron Powder Toroid""",GBP,10,4.76,0,0,1,in,T300-34 Micrometals Iron Powder Toroid,https://powermagneticsstore.co.uk/shop/t300-34-micrometals-iron-powder-toroid.html,,2026-09-30T22:16:59Z,33400.0,Micrometals datasheet,210.0,"Micrometals datasheet ""Mass (approximate)"" (part T300-34)",https://datasheets.micrometals.com/T300-34-DataSheet.pdf @ 2026-09-30T22:31:45Z,iron,MAS core reference T300-34,1.328645,"ECB euro reference rates 2026-09-30 (extra/ecb.xml, fetched 2026-09-30T20:12:47Z)",6.3244
"Power Magnetics Ltd (powermagneticsstore.co.uk, UK; Micrometals authorized distributor)",distributor web shop product page (Magento tier prices),Micrometals,T300-34,T300-34,Mix 34,powder: iron (Micrometals mix),T,T300-34,per piece (toroid),"product page title ""T300-34 Micrometals Iron Powder Toroid""",GBP,50,4.08,0,1,1,in,T300-34 Micrometals Iron Powder Toroid,https://powermagneticsstore.co.uk/shop/t300-34-micrometals-iron-powder-toroid.html,,2026-09-30T22:16:59Z,33400.0,Micrometals datasheet,210.0,"Micrometals datasheet ""Mass (approximate)"" (part T300-34)",https://datasheets.micrometals.com/T300-34-DataSheet.pdf @ 2026-09-30T22:31:45Z,iron,MAS core reference T300-34,1.328645,"ECB euro reference rates 2026-09-30 (extra/ecb.xml, fetched 2026-09-30T20:12:47Z)",5.4209
"Power Magnetics Ltd (powermagneticsstore.co.uk, UK; Micrometals authorized distributor)",distributor web shop product page (Magento tier prices),Micrometals,T300-35D,T300-35D,Mix 35,powder: iron (Micrometals mix),T,T300-35D,per piece (toroid),"product page title ""T300-35D Micrometals Iron Powder Toroid""",GBP,1,10.29,1,0,1,in,T300-35D Micrometals Iron Powder Toroid,https://powermagneticsstore.co.uk/shop/t300-35d-micrometals-iron-powder-toroid.html,,2026-09-30T22:17:02Z,67000.0,Micrometals datasheet,420.0,"Micrometals datasheet ""Mass (approximate)"" (part T300-35D)",https://datasheets.micrometals.com/T300-35D-DataSheet.pdf @ 2026-09-30T22:31:50Z,iron,MAS core reference T300-35D,1.328645,"ECB euro reference rates 2026-09-30 (extra/ecb.xml, fetched 2026-09-30T20:12:47Z)",13.6718
"Power Magnetics Ltd (powermagneticsstore.co.uk, UK; Micrometals authorized distributor)",distributor web shop product page (Magento tier prices),Micrometals,T300-35D,T300-35D,Mix 35,powder: iron (Micrometals mix),T,T300-35D,per piece (toroid),"product page title ""T300-35D Micrometals Iron Powder Toroid""",GBP,10,7.29,0,0,1,in,T300-35D Micrometals Iron Powder Toroid,https://powermagneticsstore.co.uk/shop/t300-35d-micrometals-iron-powder-toroid.html,,2026-09-30T22:17:02Z,67000.0,Micrometals datasheet,420.0,"Micrometals datasheet ""Mass (approximate)"" (part T300-35D)",https://datasheets.micrometals.com/T300-35D-DataSheet.pdf @ 2026-09-30T22:31:50Z,iron,MAS core reference T300-35D,1.328645,"ECB euro reference rates 2026-09-30 (extra/ecb.xml, fetched 2026-09-30T20:12:47Z)",9.6858
"Power Magnetics Ltd (powermagneticsstore.co.uk, UK; Micrometals authorized distributor)",distributor web shop product page (Magento tier prices),Micrometals,T300-35D,T300-35D,Mix 35,powder: iron (Micrometals mix),T,T300-35D,per piece (toroid),"product page title ""T300-35D Micrometals Iron Powder Toroid""",GBP,50,6.25,0,1,1,in,T300-35D Micrometals Iron Powder Toroid,https://powermagneticsstore.co.uk/shop/t300-35d-micrometals-iron-powder-toroid.html,,2026-09-30T22:17:02Z,67000.0,Micrometals datasheet,420.0,"Micrometals datasheet ""Mass (approximate)"" (part T300-35D)",https://datasheets.micrometals.com/T300-35D-DataSheet.pdf @ 2026-09-30T22:31:50Z,iron,MAS core reference T300-35D,1.328645,"ECB euro reference rates 2026-09-30 (extra/ecb.xml, fetched 2026-09-30T20:12:47Z)",8.304
"Power Magnetics Ltd (powermagneticsstore.co.uk, UK; Micrometals authorized distributor)",distributor web shop product page (Magento tier prices),Micrometals,T300-40D,T300-40D,Mix 40,powder: iron (Micrometals mix),T,T300-40D,per piece (toroid),"product page title ""T300-40D Micrometals Iron Powder Toroid""",GBP,1,9.65,1,0,1,in,T300-40D Micrometals Iron Powder Toroid,https://powermagneticsstore.co.uk/shop/t300-40d-micrometals-iron-powder-toroid.html,,2026-09-30T22:17:05Z,67000.0,Micrometals datasheet,460.0,"Micrometals datasheet ""Mass (approximate)"" (part T300-40D)",https://datasheets.micrometals.com/T300-40D-DataSheet.pdf @ 2026-09-30T22:31:53Z,iron,MAS core reference T300-40D,1.328645,"ECB euro reference rates 2026-09-30 (extra/ecb.xml, fetched 2026-09-30T20:12:47Z)",12.8214
"Power Magnetics Ltd (powermagneticsstore.co.uk, UK; Micrometals authorized distributor)",distributor web shop product page (Magento tier prices),Micrometals,T300-40D,T300-40D,Mix 40,powder: iron (Micrometals mix),T,T300-40D,per piece (toroid),"product page title ""T300-40D Micrometals Iron Powder Toroid""",GBP,10,6.84,0,0,1,in,T300-40D Micrometals Iron Powder Toroid,https://powermagneticsstore.co.uk/shop/t300-40d-micrometals-iron-powder-toroid.html,,2026-09-30T22:17:05Z,67000.0,Micrometals datasheet,460.0,"Micrometals datasheet ""Mass (approximate)"" (part T300-40D)",https://datasheets.micrometals.com/T300-40D-DataSheet.pdf @ 2026-09-30T22:31:53Z,iron,MAS core reference T300-40D,1.328645,"ECB euro reference rates 2026-09-30 (extra/ecb.xml, fetched 2026-09-30T20:12:47Z)",9.0879
"Power Magnetics Ltd (powermagneticsstore.co.uk, UK; Micrometals authorized distributor)",distributor web shop product page (Magento tier prices),Micrometals,T300-40D,T300-40D,Mix 40,powder: iron (Micrometals mix),T,T300-40D,per piece (toroid),"product page title ""T300-40D Micrometals Iron Powder Toroid""",GBP,50,5.86,0,1,1,in,T300-40D Micrometals Iron Powder Toroid,https://powermagneticsstore.co.uk/shop/t300-40d-micrometals-iron-powder-toroid.html,,2026-09-30T22:17:05Z,67000.0,Micrometals datasheet,460.0,"Micrometals datasheet ""Mass (approximate)"" (part T300-40D)",https://datasheets.micrometals.com/T300-40D-DataSheet.pdf @ 2026-09-30T22:31:53Z,iron,MAS core reference T300-40D,1.328645,"ECB euro reference rates 2026-09-30 (extra/ecb.xml, fetched 2026-09-30T20:12:47Z)",7.7859
"Power Magnetics Ltd (powermagneticsstore.co.uk, UK; Micrometals authorized distributor)",distributor web shop product page (Magento tier prices),Micrometals,T300-60D,T300-60D,Mix 60,powder: iron (Micrometals mix),T,T300-60D,per piece (toroid),"product page title ""T300-60D Micrometals Iron Powder Toroid""",GBP,1,19.58,1,0,1,in,T300-60D Micrometals Iron Powder Toroid,https://powermagneticsstore.co.uk/shop/t300-60d-micrometals-iron-powder-toroid.html,,2026-09-30T22:17:08Z,67000.0,Micrometals datasheet,410.0,"Micrometals datasheet ""Mass (approximate)"" (part T300-60D)",https://datasheets.micrometals.com/T300-60D-DataSheet.pdf @ 2026-09-30T22:31:59Z,iron,MAS core reference T300-60D,1.328645,"ECB euro reference rates 2026-09-30 (extra/ecb.xml, fetched 2026-09-30T20:12:47Z)",26.0149
"Power Magnetics Ltd (powermagneticsstore.co.uk, UK; Micrometals authorized distributor)",distributor web shop product page (Magento tier prices),Micrometals,T300-60D,T300-60D,Mix 60,powder: iron (Micrometals mix),T,T300-60D,per piece (toroid),"product page title ""T300-60D Micrometals Iron Powder Toroid""",GBP,10,13.87,0,0,1,in,T300-60D Micrometals Iron Powder Toroid,https://powermagneticsstore.co.uk/shop/t300-60d-micrometals-iron-powder-toroid.html,,2026-09-30T22:17:08Z,67000.0,Micrometals datasheet,410.0,"Micrometals datasheet ""Mass (approximate)"" (part T300-60D)",https://datasheets.micrometals.com/T300-60D-DataSheet.pdf @ 2026-09-30T22:31:59Z,iron,MAS core reference T300-60D,1.328645,"ECB euro reference rates 2026-09-30 (extra/ecb.xml, fetched 2026-09-30T20:12:47Z)",18.4283
"Power Magnetics Ltd (powermagneticsstore.co.uk, UK; Micrometals authorized distributor)",distributor web shop product page (Magento tier prices),Micrometals,T300-60D,T300-60D,Mix 60,powder: iron (Micrometals mix),T,T300-60D,per piece (toroid),"product page title ""T300-60D Micrometals Iron Powder Toroid""",GBP,50,11.89,0,1,1,in,T300-60D Micrometals Iron Powder Toroid,https://powermagneticsstore.co.uk/shop/t300-60d-micrometals-iron-powder-toroid.html,,2026-09-30T22:17:08Z,67000.0,Micrometals datasheet,410.0,"Micrometals datasheet ""Mass (approximate)"" (part T300-60D)",https://datasheets.micrometals.com/T300-60D-DataSheet.pdf @ 2026-09-30T22:31:59Z,iron,MAS core reference T300-60D,1.328645,"ECB euro reference rates 2026-09-30 (extra/ecb.xml, fetched 2026-09-30T20:12:47Z)",15.7976
"Power Magnetics Ltd (powermagneticsstore.co.uk, UK; Micrometals authorized distributor)",distributor web shop product page (Magento tier prices),Micrometals,T37-26,T37-26,Mix 26,powder: iron (Micrometals mix),T,T37-26,per piece (toroid),"product page title ""T 37-26 Micrometals Iron Powder Toroid""",GBP,1,0.32,1,0,1,in,T 37-26 Micrometals Iron Powder Toroid,https://powermagneticsstore.co.uk/shop/t-37-26-micrometals-iron-powder-toroid.html,,2026-09-30T22:17:10Z,147.0,Micrometals datasheet,1.0,"Micrometals datasheet ""Mass (approximate)"" (part T37-26)",https://datasheets.micrometals.com/T37-26-DataSheet.pdf @ 2026-09-30T22:32:06Z,iron,MAS core reference T37-26,1.328645,"ECB euro reference rates 2026-09-30 (extra/ecb.xml, fetched 2026-09-30T20:12:47Z)",0.4252
"Power Magnetics Ltd (powermagneticsstore.co.uk, UK; Micrometals authorized distributor)",distributor web shop product page (Magento tier prices),Micrometals,T37-26,T37-26,Mix 26,powder: iron (Micrometals mix),T,T37-26,per piece (toroid),"product page title ""T 37-26 Micrometals Iron Powder Toroid""",GBP,10,0.23,0,0,1,in,T 37-26 Micrometals Iron Powder Toroid,https://powermagneticsstore.co.uk/shop/t-37-26-micrometals-iron-powder-toroid.html,,2026-09-30T22:17:10Z,147.0,Micrometals datasheet,1.0,"Micrometals datasheet ""Mass (approximate)"" (part T37-26)",https://datasheets.micrometals.com/T37-26-DataSheet.pdf @ 2026-09-30T22:32:06Z,iron,MAS core reference T37-26,1.328645,"ECB euro reference rates 2026-09-30 (extra/ecb.xml, fetched 2026-09-30T20:12:47Z)",0.3056
"Power Magnetics Ltd (powermagneticsstore.co.uk, UK; Micrometals authorized distributor)",distributor web shop product page (Magento tier prices),Micrometals,T37-26,T37-26,Mix 26,powder: iron (Micrometals mix),T,T37-26,per piece (toroid),"product page title ""T 37-26 Micrometals Iron Powder Toroid""",GBP,50,0.17,0,1,1,in,T 37-26 Micrometals Iron Powder Toroid,https://powermagneticsstore.co.uk/shop/t-37-26-micrometals-iron-powder-toroid.html,,2026-09-30T22:17:10Z,147.0,Micrometals datasheet,1.0,"Micrometals datasheet ""Mass (approximate)"" (part T37-26)",https://datasheets.micrometals.com/T37-26-DataSheet.pdf @ 2026-09-30T22:32:06Z,iron,MAS core reference T37-26,1.328645,"ECB euro reference rates 2026-09-30 (extra/ecb.xml, fetched 2026-09-30T20:12:47Z)",0.2259
"Power Magnetics Ltd (powermagneticsstore.co.uk, UK; Micrometals authorized distributor)",distributor web shop product page (Magento tier prices),Micrometals,T37-52,T37-52,Mix 52,powder: iron (Micrometals mix),T,T37-52,per piece (toroid),"product page title ""T 37-52 Micrometals Iron Powder Toroid""",GBP,1,0.33,1,0,1,out,T 37-52 Micrometals Iron Powder Toroid,https://powermagneticsstore.co.uk/shop/t-37-52-micrometals-iron-powder-toroid.html,,2026-09-30T22:17:13Z,147.0,Micrometals datasheet,1.0,"Micrometals datasheet ""Mass (approximate)"" (part T37-52)",https://datasheets.micrometals.com/T37-52-DataSheet.pdf @ 2026-09-30T20:23:19Z,iron,MAS core reference T37-52,1.328645,"ECB euro reference rates 2026-09-30 (extra/ecb.xml, fetched 2026-09-30T20:12:47Z)",0.4385
"Power Magnetics Ltd (powermagneticsstore.co.uk, UK; Micrometals authorized distributor)",distributor web shop product page (Magento tier prices),Micrometals,T37-52,T37-52,Mix 52,powder: iron (Micrometals mix),T,T37-52,per piece (toroid),"product page title ""T 37-52 Micrometals Iron Powder Toroid""",GBP,10,0.24,0,0,1,out,T 37-52 Micrometals Iron Powder Toroid,https://powermagneticsstore.co.uk/shop/t-37-52-micrometals-iron-powder-toroid.html,,2026-09-30T22:17:13Z,147.0,Micrometals datasheet,1.0,"Micrometals datasheet ""Mass (approximate)"" (part T37-52)",https://datasheets.micrometals.com/T37-52-DataSheet.pdf @ 2026-09-30T20:23:19Z,iron,MAS core reference T37-52,1.328645,"ECB euro reference rates 2026-09-30 (extra/ecb.xml, fetched 2026-09-30T20:12:47Z)",0.3189
"Power Magnetics Ltd (powermagneticsstore.co.uk, UK; Micrometals authorized distributor)",distributor web shop product page (Magento tier prices),Micrometals,T37-52,T37-52,Mix 52,powder: iron (Micrometals mix),T,T37-52,per piece (toroid),"product page title ""T 37-52 Micrometals Iron Powder Toroid""",GBP,50,0.18,0,1,1,out,T 37-52 Micrometals Iron Powder Toroid,https://powermagneticsstore.co.uk/shop/t-37-52-micrometals-iron-powder-toroid.html,,2026-09-30T22:17:13Z,147.0,Micrometals datasheet,1.0,"Micrometals datasheet ""Mass (approximate)"" (part T37-52)",https://datasheets.micrometals.com/T37-52-DataSheet.pdf @ 2026-09-30T20:23:19Z,iron,MAS core reference T37-52,1.328645,"ECB euro reference rates 2026-09-30 (extra/ecb.xml, fetched 2026-09-30T20:12:47Z)",0.2392
"Power Magnetics Ltd (powermagneticsstore.co.uk, UK; Micrometals authorized distributor)",distributor web shop product page (Magento tier prices),Micrometals,T38-26,T38-26,Mix 26,powder: iron (Micrometals mix),T,T38-26,per piece (toroid),"product page title ""T 38-26 Micrometals Iron Powder Toroid""",GBP,1,0.36,1,0,1,in,T 38-26 Micrometals Iron Powder Toroid,https://powermagneticsstore.co.uk/shop/t-38-26-micrometals-iron-powder-toroid.html,,2026-09-30T22:17:16Z,248.0,Micrometals datasheet,1.7,"Micrometals datasheet ""Mass (approximate)"" (part T38-26)",https://datasheets.micrometals.com/T38-26-DataSheet.pdf @ 2026-09-30T20:23:29Z,iron,MAS core reference T38-26,1.328645,"ECB euro reference rates 2026-09-30 (extra/ecb.xml, fetched 2026-09-30T20:12:47Z)",0.4783
"Power Magnetics Ltd (powermagneticsstore.co.uk, UK; Micrometals authorized distributor)",distributor web shop product page (Magento tier prices),Micrometals,T38-26,T38-26,Mix 26,powder: iron (Micrometals mix),T,T38-26,per piece (toroid),"product page title ""T 38-26 Micrometals Iron Powder Toroid""",GBP,10,0.26,0,0,1,in,T 38-26 Micrometals Iron Powder Toroid,https://powermagneticsstore.co.uk/shop/t-38-26-micrometals-iron-powder-toroid.html,,2026-09-30T22:17:16Z,248.0,Micrometals datasheet,1.7,"Micrometals datasheet ""Mass (approximate)"" (part T38-26)",https://datasheets.micrometals.com/T38-26-DataSheet.pdf @ 2026-09-30T20:23:29Z,iron,MAS core reference T38-26,1.328645,"ECB euro reference rates 2026-09-30 (extra/ecb.xml, fetched 2026-09-30T20:12:47Z)",0.3454
"Power Magnetics Ltd (powermagneticsstore.co.uk, UK; Micrometals authorized distributor)",distributor web shop product page (Magento tier prices),Micrometals,T38-26,T38-26,Mix 26,powder: iron (Micrometals mix),T,T38-26,per piece (toroid),"product page title ""T 38-26 Micrometals Iron Powder Toroid""",GBP,50,0.19,0,1,1,in,T 38-26 Micrometals Iron Powder Toroid,https://powermagneticsstore.co.uk/shop/t-38-26-micrometals-iron-powder-toroid.html,,2026-09-30T22:17:16Z,248.0,Micrometals datasheet,1.7,"Micrometals datasheet ""Mass (approximate)"" (part T38-26)",https://datasheets.micrometals.com/T38-26-DataSheet.pdf @ 2026-09-30T20:23:29Z,iron,MAS core reference T38-26,1.328645,"ECB euro reference rates 2026-09-30 (extra/ecb.xml, fetched 2026-09-30T20:12:47Z)",0.2524
"Power Magnetics Ltd (powermagneticsstore.co.uk, UK; Micrometals authorized distributor)",distributor web shop product page (Magento tier prices),Micrometals,T38-40,T38-40,Mix 40,powder: iron (Micrometals mix),T,T38-40,per piece (toroid),"product page title ""T 38-40 Micrometals Iron Powder Toroid""",GBP,1,0.37,1,0,1,in,T 38-40 Micrometals Iron Powder Toroid,https://powermagneticsstore.co.uk/shop/t-38-40-micrometals-iron-powder-toroid.html,,2026-09-30T22:17:17Z,248.0,Micrometals datasheet,1.7,"Micrometals datasheet ""Mass (approximate)"" (part T38-40)",https://datasheets.micrometals.com/T38-40-DataSheet.pdf @ 2026-09-30T22:32:09Z,iron,MAS core reference T38-40,1.328645,"ECB euro reference rates 2026-09-30 (extra/ecb.xml, fetched 2026-09-30T20:12:47Z)",0.4916
"Power Magnetics Ltd (powermagneticsstore.co.uk, UK; Micrometals authorized distributor)",distributor web shop product page (Magento tier prices),Micrometals,T38-40,T38-40,Mix 40,powder: iron (Micrometals mix),T,T38-40,per piece (toroid),"product page title ""T 38-40 Micrometals Iron Powder Toroid""",GBP,10,0.29,0,0,1,in,T 38-40 Micrometals Iron Powder Toroid,https://powermagneticsstore.co.uk/shop/t-38-40-micrometals-iron-powder-toroid.html,,2026-09-30T22:17:17Z,248.0,Micrometals datasheet,1.7,"Micrometals datasheet ""Mass (approximate)"" (part T38-40)",https://datasheets.micrometals.com/T38-40-DataSheet.pdf @ 2026-09-30T22:32:09Z,iron,MAS core reference T38-40,1.328645,"ECB euro reference rates 2026-09-30 (extra/ecb.xml, fetched 2026-09-30T20:12:47Z)",0.3853
"Power Magnetics Ltd (powermagneticsstore.co.uk, UK; Micrometals authorized distributor)",distributor web shop product page (Magento tier prices),Micrometals,T38-40,T38-40,Mix 40,powder: iron (Micrometals mix),T,T38-40,per piece (toroid),"product page title ""T 38-40 Micrometals Iron Powder Toroid""",GBP,50,0.23,0,1,1,in,T 38-40 Micrometals Iron Powder Toroid,https://powermagneticsstore.co.uk/shop/t-38-40-micrometals-iron-powder-toroid.html,,2026-09-30T22:17:17Z,248.0,Micrometals datasheet,1.7,"Micrometals datasheet ""Mass (approximate)"" (part T38-40)",https://datasheets.micrometals.com/T38-40-DataSheet.pdf @ 2026-09-30T22:32:09Z,iron,MAS core reference T38-40,1.328645,"ECB euro reference rates 2026-09-30 (extra/ecb.xml, fetched 2026-09-30T20:12:47Z)",0.3056
"Power Magnetics Ltd (powermagneticsstore.co.uk, UK; Micrometals authorized distributor)",distributor web shop product page (Magento tier prices),Micrometals,T400-26,T400-26,Mix 26,powder: iron (Micrometals mix),T,T400-26,per piece (toroid),"product page title ""T400-26 Micrometals Iron Powder Toroid""",GBP,1,13.28,1,0,1,in,T400-26 Micrometals Iron Powder Toroid,https://powermagneticsstore.co.uk/shop/t400-26-micrometals-iron-powder-toroid.html,,2026-09-30T22:17:20Z,86400.0,Micrometals datasheet,600.0,"Micrometals datasheet ""Mass (approximate)"" (part T400-26)",https://datasheets.micrometals.com/T400-26-DataSheet.pdf @ 2026-09-30T20:23:37Z,iron,MAS core reference T400-26,1.328645,"ECB euro reference rates 2026-09-30 (extra/ecb.xml, fetched 2026-09-30T20:12:47Z)",17.6444
"Power Magnetics Ltd (powermagneticsstore.co.uk, UK; Micrometals authorized distributor)",distributor web shop product page (Magento tier prices),Micrometals,T400-26,T400-26,Mix 26,powder: iron (Micrometals mix),T,T400-26,per piece (toroid),"product page title ""T400-26 Micrometals Iron Powder Toroid""",GBP,10,9.41,0,0,1,in,T400-26 Micrometals Iron Powder Toroid,https://powermagneticsstore.co.uk/shop/t400-26-micrometals-iron-powder-toroid.html,,2026-09-30T22:17:20Z,86400.0,Micrometals datasheet,600.0,"Micrometals datasheet ""Mass (approximate)"" (part T400-26)",https://datasheets.micrometals.com/T400-26-DataSheet.pdf @ 2026-09-30T20:23:37Z,iron,MAS core reference T400-26,1.328645,"ECB euro reference rates 2026-09-30 (extra/ecb.xml, fetched 2026-09-30T20:12:47Z)",12.5026
"Power Magnetics Ltd (powermagneticsstore.co.uk, UK; Micrometals authorized distributor)",distributor web shop product page (Magento tier prices),Micrometals,T400-26,T400-26,Mix 26,powder: iron (Micrometals mix),T,T400-26,per piece (toroid),"product page title ""T400-26 Micrometals Iron Powder Toroid""",GBP,50,8.07,0,1,1,in,T400-26 Micrometals Iron Powder Toroid,https://powermagneticsstore.co.uk/shop/t400-26-micrometals-iron-powder-toroid.html,,2026-09-30T22:17:20Z,86400.0,Micrometals datasheet,600.0,"Micrometals datasheet ""Mass (approximate)"" (part T400-26)",https://datasheets.micrometals.com/T400-26-DataSheet.pdf @ 2026-09-30T20:23:37Z,iron,MAS core reference T400-26,1.328645,"ECB euro reference rates 2026-09-30 (extra/ecb.xml, fetched 2026-09-30T20:12:47Z)",10.7222
"Power Magnetics Ltd (powermagneticsstore.co.uk, UK; Micrometals authorized distributor)",distributor web shop product page (Magento tier prices),Micrometals,T400-26B,T400-26B,Mix 26,powder: iron (Micrometals mix),T,T400-26B,per piece (toroid),"product page title ""T400-26B Micrometals Iron Powder Toroid""",GBP,1,18.7,1,0,1,out,T400-26B Micrometals Iron Powder Toroid,https://powermagneticsstore.co.uk/shop/t400-26b-micrometals-iron-powder-toroid.html,,2026-09-30T22:17:23Z,133000.0,Micrometals datasheet,930.0,"Micrometals datasheet ""Mass (approximate)"" (part T400-26B)",https://datasheets.micrometals.com/T400-26B-DataSheet.pdf @ 2026-09-30T22:32:12Z,iron,MAS core reference T400-26B,1.328645,"ECB euro reference rates 2026-09-30 (extra/ecb.xml, fetched 2026-09-30T20:12:47Z)",24.8457
"Power Magnetics Ltd (powermagneticsstore.co.uk, UK; Micrometals authorized distributor)",distributor web shop product page (Magento tier prices),Micrometals,T400-26B,T400-26B,Mix 26,powder: iron (Micrometals mix),T,T400-26B,per piece (toroid),"product page title ""T400-26B Micrometals Iron Powder Toroid""",GBP,10,13.24,0,0,1,out,T400-26B Micrometals Iron Powder Toroid,https://powermagneticsstore.co.uk/shop/t400-26b-micrometals-iron-powder-toroid.html,,2026-09-30T22:17:23Z,133000.0,Micrometals datasheet,930.0,"Micrometals datasheet ""Mass (approximate)"" (part T400-26B)",https://datasheets.micrometals.com/T400-26B-DataSheet.pdf @ 2026-09-30T22:32:12Z,iron,MAS core reference T400-26B,1.328645,"ECB euro reference rates 2026-09-30 (extra/ecb.xml, fetched 2026-09-30T20:12:47Z)",17.5913
"Power Magnetics Ltd (powermagneticsstore.co.uk, UK; Micrometals authorized distributor)",distributor web shop product page (Magento tier prices),Micrometals,T400-26B,T400-26B,Mix 26,powder: iron (Micrometals mix),T,T400-26B,per piece (toroid),"product page title ""T400-26B Micrometals Iron Powder Toroid""",GBP,50,11.35,0,1,1,out,T400-26B Micrometals Iron Powder Toroid,https://powermagneticsstore.co.uk/shop/t400-26b-micrometals-iron-powder-toroid.html,,2026-09-30T22:17:23Z,133000.0,Micrometals datasheet,930.0,"Micrometals datasheet ""Mass (approximate)"" (part T400-26B)",https://datasheets.micrometals.com/T400-26B-DataSheet.pdf @ 2026-09-30T22:32:12Z,iron,MAS core reference T400-26B,1.328645,"ECB euro reference rates 2026-09-30 (extra/ecb.xml, fetched 2026-09-30T20:12:47Z)",15.0801
"Power Magnetics Ltd (powermagneticsstore.co.uk, UK; Micrometals authorized distributor)",distributor web shop product page (Magento tier prices),Micrometals,T400-26D,T400-26D,Mix 26,powder: iron (Micrometals mix),T,T400-26D,per piece (toroid),"product page title ""T400-26D Micrometals Iron Powder Toroid""",GBP,1,22.48,1,0,1,in,T400-26D Micrometals Iron Powder Toroid,https://powermagneticsstore.co.uk/shop/t400-26d-micrometals-iron-powder-toroid.html,,2026-09-30T22:17:26Z,171000.0,Micrometals datasheet,1200.0,"Micrometals datasheet ""Mass (approximate)"" (part T400-26D)",https://datasheets.micrometals.com/T400-26D-DataSheet.pdf @ 2026-09-30T22:32:15Z,iron,MAS core reference T400-26D,1.328645,"ECB euro reference rates 2026-09-30 (extra/ecb.xml, fetched 2026-09-30T20:12:47Z)",29.8679
"Power Magnetics Ltd (powermagneticsstore.co.uk, UK; Micrometals authorized distributor)",distributor web shop product page (Magento tier prices),Micrometals,T400-26D,T400-26D,Mix 26,powder: iron (Micrometals mix),T,T400-26D,per piece (toroid),"product page title ""T400-26D Micrometals Iron Powder Toroid""",GBP,10,15.93,0,0,1,in,T400-26D Micrometals Iron Powder Toroid,https://powermagneticsstore.co.uk/shop/t400-26d-micrometals-iron-powder-toroid.html,,2026-09-30T22:17:26Z,171000.0,Micrometals datasheet,1200.0,"Micrometals datasheet ""Mass (approximate)"" (part T400-26D)",https://datasheets.micrometals.com/T400-26D-DataSheet.pdf @ 2026-09-30T22:32:15Z,iron,MAS core reference T400-26D,1.328645,"ECB euro reference rates 2026-09-30 (extra/ecb.xml, fetched 2026-09-30T20:12:47Z)",21.1653
"Power Magnetics Ltd (powermagneticsstore.co.uk, UK; Micrometals authorized distributor)",distributor web shop product page (Magento tier prices),Micrometals,T400-26D,T400-26D,Mix 26,powder: iron (Micrometals mix),T,T400-26D,per piece (toroid),"product page title ""T400-26D Micrometals Iron Powder Toroid""",GBP,50,13.65,0,1,1,in,T400-26D Micrometals Iron Powder Toroid,https://powermagneticsstore.co.uk/shop/t400-26d-micrometals-iron-powder-toroid.html,,2026-09-30T22:17:26Z,171000.0,Micrometals datasheet,1200.0,"Micrometals datasheet ""Mass (approximate)"" (part T400-26D)",https://datasheets.micrometals.com/T400-26D-DataSheet.pdf @ 2026-09-30T22:32:15Z,iron,MAS core reference T400-26D,1.328645,"ECB euro reference rates 2026-09-30 (extra/ecb.xml, fetched 2026-09-30T20:12:47Z)",18.136
"Power Magnetics Ltd (powermagneticsstore.co.uk, UK; Micrometals authorized distributor)",distributor web shop product page (Magento tier prices),Micrometals,T400-35B,T400-35B,Mix 35,powder: iron (Micrometals mix),T,T400-35B,per piece (toroid),"product page title ""T400-35B Micrometals Iron Powder Toroid""",GBP,1,21.1,1,0,1,in,T400-35B Micrometals Iron Powder Toroid,https://powermagneticsstore.co.uk/shop/t400-35b-micrometals-iron-powder-toroid.html,,2026-09-30T22:17:29Z,133000.0,Micrometals datasheet,840.0,"Micrometals datasheet ""Mass (approximate)"" (part T400-35B)",https://datasheets.micrometals.com/T400-35B-DataSheet.pdf @ 2026-09-30T22:32:18Z,iron,MAS core reference T400-35B,1.328645,"ECB euro reference rates 2026-09-30 (extra/ecb.xml, fetched 2026-09-30T20:12:47Z)",28.0344
"Power Magnetics Ltd (powermagneticsstore.co.uk, UK; Micrometals authorized distributor)",distributor web shop product page (Magento tier prices),Micrometals,T400-35B,T400-35B,Mix 35,powder: iron (Micrometals mix),T,T400-35B,per piece (toroid),"product page title ""T400-35B Micrometals Iron Powder Toroid""",GBP,10,14.95,0,0,1,in,T400-35B Micrometals Iron Powder Toroid,https://powermagneticsstore.co.uk/shop/t400-35b-micrometals-iron-powder-toroid.html,,2026-09-30T22:17:29Z,133000.0,Micrometals datasheet,840.0,"Micrometals datasheet ""Mass (approximate)"" (part T400-35B)",https://datasheets.micrometals.com/T400-35B-DataSheet.pdf @ 2026-09-30T22:32:18Z,iron,MAS core reference T400-35B,1.328645,"ECB euro reference rates 2026-09-30 (extra/ecb.xml, fetched 2026-09-30T20:12:47Z)",19.8632
"Power Magnetics Ltd (powermagneticsstore.co.uk, UK; Micrometals authorized distributor)",distributor web shop product page (Magento tier prices),Micrometals,T400-35B,T400-35B,Mix 35,powder: iron (Micrometals mix),T,T400-35B,per piece (toroid),"product page title ""T400-35B Micrometals Iron Powder Toroid""",GBP,50,12.81,0,1,1,in,T400-35B Micrometals Iron Powder Toroid,https://powermagneticsstore.co.uk/shop/t400-35b-micrometals-iron-powder-toroid.html,,2026-09-30T22:17:29Z,133000.0,Micrometals datasheet,840.0,"Micrometals datasheet ""Mass (approximate)"" (part T400-35B)",https://datasheets.micrometals.com/T400-35B-DataSheet.pdf @ 2026-09-30T22:32:18Z,iron,MAS core reference T400-35B,1.328645,"ECB euro reference rates 2026-09-30 (extra/ecb.xml, fetched 2026-09-30T20:12:47Z)",17.0199
"Power Magnetics Ltd (powermagneticsstore.co.uk, UK; Micrometals authorized distributor)",distributor web shop product page (Magento tier prices),Micrometals,T400-35D,T400-35D,Mix 35,powder: iron (Micrometals mix),T,T400-35D,per piece (toroid),"product page title ""T400-35D Micrometals Iron Powder Toroid""",GBP,1,28.77,1,0,1,in,T400-35D Micrometals Iron Powder Toroid,https://powermagneticsstore.co.uk/shop/t400-35d-micrometals-iron-powder-toroid.html,,2026-09-30T22:17:31Z,171000.0,Micrometals datasheet,1080.0,"Micrometals datasheet ""Mass (approximate)"" (part T400-35D)",https://datasheets.micrometals.com/T400-35D-DataSheet.pdf @ 2026-09-30T22:32:21Z,iron,MAS core reference T400-35D,1.328645,"ECB euro reference rates 2026-09-30 (extra/ecb.xml, fetched 2026-09-30T20:12:47Z)",38.2251
"Power Magnetics Ltd (powermagneticsstore.co.uk, UK; Micrometals authorized distributor)",distributor web shop product page (Magento tier prices),Micrometals,T400-35D,T400-35D,Mix 35,powder: iron (Micrometals mix),T,T400-35D,per piece (toroid),"product page title ""T400-35D Micrometals Iron Powder Toroid""",GBP,10,20.38,0,0,1,in,T400-35D Micrometals Iron Powder Toroid,https://powermagneticsstore.co.uk/shop/t400-35d-micrometals-iron-powder-toroid.html,,2026-09-30T22:17:31Z,171000.0,Micrometals datasheet,1080.0,"Micrometals datasheet ""Mass (approximate)"" (part T400-35D)",https://datasheets.micrometals.com/T400-35D-DataSheet.pdf @ 2026-09-30T22:32:21Z,iron,MAS core reference T400-35D,1.328645,"ECB euro reference rates 2026-09-30 (extra/ecb.xml, fetched 2026-09-30T20:12:47Z)",27.0778
"Power Magnetics Ltd (powermagneticsstore.co.uk, UK; Micrometals authorized distributor)",distributor web shop product page (Magento tier prices),Micrometals,T400-35D,T400-35D,Mix 35,powder: iron (Micrometals mix),T,T400-35D,per piece (toroid),"product page title ""T400-35D Micrometals Iron Powder Toroid""",GBP,50,17.47,0,1,1,in,T400-35D Micrometals Iron Powder Toroid,https://powermagneticsstore.co.uk/shop/t400-35d-micrometals-iron-powder-toroid.html,,2026-09-30T22:17:31Z,171000.0,Micrometals datasheet,1080.0,"Micrometals datasheet ""Mass (approximate)"" (part T400-35D)",https://datasheets.micrometals.com/T400-35D-DataSheet.pdf @ 2026-09-30T22:32:21Z,iron,MAS core reference T400-35D,1.328645,"ECB euro reference rates 2026-09-30 (extra/ecb.xml, fetched 2026-09-30T20:12:47Z)",23.2114
"Power Magnetics Ltd (powermagneticsstore.co.uk, UK; Micrometals authorized distributor)",distributor web shop product page (Magento tier prices),Micrometals,T400-40,T400-40,Mix 40,powder: iron (Micrometals mix),T,T400-40,per piece (toroid),"product page title ""T400-40 Micrometals Iron Powder Toroid""",GBP,1,13.41,1,0,1,in,T400-40 Micrometals Iron Powder Toroid,https://powermagneticsstore.co.uk/shop/t400-40-micrometals-iron-powder-toroid.html,,2026-09-30T22:17:34Z,86400.0,Micrometals datasheet,600.0,"Micrometals datasheet ""Mass (approximate)"" (part T400-40)",https://datasheets.micrometals.com/T400-40-DataSheet.pdf @ 2026-09-30T22:32:24Z,iron,MAS core reference T400-40,1.328645,"ECB euro reference rates 2026-09-30 (extra/ecb.xml, fetched 2026-09-30T20:12:47Z)",17.8171
"Power Magnetics Ltd (powermagneticsstore.co.uk, UK; Micrometals authorized distributor)",distributor web shop product page (Magento tier prices),Micrometals,T400-40,T400-40,Mix 40,powder: iron (Micrometals mix),T,T400-40,per piece (toroid),"product page title ""T400-40 Micrometals Iron Powder Toroid""",GBP,10,9.5,0,0,1,in,T400-40 Micrometals Iron Powder Toroid,https://powermagneticsstore.co.uk/shop/t400-40-micrometals-iron-powder-toroid.html,,2026-09-30T22:17:34Z,86400.0,Micrometals datasheet,600.0,"Micrometals datasheet ""Mass (approximate)"" (part T400-40)",https://datasheets.micrometals.com/T400-40-DataSheet.pdf @ 2026-09-30T22:32:24Z,iron,MAS core reference T400-40,1.328645,"ECB euro reference rates 2026-09-30 (extra/ecb.xml, fetched 2026-09-30T20:12:47Z)",12.6221
"Power Magnetics Ltd (powermagneticsstore.co.uk, UK; Micrometals authorized distributor)",distributor web shop product page (Magento tier prices),Micrometals,T400-40,T400-40,Mix 40,powder: iron (Micrometals mix),T,T400-40,per piece (toroid),"product page title ""T400-40 Micrometals Iron Powder Toroid""",GBP,50,8.15,0,1,1,in,T400-40 Micrometals Iron Powder Toroid,https://powermagneticsstore.co.uk/shop/t400-40-micrometals-iron-powder-toroid.html,,2026-09-30T22:17:34Z,86400.0,Micrometals datasheet,600.0,"Micrometals datasheet ""Mass (approximate)"" (part T400-40)",https://datasheets.micrometals.com/T400-40-DataSheet.pdf @ 2026-09-30T22:32:24Z,iron,MAS core reference T400-40,1.328645,"ECB euro reference rates 2026-09-30 (extra/ecb.xml, fetched 2026-09-30T20:12:47Z)",10.8285
"Power Magnetics Ltd (powermagneticsstore.co.uk, UK; Micrometals authorized distributor)",distributor web shop product page (Magento tier prices),Micrometals,T400-40D,T400-40D,Mix 40,powder: iron (Micrometals mix),T,T400-40D,per piece (toroid),"product page title ""T400-40D Micrometals Iron Powder Toroid""",GBP,1,22.49,1,0,1,out,T400-40D Micrometals Iron Powder Toroid,https://powermagneticsstore.co.uk/shop/t400-40d-micrometals-iron-powder-toroid.html,,2026-09-30T22:17:37Z,171000.0,Micrometals datasheet,1180.0,"Micrometals datasheet ""Mass (approximate)"" (part T400-40D)",https://datasheets.micrometals.com/T400-40D-DataSheet.pdf @ 2026-09-30T22:32:27Z,iron,MAS core reference T400-40D,1.328645,"ECB euro reference rates 2026-09-30 (extra/ecb.xml, fetched 2026-09-30T20:12:47Z)",29.8812
"Power Magnetics Ltd (powermagneticsstore.co.uk, UK; Micrometals authorized distributor)",distributor web shop product page (Magento tier prices),Micrometals,T400-40D,T400-40D,Mix 40,powder: iron (Micrometals mix),T,T400-40D,per piece (toroid),"product page title ""T400-40D Micrometals Iron Powder Toroid""",GBP,10,15.94,0,0,1,out,T400-40D Micrometals Iron Powder Toroid,https://powermagneticsstore.co.uk/shop/t400-40d-micrometals-iron-powder-toroid.html,,2026-09-30T22:17:37Z,171000.0,Micrometals datasheet,1180.0,"Micrometals datasheet ""Mass (approximate)"" (part T400-40D)",https://datasheets.micrometals.com/T400-40D-DataSheet.pdf @ 2026-09-30T22:32:27Z,iron,MAS core reference T400-40D,1.328645,"ECB euro reference rates 2026-09-30 (extra/ecb.xml, fetched 2026-09-30T20:12:47Z)",21.1786
"Power Magnetics Ltd (powermagneticsstore.co.uk, UK; Micrometals authorized distributor)",distributor web shop product page (Magento tier prices),Micrometals,T400-40D,T400-40D,Mix 40,powder: iron (Micrometals mix),T,T400-40D,per piece (toroid),"product page title ""T400-40D Micrometals Iron Powder Toroid""",GBP,50,13.66,0,1,1,out,T400-40D Micrometals Iron Powder Toroid,https://powermagneticsstore.co.uk/shop/t400-40d-micrometals-iron-powder-toroid.html,,2026-09-30T22:17:37Z,171000.0,Micrometals datasheet,1180.0,"Micrometals datasheet ""Mass (approximate)"" (part T400-40D)",https://datasheets.micrometals.com/T400-40D-DataSheet.pdf @ 2026-09-30T22:32:27Z,iron,MAS core reference T400-40D,1.328645,"ECB euro reference rates 2026-09-30 (extra/ecb.xml, fetched 2026-09-30T20:12:47Z)",18.1493
"Power Magnetics Ltd (powermagneticsstore.co.uk, UK; Micrometals authorized distributor)",distributor web shop product page (Magento tier prices),Micrometals,T44-26,T44-26,Mix 26,powder: iron (Micrometals mix),T,T44-26,per piece (toroid),"product page title ""T 44-26 Micrometals Iron Powder Toroid""",GBP,1,0.39,1,0,1,in,T 44-26 Micrometals Iron Powder Toroid,https://powermagneticsstore.co.uk/shop/t-44-26-micrometals-iron-powder-toroid.html,,2026-09-30T22:17:40Z,266.0,Micrometals datasheet,1.9,"Micrometals datasheet ""Mass (approximate)"" (part T44-26)",https://datasheets.micrometals.com/T44-26-DataSheet.pdf @ 2026-09-30T20:24:06Z,iron,MAS core reference T44-26,1.328645,"ECB euro reference rates 2026-09-30 (extra/ecb.xml, fetched 2026-09-30T20:12:47Z)",0.5182
"Power Magnetics Ltd (powermagneticsstore.co.uk, UK; Micrometals authorized distributor)",distributor web shop product page (Magento tier prices),Micrometals,T44-26,T44-26,Mix 26,powder: iron (Micrometals mix),T,T44-26,per piece (toroid),"product page title ""T 44-26 Micrometals Iron Powder Toroid""",GBP,10,0.28,0,0,1,in,T 44-26 Micrometals Iron Powder Toroid,https://powermagneticsstore.co.uk/shop/t-44-26-micrometals-iron-powder-toroid.html,,2026-09-30T22:17:40Z,266.0,Micrometals datasheet,1.9,"Micrometals datasheet ""Mass (approximate)"" (part T44-26)",https://datasheets.micrometals.com/T44-26-DataSheet.pdf @ 2026-09-30T20:24:06Z,iron,MAS core reference T44-26,1.328645,"ECB euro reference rates 2026-09-30 (extra/ecb.xml, fetched 2026-09-30T20:12:47Z)",0.372
"Power Magnetics Ltd (powermagneticsstore.co.uk, UK; Micrometals authorized distributor)",distributor web shop product page (Magento tier prices),Micrometals,T44-26,T44-26,Mix 26,powder: iron (Micrometals mix),T,T44-26,per piece (toroid),"product page title ""T 44-26 Micrometals Iron Powder Toroid""",GBP,50,0.21,0,1,1,in,T 44-26 Micrometals Iron Powder Toroid,https://powermagneticsstore.co.uk/shop/t-44-26-micrometals-iron-powder-toroid.html,,2026-09-30T22:17:40Z,266.0,Micrometals datasheet,1.9,"Micrometals datasheet ""Mass (approximate)"" (part T44-26)",https://datasheets.micrometals.com/T44-26-DataSheet.pdf @ 2026-09-30T20:24:06Z,iron,MAS core reference T44-26,1.328645,"ECB euro reference rates 2026-09-30 (extra/ecb.xml, fetched 2026-09-30T20:12:47Z)",0.279
"Power Magnetics Ltd (powermagneticsstore.co.uk, UK; Micrometals authorized distributor)",distributor web shop product page (Magento tier prices),Micrometals,T50-26,T50-26,Mix 26,powder: iron (Micrometals mix),T,T50-26,per piece (toroid),"product page title ""T 50-26 Micrometals Iron Powder Toroid""",GBP,1,0.47,1,0,1,in,T 50-26 Micrometals Iron Powder Toroid,https://powermagneticsstore.co.uk/shop/t-50-26-micrometals-iron-powder-toroid.html,,2026-09-30T22:17:43Z,358.0,Micrometals datasheet,2.5,"Micrometals datasheet ""Mass (approximate)"" (part T50-26)",https://datasheets.micrometals.com/T50-26-DataSheet.pdf @ 2026-09-30T20:24:49Z,iron,MAS core reference T50-26,1.328645,"ECB euro reference rates 2026-09-30 (extra/ecb.xml, fetched 2026-09-30T20:12:47Z)",0.6245
"Power Magnetics Ltd (powermagneticsstore.co.uk, UK; Micrometals authorized distributor)",distributor web shop product page (Magento tier prices),Micrometals,T50-26,T50-26,Mix 26,powder: iron (Micrometals mix),T,T50-26,per piece (toroid),"product page title ""T 50-26 Micrometals Iron Powder Toroid""",GBP,10,0.34,0,0,1,in,T 50-26 Micrometals Iron Powder Toroid,https://powermagneticsstore.co.uk/shop/t-50-26-micrometals-iron-powder-toroid.html,,2026-09-30T22:17:43Z,358.0,Micrometals datasheet,2.5,"Micrometals datasheet ""Mass (approximate)"" (part T50-26)",https://datasheets.micrometals.com/T50-26-DataSheet.pdf @ 2026-09-30T20:24:49Z,iron,MAS core reference T50-26,1.328645,"ECB euro reference rates 2026-09-30 (extra/ecb.xml, fetched 2026-09-30T20:12:47Z)",0.4517
"Power Magnetics Ltd (powermagneticsstore.co.uk, UK; Micrometals authorized distributor)",distributor web shop product page (Magento tier prices),Micrometals,T50-26,T50-26,Mix 26,powder: iron (Micrometals mix),T,T50-26,per piece (toroid),"product page title ""T 50-26 Micrometals Iron Powder Toroid""",GBP,50,0.25,0,1,1,in,T 50-26 Micrometals Iron Powder Toroid,https://powermagneticsstore.co.uk/shop/t-50-26-micrometals-iron-powder-toroid.html,,2026-09-30T22:17:43Z,358.0,Micrometals datasheet,2.5,"Micrometals datasheet ""Mass (approximate)"" (part T50-26)",https://datasheets.micrometals.com/T50-26-DataSheet.pdf @ 2026-09-30T20:24:49Z,iron,MAS core reference T50-26,1.328645,"ECB euro reference rates 2026-09-30 (extra/ecb.xml, fetched 2026-09-30T20:12:47Z)",0.3322
"Power Magnetics Ltd (powermagneticsstore.co.uk, UK; Micrometals authorized distributor)",distributor web shop product page (Magento tier prices),Micrometals,T50-26B,T50-26B,Mix 26,powder: iron (Micrometals mix),T,T50-26B,per piece (toroid),"product page title ""T 50-26B Micrometals Iron Powder Toroid""",GBP,1,0.5,1,0,1,in,T 50-26B Micrometals Iron Powder Toroid,https://powermagneticsstore.co.uk/shop/t-50-26b-micrometals-iron-powder-toroid.html,,2026-09-30T22:17:45Z,471.0,Micrometals datasheet,3.3,"Micrometals datasheet ""Mass (approximate)"" (part T50-26B)",https://datasheets.micrometals.com/T50-26B-DataSheet.pdf @ 2026-09-30T22:32:30Z,iron,MAS core reference T50-26B,1.328645,"ECB euro reference rates 2026-09-30 (extra/ecb.xml, fetched 2026-09-30T20:12:47Z)",0.6643
"Power Magnetics Ltd (powermagneticsstore.co.uk, UK; Micrometals authorized distributor)",distributor web shop product page (Magento tier prices),Micrometals,T50-26B,T50-26B,Mix 26,powder: iron (Micrometals mix),T,T50-26B,per piece (toroid),"product page title ""T 50-26B Micrometals Iron Powder Toroid""",GBP,10,0.36,0,0,1,in,T 50-26B Micrometals Iron Powder Toroid,https://powermagneticsstore.co.uk/shop/t-50-26b-micrometals-iron-powder-toroid.html,,2026-09-30T22:17:45Z,471.0,Micrometals datasheet,3.3,"Micrometals datasheet ""Mass (approximate)"" (part T50-26B)",https://datasheets.micrometals.com/T50-26B-DataSheet.pdf @ 2026-09-30T22:32:30Z,iron,MAS core reference T50-26B,1.328645,"ECB euro reference rates 2026-09-30 (extra/ecb.xml, fetched 2026-09-30T20:12:47Z)",0.4783
"Power Magnetics Ltd (powermagneticsstore.co.uk, UK; Micrometals authorized distributor)",distributor web shop product page (Magento tier prices),Micrometals,T50-26B,T50-26B,Mix 26,powder: iron (Micrometals mix),T,T50-26B,per piece (toroid),"product page title ""T 50-26B Micrometals Iron Powder Toroid""",GBP,50,0.27,0,1,1,in,T 50-26B Micrometals Iron Powder Toroid,https://powermagneticsstore.co.uk/shop/t-50-26b-micrometals-iron-powder-toroid.html,,2026-09-30T22:17:45Z,471.0,Micrometals datasheet,3.3,"Micrometals datasheet ""Mass (approximate)"" (part T50-26B)",https://datasheets.micrometals.com/T50-26B-DataSheet.pdf @ 2026-09-30T22:32:30Z,iron,MAS core reference T50-26B,1.328645,"ECB euro reference rates 2026-09-30 (extra/ecb.xml, fetched 2026-09-30T20:12:47Z)",0.3587
"Power Magnetics Ltd (powermagneticsstore.co.uk, UK; Micrometals authorized distributor)",distributor web shop product page (Magento tier prices),Micrometals,T50-26D,T50-26D,Mix 26,powder: iron (Micrometals mix),T,T50-26D,per piece (toroid),"product page title ""T 50-26D Micrometals Iron Powder Toroid""",GBP,1,0.65,1,0,1,in,T 50-26D Micrometals Iron Powder Toroid,https://powermagneticsstore.co.uk/shop/t-50-26d-micrometals-iron-powder-toroid.html,,2026-09-30T22:17:46Z,711.0,Micrometals datasheet,5.0,"Micrometals datasheet ""Mass (approximate)"" (part T50-26D)",https://datasheets.micrometals.com/T50-26D-DataSheet.pdf @ 2026-09-30T22:32:33Z,iron,MAS core reference T50-26D,1.328645,"ECB euro reference rates 2026-09-30 (extra/ecb.xml, fetched 2026-09-30T20:12:47Z)",0.8636
"Power Magnetics Ltd (powermagneticsstore.co.uk, UK; Micrometals authorized distributor)",distributor web shop product page (Magento tier prices),Micrometals,T50-26D,T50-26D,Mix 26,powder: iron (Micrometals mix),T,T50-26D,per piece (toroid),"product page title ""T 50-26D Micrometals Iron Powder Toroid""",GBP,10,0.47,0,0,1,in,T 50-26D Micrometals Iron Powder Toroid,https://powermagneticsstore.co.uk/shop/t-50-26d-micrometals-iron-powder-toroid.html,,2026-09-30T22:17:46Z,711.0,Micrometals datasheet,5.0,"Micrometals datasheet ""Mass (approximate)"" (part T50-26D)",https://datasheets.micrometals.com/T50-26D-DataSheet.pdf @ 2026-09-30T22:32:33Z,iron,MAS core reference T50-26D,1.328645,"ECB euro reference rates 2026-09-30 (extra/ecb.xml, fetched 2026-09-30T20:12:47Z)",0.6245
"Power Magnetics Ltd (powermagneticsstore.co.uk, UK; Micrometals authorized distributor)",distributor web shop product page (Magento tier prices),Micrometals,T50-26D,T50-26D,Mix 26,powder: iron (Micrometals mix),T,T50-26D,per piece (toroid),"product page title ""T 50-26D Micrometals Iron Powder Toroid""",GBP,50,0.35,0,1,1,in,T 50-26D Micrometals Iron Powder Toroid,https://powermagneticsstore.co.uk/shop/t-50-26d-micrometals-iron-powder-toroid.html,,2026-09-30T22:17:46Z,711.0,Micrometals datasheet,5.0,"Micrometals datasheet ""Mass (approximate)"" (part T50-26D)",https://datasheets.micrometals.com/T50-26D-DataSheet.pdf @ 2026-09-30T22:32:33Z,iron,MAS core reference T50-26D,1.328645,"ECB euro reference rates 2026-09-30 (extra/ecb.xml, fetched 2026-09-30T20:12:47Z)",0.465
"Power Magnetics Ltd (powermagneticsstore.co.uk, UK; Micrometals authorized distributor)",distributor web shop product page (Magento tier prices),Micrometals,T50-40,T50-40,Mix 40,powder: iron (Micrometals mix),T,T50-40,per piece (toroid),"product page title ""T 50-40 Micrometals Iron Powder Toroid""",GBP,1,0.85,1,0,1,in,T 50-40 Micrometals Iron Powder Toroid,https://powermagneticsstore.co.uk/shop/t-50-40-micrometals-iron-powder-toroid.html,,2026-09-30T22:17:49Z,358.0,Micrometals datasheet,2.5,"Micrometals datasheet ""Mass (approximate)"" (part T50-40)",https://datasheets.micrometals.com/T50-40-DataSheet.pdf @ 2026-09-30T22:32:36Z,iron,MAS core reference T50-40,1.328645,"ECB euro reference rates 2026-09-30 (extra/ecb.xml, fetched 2026-09-30T20:12:47Z)",1.1293
"Power Magnetics Ltd (powermagneticsstore.co.uk, UK; Micrometals authorized distributor)",distributor web shop product page (Magento tier prices),Micrometals,T50-40,T50-40,Mix 40,powder: iron (Micrometals mix),T,T50-40,per piece (toroid),"product page title ""T 50-40 Micrometals Iron Powder Toroid""",GBP,10,0.67,0,0,1,in,T 50-40 Micrometals Iron Powder Toroid,https://powermagneticsstore.co.uk/shop/t-50-40-micrometals-iron-powder-toroid.html,,2026-09-30T22:17:49Z,358.0,Micrometals datasheet,2.5,"Micrometals datasheet ""Mass (approximate)"" (part T50-40)",https://datasheets.micrometals.com/T50-40-DataSheet.pdf @ 2026-09-30T22:32:36Z,iron,MAS core reference T50-40,1.328645,"ECB euro reference rates 2026-09-30 (extra/ecb.xml, fetched 2026-09-30T20:12:47Z)",0.8902
"Power Magnetics Ltd (powermagneticsstore.co.uk, UK; Micrometals authorized distributor)",distributor web shop product page (Magento tier prices),Micrometals,T50-40,T50-40,Mix 40,powder: iron (Micrometals mix),T,T50-40,per piece (toroid),"product page title ""T 50-40 Micrometals Iron Powder Toroid""",GBP,50,0.5,0,1,1,in,T 50-40 Micrometals Iron Powder Toroid,https://powermagneticsstore.co.uk/shop/t-50-40-micrometals-iron-powder-toroid.html,,2026-09-30T22:17:49Z,358.0,Micrometals datasheet,2.5,"Micrometals datasheet ""Mass (approximate)"" (part T50-40)",https://datasheets.micrometals.com/T50-40-DataSheet.pdf @ 2026-09-30T22:32:36Z,iron,MAS core reference T50-40,1.328645,"ECB euro reference rates 2026-09-30 (extra/ecb.xml, fetched 2026-09-30T20:12:47Z)",0.6643
"Power Magnetics Ltd (powermagneticsstore.co.uk, UK; Micrometals authorized distributor)",distributor web shop product page (Magento tier prices),Micrometals,T50-52,T50-52,Mix 52,powder: iron (Micrometals mix),T,T50-52,per piece (toroid),"product page title ""T 50-52 Micrometals Iron Powder Toroid""",GBP,1,0.48,1,0,1,in,T 50-52 Micrometals Iron Powder Toroid,https://powermagneticsstore.co.uk/shop/t-50-52-micrometals-iron-powder-toroid.html,,2026-09-30T22:17:52Z,358.0,Micrometals datasheet,2.5,"Micrometals datasheet ""Mass (approximate)"" (part T50-52)",https://datasheets.micrometals.com/T50-52-DataSheet.pdf @ 2026-09-30T20:24:54Z,iron,MAS core reference T50-52,1.328645,"ECB euro reference rates 2026-09-30 (extra/ecb.xml, fetched 2026-09-30T20:12:47Z)",0.6377
"Power Magnetics Ltd (powermagneticsstore.co.uk, UK; Micrometals authorized distributor)",distributor web shop product page (Magento tier prices),Micrometals,T50-52,T50-52,Mix 52,powder: iron (Micrometals mix),T,T50-52,per piece (toroid),"product page title ""T 50-52 Micrometals Iron Powder Toroid""",GBP,10,0.35,0,0,1,in,T 50-52 Micrometals Iron Powder Toroid,https://powermagneticsstore.co.uk/shop/t-50-52-micrometals-iron-powder-toroid.html,,2026-09-30T22:17:52Z,358.0,Micrometals datasheet,2.5,"Micrometals datasheet ""Mass (approximate)"" (part T50-52)",https://datasheets.micrometals.com/T50-52-DataSheet.pdf @ 2026-09-30T20:24:54Z,iron,MAS core reference T50-52,1.328645,"ECB euro reference rates 2026-09-30 (extra/ecb.xml, fetched 2026-09-30T20:12:47Z)",0.465
"Power Magnetics Ltd (powermagneticsstore.co.uk, UK; Micrometals authorized distributor)",distributor web shop product page (Magento tier prices),Micrometals,T50-52,T50-52,Mix 52,powder: iron (Micrometals mix),T,T50-52,per piece (toroid),"product page title ""T 50-52 Micrometals Iron Powder Toroid""",GBP,50,0.26,0,1,1,in,T 50-52 Micrometals Iron Powder Toroid,https://powermagneticsstore.co.uk/shop/t-50-52-micrometals-iron-powder-toroid.html,,2026-09-30T22:17:52Z,358.0,Micrometals datasheet,2.5,"Micrometals datasheet ""Mass (approximate)"" (part T50-52)",https://datasheets.micrometals.com/T50-52-DataSheet.pdf @ 2026-09-30T20:24:54Z,iron,MAS core reference T50-52,1.328645,"ECB euro reference rates 2026-09-30 (extra/ecb.xml, fetched 2026-09-30T20:12:47Z)",0.3454
"Power Magnetics Ltd (powermagneticsstore.co.uk, UK; Micrometals authorized distributor)",distributor web shop product page (Magento tier prices),Micrometals,T50-52B,T50-52B,Mix 52,powder: iron (Micrometals mix),T,T50-52B,per piece (toroid),"product page title ""T 50-52B Micrometals Iron Powder Toroid""",GBP,1,0.52,1,0,1,in,T 50-52B Micrometals Iron Powder Toroid,https://powermagneticsstore.co.uk/shop/t-50-52b-micrometals-iron-powder-toroid.html,,2026-09-30T22:17:54Z,471.0,Micrometals datasheet,3.3,"Micrometals datasheet ""Mass (approximate)"" (part T50-52B)",https://datasheets.micrometals.com/T50-52B-DataSheet.pdf @ 2026-09-30T22:32:37Z,iron,MAS core reference T50-52B,1.328645,"ECB euro reference rates 2026-09-30 (extra/ecb.xml, fetched 2026-09-30T20:12:47Z)",0.6909
"Power Magnetics Ltd (powermagneticsstore.co.uk, UK; Micrometals authorized distributor)",distributor web shop product page (Magento tier prices),Micrometals,T50-52B,T50-52B,Mix 52,powder: iron (Micrometals mix),T,T50-52B,per piece (toroid),"product page title ""T 50-52B Micrometals Iron Powder Toroid""",GBP,10,0.37,0,0,1,in,T 50-52B Micrometals Iron Powder Toroid,https://powermagneticsstore.co.uk/shop/t-50-52b-micrometals-iron-powder-toroid.html,,2026-09-30T22:17:54Z,471.0,Micrometals datasheet,3.3,"Micrometals datasheet ""Mass (approximate)"" (part T50-52B)",https://datasheets.micrometals.com/T50-52B-DataSheet.pdf @ 2026-09-30T22:32:37Z,iron,MAS core reference T50-52B,1.328645,"ECB euro reference rates 2026-09-30 (extra/ecb.xml, fetched 2026-09-30T20:12:47Z)",0.4916
"Power Magnetics Ltd (powermagneticsstore.co.uk, UK; Micrometals authorized distributor)",distributor web shop product page (Magento tier prices),Micrometals,T50-52B,T50-52B,Mix 52,powder: iron (Micrometals mix),T,T50-52B,per piece (toroid),"product page title ""T 50-52B Micrometals Iron Powder Toroid""",GBP,50,0.28,0,1,1,in,T 50-52B Micrometals Iron Powder Toroid,https://powermagneticsstore.co.uk/shop/t-50-52b-micrometals-iron-powder-toroid.html,,2026-09-30T22:17:54Z,471.0,Micrometals datasheet,3.3,"Micrometals datasheet ""Mass (approximate)"" (part T50-52B)",https://datasheets.micrometals.com/T50-52B-DataSheet.pdf @ 2026-09-30T22:32:37Z,iron,MAS core reference T50-52B,1.328645,"ECB euro reference rates 2026-09-30 (extra/ecb.xml, fetched 2026-09-30T20:12:47Z)",0.372
"Power Magnetics Ltd (powermagneticsstore.co.uk, UK; Micrometals authorized distributor)",distributor web shop product page (Magento tier prices),Micrometals,T50-52D,T50-52D,Mix 52,powder: iron (Micrometals mix),T,T50-52D,per piece (toroid),"product page title ""T 50-52D Micrometals Iron Powder Toroid""",GBP,1,0.69,1,0,1,in,T 50-52D Micrometals Iron Powder Toroid,https://powermagneticsstore.co.uk/shop/t-50-52d-micrometals-iron-powder-toroid.html,,2026-09-30T22:17:57Z,711.0,Micrometals datasheet,5.0,"Micrometals datasheet ""Mass (approximate)"" (part T50-52D)",https://datasheets.micrometals.com/T50-52D-DataSheet.pdf @ 2026-09-30T22:32:40Z,iron,MAS core reference T50-52D,1.328645,"ECB euro reference rates 2026-09-30 (extra/ecb.xml, fetched 2026-09-30T20:12:47Z)",0.9168
"Power Magnetics Ltd (powermagneticsstore.co.uk, UK; Micrometals authorized distributor)",distributor web shop product page (Magento tier prices),Micrometals,T50-52D,T50-52D,Mix 52,powder: iron (Micrometals mix),T,T50-52D,per piece (toroid),"product page title ""T 50-52D Micrometals Iron Powder Toroid""",GBP,10,0.49,0,0,1,in,T 50-52D Micrometals Iron Powder Toroid,https://powermagneticsstore.co.uk/shop/t-50-52d-micrometals-iron-powder-toroid.html,,2026-09-30T22:17:57Z,711.0,Micrometals datasheet,5.0,"Micrometals datasheet ""Mass (approximate)"" (part T50-52D)",https://datasheets.micrometals.com/T50-52D-DataSheet.pdf @ 2026-09-30T22:32:40Z,iron,MAS core reference T50-52D,1.328645,"ECB euro reference rates 2026-09-30 (extra/ecb.xml, fetched 2026-09-30T20:12:47Z)",0.651
"Power Magnetics Ltd (powermagneticsstore.co.uk, UK; Micrometals authorized distributor)",distributor web shop product page (Magento tier prices),Micrometals,T50-52D,T50-52D,Mix 52,powder: iron (Micrometals mix),T,T50-52D,per piece (toroid),"product page title ""T 50-52D Micrometals Iron Powder Toroid""",GBP,50,0.37,0,1,1,in,T 50-52D Micrometals Iron Powder Toroid,https://powermagneticsstore.co.uk/shop/t-50-52d-micrometals-iron-powder-toroid.html,,2026-09-30T22:17:57Z,711.0,Micrometals datasheet,5.0,"Micrometals datasheet ""Mass (approximate)"" (part T50-52D)",https://datasheets.micrometals.com/T50-52D-DataSheet.pdf @ 2026-09-30T22:32:40Z,iron,MAS core reference T50-52D,1.328645,"ECB euro reference rates 2026-09-30 (extra/ecb.xml, fetched 2026-09-30T20:12:47Z)",0.4916
"Power Magnetics Ltd (powermagneticsstore.co.uk, UK; Micrometals authorized distributor)",distributor web shop product page (Magento tier prices),Micrometals,T51-26C,T51-26C,Mix 26,powder: iron (Micrometals mix),T,T51-26C,per piece (toroid),"product page title ""T 51-26c- Micrometals Iron Powder Toroid""",GBP,1,0.56,1,0,1,in,T 51-26c- Micrometals Iron Powder Toroid,https://powermagneticsstore.co.uk/shop/t-51-26c-micrometals-iron-powder-toroid.html,,2026-09-30T22:18:00Z,622.0,Micrometals datasheet,4.4,"Micrometals datasheet ""Mass (approximate)"" (part T51-26C)",https://datasheets.micrometals.com/T51-26C-DataSheet.pdf @ 2026-09-30T22:32:43Z,iron,MAS core reference T51-26C,1.328645,"ECB euro reference rates 2026-09-30 (extra/ecb.xml, fetched 2026-09-30T20:12:47Z)",0.744
"Power Magnetics Ltd (powermagneticsstore.co.uk, UK; Micrometals authorized distributor)",distributor web shop product page (Magento tier prices),Micrometals,T51-26C,T51-26C,Mix 26,powder: iron (Micrometals mix),T,T51-26C,per piece (toroid),"product page title ""T 51-26c- Micrometals Iron Powder Toroid""",GBP,10,0.39,0,0,1,in,T 51-26c- Micrometals Iron Powder Toroid,https://powermagneticsstore.co.uk/shop/t-51-26c-micrometals-iron-powder-toroid.html,,2026-09-30T22:18:00Z,622.0,Micrometals datasheet,4.4,"Micrometals datasheet ""Mass (approximate)"" (part T51-26C)",https://datasheets.micrometals.com/T51-26C-DataSheet.pdf @ 2026-09-30T22:32:43Z,iron,MAS core reference T51-26C,1.328645,"ECB euro reference rates 2026-09-30 (extra/ecb.xml, fetched 2026-09-30T20:12:47Z)",0.5182
"Power Magnetics Ltd (powermagneticsstore.co.uk, UK; Micrometals authorized distributor)",distributor web shop product page (Magento tier prices),Micrometals,T51-26C,T51-26C,Mix 26,powder: iron (Micrometals mix),T,T51-26C,per piece (toroid),"product page title ""T 51-26c- Micrometals Iron Powder Toroid""",GBP,50,0.29,0,1,1,in,T 51-26c- Micrometals Iron Powder Toroid,https://powermagneticsstore.co.uk/shop/t-51-26c-micrometals-iron-powder-toroid.html,,2026-09-30T22:18:00Z,622.0,Micrometals datasheet,4.4,"Micrometals datasheet ""Mass (approximate)"" (part T51-26C)",https://datasheets.micrometals.com/T51-26C-DataSheet.pdf @ 2026-09-30T22:32:43Z,iron,MAS core reference T51-26C,1.328645,"ECB euro reference rates 2026-09-30 (extra/ecb.xml, fetched 2026-09-30T20:12:47Z)",0.3853
"Power Magnetics Ltd (powermagneticsstore.co.uk, UK; Micrometals authorized distributor)",distributor web shop product page (Magento tier prices),Micrometals,T520-26,T520-26,Mix 26,powder: iron (Micrometals mix),T,T520-26,per piece (toroid),"product page title ""T520-26 Micrometals Iron Powder Toroid""",GBP,1,24.52,1,0,1,out,T520-26 Micrometals Iron Powder Toroid,https://powermagneticsstore.co.uk/shop/t520-26-micrometals-iron-powder-toroid.html,,2026-09-30T22:18:03Z,173000.0,Micrometals datasheet,1210.0,"Micrometals datasheet ""Mass (approximate)"" (part T520-26)",https://datasheets.micrometals.com/T520-26-DataSheet.pdf @ 2026-09-30T20:25:15Z,iron,MAS core reference T520-26,1.328645,"ECB euro reference rates 2026-09-30 (extra/ecb.xml, fetched 2026-09-30T20:12:47Z)",32.5784
"Power Magnetics Ltd (powermagneticsstore.co.uk, UK; Micrometals authorized distributor)",distributor web shop product page (Magento tier prices),Micrometals,T520-26,T520-26,Mix 26,powder: iron (Micrometals mix),T,T520-26,per piece (toroid),"product page title ""T520-26 Micrometals Iron Powder Toroid""",GBP,10,17.37,0,0,1,out,T520-26 Micrometals Iron Powder Toroid,https://powermagneticsstore.co.uk/shop/t520-26-micrometals-iron-powder-toroid.html,,2026-09-30T22:18:03Z,173000.0,Micrometals datasheet,1210.0,"Micrometals datasheet ""Mass (approximate)"" (part T520-26)",https://datasheets.micrometals.com/T520-26-DataSheet.pdf @ 2026-09-30T20:25:15Z,iron,MAS core reference T520-26,1.328645,"ECB euro reference rates 2026-09-30 (extra/ecb.xml, fetched 2026-09-30T20:12:47Z)",23.0786
"Power Magnetics Ltd (powermagneticsstore.co.uk, UK; Micrometals authorized distributor)",distributor web shop product page (Magento tier prices),Micrometals,T520-26,T520-26,Mix 26,powder: iron (Micrometals mix),T,T520-26,per piece (toroid),"product page title ""T520-26 Micrometals Iron Powder Toroid""",GBP,50,14.89,0,1,1,out,T520-26 Micrometals Iron Powder Toroid,https://powermagneticsstore.co.uk/shop/t520-26-micrometals-iron-powder-toroid.html,,2026-09-30T22:18:03Z,173000.0,Micrometals datasheet,1210.0,"Micrometals datasheet ""Mass (approximate)"" (part T520-26)",https://datasheets.micrometals.com/T520-26-DataSheet.pdf @ 2026-09-30T20:25:15Z,iron,MAS core reference T520-26,1.328645,"ECB euro reference rates 2026-09-30 (extra/ecb.xml, fetched 2026-09-30T20:12:47Z)",19.7835
"Power Magnetics Ltd (powermagneticsstore.co.uk, UK; Micrometals authorized distributor)",distributor web shop product page (Magento tier prices),Micrometals,T520-35D,T520-35D,Mix 35,powder: iron (Micrometals mix),T,T520-35D,per piece (toroid),"product page title ""T520-35D Micrometals Iron Powder Toroid""",GBP,1,48.92,1,0,1,in,T520-35D Micrometals Iron Powder Toroid,https://powermagneticsstore.co.uk/shop/t520-35d-micrometals-iron-powder-toroid.html,,2026-09-30T22:18:06Z,347000.0,Micrometals datasheet,2190.0,"Micrometals datasheet ""Mass (approximate)"" (part T520-35D)",https://datasheets.micrometals.com/T520-35D-DataSheet.pdf @ 2026-09-30T22:32:49Z,iron,MAS core reference T520-35D,1.328645,"ECB euro reference rates 2026-09-30 (extra/ecb.xml, fetched 2026-09-30T20:12:47Z)",64.9973
"Power Magnetics Ltd (powermagneticsstore.co.uk, UK; Micrometals authorized distributor)",distributor web shop product page (Magento tier prices),Micrometals,T520-35D,T520-35D,Mix 35,powder: iron (Micrometals mix),T,T520-35D,per piece (toroid),"product page title ""T520-35D Micrometals Iron Powder Toroid""",GBP,10,34.65,0,0,1,in,T520-35D Micrometals Iron Powder Toroid,https://powermagneticsstore.co.uk/shop/t520-35d-micrometals-iron-powder-toroid.html,,2026-09-30T22:18:06Z,347000.0,Micrometals datasheet,2190.0,"Micrometals datasheet ""Mass (approximate)"" (part T520-35D)",https://datasheets.micrometals.com/T520-35D-DataSheet.pdf @ 2026-09-30T22:32:49Z,iron,MAS core reference T520-35D,1.328645,"ECB euro reference rates 2026-09-30 (extra/ecb.xml, fetched 2026-09-30T20:12:47Z)",46.0376
"Power Magnetics Ltd (powermagneticsstore.co.uk, UK; Micrometals authorized distributor)",distributor web shop product page (Magento tier prices),Micrometals,T520-35D,T520-35D,Mix 35,powder: iron (Micrometals mix),T,T520-35D,per piece (toroid),"product page title ""T520-35D Micrometals Iron Powder Toroid""",GBP,50,29.7,0,1,1,in,T520-35D Micrometals Iron Powder Toroid,https://powermagneticsstore.co.uk/shop/t520-35d-micrometals-iron-powder-toroid.html,,2026-09-30T22:18:06Z,347000.0,Micrometals datasheet,2190.0,"Micrometals datasheet ""Mass (approximate)"" (part T520-35D)",https://datasheets.micrometals.com/T520-35D-DataSheet.pdf @ 2026-09-30T22:32:49Z,iron,MAS core reference T520-35D,1.328645,"ECB euro reference rates 2026-09-30 (extra/ecb.xml, fetched 2026-09-30T20:12:47Z)",39.4608
"Power Magnetics Ltd (powermagneticsstore.co.uk, UK; Micrometals authorized distributor)",distributor web shop product page (Magento tier prices),Micrometals,T520-52,T520-52,Mix 52,powder: iron (Micrometals mix),T,T520-52,per piece (toroid),"product page title ""T520-52 Micrometals Iron Powder Toroid""",GBP,1,26.78,1,0,1,out,T520-52 Micrometals Iron Powder Toroid,https://powermagneticsstore.co.uk/shop/t520-52-micrometals-iron-powder-toroid.html,,2026-09-30T22:18:08Z,173000.0,Micrometals datasheet,1210.0,"Micrometals datasheet ""Mass (approximate)"" (part T520-52)",https://datasheets.micrometals.com/T520-52-DataSheet.pdf @ 2026-09-30T22:32:52Z,iron,MAS core reference T520-52,1.328645,"ECB euro reference rates 2026-09-30 (extra/ecb.xml, fetched 2026-09-30T20:12:47Z)",35.5811
"Power Magnetics Ltd (powermagneticsstore.co.uk, UK; Micrometals authorized distributor)",distributor web shop product page (Magento tier prices),Micrometals,T520-52,T520-52,Mix 52,powder: iron (Micrometals mix),T,T520-52,per piece (toroid),"product page title ""T520-52 Micrometals Iron Powder Toroid""",GBP,10,18.97,0,0,1,out,T520-52 Micrometals Iron Powder Toroid,https://powermagneticsstore.co.uk/shop/t520-52-micrometals-iron-powder-toroid.html,,2026-09-30T22:18:08Z,173000.0,Micrometals datasheet,1210.0,"Micrometals datasheet ""Mass (approximate)"" (part T520-52)",https://datasheets.micrometals.com/T520-52-DataSheet.pdf @ 2026-09-30T22:32:52Z,iron,MAS core reference T520-52,1.328645,"ECB euro reference rates 2026-09-30 (extra/ecb.xml, fetched 2026-09-30T20:12:47Z)",25.2044
"Power Magnetics Ltd (powermagneticsstore.co.uk, UK; Micrometals authorized distributor)",distributor web shop product page (Magento tier prices),Micrometals,T520-52,T520-52,Mix 52,powder: iron (Micrometals mix),T,T520-52,per piece (toroid),"product page title ""T520-52 Micrometals Iron Powder Toroid""",GBP,50,16.26,0,1,1,out,T520-52 Micrometals Iron Powder Toroid,https://powermagneticsstore.co.uk/shop/t520-52-micrometals-iron-powder-toroid.html,,2026-09-30T22:18:08Z,173000.0,Micrometals datasheet,1210.0,"Micrometals datasheet ""Mass (approximate)"" (part T520-52)",https://datasheets.micrometals.com/T520-52-DataSheet.pdf @ 2026-09-30T22:32:52Z,iron,MAS core reference T520-52,1.328645,"ECB euro reference rates 2026-09-30 (extra/ecb.xml, fetched 2026-09-30T20:12:47Z)",21.6038
"Power Magnetics Ltd (powermagneticsstore.co.uk, UK; Micrometals authorized distributor)",distributor web shop product page (Magento tier prices),Micrometals,T60-26,T60-26,Mix 26,powder: iron (Micrometals mix),T,T60-26,per piece (toroid),"product page title ""T 60-26 Micrometals Iron Powder Toroid""",GBP,1,0.63,1,0,1,in,T 60-26 Micrometals Iron Powder Toroid,https://powermagneticsstore.co.uk/shop/t-60-26-micrometals-iron-powder-toroid.html,,2026-09-30T22:18:11Z,699.0,Micrometals datasheet,4.9,"Micrometals datasheet ""Mass (approximate)"" (part T60-26)",https://datasheets.micrometals.com/T60-26-DataSheet.pdf @ 2026-09-30T20:25:24Z,iron,MAS core reference T60-26,1.328645,"ECB euro reference rates 2026-09-30 (extra/ecb.xml, fetched 2026-09-30T20:12:47Z)",0.837
"Power Magnetics Ltd (powermagneticsstore.co.uk, UK; Micrometals authorized distributor)",distributor web shop product page (Magento tier prices),Micrometals,T60-26,T60-26,Mix 26,powder: iron (Micrometals mix),T,T60-26,per piece (toroid),"product page title ""T 60-26 Micrometals Iron Powder Toroid""",GBP,10,0.45,0,0,1,in,T 60-26 Micrometals Iron Powder Toroid,https://powermagneticsstore.co.uk/shop/t-60-26-micrometals-iron-powder-toroid.html,,2026-09-30T22:18:11Z,699.0,Micrometals datasheet,4.9,"Micrometals datasheet ""Mass (approximate)"" (part T60-26)",https://datasheets.micrometals.com/T60-26-DataSheet.pdf @ 2026-09-30T20:25:24Z,iron,MAS core reference T60-26,1.328645,"ECB euro reference rates 2026-09-30 (extra/ecb.xml, fetched 2026-09-30T20:12:47Z)",0.5979
"Power Magnetics Ltd (powermagneticsstore.co.uk, UK; Micrometals authorized distributor)",distributor web shop product page (Magento tier prices),Micrometals,T60-26,T60-26,Mix 26,powder: iron (Micrometals mix),T,T60-26,per piece (toroid),"product page title ""T 60-26 Micrometals Iron Powder Toroid""",GBP,50,0.33,0,1,1,in,T 60-26 Micrometals Iron Powder Toroid,https://powermagneticsstore.co.uk/shop/t-60-26-micrometals-iron-powder-toroid.html,,2026-09-30T22:18:11Z,699.0,Micrometals datasheet,4.9,"Micrometals datasheet ""Mass (approximate)"" (part T60-26)",https://datasheets.micrometals.com/T60-26-DataSheet.pdf @ 2026-09-30T20:25:24Z,iron,MAS core reference T60-26,1.328645,"ECB euro reference rates 2026-09-30 (extra/ecb.xml, fetched 2026-09-30T20:12:47Z)",0.4385
"Power Magnetics Ltd (powermagneticsstore.co.uk, UK; Micrometals authorized distributor)",distributor web shop product page (Magento tier prices),Micrometals,T60-26D,T60-26D,Mix 26,powder: iron (Micrometals mix),T,T60-26D,per piece (toroid),"product page title ""T 60-26D Micrometals Iron Powder Toroid""",GBP,1,0.95,1,0,1,in,T 60-26D Micrometals Iron Powder Toroid,https://powermagneticsstore.co.uk/shop/t-60-26d-micrometals-iron-powder-toroid.html,,2026-09-30T22:18:14Z,1400.0,Micrometals datasheet,9.8,"Micrometals datasheet ""Mass (approximate)"" (part T60-26D)",https://datasheets.micrometals.com/T60-26D-DataSheet.pdf @ 2026-09-30T22:32:55Z,iron,MAS core reference T60-26D,1.328645,"ECB euro reference rates 2026-09-30 (extra/ecb.xml, fetched 2026-09-30T20:12:47Z)",1.2622
"Power Magnetics Ltd (powermagneticsstore.co.uk, UK; Micrometals authorized distributor)",distributor web shop product page (Magento tier prices),Micrometals,T60-26D,T60-26D,Mix 26,powder: iron (Micrometals mix),T,T60-26D,per piece (toroid),"product page title ""T 60-26D Micrometals Iron Powder Toroid""",GBP,10,0.68,0,0,1,in,T 60-26D Micrometals Iron Powder Toroid,https://powermagneticsstore.co.uk/shop/t-60-26d-micrometals-iron-powder-toroid.html,,2026-09-30T22:18:14Z,1400.0,Micrometals datasheet,9.8,"Micrometals datasheet ""Mass (approximate)"" (part T60-26D)",https://datasheets.micrometals.com/T60-26D-DataSheet.pdf @ 2026-09-30T22:32:55Z,iron,MAS core reference T60-26D,1.328645,"ECB euro reference rates 2026-09-30 (extra/ecb.xml, fetched 2026-09-30T20:12:47Z)",0.9035
"Power Magnetics Ltd (powermagneticsstore.co.uk, UK; Micrometals authorized distributor)",distributor web shop product page (Magento tier prices),Micrometals,T60-26D,T60-26D,Mix 26,powder: iron (Micrometals mix),T,T60-26D,per piece (toroid),"product page title ""T 60-26D Micrometals Iron Powder Toroid""",GBP,50,0.5,0,1,1,in,T 60-26D Micrometals Iron Powder Toroid,https://powermagneticsstore.co.uk/shop/t-60-26d-micrometals-iron-powder-toroid.html,,2026-09-30T22:18:14Z,1400.0,Micrometals datasheet,9.8,"Micrometals datasheet ""Mass (approximate)"" (part T60-26D)",https://datasheets.micrometals.com/T60-26D-DataSheet.pdf @ 2026-09-30T22:32:55Z,iron,MAS core reference T60-26D,1.328645,"ECB euro reference rates 2026-09-30 (extra/ecb.xml, fetched 2026-09-30T20:12:47Z)",0.6643
"Power Magnetics Ltd (powermagneticsstore.co.uk, UK; Micrometals authorized distributor)",distributor web shop product page (Magento tier prices),Micrometals,T650-52,T650-52,Mix 52,powder: iron (Micrometals mix),T,T650-52,per piece (toroid),"product page title ""T650-52 Micrometals Iron Powder Toroid""",GBP,1,105.36,1,0,1,in,T650-52 Micrometals Iron Powder Toroid,https://powermagneticsstore.co.uk/shop/t650-52-micrometals-iron-powder-toroid.html,,2026-09-30T22:18:17Z,734000.0,Micrometals datasheet,5140.0,"Micrometals datasheet ""Mass (approximate)"" (part T650-52)",https://datasheets.micrometals.com/T650-52-DataSheet.pdf @ 2026-09-30T22:33:06Z,iron,MAS core reference T650-52,1.328645,"ECB euro reference rates 2026-09-30 (extra/ecb.xml, fetched 2026-09-30T20:12:47Z)",139.9861
"Power Magnetics Ltd (powermagneticsstore.co.uk, UK; Micrometals authorized distributor)",distributor web shop product page (Magento tier prices),Micrometals,T650-52,T650-52,Mix 52,powder: iron (Micrometals mix),T,T650-52,per piece (toroid),"product page title ""T650-52 Micrometals Iron Powder Toroid""",GBP,10,74.63,0,0,1,in,T650-52 Micrometals Iron Powder Toroid,https://powermagneticsstore.co.uk/shop/t650-52-micrometals-iron-powder-toroid.html,,2026-09-30T22:18:17Z,734000.0,Micrometals datasheet,5140.0,"Micrometals datasheet ""Mass (approximate)"" (part T650-52)",https://datasheets.micrometals.com/T650-52-DataSheet.pdf @ 2026-09-30T22:33:06Z,iron,MAS core reference T650-52,1.328645,"ECB euro reference rates 2026-09-30 (extra/ecb.xml, fetched 2026-09-30T20:12:47Z)",99.1568
"Power Magnetics Ltd (powermagneticsstore.co.uk, UK; Micrometals authorized distributor)",distributor web shop product page (Magento tier prices),Micrometals,T650-52,T650-52,Mix 52,powder: iron (Micrometals mix),T,T650-52,per piece (toroid),"product page title ""T650-52 Micrometals Iron Powder Toroid""",GBP,50,63.97,0,1,1,in,T650-52 Micrometals Iron Powder Toroid,https://powermagneticsstore.co.uk/shop/t650-52-micrometals-iron-powder-toroid.html,,2026-09-30T22:18:17Z,734000.0,Micrometals datasheet,5140.0,"Micrometals datasheet ""Mass (approximate)"" (part T650-52)",https://datasheets.micrometals.com/T650-52-DataSheet.pdf @ 2026-09-30T22:33:06Z,iron,MAS core reference T650-52,1.328645,"ECB euro reference rates 2026-09-30 (extra/ecb.xml, fetched 2026-09-30T20:12:47Z)",84.9934
"Power Magnetics Ltd (powermagneticsstore.co.uk, UK; Micrometals authorized distributor)",distributor web shop product page (Magento tier prices),Micrometals,T650-63,T650-63,Mix 63,powder: iron (Micrometals mix),T,T650-63,per piece (toroid),"product page title ""T650-63 Micrometals Iron Powder Toroid""",GBP,1,256.51,1,0,1,in,T650-63 Micrometals Iron Powder Toroid,https://powermagneticsstore.co.uk/shop/t650-63-micrometals-iron-powder-toroid.html,,2026-09-30T22:18:18Z,734000.0,Micrometals datasheet,4330.0,"Micrometals datasheet ""Mass (approximate)"" (part T650-63)",https://datasheets.micrometals.com/T650-63-DataSheet.pdf @ 2026-09-30T22:33:08Z,iron,MAS core reference T650-63,1.328645,"ECB euro reference rates 2026-09-30 (extra/ecb.xml, fetched 2026-09-30T20:12:47Z)",340.8108
"Power Magnetics Ltd (powermagneticsstore.co.uk, UK; Micrometals authorized distributor)",distributor web shop product page (Magento tier prices),Micrometals,T650-63,T650-63,Mix 63,powder: iron (Micrometals mix),T,T650-63,per piece (toroid),"product page title ""T650-63 Micrometals Iron Powder Toroid""",GBP,10,181.69,0,0,1,in,T650-63 Micrometals Iron Powder Toroid,https://powermagneticsstore.co.uk/shop/t650-63-micrometals-iron-powder-toroid.html,,2026-09-30T22:18:18Z,734000.0,Micrometals datasheet,4330.0,"Micrometals datasheet ""Mass (approximate)"" (part T650-63)",https://datasheets.micrometals.com/T650-63-DataSheet.pdf @ 2026-09-30T22:33:08Z,iron,MAS core reference T650-63,1.328645,"ECB euro reference rates 2026-09-30 (extra/ecb.xml, fetched 2026-09-30T20:12:47Z)",241.4015
"Power Magnetics Ltd (powermagneticsstore.co.uk, UK; Micrometals authorized distributor)",distributor web shop product page (Magento tier prices),Micrometals,T650-63,T650-63,Mix 63,powder: iron (Micrometals mix),T,T650-63,per piece (toroid),"product page title ""T650-63 Micrometals Iron Powder Toroid""",GBP,50,155.74,0,1,1,in,T650-63 Micrometals Iron Powder Toroid,https://powermagneticsstore.co.uk/shop/t650-63-micrometals-iron-powder-toroid.html,,2026-09-30T22:18:18Z,734000.0,Micrometals datasheet,4330.0,"Micrometals datasheet ""Mass (approximate)"" (part T650-63)",https://datasheets.micrometals.com/T650-63-DataSheet.pdf @ 2026-09-30T22:33:08Z,iron,MAS core reference T650-63,1.328645,"ECB euro reference rates 2026-09-30 (extra/ecb.xml, fetched 2026-09-30T20:12:47Z)",206.9232
"Power Magnetics Ltd (powermagneticsstore.co.uk, UK; Micrometals authorized distributor)",distributor web shop product page (Magento tier prices),Micrometals,T68-26,T68-26,Mix 26,powder: iron (Micrometals mix),T,T68-26,per piece (toroid),"product page title ""T 68-26 Micrometals Iron Powder Toroid""",GBP,1,0.41,1,0,1,in,T 68-26 Micrometals Iron Powder Toroid,https://powermagneticsstore.co.uk/shop/t-68-26-micrometals-iron-powder-toroid.html,,2026-09-30T22:18:21Z,759.0,Micrometals datasheet,5.3,"Micrometals datasheet ""Mass (approximate)"" (part T68-26)",https://datasheets.micrometals.com/T68-26-DataSheet.pdf @ 2026-09-30T20:25:50Z,iron,MAS core reference T68-26,1.328645,"ECB euro reference rates 2026-09-30 (extra/ecb.xml, fetched 2026-09-30T20:12:47Z)",0.5447
"Power Magnetics Ltd (powermagneticsstore.co.uk, UK; Micrometals authorized distributor)",distributor web shop product page (Magento tier prices),Micrometals,T68-26,T68-26,Mix 26,powder: iron (Micrometals mix),T,T68-26,per piece (toroid),"product page title ""T 68-26 Micrometals Iron Powder Toroid""",GBP,10,0.28,0,0,1,in,T 68-26 Micrometals Iron Powder Toroid,https://powermagneticsstore.co.uk/shop/t-68-26-micrometals-iron-powder-toroid.html,,2026-09-30T22:18:21Z,759.0,Micrometals datasheet,5.3,"Micrometals datasheet ""Mass (approximate)"" (part T68-26)",https://datasheets.micrometals.com/T68-26-DataSheet.pdf @ 2026-09-30T20:25:50Z,iron,MAS core reference T68-26,1.328645,"ECB euro reference rates 2026-09-30 (extra/ecb.xml, fetched 2026-09-30T20:12:47Z)",0.372
"Power Magnetics Ltd (powermagneticsstore.co.uk, UK; Micrometals authorized distributor)",distributor web shop product page (Magento tier prices),Micrometals,T68-26,T68-26,Mix 26,powder: iron (Micrometals mix),T,T68-26,per piece (toroid),"product page title ""T 68-26 Micrometals Iron Powder Toroid""",GBP,50,0.22,0,1,1,in,T 68-26 Micrometals Iron Powder Toroid,https://powermagneticsstore.co.uk/shop/t-68-26-micrometals-iron-powder-toroid.html,,2026-09-30T22:18:21Z,759.0,Micrometals datasheet,5.3,"Micrometals datasheet ""Mass (approximate)"" (part T68-26)",https://datasheets.micrometals.com/T68-26-DataSheet.pdf @ 2026-09-30T20:25:50Z,iron,MAS core reference T68-26,1.328645,"ECB euro reference rates 2026-09-30 (extra/ecb.xml, fetched 2026-09-30T20:12:47Z)",0.2923
"Power Magnetics Ltd (powermagneticsstore.co.uk, UK; Micrometals authorized distributor)",distributor web shop product page (Magento tier prices),Micrometals,T68-26A,T68-26A,Mix 26,powder: iron (Micrometals mix),T,T68-26A,per piece (toroid),"product page title ""T 68-26A- Micrometals Iron Powder Toroid""",GBP,1,0.45,1,0,1,in,T 68-26A- Micrometals Iron Powder Toroid,https://powermagneticsstore.co.uk/shop/t-68-26a-micrometals-iron-powder-toroid.html,,2026-09-30T22:18:23Z,1030.0,Micrometals datasheet,7.2,"Micrometals datasheet ""Mass (approximate)"" (part T68-26A)",https://datasheets.micrometals.com/T68-26A-DataSheet.pdf @ 2026-09-30T22:33:11Z,iron,MAS core reference T68-26A,1.328645,"ECB euro reference rates 2026-09-30 (extra/ecb.xml, fetched 2026-09-30T20:12:47Z)",0.5979
"Power Magnetics Ltd (powermagneticsstore.co.uk, UK; Micrometals authorized distributor)",distributor web shop product page (Magento tier prices),Micrometals,T68-26A,T68-26A,Mix 26,powder: iron (Micrometals mix),T,T68-26A,per piece (toroid),"product page title ""T 68-26A- Micrometals Iron Powder Toroid""",GBP,10,0.31,0,0,1,in,T 68-26A- Micrometals Iron Powder Toroid,https://powermagneticsstore.co.uk/shop/t-68-26a-micrometals-iron-powder-toroid.html,,2026-09-30T22:18:23Z,1030.0,Micrometals datasheet,7.2,"Micrometals datasheet ""Mass (approximate)"" (part T68-26A)",https://datasheets.micrometals.com/T68-26A-DataSheet.pdf @ 2026-09-30T22:33:11Z,iron,MAS core reference T68-26A,1.328645,"ECB euro reference rates 2026-09-30 (extra/ecb.xml, fetched 2026-09-30T20:12:47Z)",0.4119
"Power Magnetics Ltd (powermagneticsstore.co.uk, UK; Micrometals authorized distributor)",distributor web shop product page (Magento tier prices),Micrometals,T68-26A,T68-26A,Mix 26,powder: iron (Micrometals mix),T,T68-26A,per piece (toroid),"product page title ""T 68-26A- Micrometals Iron Powder Toroid""",GBP,50,0.24,0,1,1,in,T 68-26A- Micrometals Iron Powder Toroid,https://powermagneticsstore.co.uk/shop/t-68-26a-micrometals-iron-powder-toroid.html,,2026-09-30T22:18:23Z,1030.0,Micrometals datasheet,7.2,"Micrometals datasheet ""Mass (approximate)"" (part T68-26A)",https://datasheets.micrometals.com/T68-26A-DataSheet.pdf @ 2026-09-30T22:33:11Z,iron,MAS core reference T68-26A,1.328645,"ECB euro reference rates 2026-09-30 (extra/ecb.xml, fetched 2026-09-30T20:12:47Z)",0.3189
"Power Magnetics Ltd (powermagneticsstore.co.uk, UK; Micrometals authorized distributor)",distributor web shop product page (Magento tier prices),Micrometals,T68-26D,T68-26D,Mix 26,powder: iron (Micrometals mix),T,T68-26D,per piece (toroid),"product page title ""T 68-26D- Micrometals Iron Powder Toroid""",GBP,1,0.66,1,0,1,in,T 68-26D- Micrometals Iron Powder Toroid,https://powermagneticsstore.co.uk/shop/t-68-26d-micrometals-iron-powder-toroid.html,,2026-09-30T22:18:26Z,1520.0,Micrometals datasheet,11.0,"Micrometals datasheet ""Mass (approximate)"" (part T68-26D)",https://datasheets.micrometals.com/T68-26D-DataSheet.pdf @ 2026-09-30T22:33:14Z,iron,MAS core reference T68-26D,1.328645,"ECB euro reference rates 2026-09-30 (extra/ecb.xml, fetched 2026-09-30T20:12:47Z)",0.8769
"Power Magnetics Ltd (powermagneticsstore.co.uk, UK; Micrometals authorized distributor)",distributor web shop product page (Magento tier prices),Micrometals,T68-26D,T68-26D,Mix 26,powder: iron (Micrometals mix),T,T68-26D,per piece (toroid),"product page title ""T 68-26D- Micrometals Iron Powder Toroid""",GBP,10,0.45,0,0,1,in,T 68-26D- Micrometals Iron Powder Toroid,https://powermagneticsstore.co.uk/shop/t-68-26d-micrometals-iron-powder-toroid.html,,2026-09-30T22:18:26Z,1520.0,Micrometals datasheet,11.0,"Micrometals datasheet ""Mass (approximate)"" (part T68-26D)",https://datasheets.micrometals.com/T68-26D-DataSheet.pdf @ 2026-09-30T22:33:14Z,iron,MAS core reference T68-26D,1.328645,"ECB euro reference rates 2026-09-30 (extra/ecb.xml, fetched 2026-09-30T20:12:47Z)",0.5979
"Power Magnetics Ltd (powermagneticsstore.co.uk, UK; Micrometals authorized distributor)",distributor web shop product page (Magento tier prices),Micrometals,T68-26D,T68-26D,Mix 26,powder: iron (Micrometals mix),T,T68-26D,per piece (toroid),"product page title ""T 68-26D- Micrometals Iron Powder Toroid""",GBP,50,0.35,0,1,1,in,T 68-26D- Micrometals Iron Powder Toroid,https://powermagneticsstore.co.uk/shop/t-68-26d-micrometals-iron-powder-toroid.html,,2026-09-30T22:18:26Z,1520.0,Micrometals datasheet,11.0,"Micrometals datasheet ""Mass (approximate)"" (part T68-26D)",https://datasheets.micrometals.com/T68-26D-DataSheet.pdf @ 2026-09-30T22:33:14Z,iron,MAS core reference T68-26D,1.328645,"ECB euro reference rates 2026-09-30 (extra/ecb.xml, fetched 2026-09-30T20:12:47Z)",0.465
"Power Magnetics Ltd (powermagneticsstore.co.uk, UK; Micrometals authorized distributor)",distributor web shop product page (Magento tier prices),Micrometals,T68-40,T68-40,Mix 40,powder: iron (Micrometals mix),T,T68-40,per piece (toroid),"product page title ""T 68-40 Micrometals Iron Powder Toroid""",GBP,1,0.41,1,0,1,in,T 68-40 Micrometals Iron Powder Toroid,https://powermagneticsstore.co.uk/shop/t-68-40-micrometals-iron-powder-toroid.html,,2026-09-30T22:18:29Z,759.0,Micrometals datasheet,5.2,"Micrometals datasheet ""Mass (approximate)"" (part T68-40)",https://datasheets.micrometals.com/T68-40-DataSheet.pdf @ 2026-09-30T22:33:16Z,iron,MAS core reference T68-40,1.328645,"ECB euro reference rates 2026-09-30 (extra/ecb.xml, fetched 2026-09-30T20:12:47Z)",0.5447
"Power Magnetics Ltd (powermagneticsstore.co.uk, UK; Micrometals authorized distributor)",distributor web shop product page (Magento tier prices),Micrometals,T68-40,T68-40,Mix 40,powder: iron (Micrometals mix),T,T68-40,per piece (toroid),"product page title ""T 68-40 Micrometals Iron Powder Toroid""",GBP,10,0.28,0,0,1,in,T 68-40 Micrometals Iron Powder Toroid,https://powermagneticsstore.co.uk/shop/t-68-40-micrometals-iron-powder-toroid.html,,2026-09-30T22:18:29Z,759.0,Micrometals datasheet,5.2,"Micrometals datasheet ""Mass (approximate)"" (part T68-40)",https://datasheets.micrometals.com/T68-40-DataSheet.pdf @ 2026-09-30T22:33:16Z,iron,MAS core reference T68-40,1.328645,"ECB euro reference rates 2026-09-30 (extra/ecb.xml, fetched 2026-09-30T20:12:47Z)",0.372
"Power Magnetics Ltd (powermagneticsstore.co.uk, UK; Micrometals authorized distributor)",distributor web shop product page (Magento tier prices),Micrometals,T68-40,T68-40,Mix 40,powder: iron (Micrometals mix),T,T68-40,per piece (toroid),"product page title ""T 68-40 Micrometals Iron Powder Toroid""",GBP,50,0.22,0,1,1,in,T 68-40 Micrometals Iron Powder Toroid,https://powermagneticsstore.co.uk/shop/t-68-40-micrometals-iron-powder-toroid.html,,2026-09-30T22:18:29Z,759.0,Micrometals datasheet,5.2,"Micrometals datasheet ""Mass (approximate)"" (part T68-40)",https://datasheets.micrometals.com/T68-40-DataSheet.pdf @ 2026-09-30T22:33:16Z,iron,MAS core reference T68-40,1.328645,"ECB euro reference rates 2026-09-30 (extra/ecb.xml, fetched 2026-09-30T20:12:47Z)",0.2923
"Power Magnetics Ltd (powermagneticsstore.co.uk, UK; Micrometals authorized distributor)",distributor web shop product page (Magento tier prices),Micrometals,T68-40A,T68-40A,Mix 40,powder: iron (Micrometals mix),T,T68-40A,per piece (toroid),"product page title ""T 68-40A- Micrometals Iron Powder Toroid""",GBP,1,0.47,1,0,1,in,T 68-40A- Micrometals Iron Powder Toroid,https://powermagneticsstore.co.uk/shop/t-68-40a-micrometals-iron-powder-toroid.html,,2026-09-30T22:18:31Z,1030.0,Micrometals datasheet,7.1,"Micrometals datasheet ""Mass (approximate)"" (part T68-40A)",https://datasheets.micrometals.com/T68-40A-DataSheet.pdf @ 2026-09-30T22:33:19Z,iron,MAS core reference T68-40A,1.328645,"ECB euro reference rates 2026-09-30 (extra/ecb.xml, fetched 2026-09-30T20:12:47Z)",0.6245
"Power Magnetics Ltd (powermagneticsstore.co.uk, UK; Micrometals authorized distributor)",distributor web shop product page (Magento tier prices),Micrometals,T68-40A,T68-40A,Mix 40,powder: iron (Micrometals mix),T,T68-40A,per piece (toroid),"product page title ""T 68-40A- Micrometals Iron Powder Toroid""",GBP,10,0.32,0,0,1,in,T 68-40A- Micrometals Iron Powder Toroid,https://powermagneticsstore.co.uk/shop/t-68-40a-micrometals-iron-powder-toroid.html,,2026-09-30T22:18:31Z,1030.0,Micrometals datasheet,7.1,"Micrometals datasheet ""Mass (approximate)"" (part T68-40A)",https://datasheets.micrometals.com/T68-40A-DataSheet.pdf @ 2026-09-30T22:33:19Z,iron,MAS core reference T68-40A,1.328645,"ECB euro reference rates 2026-09-30 (extra/ecb.xml, fetched 2026-09-30T20:12:47Z)",0.4252
"Power Magnetics Ltd (powermagneticsstore.co.uk, UK; Micrometals authorized distributor)",distributor web shop product page (Magento tier prices),Micrometals,T68-40A,T68-40A,Mix 40,powder: iron (Micrometals mix),T,T68-40A,per piece (toroid),"product page title ""T 68-40A- Micrometals Iron Powder Toroid""",GBP,50,0.26,0,1,1,in,T 68-40A- Micrometals Iron Powder Toroid,https://powermagneticsstore.co.uk/shop/t-68-40a-micrometals-iron-powder-toroid.html,,2026-09-30T22:18:31Z,1030.0,Micrometals datasheet,7.1,"Micrometals datasheet ""Mass (approximate)"" (part T68-40A)",https://datasheets.micrometals.com/T68-40A-DataSheet.pdf @ 2026-09-30T22:33:19Z,iron,MAS core reference T68-40A,1.328645,"ECB euro reference rates 2026-09-30 (extra/ecb.xml, fetched 2026-09-30T20:12:47Z)",0.3454
"Power Magnetics Ltd (powermagneticsstore.co.uk, UK; Micrometals authorized distributor)",distributor web shop product page (Magento tier prices),Micrometals,T68-40D,T68-40D,Mix 40,powder: iron (Micrometals mix),T,T68-40D,per piece (toroid),"product page title ""T 68-40D- Micrometals Iron Powder Toroid""",GBP,1,0.91,1,0,1,in,T 68-40D- Micrometals Iron Powder Toroid,https://powermagneticsstore.co.uk/shop/t-68-40d-micrometals-iron-powder-toroid.html,,2026-09-30T22:18:34Z,1520.0,Micrometals datasheet,10.0,"Micrometals datasheet ""Mass (approximate)"" (part T68-40D)",https://datasheets.micrometals.com/T68-40D-DataSheet.pdf @ 2026-09-30T22:33:22Z,iron,MAS core reference T68-40D,1.328645,"ECB euro reference rates 2026-09-30 (extra/ecb.xml, fetched 2026-09-30T20:12:47Z)",1.2091
"Power Magnetics Ltd (powermagneticsstore.co.uk, UK; Micrometals authorized distributor)",distributor web shop product page (Magento tier prices),Micrometals,T68-40D,T68-40D,Mix 40,powder: iron (Micrometals mix),T,T68-40D,per piece (toroid),"product page title ""T 68-40D- Micrometals Iron Powder Toroid""",GBP,10,0.64,0,0,1,in,T 68-40D- Micrometals Iron Powder Toroid,https://powermagneticsstore.co.uk/shop/t-68-40d-micrometals-iron-powder-toroid.html,,2026-09-30T22:18:34Z,1520.0,Micrometals datasheet,10.0,"Micrometals datasheet ""Mass (approximate)"" (part T68-40D)",https://datasheets.micrometals.com/T68-40D-DataSheet.pdf @ 2026-09-30T22:33:22Z,iron,MAS core reference T68-40D,1.328645,"ECB euro reference rates 2026-09-30 (extra/ecb.xml, fetched 2026-09-30T20:12:47Z)",0.8503
"Power Magnetics Ltd (powermagneticsstore.co.uk, UK; Micrometals authorized distributor)",distributor web shop product page (Magento tier prices),Micrometals,T68-40D,T68-40D,Mix 40,powder: iron (Micrometals mix),T,T68-40D,per piece (toroid),"product page title ""T 68-40D- Micrometals Iron Powder Toroid""",GBP,50,0.51,0,1,1,in,T 68-40D- Micrometals Iron Powder Toroid,https://powermagneticsstore.co.uk/shop/t-68-40d-micrometals-iron-powder-toroid.html,,2026-09-30T22:18:34Z,1520.0,Micrometals datasheet,10.0,"Micrometals datasheet ""Mass (approximate)"" (part T68-40D)",https://datasheets.micrometals.com/T68-40D-DataSheet.pdf @ 2026-09-30T22:33:22Z,iron,MAS core reference T68-40D,1.328645,"ECB euro reference rates 2026-09-30 (extra/ecb.xml, fetched 2026-09-30T20:12:47Z)",0.6776
"Power Magnetics Ltd (powermagneticsstore.co.uk, UK; Micrometals authorized distributor)",distributor web shop product page (Magento tier prices),Micrometals,T68-52,T68-52,Mix 52,powder: iron (Micrometals mix),T,T68-52,per piece (toroid),"product page title ""T 68-52 Micrometals Iron Powder Toroid""",GBP,1,0.43,1,0,1,in,T 68-52 Micrometals Iron Powder Toroid,https://powermagneticsstore.co.uk/shop/t-68-52-micrometals-iron-powder-toroid.html,,2026-09-30T22:18:37Z,759.0,Micrometals datasheet,5.3,"Micrometals datasheet ""Mass (approximate)"" (part T68-52)",https://datasheets.micrometals.com/T68-52-DataSheet.pdf @ 2026-09-30T20:25:56Z,iron,MAS core reference T68-52,1.328645,"ECB euro reference rates 2026-09-30 (extra/ecb.xml, fetched 2026-09-30T20:12:47Z)",0.5713
"Power Magnetics Ltd (powermagneticsstore.co.uk, UK; Micrometals authorized distributor)",distributor web shop product page (Magento tier prices),Micrometals,T68-52,T68-52,Mix 52,powder: iron (Micrometals mix),T,T68-52,per piece (toroid),"product page title ""T 68-52 Micrometals Iron Powder Toroid""",GBP,10,0.29,0,0,1,in,T 68-52 Micrometals Iron Powder Toroid,https://powermagneticsstore.co.uk/shop/t-68-52-micrometals-iron-powder-toroid.html,,2026-09-30T22:18:37Z,759.0,Micrometals datasheet,5.3,"Micrometals datasheet ""Mass (approximate)"" (part T68-52)",https://datasheets.micrometals.com/T68-52-DataSheet.pdf @ 2026-09-30T20:25:56Z,iron,MAS core reference T68-52,1.328645,"ECB euro reference rates 2026-09-30 (extra/ecb.xml, fetched 2026-09-30T20:12:47Z)",0.3853
"Power Magnetics Ltd (powermagneticsstore.co.uk, UK; Micrometals authorized distributor)",distributor web shop product page (Magento tier prices),Micrometals,T68-52,T68-52,Mix 52,powder: iron (Micrometals mix),T,T68-52,per piece (toroid),"product page title ""T 68-52 Micrometals Iron Powder Toroid""",GBP,50,0.23,0,1,1,in,T 68-52 Micrometals Iron Powder Toroid,https://powermagneticsstore.co.uk/shop/t-68-52-micrometals-iron-powder-toroid.html,,2026-09-30T22:18:37Z,759.0,Micrometals datasheet,5.3,"Micrometals datasheet ""Mass (approximate)"" (part T68-52)",https://datasheets.micrometals.com/T68-52-DataSheet.pdf @ 2026-09-30T20:25:56Z,iron,MAS core reference T68-52,1.328645,"ECB euro reference rates 2026-09-30 (extra/ecb.xml, fetched 2026-09-30T20:12:47Z)",0.3056
"Power Magnetics Ltd (powermagneticsstore.co.uk, UK; Micrometals authorized distributor)",distributor web shop product page (Magento tier prices),Micrometals,T68-52A,T68-52A,Mix 52,powder: iron (Micrometals mix),T,T68-52A,per piece (toroid),"product page title ""T 68-52A- Micrometals Iron Powder Toroid""",GBP,1,0.47,1,0,1,in,T 68-52A- Micrometals Iron Powder Toroid,https://powermagneticsstore.co.uk/shop/t-68-52a-micrometals-iron-powder-toroid.html,,2026-09-30T22:18:40Z,1030.0,Micrometals datasheet,7.2,"Micrometals datasheet ""Mass (approximate)"" (part T68-52A)",https://datasheets.micrometals.com/T68-52A-DataSheet.pdf @ 2026-09-30T22:33:25Z,iron,MAS core reference T68-52A,1.328645,"ECB euro reference rates 2026-09-30 (extra/ecb.xml, fetched 2026-09-30T20:12:47Z)",0.6245
"Power Magnetics Ltd (powermagneticsstore.co.uk, UK; Micrometals authorized distributor)",distributor web shop product page (Magento tier prices),Micrometals,T68-52A,T68-52A,Mix 52,powder: iron (Micrometals mix),T,T68-52A,per piece (toroid),"product page title ""T 68-52A- Micrometals Iron Powder Toroid""",GBP,10,0.32,0,0,1,in,T 68-52A- Micrometals Iron Powder Toroid,https://powermagneticsstore.co.uk/shop/t-68-52a-micrometals-iron-powder-toroid.html,,2026-09-30T22:18:40Z,1030.0,Micrometals datasheet,7.2,"Micrometals datasheet ""Mass (approximate)"" (part T68-52A)",https://datasheets.micrometals.com/T68-52A-DataSheet.pdf @ 2026-09-30T22:33:25Z,iron,MAS core reference T68-52A,1.328645,"ECB euro reference rates 2026-09-30 (extra/ecb.xml, fetched 2026-09-30T20:12:47Z)",0.4252
"Power Magnetics Ltd (powermagneticsstore.co.uk, UK; Micrometals authorized distributor)",distributor web shop product page (Magento tier prices),Micrometals,T68-52A,T68-52A,Mix 52,powder: iron (Micrometals mix),T,T68-52A,per piece (toroid),"product page title ""T 68-52A- Micrometals Iron Powder Toroid""",GBP,50,0.25,0,1,1,in,T 68-52A- Micrometals Iron Powder Toroid,https://powermagneticsstore.co.uk/shop/t-68-52a-micrometals-iron-powder-toroid.html,,2026-09-30T22:18:40Z,1030.0,Micrometals datasheet,7.2,"Micrometals datasheet ""Mass (approximate)"" (part T68-52A)",https://datasheets.micrometals.com/T68-52A-DataSheet.pdf @ 2026-09-30T22:33:25Z,iron,MAS core reference T68-52A,1.328645,"ECB euro reference rates 2026-09-30 (extra/ecb.xml, fetched 2026-09-30T20:12:47Z)",0.3322
"Power Magnetics Ltd (powermagneticsstore.co.uk, UK; Micrometals authorized distributor)",distributor web shop product page (Magento tier prices),Micrometals,T68-52D,T68-52D,Mix 52,powder: iron (Micrometals mix),T,T68-52D,per piece (toroid),"product page title ""T68-52D- Micrometals Iron Powder Toroid""",GBP,1,0.69,1,0,1,in,T68-52D- Micrometals Iron Powder Toroid,https://powermagneticsstore.co.uk/shop/t68-52d-micrometals-iron-powder-toroid.html,,2026-09-30T22:18:42Z,1520.0,Micrometals datasheet,11.0,"Micrometals datasheet ""Mass (approximate)"" (part T68-52D)",https://datasheets.micrometals.com/T68-52D-DataSheet.pdf @ 2026-09-30T22:33:28Z,iron,MAS core reference T68-52D,1.328645,"ECB euro reference rates 2026-09-30 (extra/ecb.xml, fetched 2026-09-30T20:12:47Z)",0.9168
"Power Magnetics Ltd (powermagneticsstore.co.uk, UK; Micrometals authorized distributor)",distributor web shop product page (Magento tier prices),Micrometals,T68-52D,T68-52D,Mix 52,powder: iron (Micrometals mix),T,T68-52D,per piece (toroid),"product page title ""T68-52D- Micrometals Iron Powder Toroid""",GBP,10,0.47,0,0,1,in,T68-52D- Micrometals Iron Powder Toroid,https://powermagneticsstore.co.uk/shop/t68-52d-micrometals-iron-powder-toroid.html,,2026-09-30T22:18:42Z,1520.0,Micrometals datasheet,11.0,"Micrometals datasheet ""Mass (approximate)"" (part T68-52D)",https://datasheets.micrometals.com/T68-52D-DataSheet.pdf @ 2026-09-30T22:33:28Z,iron,MAS core reference T68-52D,1.328645,"ECB euro reference rates 2026-09-30 (extra/ecb.xml, fetched 2026-09-30T20:12:47Z)",0.6245
"Power Magnetics Ltd (powermagneticsstore.co.uk, UK; Micrometals authorized distributor)",distributor web shop product page (Magento tier prices),Micrometals,T68-52D,T68-52D,Mix 52,powder: iron (Micrometals mix),T,T68-52D,per piece (toroid),"product page title ""T68-52D- Micrometals Iron Powder Toroid""",GBP,50,0.37,0,1,1,in,T68-52D- Micrometals Iron Powder Toroid,https://powermagneticsstore.co.uk/shop/t68-52d-micrometals-iron-powder-toroid.html,,2026-09-30T22:18:42Z,1520.0,Micrometals datasheet,11.0,"Micrometals datasheet ""Mass (approximate)"" (part T68-52D)",https://datasheets.micrometals.com/T68-52D-DataSheet.pdf @ 2026-09-30T22:33:28Z,iron,MAS core reference T68-52D,1.328645,"ECB euro reference rates 2026-09-30 (extra/ecb.xml, fetched 2026-09-30T20:12:47Z)",0.4916
"Power Magnetics Ltd (powermagneticsstore.co.uk, UK; Micrometals authorized distributor)",distributor web shop product page (Magento tier prices),Micrometals,T68-70A,T68-70A,Mix 70,powder: iron (Micrometals mix),T,T68-70A,per piece (toroid),"product page title ""T 68-70A Micrometals Iron Powder Toroid""",GBP,1,2.3,1,0,1,in,T 68-70A Micrometals Iron Powder Toroid,https://powermagneticsstore.co.uk/shop/t-68-70a-micrometals-iron-powder-toroid.html,,2026-09-30T22:18:45Z,1030.0,Micrometals datasheet,7.6,"Micrometals datasheet ""Mass (approximate)"" (part T68-70A)",https://datasheets.micrometals.com/T68-70A-DataSheet.pdf @ 2026-09-30T22:33:31Z,iron,MAS core reference T68-70A,1.328645,"ECB euro reference rates 2026-09-30 (extra/ecb.xml, fetched 2026-09-30T20:12:47Z)",3.0559
"Power Magnetics Ltd (powermagneticsstore.co.uk, UK; Micrometals authorized distributor)",distributor web shop product page (Magento tier prices),Micrometals,T68-70A,T68-70A,Mix 70,powder: iron (Micrometals mix),T,T68-70A,per piece (toroid),"product page title ""T 68-70A Micrometals Iron Powder Toroid""",GBP,10,1.57,0,0,1,in,T 68-70A Micrometals Iron Powder Toroid,https://powermagneticsstore.co.uk/shop/t-68-70a-micrometals-iron-powder-toroid.html,,2026-09-30T22:18:45Z,1030.0,Micrometals datasheet,7.6,"Micrometals datasheet ""Mass (approximate)"" (part T68-70A)",https://datasheets.micrometals.com/T68-70A-DataSheet.pdf @ 2026-09-30T22:33:31Z,iron,MAS core reference T68-70A,1.328645,"ECB euro reference rates 2026-09-30 (extra/ecb.xml, fetched 2026-09-30T20:12:47Z)",2.086
"Power Magnetics Ltd (powermagneticsstore.co.uk, UK; Micrometals authorized distributor)",distributor web shop product page (Magento tier prices),Micrometals,T68-70A,T68-70A,Mix 70,powder: iron (Micrometals mix),T,T68-70A,per piece (toroid),"product page title ""T 68-70A Micrometals Iron Powder Toroid""",GBP,50,1.23,0,1,1,in,T 68-70A Micrometals Iron Powder Toroid,https://powermagneticsstore.co.uk/shop/t-68-70a-micrometals-iron-powder-toroid.html,,2026-09-30T22:18:45Z,1030.0,Micrometals datasheet,7.6,"Micrometals datasheet ""Mass (approximate)"" (part T68-70A)",https://datasheets.micrometals.com/T68-70A-DataSheet.pdf @ 2026-09-30T22:33:31Z,iron,MAS core reference T68-70A,1.328645,"ECB euro reference rates 2026-09-30 (extra/ecb.xml, fetched 2026-09-30T20:12:47Z)",1.6342
"Power Magnetics Ltd (powermagneticsstore.co.uk, UK; Micrometals authorized distributor)",distributor web shop product page (Magento tier prices),Micrometals,T72-26,T72-26,Mix 26,powder: iron (Micrometals mix),T,T72-26,per piece (toroid),"product page title ""T 72-26 Micrometals Iron Powder Toroid""",GBP,1,0.6,1,0,1,in,T 72-26 Micrometals Iron Powder Toroid,https://powermagneticsstore.co.uk/shop/t-72-26-micrometals-iron-powder-toroid.html,,2026-09-30T22:18:48Z,1400.0,Micrometals datasheet,9.8,"Micrometals datasheet ""Mass (approximate)"" (part T72-26)",https://datasheets.micrometals.com/T72-26-DataSheet.pdf @ 2026-09-30T22:33:34Z,iron,MAS core reference T72-26,1.328645,"ECB euro reference rates 2026-09-30 (extra/ecb.xml, fetched 2026-09-30T20:12:47Z)",0.7972
"Power Magnetics Ltd (powermagneticsstore.co.uk, UK; Micrometals authorized distributor)",distributor web shop product page (Magento tier prices),Micrometals,T72-26,T72-26,Mix 26,powder: iron (Micrometals mix),T,T72-26,per piece (toroid),"product page title ""T 72-26 Micrometals Iron Powder Toroid""",GBP,10,0.41,0,0,1,in,T 72-26 Micrometals Iron Powder Toroid,https://powermagneticsstore.co.uk/shop/t-72-26-micrometals-iron-powder-toroid.html,,2026-09-30T22:18:48Z,1400.0,Micrometals datasheet,9.8,"Micrometals datasheet ""Mass (approximate)"" (part T72-26)",https://datasheets.micrometals.com/T72-26-DataSheet.pdf @ 2026-09-30T22:33:34Z,iron,MAS core reference T72-26,1.328645,"ECB euro reference rates 2026-09-30 (extra/ecb.xml, fetched 2026-09-30T20:12:47Z)",0.5447
"Power Magnetics Ltd (powermagneticsstore.co.uk, UK; Micrometals authorized distributor)",distributor web shop product page (Magento tier prices),Micrometals,T72-26,T72-26,Mix 26,powder: iron (Micrometals mix),T,T72-26,per piece (toroid),"product page title ""T 72-26 Micrometals Iron Powder Toroid""",GBP,50,0.32,0,1,1,in,T 72-26 Micrometals Iron Powder Toroid,https://powermagneticsstore.co.uk/shop/t-72-26-micrometals-iron-powder-toroid.html,,2026-09-30T22:18:48Z,1400.0,Micrometals datasheet,9.8,"Micrometals datasheet ""Mass (approximate)"" (part T72-26)",https://datasheets.micrometals.com/T72-26-DataSheet.pdf @ 2026-09-30T22:33:34Z,iron,MAS core reference T72-26,1.328645,"ECB euro reference rates 2026-09-30 (extra/ecb.xml, fetched 2026-09-30T20:12:47Z)",0.4252
"Power Magnetics Ltd (powermagneticsstore.co.uk, UK; Micrometals authorized distributor)",distributor web shop product page (Magento tier prices),Micrometals,T80-26,T80-26,Mix 26,powder: iron (Micrometals mix),T,T80-26,per piece (toroid),"product page title ""T 80-26 Micrometals Iron Powder Toroid""",GBP,1,0.53,1,0,1,in,T 80-26 Micrometals Iron Powder Toroid,https://powermagneticsstore.co.uk/shop/t-80-26-micrometals-iron-powder-toroid.html,,2026-09-30T22:18:49Z,1190.0,Micrometals datasheet,8.3,"Micrometals datasheet ""Mass (approximate)"" (part T80-26)",https://datasheets.micrometals.com/T80-26-DataSheet.pdf @ 2026-09-30T20:26:48Z,iron,MAS core reference T80-26,1.328645,"ECB euro reference rates 2026-09-30 (extra/ecb.xml, fetched 2026-09-30T20:12:47Z)",0.7042
"Power Magnetics Ltd (powermagneticsstore.co.uk, UK; Micrometals authorized distributor)",distributor web shop product page (Magento tier prices),Micrometals,T80-26,T80-26,Mix 26,powder: iron (Micrometals mix),T,T80-26,per piece (toroid),"product page title ""T 80-26 Micrometals Iron Powder Toroid""",GBP,10,0.37,0,0,1,in,T 80-26 Micrometals Iron Powder Toroid,https://powermagneticsstore.co.uk/shop/t-80-26-micrometals-iron-powder-toroid.html,,2026-09-30T22:18:49Z,1190.0,Micrometals datasheet,8.3,"Micrometals datasheet ""Mass (approximate)"" (part T80-26)",https://datasheets.micrometals.com/T80-26-DataSheet.pdf @ 2026-09-30T20:26:48Z,iron,MAS core reference T80-26,1.328645,"ECB euro reference rates 2026-09-30 (extra/ecb.xml, fetched 2026-09-30T20:12:47Z)",0.4916
"Power Magnetics Ltd (powermagneticsstore.co.uk, UK; Micrometals authorized distributor)",distributor web shop product page (Magento tier prices),Micrometals,T80-26,T80-26,Mix 26,powder: iron (Micrometals mix),T,T80-26,per piece (toroid),"product page title ""T 80-26 Micrometals Iron Powder Toroid""",GBP,50,0.29,0,1,1,in,T 80-26 Micrometals Iron Powder Toroid,https://powermagneticsstore.co.uk/shop/t-80-26-micrometals-iron-powder-toroid.html,,2026-09-30T22:18:49Z,1190.0,Micrometals datasheet,8.3,"Micrometals datasheet ""Mass (approximate)"" (part T80-26)",https://datasheets.micrometals.com/T80-26-DataSheet.pdf @ 2026-09-30T20:26:48Z,iron,MAS core reference T80-26,1.328645,"ECB euro reference rates 2026-09-30 (extra/ecb.xml, fetched 2026-09-30T20:12:47Z)",0.3853
"Power Magnetics Ltd (powermagneticsstore.co.uk, UK; Micrometals authorized distributor)",distributor web shop product page (Magento tier prices),Micrometals,T80-26B,T80-26B,Mix 26,powder: iron (Micrometals mix),T,T80-26B,per piece (toroid),"product page title ""T 80-26B Micrometals Iron Powder Toroid""",GBP,1,0.67,1,0,1,in,T 80-26B Micrometals Iron Powder Toroid,https://powermagneticsstore.co.uk/shop/t-80-26b-micrometals-iron-powder-toroid.html,,2026-09-30T22:18:52Z,1780.0,Micrometals datasheet,12.0,"Micrometals datasheet ""Mass (approximate)"" (part T80-26B)",https://datasheets.micrometals.com/T80-26B-DataSheet.pdf @ 2026-09-30T22:33:37Z,iron,MAS core reference T80-26B,1.328645,"ECB euro reference rates 2026-09-30 (extra/ecb.xml, fetched 2026-09-30T20:12:47Z)",0.8902
"Power Magnetics Ltd (powermagneticsstore.co.uk, UK; Micrometals authorized distributor)",distributor web shop product page (Magento tier prices),Micrometals,T80-26B,T80-26B,Mix 26,powder: iron (Micrometals mix),T,T80-26B,per piece (toroid),"product page title ""T 80-26B Micrometals Iron Powder Toroid""",GBP,10,0.46,0,0,1,in,T 80-26B Micrometals Iron Powder Toroid,https://powermagneticsstore.co.uk/shop/t-80-26b-micrometals-iron-powder-toroid.html,,2026-09-30T22:18:52Z,1780.0,Micrometals datasheet,12.0,"Micrometals datasheet ""Mass (approximate)"" (part T80-26B)",https://datasheets.micrometals.com/T80-26B-DataSheet.pdf @ 2026-09-30T22:33:37Z,iron,MAS core reference T80-26B,1.328645,"ECB euro reference rates 2026-09-30 (extra/ecb.xml, fetched 2026-09-30T20:12:47Z)",0.6112
"Power Magnetics Ltd (powermagneticsstore.co.uk, UK; Micrometals authorized distributor)",distributor web shop product page (Magento tier prices),Micrometals,T80-26B,T80-26B,Mix 26,powder: iron (Micrometals mix),T,T80-26B,per piece (toroid),"product page title ""T 80-26B Micrometals Iron Powder Toroid""",GBP,50,0.37,0,1,1,in,T 80-26B Micrometals Iron Powder Toroid,https://powermagneticsstore.co.uk/shop/t-80-26b-micrometals-iron-powder-toroid.html,,2026-09-30T22:18:52Z,1780.0,Micrometals datasheet,12.0,"Micrometals datasheet ""Mass (approximate)"" (part T80-26B)",https://datasheets.micrometals.com/T80-26B-DataSheet.pdf @ 2026-09-30T22:33:37Z,iron,MAS core reference T80-26B,1.328645,"ECB euro reference rates 2026-09-30 (extra/ecb.xml, fetched 2026-09-30T20:12:47Z)",0.4916
"Power Magnetics Ltd (powermagneticsstore.co.uk, UK; Micrometals authorized distributor)",distributor web shop product page (Magento tier prices),Micrometals,T80-26D,T80-26D,Mix 26,powder: iron (Micrometals mix),T,T80-26D,per piece (toroid),"product page title ""T 80-26D Micrometals Iron Powder Toroid""",GBP,1,0.87,1,0,1,in,T 80-26D Micrometals Iron Powder Toroid,https://powermagneticsstore.co.uk/shop/t-80-26d-micrometals-iron-powder-toroid.html,,2026-09-30T22:18:54Z,2330.0,Micrometals datasheet,16.0,"Micrometals datasheet ""Mass (approximate)"" (part T80-26D)",https://datasheets.micrometals.com/T80-26D-DataSheet.pdf @ 2026-09-30T22:33:38Z,iron,MAS core reference T80-26D,1.328645,"ECB euro reference rates 2026-09-30 (extra/ecb.xml, fetched 2026-09-30T20:12:47Z)",1.1559
"Power Magnetics Ltd (powermagneticsstore.co.uk, UK; Micrometals authorized distributor)",distributor web shop product page (Magento tier prices),Micrometals,T80-26D,T80-26D,Mix 26,powder: iron (Micrometals mix),T,T80-26D,per piece (toroid),"product page title ""T 80-26D Micrometals Iron Powder Toroid""",GBP,10,0.61,0,0,1,in,T 80-26D Micrometals Iron Powder Toroid,https://powermagneticsstore.co.uk/shop/t-80-26d-micrometals-iron-powder-toroid.html,,2026-09-30T22:18:54Z,2330.0,Micrometals datasheet,16.0,"Micrometals datasheet ""Mass (approximate)"" (part T80-26D)",https://datasheets.micrometals.com/T80-26D-DataSheet.pdf @ 2026-09-30T22:33:38Z,iron,MAS core reference T80-26D,1.328645,"ECB euro reference rates 2026-09-30 (extra/ecb.xml, fetched 2026-09-30T20:12:47Z)",0.8105
"Power Magnetics Ltd (powermagneticsstore.co.uk, UK; Micrometals authorized distributor)",distributor web shop product page (Magento tier prices),Micrometals,T80-26D,T80-26D,Mix 26,powder: iron (Micrometals mix),T,T80-26D,per piece (toroid),"product page title ""T 80-26D Micrometals Iron Powder Toroid""",GBP,50,0.48,0,1,1,in,T 80-26D Micrometals Iron Powder Toroid,https://powermagneticsstore.co.uk/shop/t-80-26d-micrometals-iron-powder-toroid.html,,2026-09-30T22:18:54Z,2330.0,Micrometals datasheet,16.0,"Micrometals datasheet ""Mass (approximate)"" (part T80-26D)",https://datasheets.micrometals.com/T80-26D-DataSheet.pdf @ 2026-09-30T22:33:38Z,iron,MAS core reference T80-26D,1.328645,"ECB euro reference rates 2026-09-30 (extra/ecb.xml, fetched 2026-09-30T20:12:47Z)",0.6377
"Power Magnetics Ltd (powermagneticsstore.co.uk, UK; Micrometals authorized distributor)",distributor web shop product page (Magento tier prices),Micrometals,T80-40,T80-40,Mix 40,powder: iron (Micrometals mix),T,T80-40,per piece (toroid),"product page title ""T 80-40 Micrometals Iron Powder Toroid""",GBP,1,0.53,1,0,1,in,T 80-40 Micrometals Iron Powder Toroid,https://powermagneticsstore.co.uk/shop/t-80-40-micrometals-iron-powder-toroid.html,,2026-09-30T22:18:57Z,1190.0,Micrometals datasheet,8.2,"Micrometals datasheet ""Mass (approximate)"" (part T80-40)",https://datasheets.micrometals.com/T80-40-DataSheet.pdf @ 2026-09-30T22:33:41Z,iron,MAS core reference T80-40,1.328645,"ECB euro reference rates 2026-09-30 (extra/ecb.xml, fetched 2026-09-30T20:12:47Z)",0.7042
"Power Magnetics Ltd (powermagneticsstore.co.uk, UK; Micrometals authorized distributor)",distributor web shop product page (Magento tier prices),Micrometals,T80-40,T80-40,Mix 40,powder: iron (Micrometals mix),T,T80-40,per piece (toroid),"product page title ""T 80-40 Micrometals Iron Powder Toroid""",GBP,10,0.37,0,0,1,in,T 80-40 Micrometals Iron Powder Toroid,https://powermagneticsstore.co.uk/shop/t-80-40-micrometals-iron-powder-toroid.html,,2026-09-30T22:18:57Z,1190.0,Micrometals datasheet,8.2,"Micrometals datasheet ""Mass (approximate)"" (part T80-40)",https://datasheets.micrometals.com/T80-40-DataSheet.pdf @ 2026-09-30T22:33:41Z,iron,MAS core reference T80-40,1.328645,"ECB euro reference rates 2026-09-30 (extra/ecb.xml, fetched 2026-09-30T20:12:47Z)",0.4916
"Power Magnetics Ltd (powermagneticsstore.co.uk, UK; Micrometals authorized distributor)",distributor web shop product page (Magento tier prices),Micrometals,T80-40,T80-40,Mix 40,powder: iron (Micrometals mix),T,T80-40,per piece (toroid),"product page title ""T 80-40 Micrometals Iron Powder Toroid""",GBP,50,0.29,0,1,1,in,T 80-40 Micrometals Iron Powder Toroid,https://powermagneticsstore.co.uk/shop/t-80-40-micrometals-iron-powder-toroid.html,,2026-09-30T22:18:57Z,1190.0,Micrometals datasheet,8.2,"Micrometals datasheet ""Mass (approximate)"" (part T80-40)",https://datasheets.micrometals.com/T80-40-DataSheet.pdf @ 2026-09-30T22:33:41Z,iron,MAS core reference T80-40,1.328645,"ECB euro reference rates 2026-09-30 (extra/ecb.xml, fetched 2026-09-30T20:12:47Z)",0.3853
"Power Magnetics Ltd (powermagneticsstore.co.uk, UK; Micrometals authorized distributor)",distributor web shop product page (Magento tier prices),Micrometals,T80-52,T80-52,Mix 52,powder: iron (Micrometals mix),T,T80-52,per piece (toroid),"product page title ""T 80-52 Micrometals Iron Powder Toroid""",GBP,1,0.55,1,0,1,in,T 80-52 Micrometals Iron Powder Toroid,https://powermagneticsstore.co.uk/shop/t-80-52-micrometals-iron-powder-toroid.html,,2026-09-30T22:19:00Z,1190.0,Micrometals datasheet,8.3,"Micrometals datasheet ""Mass (approximate)"" (part T80-52)",https://datasheets.micrometals.com/T80-52-DataSheet.pdf @ 2026-09-30T20:26:54Z,iron,MAS core reference T80-52,1.328645,"ECB euro reference rates 2026-09-30 (extra/ecb.xml, fetched 2026-09-30T20:12:47Z)",0.7308
"Power Magnetics Ltd (powermagneticsstore.co.uk, UK; Micrometals authorized distributor)",distributor web shop product page (Magento tier prices),Micrometals,T80-52,T80-52,Mix 52,powder: iron (Micrometals mix),T,T80-52,per piece (toroid),"product page title ""T 80-52 Micrometals Iron Powder Toroid""",GBP,10,0.38,0,0,1,in,T 80-52 Micrometals Iron Powder Toroid,https://powermagneticsstore.co.uk/shop/t-80-52-micrometals-iron-powder-toroid.html,,2026-09-30T22:19:00Z,1190.0,Micrometals datasheet,8.3,"Micrometals datasheet ""Mass (approximate)"" (part T80-52)",https://datasheets.micrometals.com/T80-52-DataSheet.pdf @ 2026-09-30T20:26:54Z,iron,MAS core reference T80-52,1.328645,"ECB euro reference rates 2026-09-30 (extra/ecb.xml, fetched 2026-09-30T20:12:47Z)",0.5049
"Power Magnetics Ltd (powermagneticsstore.co.uk, UK; Micrometals authorized distributor)",distributor web shop product page (Magento tier prices),Micrometals,T80-52,T80-52,Mix 52,powder: iron (Micrometals mix),T,T80-52,per piece (toroid),"product page title ""T 80-52 Micrometals Iron Powder Toroid""",GBP,50,0.3,0,1,1,in,T 80-52 Micrometals Iron Powder Toroid,https://powermagneticsstore.co.uk/shop/t-80-52-micrometals-iron-powder-toroid.html,,2026-09-30T22:19:00Z,1190.0,Micrometals datasheet,8.3,"Micrometals datasheet ""Mass (approximate)"" (part T80-52)",https://datasheets.micrometals.com/T80-52-DataSheet.pdf @ 2026-09-30T20:26:54Z,iron,MAS core reference T80-52,1.328645,"ECB euro reference rates 2026-09-30 (extra/ecb.xml, fetched 2026-09-30T20:12:47Z)",0.3986
"Power Magnetics Ltd (powermagneticsstore.co.uk, UK; Micrometals authorized distributor)",distributor web shop product page (Magento tier prices),Micrometals,T80-52B,T80-52B,Mix 52,powder: iron (Micrometals mix),T,T80-52B,per piece (toroid),"product page title ""T 80-52B Micrometals Iron Powder Toroid""",GBP,1,0.69,1,0,1,in,T 80-52B Micrometals Iron Powder Toroid,https://powermagneticsstore.co.uk/shop/t-80-52b-micrometals-iron-powder-toroid.html,,2026-09-30T22:19:02Z,1780.0,Micrometals datasheet,12.0,"Micrometals datasheet ""Mass (approximate)"" (part T80-52B)",https://datasheets.micrometals.com/T80-52B-DataSheet.pdf @ 2026-09-30T22:33:44Z,iron,MAS core reference T80-52B,1.328645,"ECB euro reference rates 2026-09-30 (extra/ecb.xml, fetched 2026-09-30T20:12:47Z)",0.9168
"Power Magnetics Ltd (powermagneticsstore.co.uk, UK; Micrometals authorized distributor)",distributor web shop product page (Magento tier prices),Micrometals,T80-52B,T80-52B,Mix 52,powder: iron (Micrometals mix),T,T80-52B,per piece (toroid),"product page title ""T 80-52B Micrometals Iron Powder Toroid""",GBP,10,0.48,0,0,1,in,T 80-52B Micrometals Iron Powder Toroid,https://powermagneticsstore.co.uk/shop/t-80-52b-micrometals-iron-powder-toroid.html,,2026-09-30T22:19:02Z,1780.0,Micrometals datasheet,12.0,"Micrometals datasheet ""Mass (approximate)"" (part T80-52B)",https://datasheets.micrometals.com/T80-52B-DataSheet.pdf @ 2026-09-30T22:33:44Z,iron,MAS core reference T80-52B,1.328645,"ECB euro reference rates 2026-09-30 (extra/ecb.xml, fetched 2026-09-30T20:12:47Z)",0.6377
"Power Magnetics Ltd (powermagneticsstore.co.uk, UK; Micrometals authorized distributor)",distributor web shop product page (Magento tier prices),Micrometals,T80-52B,T80-52B,Mix 52,powder: iron (Micrometals mix),T,T80-52B,per piece (toroid),"product page title ""T 80-52B Micrometals Iron Powder Toroid""",GBP,50,0.38,0,1,1,in,T 80-52B Micrometals Iron Powder Toroid,https://powermagneticsstore.co.uk/shop/t-80-52b-micrometals-iron-powder-toroid.html,,2026-09-30T22:19:02Z,1780.0,Micrometals datasheet,12.0,"Micrometals datasheet ""Mass (approximate)"" (part T80-52B)",https://datasheets.micrometals.com/T80-52B-DataSheet.pdf @ 2026-09-30T22:33:44Z,iron,MAS core reference T80-52B,1.328645,"ECB euro reference rates 2026-09-30 (extra/ecb.xml, fetched 2026-09-30T20:12:47Z)",0.5049
"Power Magnetics Ltd (powermagneticsstore.co.uk, UK; Micrometals authorized distributor)",distributor web shop product page (Magento tier prices),Micrometals,T80-52D,T80-52D,Mix 52,powder: iron (Micrometals mix),T,T80-52D,per piece (toroid),"product page title ""T 80-52D Micrometals Iron Powder Toroid""",GBP,1,0.91,1,0,1,in,T 80-52D Micrometals Iron Powder Toroid,https://powermagneticsstore.co.uk/shop/t-80-52d-micrometals-iron-powder-toroid.html,,2026-09-30T22:19:05Z,2330.0,Micrometals datasheet,16.0,"Micrometals datasheet ""Mass (approximate)"" (part T80-52D)",https://datasheets.micrometals.com/T80-52D-DataSheet.pdf @ 2026-09-30T22:33:47Z,iron,MAS core reference T80-52D,1.328645,"ECB euro reference rates 2026-09-30 (extra/ecb.xml, fetched 2026-09-30T20:12:47Z)",1.2091
"Power Magnetics Ltd (powermagneticsstore.co.uk, UK; Micrometals authorized distributor)",distributor web shop product page (Magento tier prices),Micrometals,T80-52D,T80-52D,Mix 52,powder: iron (Micrometals mix),T,T80-52D,per piece (toroid),"product page title ""T 80-52D Micrometals Iron Powder Toroid""",GBP,10,0.63,0,0,1,in,T 80-52D Micrometals Iron Powder Toroid,https://powermagneticsstore.co.uk/shop/t-80-52d-micrometals-iron-powder-toroid.html,,2026-09-30T22:19:05Z,2330.0,Micrometals datasheet,16.0,"Micrometals datasheet ""Mass (approximate)"" (part T80-52D)",https://datasheets.micrometals.com/T80-52D-DataSheet.pdf @ 2026-09-30T22:33:47Z,iron,MAS core reference T80-52D,1.328645,"ECB euro reference rates 2026-09-30 (extra/ecb.xml, fetched 2026-09-30T20:12:47Z)",0.837
"Power Magnetics Ltd (powermagneticsstore.co.uk, UK; Micrometals authorized distributor)",distributor web shop product page (Magento tier prices),Micrometals,T80-52D,T80-52D,Mix 52,powder: iron (Micrometals mix),T,T80-52D,per piece (toroid),"product page title ""T 80-52D Micrometals Iron Powder Toroid""",GBP,50,0.5,0,1,1,in,T 80-52D Micrometals Iron Powder Toroid,https://powermagneticsstore.co.uk/shop/t-80-52d-micrometals-iron-powder-toroid.html,,2026-09-30T22:19:05Z,2330.0,Micrometals datasheet,16.0,"Micrometals datasheet ""Mass (approximate)"" (part T80-52D)",https://datasheets.micrometals.com/T80-52D-DataSheet.pdf @ 2026-09-30T22:33:47Z,iron,MAS core reference T80-52D,1.328645,"ECB euro reference rates 2026-09-30 (extra/ecb.xml, fetched 2026-09-30T20:12:47Z)",0.6643
"Power Magnetics Ltd (powermagneticsstore.co.uk, UK; Micrometals authorized distributor)",distributor web shop product page (Magento tier prices),Micrometals,E220-26,E220-26,Mix 26,powder: iron (Micrometals mix),E,E220-26,unverified (E/U core: per piece or per pair not stated),"product page title ""E220-26 Micrometals Iron Powder E Core""",GBP,1,3.97,1,0,1,in,E220-26 Micrometals Iron Powder E Core,https://powermagneticsstore.co.uk/shop/e220-26-micrometals-iron-powder-e-core.html,,2026-09-30T22:19:08Z,47700.0,Micrometals datasheet,170.0,"Micrometals datasheet ""Mass (approximate)"" (part E220-26)",https://datasheets.micrometals.com/E220-26-DataSheet.pdf @ 2026-09-30T22:27:59Z,iron,Micrometals T/E/U designation suffix -26 = Mix 26 (not a MAS core reference),1.328645,"ECB euro reference rates 2026-09-30 (extra/ecb.xml, fetched 2026-09-30T20:12:47Z)",5.2747
"Power Magnetics Ltd (powermagneticsstore.co.uk, UK; Micrometals authorized distributor)",distributor web shop product page (Magento tier prices),Micrometals,E220-26,E220-26,Mix 26,powder: iron (Micrometals mix),E,E220-26,unverified (E/U core: per piece or per pair not stated),"product page title ""E220-26 Micrometals Iron Powder E Core""",GBP,10,2.89,0,0,1,in,E220-26 Micrometals Iron Powder E Core,https://powermagneticsstore.co.uk/shop/e220-26-micrometals-iron-powder-e-core.html,,2026-09-30T22:19:08Z,47700.0,Micrometals datasheet,170.0,"Micrometals datasheet ""Mass (approximate)"" (part E220-26)",https://datasheets.micrometals.com/E220-26-DataSheet.pdf @ 2026-09-30T22:27:59Z,iron,Micrometals T/E/U designation suffix -26 = Mix 26 (not a MAS core reference),1.328645,"ECB euro reference rates 2026-09-30 (extra/ecb.xml, fetched 2026-09-30T20:12:47Z)",3.8398
"Power Magnetics Ltd (powermagneticsstore.co.uk, UK; Micrometals authorized distributor)",distributor web shop product page (Magento tier prices),Micrometals,E220-26,E220-26,Mix 26,powder: iron (Micrometals mix),E,E220-26,unverified (E/U core: per piece or per pair not stated),"product page title ""E220-26 Micrometals Iron Powder E Core""",GBP,50,2.27,0,1,1,in,E220-26 Micrometals Iron Powder E Core,https://powermagneticsstore.co.uk/shop/e220-26-micrometals-iron-powder-e-core.html,,2026-09-30T22:19:08Z,47700.0,Micrometals datasheet,170.0,"Micrometals datasheet ""Mass (approximate)"" (part E220-26)",https://datasheets.micrometals.com/E220-26-DataSheet.pdf @ 2026-09-30T22:27:59Z,iron,Micrometals T/E/U designation suffix -26 = Mix 26 (not a MAS core reference),1.328645,"ECB euro reference rates 2026-09-30 (extra/ecb.xml, fetched 2026-09-30T20:12:47Z)",3.016
"Power Magnetics Ltd (powermagneticsstore.co.uk, UK; Micrometals authorized distributor)",distributor web shop product page (Magento tier prices),Micrometals,U63-26,U63-26,Mix 26,powder: iron (Micrometals mix),U,U63-26,unverified (E/U core: per piece or per pair not stated),"product page title ""U63-26 Micrometals Iron Powder Core""",GBP,1,0.34,1,0,1,in,U63-26 Micrometals Iron Powder Core,https://powermagneticsstore.co.uk/shop/u63-26-micrometals-iron-powder-core.html,,2026-09-30T22:19:10Z,,,,,,iron,Micrometals T/E/U designation suffix -26 = Mix 26 (not a MAS core reference),1.328645,"ECB euro reference rates 2026-09-30 (extra/ecb.xml, fetched 2026-09-30T20:12:47Z)",0.4517
"Power Magnetics Ltd (powermagneticsstore.co.uk, UK; Micrometals authorized distributor)",distributor web shop product page (Magento tier prices),Micrometals,U63-26,U63-26,Mix 26,powder: iron (Micrometals mix),U,U63-26,unverified (E/U core: per piece or per pair not stated),"product page title ""U63-26 Micrometals Iron Powder Core""",GBP,10,0.23,0,0,1,in,U63-26 Micrometals Iron Powder Core,https://powermagneticsstore.co.uk/shop/u63-26-micrometals-iron-powder-core.html,,2026-09-30T22:19:10Z,,,,,,iron,Micrometals T/E/U designation suffix -26 = Mix 26 (not a MAS core reference),1.328645,"ECB euro reference rates 2026-09-30 (extra/ecb.xml, fetched 2026-09-30T20:12:47Z)",0.3056
"Power Magnetics Ltd (powermagneticsstore.co.uk, UK; Micrometals authorized distributor)",distributor web shop product page (Magento tier prices),Micrometals,U63-26,U63-26,Mix 26,powder: iron (Micrometals mix),U,U63-26,unverified (E/U core: per piece or per pair not stated),"product page title ""U63-26 Micrometals Iron Powder Core""",GBP,50,0.2,0,1,1,in,U63-26 Micrometals Iron Powder Core,https://powermagneticsstore.co.uk/shop/u63-26-micrometals-iron-powder-core.html,,2026-09-30T22:19:10Z,,,,,,iron,Micrometals T/E/U designation suffix -26 = Mix 26 (not a MAS core reference),1.328645,"ECB euro reference rates 2026-09-30 (extra/ecb.xml, fetched 2026-09-30T20:12:47Z)",0.2657
"Power Magnetics Ltd (powermagneticsstore.co.uk, UK; Micrometals authorized distributor)",distributor web shop product page (Magento tier prices),Micrometals,U80-52,U80-52,Mix 52,powder: iron (Micrometals mix),U,U80-52,unverified (E/U core: per piece or per pair not stated),"product page title ""U80-52 Micrometals Iron Powder Core""",GBP,1,0.74,1,0,1,in,U80-52 Micrometals Iron Powder Core,https://powermagneticsstore.co.uk/shop/u80-52-micrometals-iron-powder-core.html,,2026-09-30T22:19:13Z,,,,,,iron,Micrometals T/E/U designation suffix -52 = Mix 52 (not a MAS core reference),1.328645,"ECB euro reference rates 2026-09-30 (extra/ecb.xml, fetched 2026-09-30T20:12:47Z)",0.9832
"Power Magnetics Ltd (powermagneticsstore.co.uk, UK; Micrometals authorized distributor)",distributor web shop product page (Magento tier prices),Micrometals,U80-52,U80-52,Mix 52,powder: iron (Micrometals mix),U,U80-52,unverified (E/U core: per piece or per pair not stated),"product page title ""U80-52 Micrometals Iron Powder Core""",GBP,10,0.5,0,0,1,in,U80-52 Micrometals Iron Powder Core,https://powermagneticsstore.co.uk/shop/u80-52-micrometals-iron-powder-core.html,,2026-09-30T22:19:13Z,,,,,,iron,Micrometals T/E/U designation suffix -52 = Mix 52 (not a MAS core reference),1.328645,"ECB euro reference rates 2026-09-30 (extra/ecb.xml, fetched 2026-09-30T20:12:47Z)",0.6643
"Power Magnetics Ltd (powermagneticsstore.co.uk, UK; Micrometals authorized distributor)",distributor web shop product page (Magento tier prices),Micrometals,U80-52,U80-52,Mix 52,powder: iron (Micrometals mix),U,U80-52,unverified (E/U core: per piece or per pair not stated),"product page title ""U80-52 Micrometals Iron Powder Core""",GBP,50,0.42,0,1,1,in,U80-52 Micrometals Iron Powder Core,https://powermagneticsstore.co.uk/shop/u80-52-micrometals-iron-powder-core.html,,2026-09-30T22:19:13Z,,,,,,iron,Micrometals T/E/U designation suffix -52 = Mix 52 (not a MAS core reference),1.328645,"ECB euro reference rates 2026-09-30 (extra/ecb.xml, fetched 2026-09-30T20:12:47Z)",0.558
"Power Magnetics Ltd (powermagneticsstore.co.uk, UK; Micrometals authorized distributor)",distributor web shop product page (Magento tier prices),Micrometals,T175-60,T175-60,Mix 60,powder: iron (Micrometals mix),T,T175-60,per piece (toroid),"product page title ""T175-60 Micrometals Iron Powder Toroid""",GBP,1,5.21,1,0,1,in,T175-60 Micrometals Iron Powder Toroid,https://powermagneticsstore.co.uk/shop/t175-60-micrometals-iron-powder-toroid.html,,2026-09-30T22:19:16Z,15000.0,Micrometals datasheet,92.0,"Micrometals datasheet ""Mass (approximate)"" (part T175-60)",https://datasheets.micrometals.com/T175-60-DataSheet.pdf @ 2026-09-30T22:30:52Z,iron,Micrometals T/E/U designation suffix -60 = Mix 60 (not a MAS core reference),1.328645,"ECB euro reference rates 2026-09-30 (extra/ecb.xml, fetched 2026-09-30T20:12:47Z)",6.9222
"Power Magnetics Ltd (powermagneticsstore.co.uk, UK; Micrometals authorized distributor)",distributor web shop product page (Magento tier prices),Micrometals,T175-60,T175-60,Mix 60,powder: iron (Micrometals mix),T,T175-60,per piece (toroid),"product page title ""T175-60 Micrometals Iron Powder Toroid""",GBP,10,3.6,0,0,1,in,T175-60 Micrometals Iron Powder Toroid,https://powermagneticsstore.co.uk/shop/t175-60-micrometals-iron-powder-toroid.html,,2026-09-30T22:19:16Z,15000.0,Micrometals datasheet,92.0,"Micrometals datasheet ""Mass (approximate)"" (part T175-60)",https://datasheets.micrometals.com/T175-60-DataSheet.pdf @ 2026-09-30T22:30:52Z,iron,Micrometals T/E/U designation suffix -60 = Mix 60 (not a MAS core reference),1.328645,"ECB euro reference rates 2026-09-30 (extra/ecb.xml, fetched 2026-09-30T20:12:47Z)",4.7831
"Power Magnetics Ltd (powermagneticsstore.co.uk, UK; Micrometals authorized distributor)",distributor web shop product page (Magento tier prices),Micrometals,T175-60,T175-60,Mix 60,powder: iron (Micrometals mix),T,T175-60,per piece (toroid),"product page title ""T175-60 Micrometals Iron Powder Toroid""",GBP,50,2.91,0,1,1,in,T175-60 Micrometals Iron Powder Toroid,https://powermagneticsstore.co.uk/shop/t175-60-micrometals-iron-powder-toroid.html,,2026-09-30T22:19:16Z,15000.0,Micrometals datasheet,92.0,"Micrometals datasheet ""Mass (approximate)"" (part T175-60)",https://datasheets.micrometals.com/T175-60-DataSheet.pdf @ 2026-09-30T22:30:52Z,iron,Micrometals T/E/U designation suffix -60 = Mix 60 (not a MAS core reference),1.328645,"ECB euro reference rates 2026-09-30 (extra/ecb.xml, fetched 2026-09-30T20:12:47Z)",3.8664
"Feryster (sklep.feryster.pl, PL; listed by Micrometals as authorized distributor)","distributor web shop product page (""Rabaty ilościowe"" table, net PLN)",,CC-125-R-UMCCC,CC-125-R-UMCCC,,unmapped,C,CC-125-R-UMCCC,per piece,"Feryster name ""CC-125-R-UMCCC Rdzeń Amorficzny typu CC-125 CC-125-R-UMCCC""",PLN,1,410.0,1,0,1,,CC-125-R-UMCCC Rdzeń Amorficzny typu CC-125 CC-125-R-UMCCC,https://sklep.feryster.pl/57970-CC-125-R-UMCCC.html,,2026-09-30T22:16:01Z,,,,,,,no Micrometals PN in Feryster name; maker not stated on page,0.259899,"ECB euro reference rates 2026-09-30 (extra/ecb.xml, fetched 2026-09-30T20:12:47Z)",106.5587
"Feryster (sklep.feryster.pl, PL; listed by Micrometals as authorized distributor)","distributor web shop product page (""Rabaty ilościowe"" table, net PLN)",,CC-125-R-UMCCC,CC-125-R-UMCCC,,unmapped,C,CC-125-R-UMCCC,per piece,"Feryster name ""CC-125-R-UMCCC Rdzeń Amorficzny typu CC-125 CC-125-R-UMCCC""",PLN,100,389.5,0,0,1,,CC-125-R-UMCCC Rdzeń Amorficzny typu CC-125 CC-125-R-UMCCC,https://sklep.feryster.pl/57970-CC-125-R-UMCCC.html,,2026-09-30T22:16:01Z,,,,,,,no Micrometals PN in Feryster name; maker not stated on page,0.259899,"ECB euro reference rates 2026-09-30 (extra/ecb.xml, fetched 2026-09-30T20:12:47Z)",101.2308
"Feryster (sklep.feryster.pl, PL; listed by Micrometals as authorized distributor)","distributor web shop product page (""Rabaty ilościowe"" table, net PLN)",,CC-125-R-UMCCC,CC-125-R-UMCCC,,unmapped,C,CC-125-R-UMCCC,per piece,"Feryster name ""CC-125-R-UMCCC Rdzeń Amorficzny typu CC-125 CC-125-R-UMCCC""",PLN,500,369.0,0,0,1,,CC-125-R-UMCCC Rdzeń Amorficzny typu CC-125 CC-125-R-UMCCC,https://sklep.feryster.pl/57970-CC-125-R-UMCCC.html,,2026-09-30T22:16:01Z,,,,,,,no Micrometals PN in Feryster name; maker not stated on page,0.259899,"ECB euro reference rates 2026-09-30 (extra/ecb.xml, fetched 2026-09-30T20:12:47Z)",95.9028
"Feryster (sklep.feryster.pl, PL; listed by Micrometals as authorized distributor)","distributor web shop product page (""Rabaty ilościowe"" table, net PLN)",,CC-125-R-UMCCC,CC-125-R-UMCCC,,unmapped,C,CC-125-R-UMCCC,per piece,"Feryster name ""CC-125-R-UMCCC Rdzeń Amorficzny typu CC-125 CC-125-R-UMCCC""",PLN,1000,348.5,0,1,1,,CC-125-R-UMCCC Rdzeń Amorficzny typu CC-125 CC-125-R-UMCCC,https://sklep.feryster.pl/57970-CC-125-R-UMCCC.html,,2026-09-30T22:16:01Z,,,,,,,no Micrometals PN in Feryster name; maker not stated on page,0.259899,"ECB euro reference rates 2026-09-30 (extra/ecb.xml, fetched 2026-09-30T20:12:47Z)",90.5749
"Feryster (sklep.feryster.pl, PL; listed by Micrometals as authorized distributor)","distributor web shop product page (""Rabaty ilościowe"" table, net PLN)",,CC-125-R-UMCCC,CC-125-R-UMCCC,,unmapped,C,CC-125-R-UMCCC,per piece,"Feryster name ""CC-125-R-UMCCC Rdzeń Amorficzny typu CC-125 CC-125-R-UMCCC""",PLN,5000,328.0,0,0,1,,CC-125-R-UMCCC Rdzeń Amorficzny typu CC-125 CC-125-R-UMCCC,https://sklep.feryster.pl/57970-CC-125-R-UMCCC.html,,2026-09-30T22:16:01Z,,,,,,,no Micrometals PN in Feryster name; maker not stated on page,0.259899,"ECB euro reference rates 2026-09-30 (extra/ecb.xml, fetched 2026-09-30T20:12:47Z)",85.247
"Feryster (sklep.feryster.pl, PL; listed by Micrometals as authorized distributor)","distributor web shop product page (""Rabaty ilościowe"" table, net PLN)",,CC-100-R-UMCCC,CC-100-R-UMCCC,,unmapped,C,CC-100-R-UMCCC,per piece,"Feryster name ""CC-100-R-UMCCC Rdzeń Amorficzny typu CC-100 UMCCC Al=4100 CC-100-R-UMCCC""",PLN,1,240.0,1,0,1,,CC-100-R-UMCCC Rdzeń Amorficzny typu CC-100 UMCCC Al=4100 CC-100-R-UMCCC,https://sklep.feryster.pl/58259-CC-100-R-UMCCC.html,,2026-09-30T22:16:05Z,,,,,,,no Micrometals PN in Feryster name; maker not stated on page,0.259899,"ECB euro reference rates 2026-09-30 (extra/ecb.xml, fetched 2026-09-30T20:12:47Z)",62.3758
"Feryster (sklep.feryster.pl, PL; listed by Micrometals as authorized distributor)","distributor web shop product page (""Rabaty ilościowe"" table, net PLN)",,CC-100-R-UMCCC,CC-100-R-UMCCC,,unmapped,C,CC-100-R-UMCCC,per piece,"Feryster name ""CC-100-R-UMCCC Rdzeń Amorficzny typu CC-100 UMCCC Al=4100 CC-100-R-UMCCC""",PLN,100,228.0,0,0,1,,CC-100-R-UMCCC Rdzeń Amorficzny typu CC-100 UMCCC Al=4100 CC-100-R-UMCCC,https://sklep.feryster.pl/58259-CC-100-R-UMCCC.html,,2026-09-30T22:16:05Z,,,,,,,no Micrometals PN in Feryster name; maker not stated on page,0.259899,"ECB euro reference rates 2026-09-30 (extra/ecb.xml, fetched 2026-09-30T20:12:47Z)",59.257
"Feryster (sklep.feryster.pl, PL; listed by Micrometals as authorized distributor)","distributor web shop product page (""Rabaty ilościowe"" table, net PLN)",,CC-100-R-UMCCC,CC-100-R-UMCCC,,unmapped,C,CC-100-R-UMCCC,per piece,"Feryster name ""CC-100-R-UMCCC Rdzeń Amorficzny typu CC-100 UMCCC Al=4100 CC-100-R-UMCCC""",PLN,500,216.0,0,0,1,,CC-100-R-UMCCC Rdzeń Amorficzny typu CC-100 UMCCC Al=4100 CC-100-R-UMCCC,https://sklep.feryster.pl/58259-CC-100-R-UMCCC.html,,2026-09-30T22:16:05Z,,,,,,,no Micrometals PN in Feryster name; maker not stated on page,0.259899,"ECB euro reference rates 2026-09-30 (extra/ecb.xml, fetched 2026-09-30T20:12:47Z)",56.1382
"Feryster (sklep.feryster.pl, PL; listed by Micrometals as authorized distributor)","distributor web shop product page (""Rabaty ilościowe"" table, net PLN)",,CC-100-R-UMCCC,CC-100-R-UMCCC,,unmapped,C,CC-100-R-UMCCC,per piece,"Feryster name ""CC-100-R-UMCCC Rdzeń Amorficzny typu CC-100 UMCCC Al=4100 CC-100-R-UMCCC""",PLN,1000,204.0,0,1,1,,CC-100-R-UMCCC Rdzeń Amorficzny typu CC-100 UMCCC Al=4100 CC-100-R-UMCCC,https://sklep.feryster.pl/58259-CC-100-R-UMCCC.html,,2026-09-30T22:16:05Z,,,,,,,no Micrometals PN in Feryster name; maker not stated on page,0.259899,"ECB euro reference rates 2026-09-30 (extra/ecb.xml, fetched 2026-09-30T20:12:47Z)",53.0195
"Feryster (sklep.feryster.pl, PL; listed by Micrometals as authorized distributor)","distributor web shop product page (""Rabaty ilościowe"" table, net PLN)",,CC-100-R-UMCCC,CC-100-R-UMCCC,,unmapped,C,CC-100-R-UMCCC,per piece,"Feryster name ""CC-100-R-UMCCC Rdzeń Amorficzny typu CC-100 UMCCC Al=4100 CC-100-R-UMCCC""",PLN,5000,192.0,0,0,1,,CC-100-R-UMCCC Rdzeń Amorficzny typu CC-100 UMCCC Al=4100 CC-100-R-UMCCC,https://sklep.feryster.pl/58259-CC-100-R-UMCCC.html,,2026-09-30T22:16:05Z,,,,,,,no Micrometals PN in Feryster name; maker not stated on page,0.259899,"ECB euro reference rates 2026-09-30 (extra/ecb.xml, fetched 2026-09-30T20:12:47Z)",49.9007
"Feryster (sklep.feryster.pl, PL; listed by Micrometals as authorized distributor)","distributor web shop product page (""Rabaty ilościowe"" table, net PLN)",,CC-200-R-UMCCC,CC-200-R-UMCCC,,unmapped,C,CC-200-R-UMCCC,per piece,"Feryster name ""CC-200-R-UMCCC Rdzeń Amorficzny typu CC-200 CC-200-R-UMCCC""",PLN,1,480.0,1,0,1,,CC-200-R-UMCCC Rdzeń Amorficzny typu CC-200 CC-200-R-UMCCC,https://sklep.feryster.pl/58260-CC-200-R-UMCCC.html,,2026-09-30T22:16:08Z,,,,,,,no Micrometals PN in Feryster name; maker not stated on page,0.259899,"ECB euro reference rates 2026-09-30 (extra/ecb.xml, fetched 2026-09-30T20:12:47Z)",124.7517
"Feryster (sklep.feryster.pl, PL; listed by Micrometals as authorized distributor)","distributor web shop product page (""Rabaty ilościowe"" table, net PLN)",,CC-200-R-UMCCC,CC-200-R-UMCCC,,unmapped,C,CC-200-R-UMCCC,per piece,"Feryster name ""CC-200-R-UMCCC Rdzeń Amorficzny typu CC-200 CC-200-R-UMCCC""",PLN,100,456.0,0,0,1,,CC-200-R-UMCCC Rdzeń Amorficzny typu CC-200 CC-200-R-UMCCC,https://sklep.feryster.pl/58260-CC-200-R-UMCCC.html,,2026-09-30T22:16:08Z,,,,,,,no Micrometals PN in Feryster name; maker not stated on page,0.259899,"ECB euro reference rates 2026-09-30 (extra/ecb.xml, fetched 2026-09-30T20:12:47Z)",118.5141
"Feryster (sklep.feryster.pl, PL; listed by Micrometals as authorized distributor)","distributor web shop product page (""Rabaty ilościowe"" table, net PLN)",,CC-200-R-UMCCC,CC-200-R-UMCCC,,unmapped,C,CC-200-R-UMCCC,per piece,"Feryster name ""CC-200-R-UMCCC Rdzeń Amorficzny typu CC-200 CC-200-R-UMCCC""",PLN,500,432.0,0,0,1,,CC-200-R-UMCCC Rdzeń Amorficzny typu CC-200 CC-200-R-UMCCC,https://sklep.feryster.pl/58260-CC-200-R-UMCCC.html,,2026-09-30T22:16:08Z,,,,,,,no Micrometals PN in Feryster name; maker not stated on page,0.259899,"ECB euro reference rates 2026-09-30 (extra/ecb.xml, fetched 2026-09-30T20:12:47Z)",112.2765
"Feryster (sklep.feryster.pl, PL; listed by Micrometals as authorized distributor)","distributor web shop product page (""Rabaty ilościowe"" table, net PLN)",,CC-200-R-UMCCC,CC-200-R-UMCCC,,unmapped,C,CC-200-R-UMCCC,per piece,"Feryster name ""CC-200-R-UMCCC Rdzeń Amorficzny typu CC-200 CC-200-R-UMCCC""",PLN,1000,408.0,0,1,1,,CC-200-R-UMCCC Rdzeń Amorficzny typu CC-200 CC-200-R-UMCCC,https://sklep.feryster.pl/58260-CC-200-R-UMCCC.html,,2026-09-30T22:16:08Z,,,,,,,no Micrometals PN in Feryster name; maker not stated on page,0.259899,"ECB euro reference rates 2026-09-30 (extra/ecb.xml, fetched 2026-09-30T20:12:47Z)",106.0389
"Feryster (sklep.feryster.pl, PL; listed by Micrometals as authorized distributor)","distributor web shop product page (""Rabaty ilościowe"" table, net PLN)",,CC-200-R-UMCCC,CC-200-R-UMCCC,,unmapped,C,CC-200-R-UMCCC,per piece,"Feryster name ""CC-200-R-UMCCC Rdzeń Amorficzny typu CC-200 CC-200-R-UMCCC""",PLN,5000,384.0,0,0,1,,CC-200-R-UMCCC Rdzeń Amorficzny typu CC-200 CC-200-R-UMCCC,https://sklep.feryster.pl/58260-CC-200-R-UMCCC.html,,2026-09-30T22:16:08Z,,,,,,,no Micrometals PN in Feryster name; maker not stated on page,0.259899,"ECB euro reference rates 2026-09-30 (extra/ecb.xml, fetched 2026-09-30T20:12:47Z)",99.8013
"Feryster (sklep.feryster.pl, PL; listed by Micrometals as authorized distributor)","distributor web shop product page (""Rabaty ilościowe"" table, net PLN)",,CC-10-R-UMCCC,CC-10-R-UMCCC,,unmapped,C,CC-10-R-UMCCC,per piece,"Feryster name ""CC-10-R-UMCCC Rdzeń Amorficzny typu CC-10 UMCCC AL=1700 CC-10-R-UMCCC""",PLN,1,83.2,1,0,1,,CC-10-R-UMCCC Rdzeń Amorficzny typu CC-10 UMCCC AL=1700 CC-10-R-UMCCC,https://sklep.feryster.pl/80446-CC-10-R-UMCCC.html,,2026-09-30T22:16:11Z,,,,,,,no Micrometals PN in Feryster name; maker not stated on page,0.259899,"ECB euro reference rates 2026-09-30 (extra/ecb.xml, fetched 2026-09-30T20:12:47Z)",21.6236
"Feryster (sklep.feryster.pl, PL; listed by Micrometals as authorized distributor)","distributor web shop product page (""Rabaty ilościowe"" table, net PLN)",,CC-10-R-UMCCC,CC-10-R-UMCCC,,unmapped,C,CC-10-R-UMCCC,per piece,"Feryster name ""CC-10-R-UMCCC Rdzeń Amorficzny typu CC-10 UMCCC AL=1700 CC-10-R-UMCCC""",PLN,100,79.04,0,0,1,,CC-10-R-UMCCC Rdzeń Amorficzny typu CC-10 UMCCC AL=1700 CC-10-R-UMCCC,https://sklep.feryster.pl/80446-CC-10-R-UMCCC.html,,2026-09-30T22:16:11Z,,,,,,,no Micrometals PN in Feryster name; maker not stated on page,0.259899,"ECB euro reference rates 2026-09-30 (extra/ecb.xml, fetched 2026-09-30T20:12:47Z)",20.5424
"Feryster (sklep.feryster.pl, PL; listed by Micrometals as authorized distributor)","distributor web shop product page (""Rabaty ilościowe"" table, net PLN)",,CC-10-R-UMCCC,CC-10-R-UMCCC,,unmapped,C,CC-10-R-UMCCC,per piece,"Feryster name ""CC-10-R-UMCCC Rdzeń Amorficzny typu CC-10 UMCCC AL=1700 CC-10-R-UMCCC""",PLN,500,74.88,0,0,1,,CC-10-R-UMCCC Rdzeń Amorficzny typu CC-10 UMCCC AL=1700 CC-10-R-UMCCC,https://sklep.feryster.pl/80446-CC-10-R-UMCCC.html,,2026-09-30T22:16:11Z,,,,,,,no Micrometals PN in Feryster name; maker not stated on page,0.259899,"ECB euro reference rates 2026-09-30 (extra/ecb.xml, fetched 2026-09-30T20:12:47Z)",19.4613
"Feryster (sklep.feryster.pl, PL; listed by Micrometals as authorized distributor)","distributor web shop product page (""Rabaty ilościowe"" table, net PLN)",,CC-10-R-UMCCC,CC-10-R-UMCCC,,unmapped,C,CC-10-R-UMCCC,per piece,"Feryster name ""CC-10-R-UMCCC Rdzeń Amorficzny typu CC-10 UMCCC AL=1700 CC-10-R-UMCCC""",PLN,1000,70.72,0,1,1,,CC-10-R-UMCCC Rdzeń Amorficzny typu CC-10 UMCCC AL=1700 CC-10-R-UMCCC,https://sklep.feryster.pl/80446-CC-10-R-UMCCC.html,,2026-09-30T22:16:11Z,,,,,,,no Micrometals PN in Feryster name; maker not stated on page,0.259899,"ECB euro reference rates 2026-09-30 (extra/ecb.xml, fetched 2026-09-30T20:12:47Z)",18.3801
"Feryster (sklep.feryster.pl, PL; listed by Micrometals as authorized distributor)","distributor web shop product page (""Rabaty ilościowe"" table, net PLN)",,CC-10-R-UMCCC,CC-10-R-UMCCC,,unmapped,C,CC-10-R-UMCCC,per piece,"Feryster name ""CC-10-R-UMCCC Rdzeń Amorficzny typu CC-10 UMCCC AL=1700 CC-10-R-UMCCC""",PLN,5000,66.56,0,0,1,,CC-10-R-UMCCC Rdzeń Amorficzny typu CC-10 UMCCC AL=1700 CC-10-R-UMCCC,https://sklep.feryster.pl/80446-CC-10-R-UMCCC.html,,2026-09-30T22:16:11Z,,,,,,,no Micrometals PN in Feryster name; maker not stated on page,0.259899,"ECB euro reference rates 2026-09-30 (extra/ecb.xml, fetched 2026-09-30T20:12:47Z)",17.2989
"Feryster (sklep.feryster.pl, PL; listed by Micrometals as authorized distributor)","distributor web shop product page (""Rabaty ilościowe"" table, net PLN)",,CC-80-R-UMCCC,CC-80-R-UMCCC,,unmapped,C,CC-80-R-UMCCC,per piece,"Feryster name ""CC-80-R-UMCCC Rdzeń Amorficzny typu CC-80 CC-80-R-UMCCC""",PLN,1,260.0,1,0,1,,CC-80-R-UMCCC Rdzeń Amorficzny typu CC-80 CC-80-R-UMCCC,https://sklep.feryster.pl/71167-CC-80-R-UMCCC.html,,2026-09-30T22:16:14Z,,,,,,,no Micrometals PN in Feryster name; maker not stated on page,0.259899,"ECB euro reference rates 2026-09-30 (extra/ecb.xml, fetched 2026-09-30T20:12:47Z)",67.5738
"Feryster (sklep.feryster.pl, PL; listed by Micrometals as authorized distributor)","distributor web shop product page (""Rabaty ilościowe"" table, net PLN)",,CC-80-R-UMCCC,CC-80-R-UMCCC,,unmapped,C,CC-80-R-UMCCC,per piece,"Feryster name ""CC-80-R-UMCCC Rdzeń Amorficzny typu CC-80 CC-80-R-UMCCC""",PLN,100,247.0,0,0,1,,CC-80-R-UMCCC Rdzeń Amorficzny typu CC-80 CC-80-R-UMCCC,https://sklep.feryster.pl/71167-CC-80-R-UMCCC.html,,2026-09-30T22:16:14Z,,,,,,,no Micrometals PN in Feryster name; maker not stated on page,0.259899,"ECB euro reference rates 2026-09-30 (extra/ecb.xml, fetched 2026-09-30T20:12:47Z)",64.1951
"Feryster (sklep.feryster.pl, PL; listed by Micrometals as authorized distributor)","distributor web shop product page (""Rabaty ilościowe"" table, net PLN)",,CC-80-R-UMCCC,CC-80-R-UMCCC,,unmapped,C,CC-80-R-UMCCC,per piece,"Feryster name ""CC-80-R-UMCCC Rdzeń Amorficzny typu CC-80 CC-80-R-UMCCC""",PLN,500,234.0,0,0,1,,CC-80-R-UMCCC Rdzeń Amorficzny typu CC-80 CC-80-R-UMCCC,https://sklep.feryster.pl/71167-CC-80-R-UMCCC.html,,2026-09-30T22:16:14Z,,,,,,,no Micrometals PN in Feryster name; maker not stated on page,0.259899,"ECB euro reference rates 2026-09-30 (extra/ecb.xml, fetched 2026-09-30T20:12:47Z)",60.8164
"Feryster (sklep.feryster.pl, PL; listed by Micrometals as authorized distributor)","distributor web shop product page (""Rabaty ilościowe"" table, net PLN)",,CC-80-R-UMCCC,CC-80-R-UMCCC,,unmapped,C,CC-80-R-UMCCC,per piece,"Feryster name ""CC-80-R-UMCCC Rdzeń Amorficzny typu CC-80 CC-80-R-UMCCC""",PLN,1000,221.0,0,1,1,,CC-80-R-UMCCC Rdzeń Amorficzny typu CC-80 CC-80-R-UMCCC,https://sklep.feryster.pl/71167-CC-80-R-UMCCC.html,,2026-09-30T22:16:14Z,,,,,,,no Micrometals PN in Feryster name; maker not stated on page,0.259899,"ECB euro reference rates 2026-09-30 (extra/ecb.xml, fetched 2026-09-30T20:12:47Z)",57.4377
"Feryster (sklep.feryster.pl, PL; listed by Micrometals as authorized distributor)","distributor web shop product page (""Rabaty ilościowe"" table, net PLN)",,CC-80-R-UMCCC,CC-80-R-UMCCC,,unmapped,C,CC-80-R-UMCCC,per piece,"Feryster name ""CC-80-R-UMCCC Rdzeń Amorficzny typu CC-80 CC-80-R-UMCCC""",PLN,5000,208.0,0,0,1,,CC-80-R-UMCCC Rdzeń Amorficzny typu CC-80 CC-80-R-UMCCC,https://sklep.feryster.pl/71167-CC-80-R-UMCCC.html,,2026-09-30T22:16:14Z,,,,,,,no Micrometals PN in Feryster name; maker not stated on page,0.259899,"ECB euro reference rates 2026-09-30 (extra/ecb.xml, fetched 2026-09-30T20:12:47Z)",54.0591
"Feryster (sklep.feryster.pl, PL; listed by Micrometals as authorized distributor)","distributor web shop product page (""Rabaty ilościowe"" table, net PLN)",,CC-16-R-UMCCC,CC-16-R-UMCCC,,unmapped,C,CC-16-R-UMCCC,per piece,"Feryster name ""CC-16-R-UMCCC Rdzeń Amorficzny typu CC-16 CC-16-R-UMCCC""",PLN,1,26.0,1,0,1,,CC-16-R-UMCCC Rdzeń Amorficzny typu CC-16 CC-16-R-UMCCC,https://sklep.feryster.pl/76936-CC-16-R-UMCCC.html,,2026-09-30T22:16:15Z,,,,,,,no Micrometals PN in Feryster name; maker not stated on page,0.259899,"ECB euro reference rates 2026-09-30 (extra/ecb.xml, fetched 2026-09-30T20:12:47Z)",6.7574
"Feryster (sklep.feryster.pl, PL; listed by Micrometals as authorized distributor)","distributor web shop product page (""Rabaty ilościowe"" table, net PLN)",,CC-16-R-UMCCC,CC-16-R-UMCCC,,unmapped,C,CC-16-R-UMCCC,per piece,"Feryster name ""CC-16-R-UMCCC Rdzeń Amorficzny typu CC-16 CC-16-R-UMCCC""",PLN,100,24.7,0,0,1,,CC-16-R-UMCCC Rdzeń Amorficzny typu CC-16 CC-16-R-UMCCC,https://sklep.feryster.pl/76936-CC-16-R-UMCCC.html,,2026-09-30T22:16:15Z,,,,,,,no Micrometals PN in Feryster name; maker not stated on page,0.259899,"ECB euro reference rates 2026-09-30 (extra/ecb.xml, fetched 2026-09-30T20:12:47Z)",6.4195
"Feryster (sklep.feryster.pl, PL; listed by Micrometals as authorized distributor)","distributor web shop product page (""Rabaty ilościowe"" table, net PLN)",,CC-16-R-UMCCC,CC-16-R-UMCCC,,unmapped,C,CC-16-R-UMCCC,per piece,"Feryster name ""CC-16-R-UMCCC Rdzeń Amorficzny typu CC-16 CC-16-R-UMCCC""",PLN,500,23.4,0,0,1,,CC-16-R-UMCCC Rdzeń Amorficzny typu CC-16 CC-16-R-UMCCC,https://sklep.feryster.pl/76936-CC-16-R-UMCCC.html,,2026-09-30T22:16:15Z,,,,,,,no Micrometals PN in Feryster name; maker not stated on page,0.259899,"ECB euro reference rates 2026-09-30 (extra/ecb.xml, fetched 2026-09-30T20:12:47Z)",6.0816
"Feryster (sklep.feryster.pl, PL; listed by Micrometals as authorized distributor)","distributor web shop product page (""Rabaty ilościowe"" table, net PLN)",,CC-16-R-UMCCC,CC-16-R-UMCCC,,unmapped,C,CC-16-R-UMCCC,per piece,"Feryster name ""CC-16-R-UMCCC Rdzeń Amorficzny typu CC-16 CC-16-R-UMCCC""",PLN,1000,22.1,0,1,1,,CC-16-R-UMCCC Rdzeń Amorficzny typu CC-16 CC-16-R-UMCCC,https://sklep.feryster.pl/76936-CC-16-R-UMCCC.html,,2026-09-30T22:16:15Z,,,,,,,no Micrometals PN in Feryster name; maker not stated on page,0.259899,"ECB euro reference rates 2026-09-30 (extra/ecb.xml, fetched 2026-09-30T20:12:47Z)",5.7438
"Feryster (sklep.feryster.pl, PL; listed by Micrometals as authorized distributor)","distributor web shop product page (""Rabaty ilościowe"" table, net PLN)",,CC-16-R-UMCCC,CC-16-R-UMCCC,,unmapped,C,CC-16-R-UMCCC,per piece,"Feryster name ""CC-16-R-UMCCC Rdzeń Amorficzny typu CC-16 CC-16-R-UMCCC""",PLN,5000,20.8,0,0,1,,CC-16-R-UMCCC Rdzeń Amorficzny typu CC-16 CC-16-R-UMCCC,https://sklep.feryster.pl/76936-CC-16-R-UMCCC.html,,2026-09-30T22:16:15Z,,,,,,,no Micrometals PN in Feryster name; maker not stated on page,0.259899,"ECB euro reference rates 2026-09-30 (extra/ecb.xml, fetched 2026-09-30T20:12:47Z)",5.4059
"Feryster (sklep.feryster.pl, PL; listed by Micrometals as authorized distributor)","distributor web shop product page (""Rabaty ilościowe"" table, net PLN)",,CC-10-R-KMAC,CC-10-R-KMAC,,unmapped,C,CC-10-R-KMAC,per piece,"Feryster name ""CC-10-R-KMAC Rdzeń Amorficzny typu CC-10 KMAC Al=1800 CC-10-R-KMAC""",PLN,1,56.75,1,0,1,,CC-10-R-KMAC Rdzeń Amorficzny typu CC-10 KMAC Al=1800 CC-10-R-KMAC,https://sklep.feryster.pl/80855-cc-10-r-kmac.html,,2026-09-30T22:16:18Z,,,,,,,no Micrometals PN in Feryster name; maker not stated on page,0.259899,"ECB euro reference rates 2026-09-30 (extra/ecb.xml, fetched 2026-09-30T20:12:47Z)",14.7493
"Feryster (sklep.feryster.pl, PL; listed by Micrometals as authorized distributor)","distributor web shop product page (""Rabaty ilościowe"" table, net PLN)",,CC-10-R-KMAC,CC-10-R-KMAC,,unmapped,C,CC-10-R-KMAC,per piece,"Feryster name ""CC-10-R-KMAC Rdzeń Amorficzny typu CC-10 KMAC Al=1800 CC-10-R-KMAC""",PLN,100,53.91,0,0,1,,CC-10-R-KMAC Rdzeń Amorficzny typu CC-10 KMAC Al=1800 CC-10-R-KMAC,https://sklep.feryster.pl/80855-cc-10-r-kmac.html,,2026-09-30T22:16:18Z,,,,,,,no Micrometals PN in Feryster name; maker not stated on page,0.259899,"ECB euro reference rates 2026-09-30 (extra/ecb.xml, fetched 2026-09-30T20:12:47Z)",14.0112
"Feryster (sklep.feryster.pl, PL; listed by Micrometals as authorized distributor)","distributor web shop product page (""Rabaty ilościowe"" table, net PLN)",,CC-10-R-KMAC,CC-10-R-KMAC,,unmapped,C,CC-10-R-KMAC,per piece,"Feryster name ""CC-10-R-KMAC Rdzeń Amorficzny typu CC-10 KMAC Al=1800 CC-10-R-KMAC""",PLN,500,51.08,0,0,1,,CC-10-R-KMAC Rdzeń Amorficzny typu CC-10 KMAC Al=1800 CC-10-R-KMAC,https://sklep.feryster.pl/80855-cc-10-r-kmac.html,,2026-09-30T22:16:18Z,,,,,,,no Micrometals PN in Feryster name; maker not stated on page,0.259899,"ECB euro reference rates 2026-09-30 (extra/ecb.xml, fetched 2026-09-30T20:12:47Z)",13.2757
"Feryster (sklep.feryster.pl, PL; listed by Micrometals as authorized distributor)","distributor web shop product page (""Rabaty ilościowe"" table, net PLN)",,CC-10-R-KMAC,CC-10-R-KMAC,,unmapped,C,CC-10-R-KMAC,per piece,"Feryster name ""CC-10-R-KMAC Rdzeń Amorficzny typu CC-10 KMAC Al=1800 CC-10-R-KMAC""",PLN,1000,48.24,0,1,1,,CC-10-R-KMAC Rdzeń Amorficzny typu CC-10 KMAC Al=1800 CC-10-R-KMAC,https://sklep.feryster.pl/80855-cc-10-r-kmac.html,,2026-09-30T22:16:18Z,,,,,,,no Micrometals PN in Feryster name; maker not stated on page,0.259899,"ECB euro reference rates 2026-09-30 (extra/ecb.xml, fetched 2026-09-30T20:12:47Z)",12.5375
"Feryster (sklep.feryster.pl, PL; listed by Micrometals as authorized distributor)","distributor web shop product page (""Rabaty ilościowe"" table, net PLN)",,CC-10-R-KMAC,CC-10-R-KMAC,,unmapped,C,CC-10-R-KMAC,per piece,"Feryster name ""CC-10-R-KMAC Rdzeń Amorficzny typu CC-10 KMAC Al=1800 CC-10-R-KMAC""",PLN,5000,45.4,0,0,1,,CC-10-R-KMAC Rdzeń Amorficzny typu CC-10 KMAC Al=1800 CC-10-R-KMAC,https://sklep.feryster.pl/80855-cc-10-r-kmac.html,,2026-09-30T22:16:18Z,,,,,,,no Micrometals PN in Feryster name; maker not stated on page,0.259899,"ECB euro reference rates 2026-09-30 (extra/ecb.xml, fetched 2026-09-30T20:12:47Z)",11.7994
"Feryster (sklep.feryster.pl, PL; listed by Micrometals as authorized distributor)","distributor web shop product page (""Rabaty ilościowe"" table, net PLN)",,CC-100-R-KMAC,CC-100-R-KMAC,,unmapped,C,CC-100-R-KMAC,per piece,"Feryster name ""CC-100-R-KMAC Rdzeń Amorficzny typu CC-100 KMAC Al=4100 CC-100-R-KMAC""",PLN,1,248.15,1,0,1,,CC-100-R-KMAC Rdzeń Amorficzny typu CC-100 KMAC Al=4100 CC-100-R-KMAC,https://sklep.feryster.pl/81176-CC-100-R-KMAC.html,,2026-09-30T22:16:21Z,,,,,,,no Micrometals PN in Feryster name; maker not stated on page,0.259899,"ECB euro reference rates 2026-09-30 (extra/ecb.xml, fetched 2026-09-30T20:12:47Z)",64.494
"Feryster (sklep.feryster.pl, PL; listed by Micrometals as authorized distributor)","distributor web shop product page (""Rabaty ilościowe"" table, net PLN)",,CC-100-R-KMAC,CC-100-R-KMAC,,unmapped,C,CC-100-R-KMAC,per piece,"Feryster name ""CC-100-R-KMAC Rdzeń Amorficzny typu CC-100 KMAC Al=4100 CC-100-R-KMAC""",PLN,100,235.74,0,0,1,,CC-100-R-KMAC Rdzeń Amorficzny typu CC-100 KMAC Al=4100 CC-100-R-KMAC,https://sklep.feryster.pl/81176-CC-100-R-KMAC.html,,2026-09-30T22:16:21Z,,,,,,,no Micrometals PN in Feryster name; maker not stated on page,0.259899,"ECB euro reference rates 2026-09-30 (extra/ecb.xml, fetched 2026-09-30T20:12:47Z)",61.2687
"Feryster (sklep.feryster.pl, PL; listed by Micrometals as authorized distributor)","distributor web shop product page (""Rabaty ilościowe"" table, net PLN)",,CC-100-R-KMAC,CC-100-R-KMAC,,unmapped,C,CC-100-R-KMAC,per piece,"Feryster name ""CC-100-R-KMAC Rdzeń Amorficzny typu CC-100 KMAC Al=4100 CC-100-R-KMAC""",PLN,500,223.34,0,0,1,,CC-100-R-KMAC Rdzeń Amorficzny typu CC-100 KMAC Al=4100 CC-100-R-KMAC,https://sklep.feryster.pl/81176-CC-100-R-KMAC.html,,2026-09-30T22:16:21Z,,,,,,,no Micrometals PN in Feryster name; maker not stated on page,0.259899,"ECB euro reference rates 2026-09-30 (extra/ecb.xml, fetched 2026-09-30T20:12:47Z)",58.0459
"Feryster (sklep.feryster.pl, PL; listed by Micrometals as authorized distributor)","distributor web shop product page (""Rabaty ilościowe"" table, net PLN)",,CC-100-R-KMAC,CC-100-R-KMAC,,unmapped,C,CC-100-R-KMAC,per piece,"Feryster name ""CC-100-R-KMAC Rdzeń Amorficzny typu CC-100 KMAC Al=4100 CC-100-R-KMAC""",PLN,1000,210.93,0,1,1,,CC-100-R-KMAC Rdzeń Amorficzny typu CC-100 KMAC Al=4100 CC-100-R-KMAC,https://sklep.feryster.pl/81176-CC-100-R-KMAC.html,,2026-09-30T22:16:21Z,,,,,,,no Micrometals PN in Feryster name; maker not stated on page,0.259899,"ECB euro reference rates 2026-09-30 (extra/ecb.xml, fetched 2026-09-30T20:12:47Z)",54.8206
"Feryster (sklep.feryster.pl, PL; listed by Micrometals as authorized distributor)","distributor web shop product page (""Rabaty ilościowe"" table, net PLN)",,CC-100-R-KMAC,CC-100-R-KMAC,,unmapped,C,CC-100-R-KMAC,per piece,"Feryster name ""CC-100-R-KMAC Rdzeń Amorficzny typu CC-100 KMAC Al=4100 CC-100-R-KMAC""",PLN,5000,198.52,0,0,1,,CC-100-R-KMAC Rdzeń Amorficzny typu CC-100 KMAC Al=4100 CC-100-R-KMAC,https://sklep.feryster.pl/81176-CC-100-R-KMAC.html,,2026-09-30T22:16:21Z,,,,,,,no Micrometals PN in Feryster name; maker not stated on page,0.259899,"ECB euro reference rates 2026-09-30 (extra/ecb.xml, fetched 2026-09-30T20:12:47Z)",51.5952
"Feryster (sklep.feryster.pl, PL; listed by Micrometals as authorized distributor)","distributor web shop product page (""Rabaty ilościowe"" table, net PLN)",Micrometals,T225-52,"RTP-57,2X35,7X14,0-52",Mix 52,powder: iron,T,T225-52,per piece,"Feryster name ""RTP-57,2X35,7X14,0-52 Rdzeń toroid proszkowy (T225-52) AL=92 RTP-57,2X35,7X14,0-52""",PLN,1,12.65,1,0,1,,"RTP-57,2X35,7X14,0-52 Rdzeń toroid proszkowy (T225-52) AL=92 RTP-57,2X35,7X14,0-52",https://sklep.feryster.pl/27240-RTP-57-2X35-7X14-0-52.html,,2026-09-30T22:16:24Z,20700.0,,140.0,"Micrometals datasheet ""Mass (approximate)"" (part T225-52)",https://datasheets.micrometals.com/T225-52-DataSheet.pdf @ 2026-09-30T22:31:17Z,iron,MAS core reference T225-52,0.259899,"ECB euro reference rates 2026-09-30 (extra/ecb.xml, fetched 2026-09-30T20:12:47Z)",3.2877
"Feryster (sklep.feryster.pl, PL; listed by Micrometals as authorized distributor)","distributor web shop product page (""Rabaty ilościowe"" table, net PLN)",Micrometals,T225-52,"RTP-57,2X35,7X14,0-52",Mix 52,powder: iron,T,T225-52,per piece,"Feryster name ""RTP-57,2X35,7X14,0-52 Rdzeń toroid proszkowy (T225-52) AL=92 RTP-57,2X35,7X14,0-52""",PLN,100,12.02,0,0,1,,"RTP-57,2X35,7X14,0-52 Rdzeń toroid proszkowy (T225-52) AL=92 RTP-57,2X35,7X14,0-52",https://sklep.feryster.pl/27240-RTP-57-2X35-7X14-0-52.html,,2026-09-30T22:16:24Z,20700.0,,140.0,"Micrometals datasheet ""Mass (approximate)"" (part T225-52)",https://datasheets.micrometals.com/T225-52-DataSheet.pdf @ 2026-09-30T22:31:17Z,iron,MAS core reference T225-52,0.259899,"ECB euro reference rates 2026-09-30 (extra/ecb.xml, fetched 2026-09-30T20:12:47Z)",3.124
"Feryster (sklep.feryster.pl, PL; listed by Micrometals as authorized distributor)","distributor web shop product page (""Rabaty ilościowe"" table, net PLN)",Micrometals,T225-52,"RTP-57,2X35,7X14,0-52",Mix 52,powder: iron,T,T225-52,per piece,"Feryster name ""RTP-57,2X35,7X14,0-52 Rdzeń toroid proszkowy (T225-52) AL=92 RTP-57,2X35,7X14,0-52""",PLN,500,11.39,0,0,1,,"RTP-57,2X35,7X14,0-52 Rdzeń toroid proszkowy (T225-52) AL=92 RTP-57,2X35,7X14,0-52",https://sklep.feryster.pl/27240-RTP-57-2X35-7X14-0-52.html,,2026-09-30T22:16:24Z,20700.0,,140.0,"Micrometals datasheet ""Mass (approximate)"" (part T225-52)",https://datasheets.micrometals.com/T225-52-DataSheet.pdf @ 2026-09-30T22:31:17Z,iron,MAS core reference T225-52,0.259899,"ECB euro reference rates 2026-09-30 (extra/ecb.xml, fetched 2026-09-30T20:12:47Z)",2.9603
"Feryster (sklep.feryster.pl, PL; listed by Micrometals as authorized distributor)","distributor web shop product page (""Rabaty ilościowe"" table, net PLN)",Micrometals,T225-52,"RTP-57,2X35,7X14,0-52",Mix 52,powder: iron,T,T225-52,per piece,"Feryster name ""RTP-57,2X35,7X14,0-52 Rdzeń toroid proszkowy (T225-52) AL=92 RTP-57,2X35,7X14,0-52""",PLN,1000,10.75,0,1,1,,"RTP-57,2X35,7X14,0-52 Rdzeń toroid proszkowy (T225-52) AL=92 RTP-57,2X35,7X14,0-52",https://sklep.feryster.pl/27240-RTP-57-2X35-7X14-0-52.html,,2026-09-30T22:16:24Z,20700.0,,140.0,"Micrometals datasheet ""Mass (approximate)"" (part T225-52)",https://datasheets.micrometals.com/T225-52-DataSheet.pdf @ 2026-09-30T22:31:17Z,iron,MAS core reference T225-52,0.259899,"ECB euro reference rates 2026-09-30 (extra/ecb.xml, fetched 2026-09-30T20:12:47Z)",2.7939
"Feryster (sklep.feryster.pl, PL; listed by Micrometals as authorized distributor)","distributor web shop product page (""Rabaty ilościowe"" table, net PLN)",Micrometals,T225-52,"RTP-57,2X35,7X14,0-52",Mix 52,powder: iron,T,T225-52,per piece,"Feryster name ""RTP-57,2X35,7X14,0-52 Rdzeń toroid proszkowy (T225-52) AL=92 RTP-57,2X35,7X14,0-52""",PLN,5000,10.12,0,0,1,,"RTP-57,2X35,7X14,0-52 Rdzeń toroid proszkowy (T225-52) AL=92 RTP-57,2X35,7X14,0-52",https://sklep.feryster.pl/27240-RTP-57-2X35-7X14-0-52.html,,2026-09-30T22:16:24Z,20700.0,,140.0,"Micrometals datasheet ""Mass (approximate)"" (part T225-52)",https://datasheets.micrometals.com/T225-52-DataSheet.pdf @ 2026-09-30T22:31:17Z,iron,MAS core reference T225-52,0.259899,"ECB euro reference rates 2026-09-30 (extra/ecb.xml, fetched 2026-09-30T20:12:47Z)",2.6302
"Feryster (sklep.feryster.pl, PL; listed by Micrometals as authorized distributor)","distributor web shop product page (""Rabaty ilościowe"" table, net PLN)",Micrometals,T400-52,"RTP-102,0X57,2X16,5-52",Mix 52,powder: iron,T,T400-52,per piece,"Feryster name ""RTP-102,0X57,2X16,5-52 Rdzeń toroid proszkowy (T400-52) AL=131 RTP-102,0X57,2X16,5-52""",PLN,1,58.95,1,0,1,,"RTP-102,0X57,2X16,5-52 Rdzeń toroid proszkowy (T400-52) AL=131 RTP-102,0X57,2X16,5-52",https://sklep.feryster.pl/27244-RTP-102-0X57-2X16-5-52.html,,2026-09-30T22:16:27Z,86400.0,,600.0,"Micrometals datasheet ""Mass (approximate)"" (part T400-52)",https://datasheets.micrometals.com/T400-52-DataSheet.pdf @ 2026-09-30T20:23:40Z,iron,MAS core reference T400-52,0.259899,"ECB euro reference rates 2026-09-30 (extra/ecb.xml, fetched 2026-09-30T20:12:47Z)",15.3211
"Feryster (sklep.feryster.pl, PL; listed by Micrometals as authorized distributor)","distributor web shop product page (""Rabaty ilościowe"" table, net PLN)",Micrometals,T400-52,"RTP-102,0X57,2X16,5-52",Mix 52,powder: iron,T,T400-52,per piece,"Feryster name ""RTP-102,0X57,2X16,5-52 Rdzeń toroid proszkowy (T400-52) AL=131 RTP-102,0X57,2X16,5-52""",PLN,100,56.0,0,0,1,,"RTP-102,0X57,2X16,5-52 Rdzeń toroid proszkowy (T400-52) AL=131 RTP-102,0X57,2X16,5-52",https://sklep.feryster.pl/27244-RTP-102-0X57-2X16-5-52.html,,2026-09-30T22:16:27Z,86400.0,,600.0,"Micrometals datasheet ""Mass (approximate)"" (part T400-52)",https://datasheets.micrometals.com/T400-52-DataSheet.pdf @ 2026-09-30T20:23:40Z,iron,MAS core reference T400-52,0.259899,"ECB euro reference rates 2026-09-30 (extra/ecb.xml, fetched 2026-09-30T20:12:47Z)",14.5544
"Feryster (sklep.feryster.pl, PL; listed by Micrometals as authorized distributor)","distributor web shop product page (""Rabaty ilościowe"" table, net PLN)",Micrometals,T400-52,"RTP-102,0X57,2X16,5-52",Mix 52,powder: iron,T,T400-52,per piece,"Feryster name ""RTP-102,0X57,2X16,5-52 Rdzeń toroid proszkowy (T400-52) AL=131 RTP-102,0X57,2X16,5-52""",PLN,500,53.06,0,0,1,,"RTP-102,0X57,2X16,5-52 Rdzeń toroid proszkowy (T400-52) AL=131 RTP-102,0X57,2X16,5-52",https://sklep.feryster.pl/27244-RTP-102-0X57-2X16-5-52.html,,2026-09-30T22:16:27Z,86400.0,,600.0,"Micrometals datasheet ""Mass (approximate)"" (part T400-52)",https://datasheets.micrometals.com/T400-52-DataSheet.pdf @ 2026-09-30T20:23:40Z,iron,MAS core reference T400-52,0.259899,"ECB euro reference rates 2026-09-30 (extra/ecb.xml, fetched 2026-09-30T20:12:47Z)",13.7903
"Feryster (sklep.feryster.pl, PL; listed by Micrometals as authorized distributor)","distributor web shop product page (""Rabaty ilościowe"" table, net PLN)",Micrometals,T400-52,"RTP-102,0X57,2X16,5-52",Mix 52,powder: iron,T,T400-52,per piece,"Feryster name ""RTP-102,0X57,2X16,5-52 Rdzeń toroid proszkowy (T400-52) AL=131 RTP-102,0X57,2X16,5-52""",PLN,1000,50.11,0,1,1,,"RTP-102,0X57,2X16,5-52 Rdzeń toroid proszkowy (T400-52) AL=131 RTP-102,0X57,2X16,5-52",https://sklep.feryster.pl/27244-RTP-102-0X57-2X16-5-52.html,,2026-09-30T22:16:27Z,86400.0,,600.0,"Micrometals datasheet ""Mass (approximate)"" (part T400-52)",https://datasheets.micrometals.com/T400-52-DataSheet.pdf @ 2026-09-30T20:23:40Z,iron,MAS core reference T400-52,0.259899,"ECB euro reference rates 2026-09-30 (extra/ecb.xml, fetched 2026-09-30T20:12:47Z)",13.0236
"Feryster (sklep.feryster.pl, PL; listed by Micrometals as authorized distributor)","distributor web shop product page (""Rabaty ilościowe"" table, net PLN)",Micrometals,T400-52,"RTP-102,0X57,2X16,5-52",Mix 52,powder: iron,T,T400-52,per piece,"Feryster name ""RTP-102,0X57,2X16,5-52 Rdzeń toroid proszkowy (T400-52) AL=131 RTP-102,0X57,2X16,5-52""",PLN,5000,47.16,0,0,1,,"RTP-102,0X57,2X16,5-52 Rdzeń toroid proszkowy (T400-52) AL=131 RTP-102,0X57,2X16,5-52",https://sklep.feryster.pl/27244-RTP-102-0X57-2X16-5-52.html,,2026-09-30T22:16:27Z,86400.0,,600.0,"Micrometals datasheet ""Mass (approximate)"" (part T400-52)",https://datasheets.micrometals.com/T400-52-DataSheet.pdf @ 2026-09-30T20:23:40Z,iron,MAS core reference T400-52,0.259899,"ECB euro reference rates 2026-09-30 (extra/ecb.xml, fetched 2026-09-30T20:12:47Z)",12.2569
"Feryster (sklep.feryster.pl, PL; listed by Micrometals as authorized distributor)","distributor web shop product page (""Rabaty ilościowe"" table, net PLN)",Micrometals,T184-26,"RTP-46,7X24,1X18",Mix 26,powder: iron,T,T184-26,per piece,"Feryster name ""RTP-46,7X24,1X18 Rdzeń toroid proszkowy (T184-26) AL=169 RTP-46,7X24,1X18 Rdzeń toroid proszkowy (T184-26) AL=169 RTP-46,7X24,1X18""",PLN,1,8.49,1,0,1,,"RTP-46,7X24,1X18 Rdzeń toroid proszkowy (T184-26) AL=169 RTP-46,7X24,1X18 Rdzeń toroid proszkowy (T184-26) AL=169 RTP-46,7X24,1X18",https://sklep.feryster.pl/24469-rtp-467x241x18.html,,2026-09-30T22:16:30Z,21000.0,,150.0,"Micrometals datasheet ""Mass (approximate)"" (part T184-26)",https://datasheets.micrometals.com/T184-26-DataSheet.pdf @ 2026-09-30T20:19:38Z,iron,MAS core reference T184-26,0.259899,"ECB euro reference rates 2026-09-30 (extra/ecb.xml, fetched 2026-09-30T20:12:47Z)",2.2065
"Feryster (sklep.feryster.pl, PL; listed by Micrometals as authorized distributor)","distributor web shop product page (""Rabaty ilościowe"" table, net PLN)",Micrometals,T184-26,"RTP-46,7X24,1X18",Mix 26,powder: iron,T,T184-26,per piece,"Feryster name ""RTP-46,7X24,1X18 Rdzeń toroid proszkowy (T184-26) AL=169 RTP-46,7X24,1X18 Rdzeń toroid proszkowy (T184-26) AL=169 RTP-46,7X24,1X18""",PLN,100,8.07,0,0,1,,"RTP-46,7X24,1X18 Rdzeń toroid proszkowy (T184-26) AL=169 RTP-46,7X24,1X18 Rdzeń toroid proszkowy (T184-26) AL=169 RTP-46,7X24,1X18",https://sklep.feryster.pl/24469-rtp-467x241x18.html,,2026-09-30T22:16:30Z,21000.0,,150.0,"Micrometals datasheet ""Mass (approximate)"" (part T184-26)",https://datasheets.micrometals.com/T184-26-DataSheet.pdf @ 2026-09-30T20:19:38Z,iron,MAS core reference T184-26,0.259899,"ECB euro reference rates 2026-09-30 (extra/ecb.xml, fetched 2026-09-30T20:12:47Z)",2.0974
"Feryster (sklep.feryster.pl, PL; listed by Micrometals as authorized distributor)","distributor web shop product page (""Rabaty ilościowe"" table, net PLN)",Micrometals,T184-26,"RTP-46,7X24,1X18",Mix 26,powder: iron,T,T184-26,per piece,"Feryster name ""RTP-46,7X24,1X18 Rdzeń toroid proszkowy (T184-26) AL=169 RTP-46,7X24,1X18 Rdzeń toroid proszkowy (T184-26) AL=169 RTP-46,7X24,1X18""",PLN,500,7.64,0,0,1,,"RTP-46,7X24,1X18 Rdzeń toroid proszkowy (T184-26) AL=169 RTP-46,7X24,1X18 Rdzeń toroid proszkowy (T184-26) AL=169 RTP-46,7X24,1X18",https://sklep.feryster.pl/24469-rtp-467x241x18.html,,2026-09-30T22:16:30Z,21000.0,,150.0,"Micrometals datasheet ""Mass (approximate)"" (part T184-26)",https://datasheets.micrometals.com/T184-26-DataSheet.pdf @ 2026-09-30T20:19:38Z,iron,MAS core reference T184-26,0.259899,"ECB euro reference rates 2026-09-30 (extra/ecb.xml, fetched 2026-09-30T20:12:47Z)",1.9856
"Feryster (sklep.feryster.pl, PL; listed by Micrometals as authorized distributor)","distributor web shop product page (""Rabaty ilościowe"" table, net PLN)",Micrometals,T184-26,"RTP-46,7X24,1X18",Mix 26,powder: iron,T,T184-26,per piece,"Feryster name ""RTP-46,7X24,1X18 Rdzeń toroid proszkowy (T184-26) AL=169 RTP-46,7X24,1X18 Rdzeń toroid proszkowy (T184-26) AL=169 RTP-46,7X24,1X18""",PLN,1000,7.22,0,1,1,,"RTP-46,7X24,1X18 Rdzeń toroid proszkowy (T184-26) AL=169 RTP-46,7X24,1X18 Rdzeń toroid proszkowy (T184-26) AL=169 RTP-46,7X24,1X18",https://sklep.feryster.pl/24469-rtp-467x241x18.html,,2026-09-30T22:16:30Z,21000.0,,150.0,"Micrometals datasheet ""Mass (approximate)"" (part T184-26)",https://datasheets.micrometals.com/T184-26-DataSheet.pdf @ 2026-09-30T20:19:38Z,iron,MAS core reference T184-26,0.259899,"ECB euro reference rates 2026-09-30 (extra/ecb.xml, fetched 2026-09-30T20:12:47Z)",1.8765
"Feryster (sklep.feryster.pl, PL; listed by Micrometals as authorized distributor)","distributor web shop product page (""Rabaty ilościowe"" table, net PLN)",Micrometals,T184-26,"RTP-46,7X24,1X18",Mix 26,powder: iron,T,T184-26,per piece,"Feryster name ""RTP-46,7X24,1X18 Rdzeń toroid proszkowy (T184-26) AL=169 RTP-46,7X24,1X18 Rdzeń toroid proszkowy (T184-26) AL=169 RTP-46,7X24,1X18""",PLN,5000,6.79,0,0,1,,"RTP-46,7X24,1X18 Rdzeń toroid proszkowy (T184-26) AL=169 RTP-46,7X24,1X18 Rdzeń toroid proszkowy (T184-26) AL=169 RTP-46,7X24,1X18",https://sklep.feryster.pl/24469-rtp-467x241x18.html,,2026-09-30T22:16:30Z,21000.0,,150.0,"Micrometals datasheet ""Mass (approximate)"" (part T184-26)",https://datasheets.micrometals.com/T184-26-DataSheet.pdf @ 2026-09-30T20:19:38Z,iron,MAS core reference T184-26,0.259899,"ECB euro reference rates 2026-09-30 (extra/ecb.xml, fetched 2026-09-30T20:12:47Z)",1.7647
"Feryster (sklep.feryster.pl, PL; listed by Micrometals as authorized distributor)","distributor web shop product page (""Rabaty ilościowe"" table, net PLN)",Micrometals,T300-52D,"RTP-77,2X49X25,4-52D",Mix 52,powder: iron,T,T300-52D,per piece,"Feryster name ""RTP-77,2X49X25,4-52D Rdzeń toroid proszkowy (T300-52D) AL=160 RTP-77,2X49X25,4-52D""",PLN,1,22.47,1,0,1,,"RTP-77,2X49X25,4-52D Rdzeń toroid proszkowy (T300-52D) AL=160 RTP-77,2X49X25,4-52D",https://sklep.feryster.pl/27856-RTP-77-2X49X25-4-52D.html,,2026-09-30T22:16:33Z,67000.0,,470.0,"Micrometals datasheet ""Mass (approximate)"" (part T300-52D)",https://datasheets.micrometals.com/T300-52D-DataSheet.pdf @ 2026-09-30T22:31:56Z,iron,MAS core reference T300-52D,0.259899,"ECB euro reference rates 2026-09-30 (extra/ecb.xml, fetched 2026-09-30T20:12:47Z)",5.8399
"Feryster (sklep.feryster.pl, PL; listed by Micrometals as authorized distributor)","distributor web shop product page (""Rabaty ilościowe"" table, net PLN)",Micrometals,T300-52D,"RTP-77,2X49X25,4-52D",Mix 52,powder: iron,T,T300-52D,per piece,"Feryster name ""RTP-77,2X49X25,4-52D Rdzeń toroid proszkowy (T300-52D) AL=160 RTP-77,2X49X25,4-52D""",PLN,100,21.35,0,0,1,,"RTP-77,2X49X25,4-52D Rdzeń toroid proszkowy (T300-52D) AL=160 RTP-77,2X49X25,4-52D",https://sklep.feryster.pl/27856-RTP-77-2X49X25-4-52D.html,,2026-09-30T22:16:33Z,67000.0,,470.0,"Micrometals datasheet ""Mass (approximate)"" (part T300-52D)",https://datasheets.micrometals.com/T300-52D-DataSheet.pdf @ 2026-09-30T22:31:56Z,iron,MAS core reference T300-52D,0.259899,"ECB euro reference rates 2026-09-30 (extra/ecb.xml, fetched 2026-09-30T20:12:47Z)",5.5488
"Feryster (sklep.feryster.pl, PL; listed by Micrometals as authorized distributor)","distributor web shop product page (""Rabaty ilościowe"" table, net PLN)",Micrometals,T300-52D,"RTP-77,2X49X25,4-52D",Mix 52,powder: iron,T,T300-52D,per piece,"Feryster name ""RTP-77,2X49X25,4-52D Rdzeń toroid proszkowy (T300-52D) AL=160 RTP-77,2X49X25,4-52D""",PLN,500,20.22,0,0,1,,"RTP-77,2X49X25,4-52D Rdzeń toroid proszkowy (T300-52D) AL=160 RTP-77,2X49X25,4-52D",https://sklep.feryster.pl/27856-RTP-77-2X49X25-4-52D.html,,2026-09-30T22:16:33Z,67000.0,,470.0,"Micrometals datasheet ""Mass (approximate)"" (part T300-52D)",https://datasheets.micrometals.com/T300-52D-DataSheet.pdf @ 2026-09-30T22:31:56Z,iron,MAS core reference T300-52D,0.259899,"ECB euro reference rates 2026-09-30 (extra/ecb.xml, fetched 2026-09-30T20:12:47Z)",5.2552
"Feryster (sklep.feryster.pl, PL; listed by Micrometals as authorized distributor)","distributor web shop product page (""Rabaty ilościowe"" table, net PLN)",Micrometals,T300-52D,"RTP-77,2X49X25,4-52D",Mix 52,powder: iron,T,T300-52D,per piece,"Feryster name ""RTP-77,2X49X25,4-52D Rdzeń toroid proszkowy (T300-52D) AL=160 RTP-77,2X49X25,4-52D""",PLN,1000,19.1,0,1,1,,"RTP-77,2X49X25,4-52D Rdzeń toroid proszkowy (T300-52D) AL=160 RTP-77,2X49X25,4-52D",https://sklep.feryster.pl/27856-RTP-77-2X49X25-4-52D.html,,2026-09-30T22:16:33Z,67000.0,,470.0,"Micrometals datasheet ""Mass (approximate)"" (part T300-52D)",https://datasheets.micrometals.com/T300-52D-DataSheet.pdf @ 2026-09-30T22:31:56Z,iron,MAS core reference T300-52D,0.259899,"ECB euro reference rates 2026-09-30 (extra/ecb.xml, fetched 2026-09-30T20:12:47Z)",4.9641
"Feryster (sklep.feryster.pl, PL; listed by Micrometals as authorized distributor)","distributor web shop product page (""Rabaty ilościowe"" table, net PLN)",Micrometals,T300-52D,"RTP-77,2X49X25,4-52D",Mix 52,powder: iron,T,T300-52D,per piece,"Feryster name ""RTP-77,2X49X25,4-52D Rdzeń toroid proszkowy (T300-52D) AL=160 RTP-77,2X49X25,4-52D""",PLN,5000,17.98,0,0,1,,"RTP-77,2X49X25,4-52D Rdzeń toroid proszkowy (T300-52D) AL=160 RTP-77,2X49X25,4-52D",https://sklep.feryster.pl/27856-RTP-77-2X49X25-4-52D.html,,2026-09-30T22:16:33Z,67000.0,,470.0,"Micrometals datasheet ""Mass (approximate)"" (part T300-52D)",https://datasheets.micrometals.com/T300-52D-DataSheet.pdf @ 2026-09-30T22:31:56Z,iron,MAS core reference T300-52D,0.259899,"ECB euro reference rates 2026-09-30 (extra/ecb.xml, fetched 2026-09-30T20:12:47Z)",4.673
"Feryster (sklep.feryster.pl, PL; listed by Micrometals as authorized distributor)","distributor web shop product page (""Rabaty ilościowe"" table, net PLN)",Micrometals,T225-26B,"RTP-57,2X35,7X25,4",Mix 26,powder: iron,T,T225-26B,per piece,"Feryster name ""RTP-57,2X35,7X25,4 Rdzeń toroid proszkowy (T225-26B) AL=160 RTP-57,2X35,7X25,4 Rdzeń toroid proszkowy (T225-26B) AL=160 RTP-57,2X35,7X25,4""",PLN,1,15.62,1,0,1,,"RTP-57,2X35,7X25,4 Rdzeń toroid proszkowy (T225-26B) AL=160 RTP-57,2X35,7X25,4 Rdzeń toroid proszkowy (T225-26B) AL=160 RTP-57,2X35,7X25,4",https://sklep.feryster.pl/24470-RTP-57-2X35-7X25-4.html,,2026-09-30T22:16:37Z,37800.0,,260.0,"Micrometals datasheet ""Mass (approximate)"" (part T225-26B)",https://datasheets.micrometals.com/T225-26B-DataSheet.pdf @ 2026-09-30T22:31:11Z,iron,MAS core reference T225-26B,0.259899,"ECB euro reference rates 2026-09-30 (extra/ecb.xml, fetched 2026-09-30T20:12:47Z)",4.0596
"Feryster (sklep.feryster.pl, PL; listed by Micrometals as authorized distributor)","distributor web shop product page (""Rabaty ilościowe"" table, net PLN)",Micrometals,T225-26B,"RTP-57,2X35,7X25,4",Mix 26,powder: iron,T,T225-26B,per piece,"Feryster name ""RTP-57,2X35,7X25,4 Rdzeń toroid proszkowy (T225-26B) AL=160 RTP-57,2X35,7X25,4 Rdzeń toroid proszkowy (T225-26B) AL=160 RTP-57,2X35,7X25,4""",PLN,100,14.84,0,0,1,,"RTP-57,2X35,7X25,4 Rdzeń toroid proszkowy (T225-26B) AL=160 RTP-57,2X35,7X25,4 Rdzeń toroid proszkowy (T225-26B) AL=160 RTP-57,2X35,7X25,4",https://sklep.feryster.pl/24470-RTP-57-2X35-7X25-4.html,,2026-09-30T22:16:37Z,37800.0,,260.0,"Micrometals datasheet ""Mass (approximate)"" (part T225-26B)",https://datasheets.micrometals.com/T225-26B-DataSheet.pdf @ 2026-09-30T22:31:11Z,iron,MAS core reference T225-26B,0.259899,"ECB euro reference rates 2026-09-30 (extra/ecb.xml, fetched 2026-09-30T20:12:47Z)",3.8569
"Feryster (sklep.feryster.pl, PL; listed by Micrometals as authorized distributor)","distributor web shop product page (""Rabaty ilościowe"" table, net PLN)",Micrometals,T225-26B,"RTP-57,2X35,7X25,4",Mix 26,powder: iron,T,T225-26B,per piece,"Feryster name ""RTP-57,2X35,7X25,4 Rdzeń toroid proszkowy (T225-26B) AL=160 RTP-57,2X35,7X25,4 Rdzeń toroid proszkowy (T225-26B) AL=160 RTP-57,2X35,7X25,4""",PLN,500,14.06,0,0,1,,"RTP-57,2X35,7X25,4 Rdzeń toroid proszkowy (T225-26B) AL=160 RTP-57,2X35,7X25,4 Rdzeń toroid proszkowy (T225-26B) AL=160 RTP-57,2X35,7X25,4",https://sklep.feryster.pl/24470-RTP-57-2X35-7X25-4.html,,2026-09-30T22:16:37Z,37800.0,,260.0,"Micrometals datasheet ""Mass (approximate)"" (part T225-26B)",https://datasheets.micrometals.com/T225-26B-DataSheet.pdf @ 2026-09-30T22:31:11Z,iron,MAS core reference T225-26B,0.259899,"ECB euro reference rates 2026-09-30 (extra/ecb.xml, fetched 2026-09-30T20:12:47Z)",3.6542
"Feryster (sklep.feryster.pl, PL; listed by Micrometals as authorized distributor)","distributor web shop product page (""Rabaty ilościowe"" table, net PLN)",Micrometals,T225-26B,"RTP-57,2X35,7X25,4",Mix 26,powder: iron,T,T225-26B,per piece,"Feryster name ""RTP-57,2X35,7X25,4 Rdzeń toroid proszkowy (T225-26B) AL=160 RTP-57,2X35,7X25,4 Rdzeń toroid proszkowy (T225-26B) AL=160 RTP-57,2X35,7X25,4""",PLN,1000,13.28,0,1,1,,"RTP-57,2X35,7X25,4 Rdzeń toroid proszkowy (T225-26B) AL=160 RTP-57,2X35,7X25,4 Rdzeń toroid proszkowy (T225-26B) AL=160 RTP-57,2X35,7X25,4",https://sklep.feryster.pl/24470-RTP-57-2X35-7X25-4.html,,2026-09-30T22:16:37Z,37800.0,,260.0,"Micrometals datasheet ""Mass (approximate)"" (part T225-26B)",https://datasheets.micrometals.com/T225-26B-DataSheet.pdf @ 2026-09-30T22:31:11Z,iron,MAS core reference T225-26B,0.259899,"ECB euro reference rates 2026-09-30 (extra/ecb.xml, fetched 2026-09-30T20:12:47Z)",3.4515
"Feryster (sklep.feryster.pl, PL; listed by Micrometals as authorized distributor)","distributor web shop product page (""Rabaty ilościowe"" table, net PLN)",Micrometals,T225-26B,"RTP-57,2X35,7X25,4",Mix 26,powder: iron,T,T225-26B,per piece,"Feryster name ""RTP-57,2X35,7X25,4 Rdzeń toroid proszkowy (T225-26B) AL=160 RTP-57,2X35,7X25,4 Rdzeń toroid proszkowy (T225-26B) AL=160 RTP-57,2X35,7X25,4""",PLN,5000,12.5,0,0,1,,"RTP-57,2X35,7X25,4 Rdzeń toroid proszkowy (T225-26B) AL=160 RTP-57,2X35,7X25,4 Rdzeń toroid proszkowy (T225-26B) AL=160 RTP-57,2X35,7X25,4",https://sklep.feryster.pl/24470-RTP-57-2X35-7X25-4.html,,2026-09-30T22:16:37Z,37800.0,,260.0,"Micrometals datasheet ""Mass (approximate)"" (part T225-26B)",https://datasheets.micrometals.com/T225-26B-DataSheet.pdf @ 2026-09-30T22:31:11Z,iron,MAS core reference T225-26B,0.259899,"ECB euro reference rates 2026-09-30 (extra/ecb.xml, fetched 2026-09-30T20:12:47Z)",3.2487
"Feryster (sklep.feryster.pl, PL; listed by Micrometals as authorized distributor)","distributor web shop product page (""Rabaty ilościowe"" table, net PLN)",Micrometals,T300-26D,"RTP-77,2X49X25,4",Mix 26,powder: iron,T,T300-26D,per piece,"Feryster name ""RTP-77,2X49X25,4 Rdzeń toroid proszkowy (T300-26D) AL=160 RTP-77,2X49X25,4 Rdzeń toroid proszkowy (T300-26D) AL=160 RTP-77,2X49X25,4""",PLN,1,27.48,1,0,1,,"RTP-77,2X49X25,4 Rdzeń toroid proszkowy (T300-26D) AL=160 RTP-77,2X49X25,4 Rdzeń toroid proszkowy (T300-26D) AL=160 RTP-77,2X49X25,4",https://sklep.feryster.pl/24472-RTP-77-2X49X25-4.html,,2026-09-30T22:16:40Z,67000.0,,470.0,"Micrometals datasheet ""Mass (approximate)"" (part T300-26D)",https://datasheets.micrometals.com/T300-26D-DataSheet.pdf @ 2026-09-30T22:31:39Z,iron,MAS core reference T300-26D,0.259899,"ECB euro reference rates 2026-09-30 (extra/ecb.xml, fetched 2026-09-30T20:12:47Z)",7.142
"Feryster (sklep.feryster.pl, PL; listed by Micrometals as authorized distributor)","distributor web shop product page (""Rabaty ilościowe"" table, net PLN)",Micrometals,T300-26D,"RTP-77,2X49X25,4",Mix 26,powder: iron,T,T300-26D,per piece,"Feryster name ""RTP-77,2X49X25,4 Rdzeń toroid proszkowy (T300-26D) AL=160 RTP-77,2X49X25,4 Rdzeń toroid proszkowy (T300-26D) AL=160 RTP-77,2X49X25,4""",PLN,100,26.11,0,0,1,,"RTP-77,2X49X25,4 Rdzeń toroid proszkowy (T300-26D) AL=160 RTP-77,2X49X25,4 Rdzeń toroid proszkowy (T300-26D) AL=160 RTP-77,2X49X25,4",https://sklep.feryster.pl/24472-RTP-77-2X49X25-4.html,,2026-09-30T22:16:40Z,67000.0,,470.0,"Micrometals datasheet ""Mass (approximate)"" (part T300-26D)",https://datasheets.micrometals.com/T300-26D-DataSheet.pdf @ 2026-09-30T22:31:39Z,iron,MAS core reference T300-26D,0.259899,"ECB euro reference rates 2026-09-30 (extra/ecb.xml, fetched 2026-09-30T20:12:47Z)",6.786
"Feryster (sklep.feryster.pl, PL; listed by Micrometals as authorized distributor)","distributor web shop product page (""Rabaty ilościowe"" table, net PLN)",Micrometals,T300-26D,"RTP-77,2X49X25,4",Mix 26,powder: iron,T,T300-26D,per piece,"Feryster name ""RTP-77,2X49X25,4 Rdzeń toroid proszkowy (T300-26D) AL=160 RTP-77,2X49X25,4 Rdzeń toroid proszkowy (T300-26D) AL=160 RTP-77,2X49X25,4""",PLN,500,24.73,0,0,1,,"RTP-77,2X49X25,4 Rdzeń toroid proszkowy (T300-26D) AL=160 RTP-77,2X49X25,4 Rdzeń toroid proszkowy (T300-26D) AL=160 RTP-77,2X49X25,4",https://sklep.feryster.pl/24472-RTP-77-2X49X25-4.html,,2026-09-30T22:16:40Z,67000.0,,470.0,"Micrometals datasheet ""Mass (approximate)"" (part T300-26D)",https://datasheets.micrometals.com/T300-26D-DataSheet.pdf @ 2026-09-30T22:31:39Z,iron,MAS core reference T300-26D,0.259899,"ECB euro reference rates 2026-09-30 (extra/ecb.xml, fetched 2026-09-30T20:12:47Z)",6.4273
"Feryster (sklep.feryster.pl, PL; listed by Micrometals as authorized distributor)","distributor web shop product page (""Rabaty ilościowe"" table, net PLN)",Micrometals,T300-26D,"RTP-77,2X49X25,4",Mix 26,powder: iron,T,T300-26D,per piece,"Feryster name ""RTP-77,2X49X25,4 Rdzeń toroid proszkowy (T300-26D) AL=160 RTP-77,2X49X25,4 Rdzeń toroid proszkowy (T300-26D) AL=160 RTP-77,2X49X25,4""",PLN,1000,23.36,0,1,1,,"RTP-77,2X49X25,4 Rdzeń toroid proszkowy (T300-26D) AL=160 RTP-77,2X49X25,4 Rdzeń toroid proszkowy (T300-26D) AL=160 RTP-77,2X49X25,4",https://sklep.feryster.pl/24472-RTP-77-2X49X25-4.html,,2026-09-30T22:16:40Z,67000.0,,470.0,"Micrometals datasheet ""Mass (approximate)"" (part T300-26D)",https://datasheets.micrometals.com/T300-26D-DataSheet.pdf @ 2026-09-30T22:31:39Z,iron,MAS core reference T300-26D,0.259899,"ECB euro reference rates 2026-09-30 (extra/ecb.xml, fetched 2026-09-30T20:12:47Z)",6.0712
"Feryster (sklep.feryster.pl, PL; listed by Micrometals as authorized distributor)","distributor web shop product page (""Rabaty ilościowe"" table, net PLN)",Micrometals,T300-26D,"RTP-77,2X49X25,4",Mix 26,powder: iron,T,T300-26D,per piece,"Feryster name ""RTP-77,2X49X25,4 Rdzeń toroid proszkowy (T300-26D) AL=160 RTP-77,2X49X25,4 Rdzeń toroid proszkowy (T300-26D) AL=160 RTP-77,2X49X25,4""",PLN,5000,21.98,0,0,1,,"RTP-77,2X49X25,4 Rdzeń toroid proszkowy (T300-26D) AL=160 RTP-77,2X49X25,4 Rdzeń toroid proszkowy (T300-26D) AL=160 RTP-77,2X49X25,4",https://sklep.feryster.pl/24472-RTP-77-2X49X25-4.html,,2026-09-30T22:16:40Z,67000.0,,470.0,"Micrometals datasheet ""Mass (approximate)"" (part T300-26D)",https://datasheets.micrometals.com/T300-26D-DataSheet.pdf @ 2026-09-30T22:31:39Z,iron,MAS core reference T300-26D,0.259899,"ECB euro reference rates 2026-09-30 (extra/ecb.xml, fetched 2026-09-30T20:12:47Z)",5.7126
"Feryster (sklep.feryster.pl, PL; listed by Micrometals as authorized distributor)","distributor web shop product page (""Rabaty ilościowe"" table, net PLN)",Micrometals,T38-26,"RTP-09,5X4,4X4,8",Mix 26,powder: iron,T,T38-26,per piece,"Feryster name ""RTP-09,5X4,4X4,8 Rdzeń toroid proszkowy (T38-26) Al=49 RTP-09,5X4,4X4,8 Rdzeń toroid proszkowy (T38-26) Al=49 RTP-09,5X4,4X4,8""",PLN,1,1.27,1,0,1,,"RTP-09,5X4,4X4,8 Rdzeń toroid proszkowy (T38-26) Al=49 RTP-09,5X4,4X4,8 Rdzeń toroid proszkowy (T38-26) Al=49 RTP-09,5X4,4X4,8",https://sklep.feryster.pl/24473-RTP-09-5X4-4X4-8.html,,2026-09-30T22:16:43Z,248.0,,1.7,"Micrometals datasheet ""Mass (approximate)"" (part T38-26)",https://datasheets.micrometals.com/T38-26-DataSheet.pdf @ 2026-09-30T20:23:29Z,iron,MAS core reference T38-26,0.259899,"ECB euro reference rates 2026-09-30 (extra/ecb.xml, fetched 2026-09-30T20:12:47Z)",0.3301
"Feryster (sklep.feryster.pl, PL; listed by Micrometals as authorized distributor)","distributor web shop product page (""Rabaty ilościowe"" table, net PLN)",Micrometals,T38-26,"RTP-09,5X4,4X4,8",Mix 26,powder: iron,T,T38-26,per piece,"Feryster name ""RTP-09,5X4,4X4,8 Rdzeń toroid proszkowy (T38-26) Al=49 RTP-09,5X4,4X4,8 Rdzeń toroid proszkowy (T38-26) Al=49 RTP-09,5X4,4X4,8""",PLN,100,1.21,0,0,1,,"RTP-09,5X4,4X4,8 Rdzeń toroid proszkowy (T38-26) Al=49 RTP-09,5X4,4X4,8 Rdzeń toroid proszkowy (T38-26) Al=49 RTP-09,5X4,4X4,8",https://sklep.feryster.pl/24473-RTP-09-5X4-4X4-8.html,,2026-09-30T22:16:43Z,248.0,,1.7,"Micrometals datasheet ""Mass (approximate)"" (part T38-26)",https://datasheets.micrometals.com/T38-26-DataSheet.pdf @ 2026-09-30T20:23:29Z,iron,MAS core reference T38-26,0.259899,"ECB euro reference rates 2026-09-30 (extra/ecb.xml, fetched 2026-09-30T20:12:47Z)",0.3145
"Feryster (sklep.feryster.pl, PL; listed by Micrometals as authorized distributor)","distributor web shop product page (""Rabaty ilościowe"" table, net PLN)",Micrometals,T38-26,"RTP-09,5X4,4X4,8",Mix 26,powder: iron,T,T38-26,per piece,"Feryster name ""RTP-09,5X4,4X4,8 Rdzeń toroid proszkowy (T38-26) Al=49 RTP-09,5X4,4X4,8 Rdzeń toroid proszkowy (T38-26) Al=49 RTP-09,5X4,4X4,8""",PLN,500,1.14,0,0,1,,"RTP-09,5X4,4X4,8 Rdzeń toroid proszkowy (T38-26) Al=49 RTP-09,5X4,4X4,8 Rdzeń toroid proszkowy (T38-26) Al=49 RTP-09,5X4,4X4,8",https://sklep.feryster.pl/24473-RTP-09-5X4-4X4-8.html,,2026-09-30T22:16:43Z,248.0,,1.7,"Micrometals datasheet ""Mass (approximate)"" (part T38-26)",https://datasheets.micrometals.com/T38-26-DataSheet.pdf @ 2026-09-30T20:23:29Z,iron,MAS core reference T38-26,0.259899,"ECB euro reference rates 2026-09-30 (extra/ecb.xml, fetched 2026-09-30T20:12:47Z)",0.2963
"Feryster (sklep.feryster.pl, PL; listed by Micrometals as authorized distributor)","distributor web shop product page (""Rabaty ilościowe"" table, net PLN)",Micrometals,T38-26,"RTP-09,5X4,4X4,8",Mix 26,powder: iron,T,T38-26,per piece,"Feryster name ""RTP-09,5X4,4X4,8 Rdzeń toroid proszkowy (T38-26) Al=49 RTP-09,5X4,4X4,8 Rdzeń toroid proszkowy (T38-26) Al=49 RTP-09,5X4,4X4,8""",PLN,1000,1.08,0,1,1,,"RTP-09,5X4,4X4,8 Rdzeń toroid proszkowy (T38-26) Al=49 RTP-09,5X4,4X4,8 Rdzeń toroid proszkowy (T38-26) Al=49 RTP-09,5X4,4X4,8",https://sklep.feryster.pl/24473-RTP-09-5X4-4X4-8.html,,2026-09-30T22:16:43Z,248.0,,1.7,"Micrometals datasheet ""Mass (approximate)"" (part T38-26)",https://datasheets.micrometals.com/T38-26-DataSheet.pdf @ 2026-09-30T20:23:29Z,iron,MAS core reference T38-26,0.259899,"ECB euro reference rates 2026-09-30 (extra/ecb.xml, fetched 2026-09-30T20:12:47Z)",0.2807
"Feryster (sklep.feryster.pl, PL; listed by Micrometals as authorized distributor)","distributor web shop product page (""Rabaty ilościowe"" table, net PLN)",Micrometals,T38-26,"RTP-09,5X4,4X4,8",Mix 26,powder: iron,T,T38-26,per piece,"Feryster name ""RTP-09,5X4,4X4,8 Rdzeń toroid proszkowy (T38-26) Al=49 RTP-09,5X4,4X4,8 Rdzeń toroid proszkowy (T38-26) Al=49 RTP-09,5X4,4X4,8""",PLN,5000,1.02,0,0,1,,"RTP-09,5X4,4X4,8 Rdzeń toroid proszkowy (T38-26) Al=49 RTP-09,5X4,4X4,8 Rdzeń toroid proszkowy (T38-26) Al=49 RTP-09,5X4,4X4,8",https://sklep.feryster.pl/24473-RTP-09-5X4-4X4-8.html,,2026-09-30T22:16:43Z,248.0,,1.7,"Micrometals datasheet ""Mass (approximate)"" (part T38-26)",https://datasheets.micrometals.com/T38-26-DataSheet.pdf @ 2026-09-30T20:23:29Z,iron,MAS core reference T38-26,0.259899,"ECB euro reference rates 2026-09-30 (extra/ecb.xml, fetched 2026-09-30T20:12:47Z)",0.2651
"Feryster (sklep.feryster.pl, PL; listed by Micrometals as authorized distributor)","distributor web shop product page (""Rabaty ilościowe"" table, net PLN)",Micrometals,T50-26,"RTP-12,7X7,7X4,83",Mix 26,powder: iron,T,T50-26,per piece,"Feryster name ""RTP-12,7X7,7X4,83 Rdzeń toroid proszkowy (T50-26) Al=33 RTP-12,7X7,7X4,83 Rdzeń toroid proszkowy (T50-26) Al=33 RTP-12,7X7,7X4,83""",PLN,1,0.76,1,0,1,,"RTP-12,7X7,7X4,83 Rdzeń toroid proszkowy (T50-26) Al=33 RTP-12,7X7,7X4,83 Rdzeń toroid proszkowy (T50-26) Al=33 RTP-12,7X7,7X4,83",https://sklep.feryster.pl/24474-RTP-12-7X7-7X4-83.html,,2026-09-30T22:16:44Z,358.0,,2.5,"Micrometals datasheet ""Mass (approximate)"" (part T50-26)",https://datasheets.micrometals.com/T50-26-DataSheet.pdf @ 2026-09-30T20:24:49Z,iron,MAS core reference T50-26,0.259899,"ECB euro reference rates 2026-09-30 (extra/ecb.xml, fetched 2026-09-30T20:12:47Z)",0.1975
"Feryster (sklep.feryster.pl, PL; listed by Micrometals as authorized distributor)","distributor web shop product page (""Rabaty ilościowe"" table, net PLN)",Micrometals,T50-26,"RTP-12,7X7,7X4,83",Mix 26,powder: iron,T,T50-26,per piece,"Feryster name ""RTP-12,7X7,7X4,83 Rdzeń toroid proszkowy (T50-26) Al=33 RTP-12,7X7,7X4,83 Rdzeń toroid proszkowy (T50-26) Al=33 RTP-12,7X7,7X4,83""",PLN,100,0.72,0,0,1,,"RTP-12,7X7,7X4,83 Rdzeń toroid proszkowy (T50-26) Al=33 RTP-12,7X7,7X4,83 Rdzeń toroid proszkowy (T50-26) Al=33 RTP-12,7X7,7X4,83",https://sklep.feryster.pl/24474-RTP-12-7X7-7X4-83.html,,2026-09-30T22:16:44Z,358.0,,2.5,"Micrometals datasheet ""Mass (approximate)"" (part T50-26)",https://datasheets.micrometals.com/T50-26-DataSheet.pdf @ 2026-09-30T20:24:49Z,iron,MAS core reference T50-26,0.259899,"ECB euro reference rates 2026-09-30 (extra/ecb.xml, fetched 2026-09-30T20:12:47Z)",0.1871
"Feryster (sklep.feryster.pl, PL; listed by Micrometals as authorized distributor)","distributor web shop product page (""Rabaty ilościowe"" table, net PLN)",Micrometals,T50-26,"RTP-12,7X7,7X4,83",Mix 26,powder: iron,T,T50-26,per piece,"Feryster name ""RTP-12,7X7,7X4,83 Rdzeń toroid proszkowy (T50-26) Al=33 RTP-12,7X7,7X4,83 Rdzeń toroid proszkowy (T50-26) Al=33 RTP-12,7X7,7X4,83""",PLN,500,0.68,0,0,1,,"RTP-12,7X7,7X4,83 Rdzeń toroid proszkowy (T50-26) Al=33 RTP-12,7X7,7X4,83 Rdzeń toroid proszkowy (T50-26) Al=33 RTP-12,7X7,7X4,83",https://sklep.feryster.pl/24474-RTP-12-7X7-7X4-83.html,,2026-09-30T22:16:44Z,358.0,,2.5,"Micrometals datasheet ""Mass (approximate)"" (part T50-26)",https://datasheets.micrometals.com/T50-26-DataSheet.pdf @ 2026-09-30T20:24:49Z,iron,MAS core reference T50-26,0.259899,"ECB euro reference rates 2026-09-30 (extra/ecb.xml, fetched 2026-09-30T20:12:47Z)",0.1767
"Feryster (sklep.feryster.pl, PL; listed by Micrometals as authorized distributor)","distributor web shop product page (""Rabaty ilościowe"" table, net PLN)",Micrometals,T50-26,"RTP-12,7X7,7X4,83",Mix 26,powder: iron,T,T50-26,per piece,"Feryster name ""RTP-12,7X7,7X4,83 Rdzeń toroid proszkowy (T50-26) Al=33 RTP-12,7X7,7X4,83 Rdzeń toroid proszkowy (T50-26) Al=33 RTP-12,7X7,7X4,83""",PLN,1000,0.65,0,1,1,,"RTP-12,7X7,7X4,83 Rdzeń toroid proszkowy (T50-26) Al=33 RTP-12,7X7,7X4,83 Rdzeń toroid proszkowy (T50-26) Al=33 RTP-12,7X7,7X4,83",https://sklep.feryster.pl/24474-RTP-12-7X7-7X4-83.html,,2026-09-30T22:16:44Z,358.0,,2.5,"Micrometals datasheet ""Mass (approximate)"" (part T50-26)",https://datasheets.micrometals.com/T50-26-DataSheet.pdf @ 2026-09-30T20:24:49Z,iron,MAS core reference T50-26,0.259899,"ECB euro reference rates 2026-09-30 (extra/ecb.xml, fetched 2026-09-30T20:12:47Z)",0.1689
"Feryster (sklep.feryster.pl, PL; listed by Micrometals as authorized distributor)","distributor web shop product page (""Rabaty ilościowe"" table, net PLN)",Micrometals,T50-26,"RTP-12,7X7,7X4,83",Mix 26,powder: iron,T,T50-26,per piece,"Feryster name ""RTP-12,7X7,7X4,83 Rdzeń toroid proszkowy (T50-26) Al=33 RTP-12,7X7,7X4,83 Rdzeń toroid proszkowy (T50-26) Al=33 RTP-12,7X7,7X4,83""",PLN,5000,0.61,0,0,1,,"RTP-12,7X7,7X4,83 Rdzeń toroid proszkowy (T50-26) Al=33 RTP-12,7X7,7X4,83 Rdzeń toroid proszkowy (T50-26) Al=33 RTP-12,7X7,7X4,83",https://sklep.feryster.pl/24474-RTP-12-7X7-7X4-83.html,,2026-09-30T22:16:44Z,358.0,,2.5,"Micrometals datasheet ""Mass (approximate)"" (part T50-26)",https://datasheets.micrometals.com/T50-26-DataSheet.pdf @ 2026-09-30T20:24:49Z,iron,MAS core reference T50-26,0.259899,"ECB euro reference rates 2026-09-30 (extra/ecb.xml, fetched 2026-09-30T20:12:47Z)",0.1585
"Feryster (sklep.feryster.pl, PL; listed by Micrometals as authorized distributor)","distributor web shop product page (""Rabaty ilościowe"" table, net PLN)",Micrometals,T249-52,"RTP-63,5X31,8X25,4-52",Mix 52,powder: iron,T,T249-52,per piece,"Feryster name ""RTP-63,5X31,8X25,4-52 Rdzeń toroid proszkowy (T249-52) AL=203 RTP-63,5X31,8X25,4-52""",PLN,1,0.0,1,0,1,,"RTP-63,5X31,8X25,4-52 Rdzeń toroid proszkowy (T249-52) AL=203 RTP-63,5X31,8X25,4-52",https://sklep.feryster.pl/29559-RTP-63-5X31-8X25-4-52.html,,2026-09-30T22:16:47Z,52300.0,,370.0,"Micrometals datasheet ""Mass (approximate)"" (part T249-52)",https://datasheets.micrometals.com/T249-52-DataSheet.pdf @ 2026-09-30T22:31:23Z,iron,MAS core reference T249-52,0.259899,"ECB euro reference rates 2026-09-30 (extra/ecb.xml, fetched 2026-09-30T20:12:47Z)",0.0
"Feryster (sklep.feryster.pl, PL; listed by Micrometals as authorized distributor)","distributor web shop product page (""Rabaty ilościowe"" table, net PLN)",Micrometals,T249-52,"RTP-63,5X31,8X25,4-52",Mix 52,powder: iron,T,T249-52,per piece,"Feryster name ""RTP-63,5X31,8X25,4-52 Rdzeń toroid proszkowy (T249-52) AL=203 RTP-63,5X31,8X25,4-52""",PLN,100,0.0,0,0,1,,"RTP-63,5X31,8X25,4-52 Rdzeń toroid proszkowy (T249-52) AL=203 RTP-63,5X31,8X25,4-52",https://sklep.feryster.pl/29559-RTP-63-5X31-8X25-4-52.html,,2026-09-30T22:16:47Z,52300.0,,370.0,"Micrometals datasheet ""Mass (approximate)"" (part T249-52)",https://datasheets.micrometals.com/T249-52-DataSheet.pdf @ 2026-09-30T22:31:23Z,iron,MAS core reference T249-52,0.259899,"ECB euro reference rates 2026-09-30 (extra/ecb.xml, fetched 2026-09-30T20:12:47Z)",0.0
"Feryster (sklep.feryster.pl, PL; listed by Micrometals as authorized distributor)","distributor web shop product page (""Rabaty ilościowe"" table, net PLN)",Micrometals,T249-52,"RTP-63,5X31,8X25,4-52",Mix 52,powder: iron,T,T249-52,per piece,"Feryster name ""RTP-63,5X31,8X25,4-52 Rdzeń toroid proszkowy (T249-52) AL=203 RTP-63,5X31,8X25,4-52""",PLN,500,0.0,0,0,1,,"RTP-63,5X31,8X25,4-52 Rdzeń toroid proszkowy (T249-52) AL=203 RTP-63,5X31,8X25,4-52",https://sklep.feryster.pl/29559-RTP-63-5X31-8X25-4-52.html,,2026-09-30T22:16:47Z,52300.0,,370.0,"Micrometals datasheet ""Mass (approximate)"" (part T249-52)",https://datasheets.micrometals.com/T249-52-DataSheet.pdf @ 2026-09-30T22:31:23Z,iron,MAS core reference T249-52,0.259899,"ECB euro reference rates 2026-09-30 (extra/ecb.xml, fetched 2026-09-30T20:12:47Z)",0.0
"Feryster (sklep.feryster.pl, PL; listed by Micrometals as authorized distributor)","distributor web shop product page (""Rabaty ilościowe"" table, net PLN)",Micrometals,T249-52,"RTP-63,5X31,8X25,4-52",Mix 52,powder: iron,T,T249-52,per piece,"Feryster name ""RTP-63,5X31,8X25,4-52 Rdzeń toroid proszkowy (T249-52) AL=203 RTP-63,5X31,8X25,4-52""",PLN,1000,0.0,0,1,1,,"RTP-63,5X31,8X25,4-52 Rdzeń toroid proszkowy (T249-52) AL=203 RTP-63,5X31,8X25,4-52",https://sklep.feryster.pl/29559-RTP-63-5X31-8X25-4-52.html,,2026-09-30T22:16:47Z,52300.0,,370.0,"Micrometals datasheet ""Mass (approximate)"" (part T249-52)",https://datasheets.micrometals.com/T249-52-DataSheet.pdf @ 2026-09-30T22:31:23Z,iron,MAS core reference T249-52,0.259899,"ECB euro reference rates 2026-09-30 (extra/ecb.xml, fetched 2026-09-30T20:12:47Z)",0.0
"Feryster (sklep.feryster.pl, PL; listed by Micrometals as authorized distributor)","distributor web shop product page (""Rabaty ilościowe"" table, net PLN)",Micrometals,T249-52,"RTP-63,5X31,8X25,4-52",Mix 52,powder: iron,T,T249-52,per piece,"Feryster name ""RTP-63,5X31,8X25,4-52 Rdzeń toroid proszkowy (T249-52) AL=203 RTP-63,5X31,8X25,4-52""",PLN,5000,0.0,0,0,1,,"RTP-63,5X31,8X25,4-52 Rdzeń toroid proszkowy (T249-52) AL=203 RTP-63,5X31,8X25,4-52",https://sklep.feryster.pl/29559-RTP-63-5X31-8X25-4-52.html,,2026-09-30T22:16:47Z,52300.0,,370.0,"Micrometals datasheet ""Mass (approximate)"" (part T249-52)",https://datasheets.micrometals.com/T249-52-DataSheet.pdf @ 2026-09-30T22:31:23Z,iron,MAS core reference T249-52,0.259899,"ECB euro reference rates 2026-09-30 (extra/ecb.xml, fetched 2026-09-30T20:12:47Z)",0.0
"Feryster (sklep.feryster.pl, PL; listed by Micrometals as authorized distributor)","distributor web shop product page (""Rabaty ilościowe"" table, net PLN)",Micrometals,T50-26B,"RTP-12,7X7,7X6,35",Mix 26,powder: iron,T,T50-26B,per piece,"Feryster name ""RTP-12,7X7,7X6,35 Rdzeń toroid proszkowy (T50-26B) AL=43,5 RTP-12,7X7,7X6,35 Rdzeń toroid proszkowy (T50-26B) AL=43,5 RTP-12,7X7,7X6,35""",PLN,1,0.8,1,0,1,,"RTP-12,7X7,7X6,35 Rdzeń toroid proszkowy (T50-26B) AL=43,5 RTP-12,7X7,7X6,35 Rdzeń toroid proszkowy (T50-26B) AL=43,5 RTP-12,7X7,7X6,35",https://sklep.feryster.pl/24475-RTP-12-7X7-7X6-35.html,,2026-09-30T22:16:50Z,471.0,,3.3,"Micrometals datasheet ""Mass (approximate)"" (part T50-26B)",https://datasheets.micrometals.com/T50-26B-DataSheet.pdf @ 2026-09-30T22:32:30Z,iron,MAS core reference T50-26B,0.259899,"ECB euro reference rates 2026-09-30 (extra/ecb.xml, fetched 2026-09-30T20:12:47Z)",0.2079
"Feryster (sklep.feryster.pl, PL; listed by Micrometals as authorized distributor)","distributor web shop product page (""Rabaty ilościowe"" table, net PLN)",Micrometals,T50-26B,"RTP-12,7X7,7X6,35",Mix 26,powder: iron,T,T50-26B,per piece,"Feryster name ""RTP-12,7X7,7X6,35 Rdzeń toroid proszkowy (T50-26B) AL=43,5 RTP-12,7X7,7X6,35 Rdzeń toroid proszkowy (T50-26B) AL=43,5 RTP-12,7X7,7X6,35""",PLN,100,0.76,0,0,1,,"RTP-12,7X7,7X6,35 Rdzeń toroid proszkowy (T50-26B) AL=43,5 RTP-12,7X7,7X6,35 Rdzeń toroid proszkowy (T50-26B) AL=43,5 RTP-12,7X7,7X6,35",https://sklep.feryster.pl/24475-RTP-12-7X7-7X6-35.html,,2026-09-30T22:16:50Z,471.0,,3.3,"Micrometals datasheet ""Mass (approximate)"" (part T50-26B)",https://datasheets.micrometals.com/T50-26B-DataSheet.pdf @ 2026-09-30T22:32:30Z,iron,MAS core reference T50-26B,0.259899,"ECB euro reference rates 2026-09-30 (extra/ecb.xml, fetched 2026-09-30T20:12:47Z)",0.1975
"Feryster (sklep.feryster.pl, PL; listed by Micrometals as authorized distributor)","distributor web shop product page (""Rabaty ilościowe"" table, net PLN)",Micrometals,T50-26B,"RTP-12,7X7,7X6,35",Mix 26,powder: iron,T,T50-26B,per piece,"Feryster name ""RTP-12,7X7,7X6,35 Rdzeń toroid proszkowy (T50-26B) AL=43,5 RTP-12,7X7,7X6,35 Rdzeń toroid proszkowy (T50-26B) AL=43,5 RTP-12,7X7,7X6,35""",PLN,500,0.72,0,0,1,,"RTP-12,7X7,7X6,35 Rdzeń toroid proszkowy (T50-26B) AL=43,5 RTP-12,7X7,7X6,35 Rdzeń toroid proszkowy (T50-26B) AL=43,5 RTP-12,7X7,7X6,35",https://sklep.feryster.pl/24475-RTP-12-7X7-7X6-35.html,,2026-09-30T22:16:50Z,471.0,,3.3,"Micrometals datasheet ""Mass (approximate)"" (part T50-26B)",https://datasheets.micrometals.com/T50-26B-DataSheet.pdf @ 2026-09-30T22:32:30Z,iron,MAS core reference T50-26B,0.259899,"ECB euro reference rates 2026-09-30 (extra/ecb.xml, fetched 2026-09-30T20:12:47Z)",0.1871
"Feryster (sklep.feryster.pl, PL; listed by Micrometals as authorized distributor)","distributor web shop product page (""Rabaty ilościowe"" table, net PLN)",Micrometals,T50-26B,"RTP-12,7X7,7X6,35",Mix 26,powder: iron,T,T50-26B,per piece,"Feryster name ""RTP-12,7X7,7X6,35 Rdzeń toroid proszkowy (T50-26B) AL=43,5 RTP-12,7X7,7X6,35 Rdzeń toroid proszkowy (T50-26B) AL=43,5 RTP-12,7X7,7X6,35""",PLN,1000,0.68,0,1,1,,"RTP-12,7X7,7X6,35 Rdzeń toroid proszkowy (T50-26B) AL=43,5 RTP-12,7X7,7X6,35 Rdzeń toroid proszkowy (T50-26B) AL=43,5 RTP-12,7X7,7X6,35",https://sklep.feryster.pl/24475-RTP-12-7X7-7X6-35.html,,2026-09-30T22:16:50Z,471.0,,3.3,"Micrometals datasheet ""Mass (approximate)"" (part T50-26B)",https://datasheets.micrometals.com/T50-26B-DataSheet.pdf @ 2026-09-30T22:32:30Z,iron,MAS core reference T50-26B,0.259899,"ECB euro reference rates 2026-09-30 (extra/ecb.xml, fetched 2026-09-30T20:12:47Z)",0.1767
"Feryster (sklep.feryster.pl, PL; listed by Micrometals as authorized distributor)","distributor web shop product page (""Rabaty ilościowe"" table, net PLN)",Micrometals,T50-26B,"RTP-12,7X7,7X6,35",Mix 26,powder: iron,T,T50-26B,per piece,"Feryster name ""RTP-12,7X7,7X6,35 Rdzeń toroid proszkowy (T50-26B) AL=43,5 RTP-12,7X7,7X6,35 Rdzeń toroid proszkowy (T50-26B) AL=43,5 RTP-12,7X7,7X6,35""",PLN,5000,0.64,0,0,1,,"RTP-12,7X7,7X6,35 Rdzeń toroid proszkowy (T50-26B) AL=43,5 RTP-12,7X7,7X6,35 Rdzeń toroid proszkowy (T50-26B) AL=43,5 RTP-12,7X7,7X6,35",https://sklep.feryster.pl/24475-RTP-12-7X7-7X6-35.html,,2026-09-30T22:16:50Z,471.0,,3.3,"Micrometals datasheet ""Mass (approximate)"" (part T50-26B)",https://datasheets.micrometals.com/T50-26B-DataSheet.pdf @ 2026-09-30T22:32:30Z,iron,MAS core reference T50-26B,0.259899,"ECB euro reference rates 2026-09-30 (extra/ecb.xml, fetched 2026-09-30T20:12:47Z)",0.1663
"Feryster (sklep.feryster.pl, PL; listed by Micrometals as authorized distributor)","distributor web shop product page (""Rabaty ilościowe"" table, net PLN)",Micrometals,T60-26,"RTP-15,2X8,53X5,94",Mix 26,powder: iron,T,T60-26,per piece,"Feryster name ""RTP-15,2X8,53X5,94 Rdzeń toroid proszkowy (T60-26) AL=50 RTP-15,2X8,53X5,94 Rdzeń toroid proszkowy (T60-26) AL=50 RTP-15,2X8,53X5,94""",PLN,1,1.27,1,0,1,,"RTP-15,2X8,53X5,94 Rdzeń toroid proszkowy (T60-26) AL=50 RTP-15,2X8,53X5,94 Rdzeń toroid proszkowy (T60-26) AL=50 RTP-15,2X8,53X5,94",https://sklep.feryster.pl/24479-RTP-15-2X8-53X5-94.html,,2026-09-30T22:16:53Z,699.0,,4.9,"Micrometals datasheet ""Mass (approximate)"" (part T60-26)",https://datasheets.micrometals.com/T60-26-DataSheet.pdf @ 2026-09-30T20:25:24Z,iron,MAS core reference T60-26,0.259899,"ECB euro reference rates 2026-09-30 (extra/ecb.xml, fetched 2026-09-30T20:12:47Z)",0.3301
"Feryster (sklep.feryster.pl, PL; listed by Micrometals as authorized distributor)","distributor web shop product page (""Rabaty ilościowe"" table, net PLN)",Micrometals,T60-26,"RTP-15,2X8,53X5,94",Mix 26,powder: iron,T,T60-26,per piece,"Feryster name ""RTP-15,2X8,53X5,94 Rdzeń toroid proszkowy (T60-26) AL=50 RTP-15,2X8,53X5,94 Rdzeń toroid proszkowy (T60-26) AL=50 RTP-15,2X8,53X5,94""",PLN,100,1.21,0,0,1,,"RTP-15,2X8,53X5,94 Rdzeń toroid proszkowy (T60-26) AL=50 RTP-15,2X8,53X5,94 Rdzeń toroid proszkowy (T60-26) AL=50 RTP-15,2X8,53X5,94",https://sklep.feryster.pl/24479-RTP-15-2X8-53X5-94.html,,2026-09-30T22:16:53Z,699.0,,4.9,"Micrometals datasheet ""Mass (approximate)"" (part T60-26)",https://datasheets.micrometals.com/T60-26-DataSheet.pdf @ 2026-09-30T20:25:24Z,iron,MAS core reference T60-26,0.259899,"ECB euro reference rates 2026-09-30 (extra/ecb.xml, fetched 2026-09-30T20:12:47Z)",0.3145
"Feryster (sklep.feryster.pl, PL; listed by Micrometals as authorized distributor)","distributor web shop product page (""Rabaty ilościowe"" table, net PLN)",Micrometals,T60-26,"RTP-15,2X8,53X5,94",Mix 26,powder: iron,T,T60-26,per piece,"Feryster name ""RTP-15,2X8,53X5,94 Rdzeń toroid proszkowy (T60-26) AL=50 RTP-15,2X8,53X5,94 Rdzeń toroid proszkowy (T60-26) AL=50 RTP-15,2X8,53X5,94""",PLN,500,1.14,0,0,1,,"RTP-15,2X8,53X5,94 Rdzeń toroid proszkowy (T60-26) AL=50 RTP-15,2X8,53X5,94 Rdzeń toroid proszkowy (T60-26) AL=50 RTP-15,2X8,53X5,94",https://sklep.feryster.pl/24479-RTP-15-2X8-53X5-94.html,,2026-09-30T22:16:53Z,699.0,,4.9,"Micrometals datasheet ""Mass (approximate)"" (part T60-26)",https://datasheets.micrometals.com/T60-26-DataSheet.pdf @ 2026-09-30T20:25:24Z,iron,MAS core reference T60-26,0.259899,"ECB euro reference rates 2026-09-30 (extra/ecb.xml, fetched 2026-09-30T20:12:47Z)",0.2963
"Feryster (sklep.feryster.pl, PL; listed by Micrometals as authorized distributor)","distributor web shop product page (""Rabaty ilościowe"" table, net PLN)",Micrometals,T60-26,"RTP-15,2X8,53X5,94",Mix 26,powder: iron,T,T60-26,per piece,"Feryster name ""RTP-15,2X8,53X5,94 Rdzeń toroid proszkowy (T60-26) AL=50 RTP-15,2X8,53X5,94 Rdzeń toroid proszkowy (T60-26) AL=50 RTP-15,2X8,53X5,94""",PLN,1000,1.08,0,1,1,,"RTP-15,2X8,53X5,94 Rdzeń toroid proszkowy (T60-26) AL=50 RTP-15,2X8,53X5,94 Rdzeń toroid proszkowy (T60-26) AL=50 RTP-15,2X8,53X5,94",https://sklep.feryster.pl/24479-RTP-15-2X8-53X5-94.html,,2026-09-30T22:16:53Z,699.0,,4.9,"Micrometals datasheet ""Mass (approximate)"" (part T60-26)",https://datasheets.micrometals.com/T60-26-DataSheet.pdf @ 2026-09-30T20:25:24Z,iron,MAS core reference T60-26,0.259899,"ECB euro reference rates 2026-09-30 (extra/ecb.xml, fetched 2026-09-30T20:12:47Z)",0.2807
"Feryster (sklep.feryster.pl, PL; listed by Micrometals as authorized distributor)","distributor web shop product page (""Rabaty ilościowe"" table, net PLN)",Micrometals,T60-26,"RTP-15,2X8,53X5,94",Mix 26,powder: iron,T,T60-26,per piece,"Feryster name ""RTP-15,2X8,53X5,94 Rdzeń toroid proszkowy (T60-26) AL=50 RTP-15,2X8,53X5,94 Rdzeń toroid proszkowy (T60-26) AL=50 RTP-15,2X8,53X5,94""",PLN,5000,1.02,0,0,1,,"RTP-15,2X8,53X5,94 Rdzeń toroid proszkowy (T60-26) AL=50 RTP-15,2X8,53X5,94 Rdzeń toroid proszkowy (T60-26) AL=50 RTP-15,2X8,53X5,94",https://sklep.feryster.pl/24479-RTP-15-2X8-53X5-94.html,,2026-09-30T22:16:53Z,699.0,,4.9,"Micrometals datasheet ""Mass (approximate)"" (part T60-26)",https://datasheets.micrometals.com/T60-26-DataSheet.pdf @ 2026-09-30T20:25:24Z,iron,MAS core reference T60-26,0.259899,"ECB euro reference rates 2026-09-30 (extra/ecb.xml, fetched 2026-09-30T20:12:47Z)",0.2651
"Feryster (sklep.feryster.pl, PL; listed by Micrometals as authorized distributor)","distributor web shop product page (""Rabaty ilościowe"" table, net PLN)",Micrometals,T68-26A,"RTP-17,5X9,4X6,35",Mix 26,powder: iron,T,T68-26A,per piece,"Feryster name ""RTP-17,5X9,4X6,35 Rdzeń toroid proszkowy (T68-26A) AL=58 RTP-17,5X9,4X6,35 Rdzeń toroid proszkowy (T68-26A) AL=58 RTP-17,5X9,4X6,35""",PLN,1,0.9,1,0,1,,"RTP-17,5X9,4X6,35 Rdzeń toroid proszkowy (T68-26A) AL=58 RTP-17,5X9,4X6,35 Rdzeń toroid proszkowy (T68-26A) AL=58 RTP-17,5X9,4X6,35",https://sklep.feryster.pl/24481-RTP-17-5X9-4X6-35.html,,2026-09-30T22:16:56Z,1030.0,,7.2,"Micrometals datasheet ""Mass (approximate)"" (part T68-26A)",https://datasheets.micrometals.com/T68-26A-DataSheet.pdf @ 2026-09-30T22:33:11Z,iron,MAS core reference T68-26A,0.259899,"ECB euro reference rates 2026-09-30 (extra/ecb.xml, fetched 2026-09-30T20:12:47Z)",0.2339
"Feryster (sklep.feryster.pl, PL; listed by Micrometals as authorized distributor)","distributor web shop product page (""Rabaty ilościowe"" table, net PLN)",Micrometals,T68-26A,"RTP-17,5X9,4X6,35",Mix 26,powder: iron,T,T68-26A,per piece,"Feryster name ""RTP-17,5X9,4X6,35 Rdzeń toroid proszkowy (T68-26A) AL=58 RTP-17,5X9,4X6,35 Rdzeń toroid proszkowy (T68-26A) AL=58 RTP-17,5X9,4X6,35""",PLN,100,0.86,0,0,1,,"RTP-17,5X9,4X6,35 Rdzeń toroid proszkowy (T68-26A) AL=58 RTP-17,5X9,4X6,35 Rdzeń toroid proszkowy (T68-26A) AL=58 RTP-17,5X9,4X6,35",https://sklep.feryster.pl/24481-RTP-17-5X9-4X6-35.html,,2026-09-30T22:16:56Z,1030.0,,7.2,"Micrometals datasheet ""Mass (approximate)"" (part T68-26A)",https://datasheets.micrometals.com/T68-26A-DataSheet.pdf @ 2026-09-30T22:33:11Z,iron,MAS core reference T68-26A,0.259899,"ECB euro reference rates 2026-09-30 (extra/ecb.xml, fetched 2026-09-30T20:12:47Z)",0.2235
"Feryster (sklep.feryster.pl, PL; listed by Micrometals as authorized distributor)","distributor web shop product page (""Rabaty ilościowe"" table, net PLN)",Micrometals,T68-26A,"RTP-17,5X9,4X6,35",Mix 26,powder: iron,T,T68-26A,per piece,"Feryster name ""RTP-17,5X9,4X6,35 Rdzeń toroid proszkowy (T68-26A) AL=58 RTP-17,5X9,4X6,35 Rdzeń toroid proszkowy (T68-26A) AL=58 RTP-17,5X9,4X6,35""",PLN,500,0.81,0,0,1,,"RTP-17,5X9,4X6,35 Rdzeń toroid proszkowy (T68-26A) AL=58 RTP-17,5X9,4X6,35 Rdzeń toroid proszkowy (T68-26A) AL=58 RTP-17,5X9,4X6,35",https://sklep.feryster.pl/24481-RTP-17-5X9-4X6-35.html,,2026-09-30T22:16:56Z,1030.0,,7.2,"Micrometals datasheet ""Mass (approximate)"" (part T68-26A)",https://datasheets.micrometals.com/T68-26A-DataSheet.pdf @ 2026-09-30T22:33:11Z,iron,MAS core reference T68-26A,0.259899,"ECB euro reference rates 2026-09-30 (extra/ecb.xml, fetched 2026-09-30T20:12:47Z)",0.2105
"Feryster (sklep.feryster.pl, PL; listed by Micrometals as authorized distributor)","distributor web shop product page (""Rabaty ilościowe"" table, net PLN)",Micrometals,T68-26A,"RTP-17,5X9,4X6,35",Mix 26,powder: iron,T,T68-26A,per piece,"Feryster name ""RTP-17,5X9,4X6,35 Rdzeń toroid proszkowy (T68-26A) AL=58 RTP-17,5X9,4X6,35 Rdzeń toroid proszkowy (T68-26A) AL=58 RTP-17,5X9,4X6,35""",PLN,1000,0.77,0,1,1,,"RTP-17,5X9,4X6,35 Rdzeń toroid proszkowy (T68-26A) AL=58 RTP-17,5X9,4X6,35 Rdzeń toroid proszkowy (T68-26A) AL=58 RTP-17,5X9,4X6,35",https://sklep.feryster.pl/24481-RTP-17-5X9-4X6-35.html,,2026-09-30T22:16:56Z,1030.0,,7.2,"Micrometals datasheet ""Mass (approximate)"" (part T68-26A)",https://datasheets.micrometals.com/T68-26A-DataSheet.pdf @ 2026-09-30T22:33:11Z,iron,MAS core reference T68-26A,0.259899,"ECB euro reference rates 2026-09-30 (extra/ecb.xml, fetched 2026-09-30T20:12:47Z)",0.2001
"Feryster (sklep.feryster.pl, PL; listed by Micrometals as authorized distributor)","distributor web shop product page (""Rabaty ilościowe"" table, net PLN)",Micrometals,T68-26A,"RTP-17,5X9,4X6,35",Mix 26,powder: iron,T,T68-26A,per piece,"Feryster name ""RTP-17,5X9,4X6,35 Rdzeń toroid proszkowy (T68-26A) AL=58 RTP-17,5X9,4X6,35 Rdzeń toroid proszkowy (T68-26A) AL=58 RTP-17,5X9,4X6,35""",PLN,5000,0.72,0,0,1,,"RTP-17,5X9,4X6,35 Rdzeń toroid proszkowy (T68-26A) AL=58 RTP-17,5X9,4X6,35 Rdzeń toroid proszkowy (T68-26A) AL=58 RTP-17,5X9,4X6,35",https://sklep.feryster.pl/24481-RTP-17-5X9-4X6-35.html,,2026-09-30T22:16:56Z,1030.0,,7.2,"Micrometals datasheet ""Mass (approximate)"" (part T68-26A)",https://datasheets.micrometals.com/T68-26A-DataSheet.pdf @ 2026-09-30T22:33:11Z,iron,MAS core reference T68-26A,0.259899,"ECB euro reference rates 2026-09-30 (extra/ecb.xml, fetched 2026-09-30T20:12:47Z)",0.1871
"Feryster (sklep.feryster.pl, PL; listed by Micrometals as authorized distributor)","distributor web shop product page (""Rabaty ilościowe"" table, net PLN)",Micrometals,T80-26B,"RTP-20,2X12,6X9,5",Mix 26,powder: iron,T,T80-26B,per piece,"Feryster name ""RTP-20,2X12,6X9,5 Rdzeń toroid proszkowy (T80-26B) AL=71 RTP-20,2X12,6X9,5 Rdzeń toroid proszkowy (T80-26B) AL=71 RTP-20,2X12,6X9,5""",PLN,1,1.25,1,0,1,,"RTP-20,2X12,6X9,5 Rdzeń toroid proszkowy (T80-26B) AL=71 RTP-20,2X12,6X9,5 Rdzeń toroid proszkowy (T80-26B) AL=71 RTP-20,2X12,6X9,5",https://sklep.feryster.pl/24482-RTP-20-2X12-6X9-5.html,,2026-09-30T22:16:59Z,1780.0,,12.0,"Micrometals datasheet ""Mass (approximate)"" (part T80-26B)",https://datasheets.micrometals.com/T80-26B-DataSheet.pdf @ 2026-09-30T22:33:37Z,iron,MAS core reference T80-26B,0.259899,"ECB euro reference rates 2026-09-30 (extra/ecb.xml, fetched 2026-09-30T20:12:47Z)",0.3249
"Feryster (sklep.feryster.pl, PL; listed by Micrometals as authorized distributor)","distributor web shop product page (""Rabaty ilościowe"" table, net PLN)",Micrometals,T80-26B,"RTP-20,2X12,6X9,5",Mix 26,powder: iron,T,T80-26B,per piece,"Feryster name ""RTP-20,2X12,6X9,5 Rdzeń toroid proszkowy (T80-26B) AL=71 RTP-20,2X12,6X9,5 Rdzeń toroid proszkowy (T80-26B) AL=71 RTP-20,2X12,6X9,5""",PLN,100,1.19,0,0,1,,"RTP-20,2X12,6X9,5 Rdzeń toroid proszkowy (T80-26B) AL=71 RTP-20,2X12,6X9,5 Rdzeń toroid proszkowy (T80-26B) AL=71 RTP-20,2X12,6X9,5",https://sklep.feryster.pl/24482-RTP-20-2X12-6X9-5.html,,2026-09-30T22:16:59Z,1780.0,,12.0,"Micrometals datasheet ""Mass (approximate)"" (part T80-26B)",https://datasheets.micrometals.com/T80-26B-DataSheet.pdf @ 2026-09-30T22:33:37Z,iron,MAS core reference T80-26B,0.259899,"ECB euro reference rates 2026-09-30 (extra/ecb.xml, fetched 2026-09-30T20:12:47Z)",0.3093
"Feryster (sklep.feryster.pl, PL; listed by Micrometals as authorized distributor)","distributor web shop product page (""Rabaty ilościowe"" table, net PLN)",Micrometals,T80-26B,"RTP-20,2X12,6X9,5",Mix 26,powder: iron,T,T80-26B,per piece,"Feryster name ""RTP-20,2X12,6X9,5 Rdzeń toroid proszkowy (T80-26B) AL=71 RTP-20,2X12,6X9,5 Rdzeń toroid proszkowy (T80-26B) AL=71 RTP-20,2X12,6X9,5""",PLN,500,1.13,0,0,1,,"RTP-20,2X12,6X9,5 Rdzeń toroid proszkowy (T80-26B) AL=71 RTP-20,2X12,6X9,5 Rdzeń toroid proszkowy (T80-26B) AL=71 RTP-20,2X12,6X9,5",https://sklep.feryster.pl/24482-RTP-20-2X12-6X9-5.html,,2026-09-30T22:16:59Z,1780.0,,12.0,"Micrometals datasheet ""Mass (approximate)"" (part T80-26B)",https://datasheets.micrometals.com/T80-26B-DataSheet.pdf @ 2026-09-30T22:33:37Z,iron,MAS core reference T80-26B,0.259899,"ECB euro reference rates 2026-09-30 (extra/ecb.xml, fetched 2026-09-30T20:12:47Z)",0.2937
"Feryster (sklep.feryster.pl, PL; listed by Micrometals as authorized distributor)","distributor web shop product page (""Rabaty ilościowe"" table, net PLN)",Micrometals,T80-26B,"RTP-20,2X12,6X9,5",Mix 26,powder: iron,T,T80-26B,per piece,"Feryster name ""RTP-20,2X12,6X9,5 Rdzeń toroid proszkowy (T80-26B) AL=71 RTP-20,2X12,6X9,5 Rdzeń toroid proszkowy (T80-26B) AL=71 RTP-20,2X12,6X9,5""",PLN,1000,1.06,0,1,1,,"RTP-20,2X12,6X9,5 Rdzeń toroid proszkowy (T80-26B) AL=71 RTP-20,2X12,6X9,5 Rdzeń toroid proszkowy (T80-26B) AL=71 RTP-20,2X12,6X9,5",https://sklep.feryster.pl/24482-RTP-20-2X12-6X9-5.html,,2026-09-30T22:16:59Z,1780.0,,12.0,"Micrometals datasheet ""Mass (approximate)"" (part T80-26B)",https://datasheets.micrometals.com/T80-26B-DataSheet.pdf @ 2026-09-30T22:33:37Z,iron,MAS core reference T80-26B,0.259899,"ECB euro reference rates 2026-09-30 (extra/ecb.xml, fetched 2026-09-30T20:12:47Z)",0.2755
"Feryster (sklep.feryster.pl, PL; listed by Micrometals as authorized distributor)","distributor web shop product page (""Rabaty ilościowe"" table, net PLN)",Micrometals,T80-26B,"RTP-20,2X12,6X9,5",Mix 26,powder: iron,T,T80-26B,per piece,"Feryster name ""RTP-20,2X12,6X9,5 Rdzeń toroid proszkowy (T80-26B) AL=71 RTP-20,2X12,6X9,5 Rdzeń toroid proszkowy (T80-26B) AL=71 RTP-20,2X12,6X9,5""",PLN,5000,1.0,0,0,1,,"RTP-20,2X12,6X9,5 Rdzeń toroid proszkowy (T80-26B) AL=71 RTP-20,2X12,6X9,5 Rdzeń toroid proszkowy (T80-26B) AL=71 RTP-20,2X12,6X9,5",https://sklep.feryster.pl/24482-RTP-20-2X12-6X9-5.html,,2026-09-30T22:16:59Z,1780.0,,12.0,"Micrometals datasheet ""Mass (approximate)"" (part T80-26B)",https://datasheets.micrometals.com/T80-26B-DataSheet.pdf @ 2026-09-30T22:33:37Z,iron,MAS core reference T80-26B,0.259899,"ECB euro reference rates 2026-09-30 (extra/ecb.xml, fetched 2026-09-30T20:12:47Z)",0.2599
"Feryster (sklep.feryster.pl, PL; listed by Micrometals as authorized distributor)","distributor web shop product page (""Rabaty ilościowe"" table, net PLN)",Micrometals,T68-52D,"RTP-17,9X9,2X9,7-52D",Mix 52,powder: iron,T,T68-52D,per piece,"Feryster name ""RTP-17,9X9,2X9,7-52D Rdzeń toroid proszkowy (T68-52D) Al=80 RTP-17,9X9,2X9,7-52D""",PLN,1,0.0,1,0,1,,"RTP-17,9X9,2X9,7-52D Rdzeń toroid proszkowy (T68-52D) Al=80 RTP-17,9X9,2X9,7-52D",https://sklep.feryster.pl/74971-RTP-17-9X9-2X9-7-52D.html,,2026-09-30T22:17:02Z,1520.0,,11.0,"Micrometals datasheet ""Mass (approximate)"" (part T68-52D)",https://datasheets.micrometals.com/T68-52D-DataSheet.pdf @ 2026-09-30T22:33:28Z,iron,MAS core reference T68-52D,0.259899,"ECB euro reference rates 2026-09-30 (extra/ecb.xml, fetched 2026-09-30T20:12:47Z)",0.0
"Feryster (sklep.feryster.pl, PL; listed by Micrometals as authorized distributor)","distributor web shop product page (""Rabaty ilościowe"" table, net PLN)",Micrometals,T68-52D,"RTP-17,9X9,2X9,7-52D",Mix 52,powder: iron,T,T68-52D,per piece,"Feryster name ""RTP-17,9X9,2X9,7-52D Rdzeń toroid proszkowy (T68-52D) Al=80 RTP-17,9X9,2X9,7-52D""",PLN,100,0.0,0,0,1,,"RTP-17,9X9,2X9,7-52D Rdzeń toroid proszkowy (T68-52D) Al=80 RTP-17,9X9,2X9,7-52D",https://sklep.feryster.pl/74971-RTP-17-9X9-2X9-7-52D.html,,2026-09-30T22:17:02Z,1520.0,,11.0,"Micrometals datasheet ""Mass (approximate)"" (part T68-52D)",https://datasheets.micrometals.com/T68-52D-DataSheet.pdf @ 2026-09-30T22:33:28Z,iron,MAS core reference T68-52D,0.259899,"ECB euro reference rates 2026-09-30 (extra/ecb.xml, fetched 2026-09-30T20:12:47Z)",0.0
"Feryster (sklep.feryster.pl, PL; listed by Micrometals as authorized distributor)","distributor web shop product page (""Rabaty ilościowe"" table, net PLN)",Micrometals,T68-52D,"RTP-17,9X9,2X9,7-52D",Mix 52,powder: iron,T,T68-52D,per piece,"Feryster name ""RTP-17,9X9,2X9,7-52D Rdzeń toroid proszkowy (T68-52D) Al=80 RTP-17,9X9,2X9,7-52D""",PLN,500,0.0,0,0,1,,"RTP-17,9X9,2X9,7-52D Rdzeń toroid proszkowy (T68-52D) Al=80 RTP-17,9X9,2X9,7-52D",https://sklep.feryster.pl/74971-RTP-17-9X9-2X9-7-52D.html,,2026-09-30T22:17:02Z,1520.0,,11.0,"Micrometals datasheet ""Mass (approximate)"" (part T68-52D)",https://datasheets.micrometals.com/T68-52D-DataSheet.pdf @ 2026-09-30T22:33:28Z,iron,MAS core reference T68-52D,0.259899,"ECB euro reference rates 2026-09-30 (extra/ecb.xml, fetched 2026-09-30T20:12:47Z)",0.0
"Feryster (sklep.feryster.pl, PL; listed by Micrometals as authorized distributor)","distributor web shop product page (""Rabaty ilościowe"" table, net PLN)",Micrometals,T68-52D,"RTP-17,9X9,2X9,7-52D",Mix 52,powder: iron,T,T68-52D,per piece,"Feryster name ""RTP-17,9X9,2X9,7-52D Rdzeń toroid proszkowy (T68-52D) Al=80 RTP-17,9X9,2X9,7-52D""",PLN,1000,0.0,0,1,1,,"RTP-17,9X9,2X9,7-52D Rdzeń toroid proszkowy (T68-52D) Al=80 RTP-17,9X9,2X9,7-52D",https://sklep.feryster.pl/74971-RTP-17-9X9-2X9-7-52D.html,,2026-09-30T22:17:02Z,1520.0,,11.0,"Micrometals datasheet ""Mass (approximate)"" (part T68-52D)",https://datasheets.micrometals.com/T68-52D-DataSheet.pdf @ 2026-09-30T22:33:28Z,iron,MAS core reference T68-52D,0.259899,"ECB euro reference rates 2026-09-30 (extra/ecb.xml, fetched 2026-09-30T20:12:47Z)",0.0
"Feryster (sklep.feryster.pl, PL; listed by Micrometals as authorized distributor)","distributor web shop product page (""Rabaty ilościowe"" table, net PLN)",Micrometals,T68-52D,"RTP-17,9X9,2X9,7-52D",Mix 52,powder: iron,T,T68-52D,per piece,"Feryster name ""RTP-17,9X9,2X9,7-52D Rdzeń toroid proszkowy (T68-52D) Al=80 RTP-17,9X9,2X9,7-52D""",PLN,5000,0.0,0,0,1,,"RTP-17,9X9,2X9,7-52D Rdzeń toroid proszkowy (T68-52D) Al=80 RTP-17,9X9,2X9,7-52D",https://sklep.feryster.pl/74971-RTP-17-9X9-2X9-7-52D.html,,2026-09-30T22:17:02Z,1520.0,,11.0,"Micrometals datasheet ""Mass (approximate)"" (part T68-52D)",https://datasheets.micrometals.com/T68-52D-DataSheet.pdf @ 2026-09-30T22:33:28Z,iron,MAS core reference T68-52D,0.259899,"ECB euro reference rates 2026-09-30 (extra/ecb.xml, fetched 2026-09-30T20:12:47Z)",0.0
"Feryster (sklep.feryster.pl, PL; listed by Micrometals as authorized distributor)","distributor web shop product page (""Rabaty ilościowe"" table, net PLN)",Micrometals,T94-26,"RTP-23,9X14,2X7,92-26",Mix 26,powder: iron,T,T94-26,per piece,"Feryster name ""RTP-23,9X14,2X7,92-26 Rdzeń toroid proszkowy (T94-26) Al=60 RTP-23,9X14,2X7,92-26 Rdzeń toroid proszkowy (T94-26) Al=60 RTP-23,9X14,2X7,92-26""",PLN,1,1.36,1,0,1,,"RTP-23,9X14,2X7,92-26 Rdzeń toroid proszkowy (T94-26) Al=60 RTP-23,9X14,2X7,92-26 Rdzeń toroid proszkowy (T94-26) Al=60 RTP-23,9X14,2X7,92-26",https://sklep.feryster.pl/24483-RTP-23-9X14-2X7-92-26.html,,2026-09-30T22:17:05Z,2160.0,,,,,iron,MAS core reference T94-26,0.259899,"ECB euro reference rates 2026-09-30 (extra/ecb.xml, fetched 2026-09-30T20:12:47Z)",0.3535
"Feryster (sklep.feryster.pl, PL; listed by Micrometals as authorized distributor)","distributor web shop product page (""Rabaty ilościowe"" table, net PLN)",Micrometals,T94-26,"RTP-23,9X14,2X7,92-26",Mix 26,powder: iron,T,T94-26,per piece,"Feryster name ""RTP-23,9X14,2X7,92-26 Rdzeń toroid proszkowy (T94-26) Al=60 RTP-23,9X14,2X7,92-26 Rdzeń toroid proszkowy (T94-26) Al=60 RTP-23,9X14,2X7,92-26""",PLN,100,1.29,0,0,1,,"RTP-23,9X14,2X7,92-26 Rdzeń toroid proszkowy (T94-26) Al=60 RTP-23,9X14,2X7,92-26 Rdzeń toroid proszkowy (T94-26) Al=60 RTP-23,9X14,2X7,92-26",https://sklep.feryster.pl/24483-RTP-23-9X14-2X7-92-26.html,,2026-09-30T22:17:05Z,2160.0,,,,,iron,MAS core reference T94-26,0.259899,"ECB euro reference rates 2026-09-30 (extra/ecb.xml, fetched 2026-09-30T20:12:47Z)",0.3353
"Feryster (sklep.feryster.pl, PL; listed by Micrometals as authorized distributor)","distributor web shop product page (""Rabaty ilościowe"" table, net PLN)",Micrometals,T94-26,"RTP-23,9X14,2X7,92-26",Mix 26,powder: iron,T,T94-26,per piece,"Feryster name ""RTP-23,9X14,2X7,92-26 Rdzeń toroid proszkowy (T94-26) Al=60 RTP-23,9X14,2X7,92-26 Rdzeń toroid proszkowy (T94-26) Al=60 RTP-23,9X14,2X7,92-26""",PLN,500,1.22,0,0,1,,"RTP-23,9X14,2X7,92-26 Rdzeń toroid proszkowy (T94-26) Al=60 RTP-23,9X14,2X7,92-26 Rdzeń toroid proszkowy (T94-26) Al=60 RTP-23,9X14,2X7,92-26",https://sklep.feryster.pl/24483-RTP-23-9X14-2X7-92-26.html,,2026-09-30T22:17:05Z,2160.0,,,,,iron,MAS core reference T94-26,0.259899,"ECB euro reference rates 2026-09-30 (extra/ecb.xml, fetched 2026-09-30T20:12:47Z)",0.3171
"Feryster (sklep.feryster.pl, PL; listed by Micrometals as authorized distributor)","distributor web shop product page (""Rabaty ilościowe"" table, net PLN)",Micrometals,T94-26,"RTP-23,9X14,2X7,92-26",Mix 26,powder: iron,T,T94-26,per piece,"Feryster name ""RTP-23,9X14,2X7,92-26 Rdzeń toroid proszkowy (T94-26) Al=60 RTP-23,9X14,2X7,92-26 Rdzeń toroid proszkowy (T94-26) Al=60 RTP-23,9X14,2X7,92-26""",PLN,1000,1.16,0,1,1,,"RTP-23,9X14,2X7,92-26 Rdzeń toroid proszkowy (T94-26) Al=60 RTP-23,9X14,2X7,92-26 Rdzeń toroid proszkowy (T94-26) Al=60 RTP-23,9X14,2X7,92-26",https://sklep.feryster.pl/24483-RTP-23-9X14-2X7-92-26.html,,2026-09-30T22:17:05Z,2160.0,,,,,iron,MAS core reference T94-26,0.259899,"ECB euro reference rates 2026-09-30 (extra/ecb.xml, fetched 2026-09-30T20:12:47Z)",0.3015
"Feryster (sklep.feryster.pl, PL; listed by Micrometals as authorized distributor)","distributor web shop product page (""Rabaty ilościowe"" table, net PLN)",Micrometals,T94-26,"RTP-23,9X14,2X7,92-26",Mix 26,powder: iron,T,T94-26,per piece,"Feryster name ""RTP-23,9X14,2X7,92-26 Rdzeń toroid proszkowy (T94-26) Al=60 RTP-23,9X14,2X7,92-26 Rdzeń toroid proszkowy (T94-26) Al=60 RTP-23,9X14,2X7,92-26""",PLN,5000,1.09,0,0,1,,"RTP-23,9X14,2X7,92-26 Rdzeń toroid proszkowy (T94-26) Al=60 RTP-23,9X14,2X7,92-26 Rdzeń toroid proszkowy (T94-26) Al=60 RTP-23,9X14,2X7,92-26",https://sklep.feryster.pl/24483-RTP-23-9X14-2X7-92-26.html,,2026-09-30T22:17:05Z,2160.0,,,,,iron,MAS core reference T94-26,0.259899,"ECB euro reference rates 2026-09-30 (extra/ecb.xml, fetched 2026-09-30T20:12:47Z)",0.2833
"Feryster (sklep.feryster.pl, PL; listed by Micrometals as authorized distributor)","distributor web shop product page (""Rabaty ilościowe"" table, net PLN)",Micrometals,T157-26,"RTP-39,9X24,1X14,5-26",Mix 26,powder: iron,T,T157-26,per piece,"Feryster name ""RTP-39,9X24,1X14,5-26 Rdzeń toroid proszkowy (T157-26) AL=100 RTP-39,9X24,1X14,5-26 Rdzeń toroid proszkowy (T157-26) AL=100 RTP-39,9X24,1X14,5-26""",PLN,1,4.7,1,0,1,,"RTP-39,9X24,1X14,5-26 Rdzeń toroid proszkowy (T157-26) AL=100 RTP-39,9X24,1X14,5-26 Rdzeń toroid proszkowy (T157-26) AL=100 RTP-39,9X24,1X14,5-26",https://sklep.feryster.pl/29029-RTP-39-9X24-1X14-5-26.html,,2026-09-30T22:17:09Z,10700.0,,75.0,"Micrometals datasheet ""Mass (approximate)"" (part T157-26)",https://datasheets.micrometals.com/T157-26-DataSheet.pdf @ 2026-09-30T20:18:43Z,iron,MAS core reference T157-26,0.259899,"ECB euro reference rates 2026-09-30 (extra/ecb.xml, fetched 2026-09-30T20:12:47Z)",1.2215
"Feryster (sklep.feryster.pl, PL; listed by Micrometals as authorized distributor)","distributor web shop product page (""Rabaty ilościowe"" table, net PLN)",Micrometals,T157-26,"RTP-39,9X24,1X14,5-26",Mix 26,powder: iron,T,T157-26,per piece,"Feryster name ""RTP-39,9X24,1X14,5-26 Rdzeń toroid proszkowy (T157-26) AL=100 RTP-39,9X24,1X14,5-26 Rdzeń toroid proszkowy (T157-26) AL=100 RTP-39,9X24,1X14,5-26""",PLN,100,4.47,0,0,1,,"RTP-39,9X24,1X14,5-26 Rdzeń toroid proszkowy (T157-26) AL=100 RTP-39,9X24,1X14,5-26 Rdzeń toroid proszkowy (T157-26) AL=100 RTP-39,9X24,1X14,5-26",https://sklep.feryster.pl/29029-RTP-39-9X24-1X14-5-26.html,,2026-09-30T22:17:09Z,10700.0,,75.0,"Micrometals datasheet ""Mass (approximate)"" (part T157-26)",https://datasheets.micrometals.com/T157-26-DataSheet.pdf @ 2026-09-30T20:18:43Z,iron,MAS core reference T157-26,0.259899,"ECB euro reference rates 2026-09-30 (extra/ecb.xml, fetched 2026-09-30T20:12:47Z)",1.1617
"Feryster (sklep.feryster.pl, PL; listed by Micrometals as authorized distributor)","distributor web shop product page (""Rabaty ilościowe"" table, net PLN)",Micrometals,T157-26,"RTP-39,9X24,1X14,5-26",Mix 26,powder: iron,T,T157-26,per piece,"Feryster name ""RTP-39,9X24,1X14,5-26 Rdzeń toroid proszkowy (T157-26) AL=100 RTP-39,9X24,1X14,5-26 Rdzeń toroid proszkowy (T157-26) AL=100 RTP-39,9X24,1X14,5-26""",PLN,500,4.23,0,0,1,,"RTP-39,9X24,1X14,5-26 Rdzeń toroid proszkowy (T157-26) AL=100 RTP-39,9X24,1X14,5-26 Rdzeń toroid proszkowy (T157-26) AL=100 RTP-39,9X24,1X14,5-26",https://sklep.feryster.pl/29029-RTP-39-9X24-1X14-5-26.html,,2026-09-30T22:17:09Z,10700.0,,75.0,"Micrometals datasheet ""Mass (approximate)"" (part T157-26)",https://datasheets.micrometals.com/T157-26-DataSheet.pdf @ 2026-09-30T20:18:43Z,iron,MAS core reference T157-26,0.259899,"ECB euro reference rates 2026-09-30 (extra/ecb.xml, fetched 2026-09-30T20:12:47Z)",1.0994
"Feryster (sklep.feryster.pl, PL; listed by Micrometals as authorized distributor)","distributor web shop product page (""Rabaty ilościowe"" table, net PLN)",Micrometals,T157-26,"RTP-39,9X24,1X14,5-26",Mix 26,powder: iron,T,T157-26,per piece,"Feryster name ""RTP-39,9X24,1X14,5-26 Rdzeń toroid proszkowy (T157-26) AL=100 RTP-39,9X24,1X14,5-26 Rdzeń toroid proszkowy (T157-26) AL=100 RTP-39,9X24,1X14,5-26""",PLN,1000,4.0,0,1,1,,"RTP-39,9X24,1X14,5-26 Rdzeń toroid proszkowy (T157-26) AL=100 RTP-39,9X24,1X14,5-26 Rdzeń toroid proszkowy (T157-26) AL=100 RTP-39,9X24,1X14,5-26",https://sklep.feryster.pl/29029-RTP-39-9X24-1X14-5-26.html,,2026-09-30T22:17:09Z,10700.0,,75.0,"Micrometals datasheet ""Mass (approximate)"" (part T157-26)",https://datasheets.micrometals.com/T157-26-DataSheet.pdf @ 2026-09-30T20:18:43Z,iron,MAS core reference T157-26,0.259899,"ECB euro reference rates 2026-09-30 (extra/ecb.xml, fetched 2026-09-30T20:12:47Z)",1.0396
"Feryster (sklep.feryster.pl, PL; listed by Micrometals as authorized distributor)","distributor web shop product page (""Rabaty ilościowe"" table, net PLN)",Micrometals,T157-26,"RTP-39,9X24,1X14,5-26",Mix 26,powder: iron,T,T157-26,per piece,"Feryster name ""RTP-39,9X24,1X14,5-26 Rdzeń toroid proszkowy (T157-26) AL=100 RTP-39,9X24,1X14,5-26 Rdzeń toroid proszkowy (T157-26) AL=100 RTP-39,9X24,1X14,5-26""",PLN,5000,3.76,0,0,1,,"RTP-39,9X24,1X14,5-26 Rdzeń toroid proszkowy (T157-26) AL=100 RTP-39,9X24,1X14,5-26 Rdzeń toroid proszkowy (T157-26) AL=100 RTP-39,9X24,1X14,5-26",https://sklep.feryster.pl/29029-RTP-39-9X24-1X14-5-26.html,,2026-09-30T22:17:09Z,10700.0,,75.0,"Micrometals datasheet ""Mass (approximate)"" (part T157-26)",https://datasheets.micrometals.com/T157-26-DataSheet.pdf @ 2026-09-30T20:18:43Z,iron,MAS core reference T157-26,0.259899,"ECB euro reference rates 2026-09-30 (extra/ecb.xml, fetched 2026-09-30T20:12:47Z)",0.9772
"Feryster (sklep.feryster.pl, PL; listed by Micrometals as authorized distributor)","distributor web shop product page (""Rabaty ilościowe"" table, net PLN)",Micrometals,T200-26,"RTP-50,8X31,8X14-26",Mix 26,powder: iron,T,T200-26,per piece,"Feryster name ""RTP-50,8X31,8X14-26 Rdzeń toroid proszkowy (T200-26) AL=92 RTP-50,8X31,8X14-26 Rdzeń toroid proszkowy (T200-26) AL=92 RTP-50,8X31,8X14-26""",PLN,1,10.88,1,0,1,,"RTP-50,8X31,8X14-26 Rdzeń toroid proszkowy (T200-26) AL=92 RTP-50,8X31,8X14-26 Rdzeń toroid proszkowy (T200-26) AL=92 RTP-50,8X31,8X14-26",https://sklep.feryster.pl/29021-RTP-50-8X31-8X14-26.html,,2026-09-30T22:17:12Z,16400.0,,110.0,"Micrometals datasheet ""Mass (approximate)"" (part T200-26)",https://datasheets.micrometals.com/T200-26-DataSheet.pdf @ 2026-09-30T20:20:30Z,iron,MAS core reference T200-26,0.259899,"ECB euro reference rates 2026-09-30 (extra/ecb.xml, fetched 2026-09-30T20:12:47Z)",2.8277
"Feryster (sklep.feryster.pl, PL; listed by Micrometals as authorized distributor)","distributor web shop product page (""Rabaty ilościowe"" table, net PLN)",Micrometals,T200-26,"RTP-50,8X31,8X14-26",Mix 26,powder: iron,T,T200-26,per piece,"Feryster name ""RTP-50,8X31,8X14-26 Rdzeń toroid proszkowy (T200-26) AL=92 RTP-50,8X31,8X14-26 Rdzeń toroid proszkowy (T200-26) AL=92 RTP-50,8X31,8X14-26""",PLN,100,10.34,0,0,1,,"RTP-50,8X31,8X14-26 Rdzeń toroid proszkowy (T200-26) AL=92 RTP-50,8X31,8X14-26 Rdzeń toroid proszkowy (T200-26) AL=92 RTP-50,8X31,8X14-26",https://sklep.feryster.pl/29021-RTP-50-8X31-8X14-26.html,,2026-09-30T22:17:12Z,16400.0,,110.0,"Micrometals datasheet ""Mass (approximate)"" (part T200-26)",https://datasheets.micrometals.com/T200-26-DataSheet.pdf @ 2026-09-30T20:20:30Z,iron,MAS core reference T200-26,0.259899,"ECB euro reference rates 2026-09-30 (extra/ecb.xml, fetched 2026-09-30T20:12:47Z)",2.6874
"Feryster (sklep.feryster.pl, PL; listed by Micrometals as authorized distributor)","distributor web shop product page (""Rabaty ilościowe"" table, net PLN)",Micrometals,T200-26,"RTP-50,8X31,8X14-26",Mix 26,powder: iron,T,T200-26,per piece,"Feryster name ""RTP-50,8X31,8X14-26 Rdzeń toroid proszkowy (T200-26) AL=92 RTP-50,8X31,8X14-26 Rdzeń toroid proszkowy (T200-26) AL=92 RTP-50,8X31,8X14-26""",PLN,500,9.79,0,0,1,,"RTP-50,8X31,8X14-26 Rdzeń toroid proszkowy (T200-26) AL=92 RTP-50,8X31,8X14-26 Rdzeń toroid proszkowy (T200-26) AL=92 RTP-50,8X31,8X14-26",https://sklep.feryster.pl/29021-RTP-50-8X31-8X14-26.html,,2026-09-30T22:17:12Z,16400.0,,110.0,"Micrometals datasheet ""Mass (approximate)"" (part T200-26)",https://datasheets.micrometals.com/T200-26-DataSheet.pdf @ 2026-09-30T20:20:30Z,iron,MAS core reference T200-26,0.259899,"ECB euro reference rates 2026-09-30 (extra/ecb.xml, fetched 2026-09-30T20:12:47Z)",2.5444
"Feryster (sklep.feryster.pl, PL; listed by Micrometals as authorized distributor)","distributor web shop product page (""Rabaty ilościowe"" table, net PLN)",Micrometals,T200-26,"RTP-50,8X31,8X14-26",Mix 26,powder: iron,T,T200-26,per piece,"Feryster name ""RTP-50,8X31,8X14-26 Rdzeń toroid proszkowy (T200-26) AL=92 RTP-50,8X31,8X14-26 Rdzeń toroid proszkowy (T200-26) AL=92 RTP-50,8X31,8X14-26""",PLN,1000,9.25,0,1,1,,"RTP-50,8X31,8X14-26 Rdzeń toroid proszkowy (T200-26) AL=92 RTP-50,8X31,8X14-26 Rdzeń toroid proszkowy (T200-26) AL=92 RTP-50,8X31,8X14-26",https://sklep.feryster.pl/29021-RTP-50-8X31-8X14-26.html,,2026-09-30T22:17:12Z,16400.0,,110.0,"Micrometals datasheet ""Mass (approximate)"" (part T200-26)",https://datasheets.micrometals.com/T200-26-DataSheet.pdf @ 2026-09-30T20:20:30Z,iron,MAS core reference T200-26,0.259899,"ECB euro reference rates 2026-09-30 (extra/ecb.xml, fetched 2026-09-30T20:12:47Z)",2.4041
"Feryster (sklep.feryster.pl, PL; listed by Micrometals as authorized distributor)","distributor web shop product page (""Rabaty ilościowe"" table, net PLN)",Micrometals,T200-26,"RTP-50,8X31,8X14-26",Mix 26,powder: iron,T,T200-26,per piece,"Feryster name ""RTP-50,8X31,8X14-26 Rdzeń toroid proszkowy (T200-26) AL=92 RTP-50,8X31,8X14-26 Rdzeń toroid proszkowy (T200-26) AL=92 RTP-50,8X31,8X14-26""",PLN,5000,8.7,0,0,1,,"RTP-50,8X31,8X14-26 Rdzeń toroid proszkowy (T200-26) AL=92 RTP-50,8X31,8X14-26 Rdzeń toroid proszkowy (T200-26) AL=92 RTP-50,8X31,8X14-26",https://sklep.feryster.pl/29021-RTP-50-8X31-8X14-26.html,,2026-09-30T22:17:12Z,16400.0,,110.0,"Micrometals datasheet ""Mass (approximate)"" (part T200-26)",https://datasheets.micrometals.com/T200-26-DataSheet.pdf @ 2026-09-30T20:20:30Z,iron,MAS core reference T200-26,0.259899,"ECB euro reference rates 2026-09-30 (extra/ecb.xml, fetched 2026-09-30T20:12:47Z)",2.2611
"Feryster (sklep.feryster.pl, PL; listed by Micrometals as authorized distributor)","distributor web shop product page (""Rabaty ilościowe"" table, net PLN)",Micrometals,T250-26,"RTP-63,5X31,8X25,4-26",Mix 26,powder: iron,T,T250-26,per piece,"Feryster name ""RTP-63,5X31,8X25,4-26 T250-26 AL 242 RTP-63,5X31,8X25,4-26 T250-26 AL 242 RTP-63,5X31,8X25,4-26""",PLN,1,19.24,1,0,1,,"RTP-63,5X31,8X25,4-26 T250-26 AL 242 RTP-63,5X31,8X25,4-26 T250-26 AL 242 RTP-63,5X31,8X25,4-26",https://sklep.feryster.pl/60044-RTP-63-5X31-8X25-4-26.html,,2026-09-30T22:17:15Z,57400.0,,400.0,"Micrometals datasheet ""Mass (approximate)"" (part T250-26)",https://datasheets.micrometals.com/T250-26-DataSheet.pdf @ 2026-09-30T22:31:29Z,iron,MAS core reference T250-26,0.259899,"ECB euro reference rates 2026-09-30 (extra/ecb.xml, fetched 2026-09-30T20:12:47Z)",5.0005
"Feryster (sklep.feryster.pl, PL; listed by Micrometals as authorized distributor)","distributor web shop product page (""Rabaty ilościowe"" table, net PLN)",Micrometals,T250-26,"RTP-63,5X31,8X25,4-26",Mix 26,powder: iron,T,T250-26,per piece,"Feryster name ""RTP-63,5X31,8X25,4-26 T250-26 AL 242 RTP-63,5X31,8X25,4-26 T250-26 AL 242 RTP-63,5X31,8X25,4-26""",PLN,100,18.28,0,0,1,,"RTP-63,5X31,8X25,4-26 T250-26 AL 242 RTP-63,5X31,8X25,4-26 T250-26 AL 242 RTP-63,5X31,8X25,4-26",https://sklep.feryster.pl/60044-RTP-63-5X31-8X25-4-26.html,,2026-09-30T22:17:15Z,57400.0,,400.0,"Micrometals datasheet ""Mass (approximate)"" (part T250-26)",https://datasheets.micrometals.com/T250-26-DataSheet.pdf @ 2026-09-30T22:31:29Z,iron,MAS core reference T250-26,0.259899,"ECB euro reference rates 2026-09-30 (extra/ecb.xml, fetched 2026-09-30T20:12:47Z)",4.751
"Feryster (sklep.feryster.pl, PL; listed by Micrometals as authorized distributor)","distributor web shop product page (""Rabaty ilościowe"" table, net PLN)",Micrometals,T250-26,"RTP-63,5X31,8X25,4-26",Mix 26,powder: iron,T,T250-26,per piece,"Feryster name ""RTP-63,5X31,8X25,4-26 T250-26 AL 242 RTP-63,5X31,8X25,4-26 T250-26 AL 242 RTP-63,5X31,8X25,4-26""",PLN,500,17.32,0,0,1,,"RTP-63,5X31,8X25,4-26 T250-26 AL 242 RTP-63,5X31,8X25,4-26 T250-26 AL 242 RTP-63,5X31,8X25,4-26",https://sklep.feryster.pl/60044-RTP-63-5X31-8X25-4-26.html,,2026-09-30T22:17:15Z,57400.0,,400.0,"Micrometals datasheet ""Mass (approximate)"" (part T250-26)",https://datasheets.micrometals.com/T250-26-DataSheet.pdf @ 2026-09-30T22:31:29Z,iron,MAS core reference T250-26,0.259899,"ECB euro reference rates 2026-09-30 (extra/ecb.xml, fetched 2026-09-30T20:12:47Z)",4.5015
"Feryster (sklep.feryster.pl, PL; listed by Micrometals as authorized distributor)","distributor web shop product page (""Rabaty ilościowe"" table, net PLN)",Micrometals,T250-26,"RTP-63,5X31,8X25,4-26",Mix 26,powder: iron,T,T250-26,per piece,"Feryster name ""RTP-63,5X31,8X25,4-26 T250-26 AL 242 RTP-63,5X31,8X25,4-26 T250-26 AL 242 RTP-63,5X31,8X25,4-26""",PLN,1000,16.35,0,1,1,,"RTP-63,5X31,8X25,4-26 T250-26 AL 242 RTP-63,5X31,8X25,4-26 T250-26 AL 242 RTP-63,5X31,8X25,4-26",https://sklep.feryster.pl/60044-RTP-63-5X31-8X25-4-26.html,,2026-09-30T22:17:15Z,57400.0,,400.0,"Micrometals datasheet ""Mass (approximate)"" (part T250-26)",https://datasheets.micrometals.com/T250-26-DataSheet.pdf @ 2026-09-30T22:31:29Z,iron,MAS core reference T250-26,0.259899,"ECB euro reference rates 2026-09-30 (extra/ecb.xml, fetched 2026-09-30T20:12:47Z)",4.2494
"Feryster (sklep.feryster.pl, PL; listed by Micrometals as authorized distributor)","distributor web shop product page (""Rabaty ilościowe"" table, net PLN)",Micrometals,T250-26,"RTP-63,5X31,8X25,4-26",Mix 26,powder: iron,T,T250-26,per piece,"Feryster name ""RTP-63,5X31,8X25,4-26 T250-26 AL 242 RTP-63,5X31,8X25,4-26 T250-26 AL 242 RTP-63,5X31,8X25,4-26""",PLN,5000,15.39,0,0,1,,"RTP-63,5X31,8X25,4-26 T250-26 AL 242 RTP-63,5X31,8X25,4-26 T250-26 AL 242 RTP-63,5X31,8X25,4-26",https://sklep.feryster.pl/60044-RTP-63-5X31-8X25-4-26.html,,2026-09-30T22:17:15Z,57400.0,,400.0,"Micrometals datasheet ""Mass (approximate)"" (part T250-26)",https://datasheets.micrometals.com/T250-26-DataSheet.pdf @ 2026-09-30T22:31:29Z,iron,MAS core reference T250-26,0.259899,"ECB euro reference rates 2026-09-30 (extra/ecb.xml, fetched 2026-09-30T20:12:47Z)",3.9999
"Feryster (sklep.feryster.pl, PL; listed by Micrometals as authorized distributor)","distributor web shop product page (""Rabaty ilościowe"" table, net PLN)",Micrometals,T355-26,"RTP-90,2X57,2X24,8-26",Mix 26,powder: iron,T,T355-26,per piece,"Feryster name ""RTP-90,2X57,2X24,8-26 Rdzeń toroid proszkowy (T355-26) AL=150 RTP-90,2X57,2X24,8-26 Rdzeń toroid proszkowy (T355-26) AL=150 RTP-90,2X57,2X24,8-26""",PLN,1,25.12,1,0,1,,"RTP-90,2X57,2X24,8-26 Rdzeń toroid proszkowy (T355-26) AL=150 RTP-90,2X57,2X24,8-26 Rdzeń toroid proszkowy (T355-26) AL=150 RTP-90,2X57,2X24,8-26",https://sklep.feryster.pl/70537-RTP-90-2X57-2X24-8-26.html,,2026-09-30T22:17:16Z,89900.0,,630.0,"Micrometals datasheet ""Mass (approximate)"" (part T355-26)",https://datasheets.micrometals.com/T355-26-DataSheet.pdf @ 2026-09-30T22:32:02Z,iron,MAS core reference T355-26,0.259899,"ECB euro reference rates 2026-09-30 (extra/ecb.xml, fetched 2026-09-30T20:12:47Z)",6.5287
"Feryster (sklep.feryster.pl, PL; listed by Micrometals as authorized distributor)","distributor web shop product page (""Rabaty ilościowe"" table, net PLN)",Micrometals,T355-26,"RTP-90,2X57,2X24,8-26",Mix 26,powder: iron,T,T355-26,per piece,"Feryster name ""RTP-90,2X57,2X24,8-26 Rdzeń toroid proszkowy (T355-26) AL=150 RTP-90,2X57,2X24,8-26 Rdzeń toroid proszkowy (T355-26) AL=150 RTP-90,2X57,2X24,8-26""",PLN,100,23.86,0,0,1,,"RTP-90,2X57,2X24,8-26 Rdzeń toroid proszkowy (T355-26) AL=150 RTP-90,2X57,2X24,8-26 Rdzeń toroid proszkowy (T355-26) AL=150 RTP-90,2X57,2X24,8-26",https://sklep.feryster.pl/70537-RTP-90-2X57-2X24-8-26.html,,2026-09-30T22:17:16Z,89900.0,,630.0,"Micrometals datasheet ""Mass (approximate)"" (part T355-26)",https://datasheets.micrometals.com/T355-26-DataSheet.pdf @ 2026-09-30T22:32:02Z,iron,MAS core reference T355-26,0.259899,"ECB euro reference rates 2026-09-30 (extra/ecb.xml, fetched 2026-09-30T20:12:47Z)",6.2012
"Feryster (sklep.feryster.pl, PL; listed by Micrometals as authorized distributor)","distributor web shop product page (""Rabaty ilościowe"" table, net PLN)",Micrometals,T355-26,"RTP-90,2X57,2X24,8-26",Mix 26,powder: iron,T,T355-26,per piece,"Feryster name ""RTP-90,2X57,2X24,8-26 Rdzeń toroid proszkowy (T355-26) AL=150 RTP-90,2X57,2X24,8-26 Rdzeń toroid proszkowy (T355-26) AL=150 RTP-90,2X57,2X24,8-26""",PLN,500,22.61,0,0,1,,"RTP-90,2X57,2X24,8-26 Rdzeń toroid proszkowy (T355-26) AL=150 RTP-90,2X57,2X24,8-26 Rdzeń toroid proszkowy (T355-26) AL=150 RTP-90,2X57,2X24,8-26",https://sklep.feryster.pl/70537-RTP-90-2X57-2X24-8-26.html,,2026-09-30T22:17:16Z,89900.0,,630.0,"Micrometals datasheet ""Mass (approximate)"" (part T355-26)",https://datasheets.micrometals.com/T355-26-DataSheet.pdf @ 2026-09-30T22:32:02Z,iron,MAS core reference T355-26,0.259899,"ECB euro reference rates 2026-09-30 (extra/ecb.xml, fetched 2026-09-30T20:12:47Z)",5.8763
"Feryster (sklep.feryster.pl, PL; listed by Micrometals as authorized distributor)","distributor web shop product page (""Rabaty ilościowe"" table, net PLN)",Micrometals,T355-26,"RTP-90,2X57,2X24,8-26",Mix 26,powder: iron,T,T355-26,per piece,"Feryster name ""RTP-90,2X57,2X24,8-26 Rdzeń toroid proszkowy (T355-26) AL=150 RTP-90,2X57,2X24,8-26 Rdzeń toroid proszkowy (T355-26) AL=150 RTP-90,2X57,2X24,8-26""",PLN,1000,21.35,0,1,1,,"RTP-90,2X57,2X24,8-26 Rdzeń toroid proszkowy (T355-26) AL=150 RTP-90,2X57,2X24,8-26 Rdzeń toroid proszkowy (T355-26) AL=150 RTP-90,2X57,2X24,8-26",https://sklep.feryster.pl/70537-RTP-90-2X57-2X24-8-26.html,,2026-09-30T22:17:16Z,89900.0,,630.0,"Micrometals datasheet ""Mass (approximate)"" (part T355-26)",https://datasheets.micrometals.com/T355-26-DataSheet.pdf @ 2026-09-30T22:32:02Z,iron,MAS core reference T355-26,0.259899,"ECB euro reference rates 2026-09-30 (extra/ecb.xml, fetched 2026-09-30T20:12:47Z)",5.5488
"Feryster (sklep.feryster.pl, PL; listed by Micrometals as authorized distributor)","distributor web shop product page (""Rabaty ilościowe"" table, net PLN)",Micrometals,T355-26,"RTP-90,2X57,2X24,8-26",Mix 26,powder: iron,T,T355-26,per piece,"Feryster name ""RTP-90,2X57,2X24,8-26 Rdzeń toroid proszkowy (T355-26) AL=150 RTP-90,2X57,2X24,8-26 Rdzeń toroid proszkowy (T355-26) AL=150 RTP-90,2X57,2X24,8-26""",PLN,5000,20.1,0,0,1,,"RTP-90,2X57,2X24,8-26 Rdzeń toroid proszkowy (T355-26) AL=150 RTP-90,2X57,2X24,8-26 Rdzeń toroid proszkowy (T355-26) AL=150 RTP-90,2X57,2X24,8-26",https://sklep.feryster.pl/70537-RTP-90-2X57-2X24-8-26.html,,2026-09-30T22:17:16Z,89900.0,,630.0,"Micrometals datasheet ""Mass (approximate)"" (part T355-26)",https://datasheets.micrometals.com/T355-26-DataSheet.pdf @ 2026-09-30T22:32:02Z,iron,MAS core reference T355-26,0.259899,"ECB euro reference rates 2026-09-30 (extra/ecb.xml, fetched 2026-09-30T20:12:47Z)",5.224
"Feryster (sklep.feryster.pl, PL; listed by Micrometals as authorized distributor)","distributor web shop product page (""Rabaty ilościowe"" table, net PLN)",Micrometals,T355-26D,"RTP-90,2X57,2X33,1-26D",Mix 26,powder: iron,T,T355-26D,per piece,"Feryster name ""RTP-90,2X57,2X33,1-26D Rdzeń toroid proszkowy (T355-26D) AL=200 RTP-90,2X57,2X33,1-26D Rdzeń toroid proszkowy (T355-26D) AL=200 RTP-90,2X57,2X33,1-26D""",PLN,1,25.12,1,0,1,,"RTP-90,2X57,2X33,1-26D Rdzeń toroid proszkowy (T355-26D) AL=200 RTP-90,2X57,2X33,1-26D Rdzeń toroid proszkowy (T355-26D) AL=200 RTP-90,2X57,2X33,1-26D",https://sklep.feryster.pl/70538-RTP-90-2X57-2X33-1-26D.html,,2026-09-30T22:17:19Z,120000.0,,840.0,"Micrometals datasheet ""Mass (approximate)"" (part T355-26D)",https://datasheets.micrometals.com/T355-26D-DataSheet.pdf @ 2026-09-30T22:32:05Z,iron,MAS core reference T355-26D,0.259899,"ECB euro reference rates 2026-09-30 (extra/ecb.xml, fetched 2026-09-30T20:12:47Z)",6.5287
"Feryster (sklep.feryster.pl, PL; listed by Micrometals as authorized distributor)","distributor web shop product page (""Rabaty ilościowe"" table, net PLN)",Micrometals,T355-26D,"RTP-90,2X57,2X33,1-26D",Mix 26,powder: iron,T,T355-26D,per piece,"Feryster name ""RTP-90,2X57,2X33,1-26D Rdzeń toroid proszkowy (T355-26D) AL=200 RTP-90,2X57,2X33,1-26D Rdzeń toroid proszkowy (T355-26D) AL=200 RTP-90,2X57,2X33,1-26D""",PLN,100,23.86,0,0,1,,"RTP-90,2X57,2X33,1-26D Rdzeń toroid proszkowy (T355-26D) AL=200 RTP-90,2X57,2X33,1-26D Rdzeń toroid proszkowy (T355-26D) AL=200 RTP-90,2X57,2X33,1-26D",https://sklep.feryster.pl/70538-RTP-90-2X57-2X33-1-26D.html,,2026-09-30T22:17:19Z,120000.0,,840.0,"Micrometals datasheet ""Mass (approximate)"" (part T355-26D)",https://datasheets.micrometals.com/T355-26D-DataSheet.pdf @ 2026-09-30T22:32:05Z,iron,MAS core reference T355-26D,0.259899,"ECB euro reference rates 2026-09-30 (extra/ecb.xml, fetched 2026-09-30T20:12:47Z)",6.2012
"Feryster (sklep.feryster.pl, PL; listed by Micrometals as authorized distributor)","distributor web shop product page (""Rabaty ilościowe"" table, net PLN)",Micrometals,T355-26D,"RTP-90,2X57,2X33,1-26D",Mix 26,powder: iron,T,T355-26D,per piece,"Feryster name ""RTP-90,2X57,2X33,1-26D Rdzeń toroid proszkowy (T355-26D) AL=200 RTP-90,2X57,2X33,1-26D Rdzeń toroid proszkowy (T355-26D) AL=200 RTP-90,2X57,2X33,1-26D""",PLN,500,22.61,0,0,1,,"RTP-90,2X57,2X33,1-26D Rdzeń toroid proszkowy (T355-26D) AL=200 RTP-90,2X57,2X33,1-26D Rdzeń toroid proszkowy (T355-26D) AL=200 RTP-90,2X57,2X33,1-26D",https://sklep.feryster.pl/70538-RTP-90-2X57-2X33-1-26D.html,,2026-09-30T22:17:19Z,120000.0,,840.0,"Micrometals datasheet ""Mass (approximate)"" (part T355-26D)",https://datasheets.micrometals.com/T355-26D-DataSheet.pdf @ 2026-09-30T22:32:05Z,iron,MAS core reference T355-26D,0.259899,"ECB euro reference rates 2026-09-30 (extra/ecb.xml, fetched 2026-09-30T20:12:47Z)",5.8763
"Feryster (sklep.feryster.pl, PL; listed by Micrometals as authorized distributor)","distributor web shop product page (""Rabaty ilościowe"" table, net PLN)",Micrometals,T355-26D,"RTP-90,2X57,2X33,1-26D",Mix 26,powder: iron,T,T355-26D,per piece,"Feryster name ""RTP-90,2X57,2X33,1-26D Rdzeń toroid proszkowy (T355-26D) AL=200 RTP-90,2X57,2X33,1-26D Rdzeń toroid proszkowy (T355-26D) AL=200 RTP-90,2X57,2X33,1-26D""",PLN,1000,21.35,0,1,1,,"RTP-90,2X57,2X33,1-26D Rdzeń toroid proszkowy (T355-26D) AL=200 RTP-90,2X57,2X33,1-26D Rdzeń toroid proszkowy (T355-26D) AL=200 RTP-90,2X57,2X33,1-26D",https://sklep.feryster.pl/70538-RTP-90-2X57-2X33-1-26D.html,,2026-09-30T22:17:19Z,120000.0,,840.0,"Micrometals datasheet ""Mass (approximate)"" (part T355-26D)",https://datasheets.micrometals.com/T355-26D-DataSheet.pdf @ 2026-09-30T22:32:05Z,iron,MAS core reference T355-26D,0.259899,"ECB euro reference rates 2026-09-30 (extra/ecb.xml, fetched 2026-09-30T20:12:47Z)",5.5488
"Feryster (sklep.feryster.pl, PL; listed by Micrometals as authorized distributor)","distributor web shop product page (""Rabaty ilościowe"" table, net PLN)",Micrometals,T355-26D,"RTP-90,2X57,2X33,1-26D",Mix 26,powder: iron,T,T355-26D,per piece,"Feryster name ""RTP-90,2X57,2X33,1-26D Rdzeń toroid proszkowy (T355-26D) AL=200 RTP-90,2X57,2X33,1-26D Rdzeń toroid proszkowy (T355-26D) AL=200 RTP-90,2X57,2X33,1-26D""",PLN,5000,20.1,0,0,1,,"RTP-90,2X57,2X33,1-26D Rdzeń toroid proszkowy (T355-26D) AL=200 RTP-90,2X57,2X33,1-26D Rdzeń toroid proszkowy (T355-26D) AL=200 RTP-90,2X57,2X33,1-26D",https://sklep.feryster.pl/70538-RTP-90-2X57-2X33-1-26D.html,,2026-09-30T22:17:19Z,120000.0,,840.0,"Micrometals datasheet ""Mass (approximate)"" (part T355-26D)",https://datasheets.micrometals.com/T355-26D-DataSheet.pdf @ 2026-09-30T22:32:05Z,iron,MAS core reference T355-26D,0.259899,"ECB euro reference rates 2026-09-30 (extra/ecb.xml, fetched 2026-09-30T20:12:47Z)",5.224
"Feryster (sklep.feryster.pl, PL; listed by Micrometals as authorized distributor)","distributor web shop product page (""Rabaty ilościowe"" table, net PLN)",Micrometals,T200-26,"RTP-50,8X31,8X14-26-KT",Mix 26,powder: iron,T,T200-26,per piece,"Feryster name ""RTP-50,8X31,8X14-26-KT Rdzeń toroid proszkowy (T200-26) AL=92 RTP-50,8X31,8X14-26-KT Rdzeń toroid proszkowy (T200-26) AL=92 RTP-50,8X31,8X14-26-KT""",PLN,1,3.44,1,0,1,,"RTP-50,8X31,8X14-26-KT Rdzeń toroid proszkowy (T200-26) AL=92 RTP-50,8X31,8X14-26-KT Rdzeń toroid proszkowy (T200-26) AL=92 RTP-50,8X31,8X14-26-KT",https://sklep.feryster.pl/11138-rtp-508x318x14-26-kt.html,,2026-09-30T22:17:25Z,16400.0,,110.0,"Micrometals datasheet ""Mass (approximate)"" (part T200-26)",https://datasheets.micrometals.com/T200-26-DataSheet.pdf @ 2026-09-30T20:20:30Z,iron,MAS core reference T200-26,0.259899,"ECB euro reference rates 2026-09-30 (extra/ecb.xml, fetched 2026-09-30T20:12:47Z)",0.8941
"Feryster (sklep.feryster.pl, PL; listed by Micrometals as authorized distributor)","distributor web shop product page (""Rabaty ilościowe"" table, net PLN)",Micrometals,T200-26,"RTP-50,8X31,8X14-26-KT",Mix 26,powder: iron,T,T200-26,per piece,"Feryster name ""RTP-50,8X31,8X14-26-KT Rdzeń toroid proszkowy (T200-26) AL=92 RTP-50,8X31,8X14-26-KT Rdzeń toroid proszkowy (T200-26) AL=92 RTP-50,8X31,8X14-26-KT""",PLN,100,3.27,0,0,1,,"RTP-50,8X31,8X14-26-KT Rdzeń toroid proszkowy (T200-26) AL=92 RTP-50,8X31,8X14-26-KT Rdzeń toroid proszkowy (T200-26) AL=92 RTP-50,8X31,8X14-26-KT",https://sklep.feryster.pl/11138-rtp-508x318x14-26-kt.html,,2026-09-30T22:17:25Z,16400.0,,110.0,"Micrometals datasheet ""Mass (approximate)"" (part T200-26)",https://datasheets.micrometals.com/T200-26-DataSheet.pdf @ 2026-09-30T20:20:30Z,iron,MAS core reference T200-26,0.259899,"ECB euro reference rates 2026-09-30 (extra/ecb.xml, fetched 2026-09-30T20:12:47Z)",0.8499
"Feryster (sklep.feryster.pl, PL; listed by Micrometals as authorized distributor)","distributor web shop product page (""Rabaty ilościowe"" table, net PLN)",Micrometals,T200-26,"RTP-50,8X31,8X14-26-KT",Mix 26,powder: iron,T,T200-26,per piece,"Feryster name ""RTP-50,8X31,8X14-26-KT Rdzeń toroid proszkowy (T200-26) AL=92 RTP-50,8X31,8X14-26-KT Rdzeń toroid proszkowy (T200-26) AL=92 RTP-50,8X31,8X14-26-KT""",PLN,500,3.1,0,0,1,,"RTP-50,8X31,8X14-26-KT Rdzeń toroid proszkowy (T200-26) AL=92 RTP-50,8X31,8X14-26-KT Rdzeń toroid proszkowy (T200-26) AL=92 RTP-50,8X31,8X14-26-KT",https://sklep.feryster.pl/11138-rtp-508x318x14-26-kt.html,,2026-09-30T22:17:25Z,16400.0,,110.0,"Micrometals datasheet ""Mass (approximate)"" (part T200-26)",https://datasheets.micrometals.com/T200-26-DataSheet.pdf @ 2026-09-30T20:20:30Z,iron,MAS core reference T200-26,0.259899,"ECB euro reference rates 2026-09-30 (extra/ecb.xml, fetched 2026-09-30T20:12:47Z)",0.8057
"Feryster (sklep.feryster.pl, PL; listed by Micrometals as authorized distributor)","distributor web shop product page (""Rabaty ilościowe"" table, net PLN)",Micrometals,T200-26,"RTP-50,8X31,8X14-26-KT",Mix 26,powder: iron,T,T200-26,per piece,"Feryster name ""RTP-50,8X31,8X14-26-KT Rdzeń toroid proszkowy (T200-26) AL=92 RTP-50,8X31,8X14-26-KT Rdzeń toroid proszkowy (T200-26) AL=92 RTP-50,8X31,8X14-26-KT""",PLN,1000,2.92,0,1,1,,"RTP-50,8X31,8X14-26-KT Rdzeń toroid proszkowy (T200-26) AL=92 RTP-50,8X31,8X14-26-KT Rdzeń toroid proszkowy (T200-26) AL=92 RTP-50,8X31,8X14-26-KT",https://sklep.feryster.pl/11138-rtp-508x318x14-26-kt.html,,2026-09-30T22:17:25Z,16400.0,,110.0,"Micrometals datasheet ""Mass (approximate)"" (part T200-26)",https://datasheets.micrometals.com/T200-26-DataSheet.pdf @ 2026-09-30T20:20:30Z,iron,MAS core reference T200-26,0.259899,"ECB euro reference rates 2026-09-30 (extra/ecb.xml, fetched 2026-09-30T20:12:47Z)",0.7589
"Feryster (sklep.feryster.pl, PL; listed by Micrometals as authorized distributor)","distributor web shop product page (""Rabaty ilościowe"" table, net PLN)",Micrometals,T200-26,"RTP-50,8X31,8X14-26-KT",Mix 26,powder: iron,T,T200-26,per piece,"Feryster name ""RTP-50,8X31,8X14-26-KT Rdzeń toroid proszkowy (T200-26) AL=92 RTP-50,8X31,8X14-26-KT Rdzeń toroid proszkowy (T200-26) AL=92 RTP-50,8X31,8X14-26-KT""",PLN,5000,2.75,0,0,1,,"RTP-50,8X31,8X14-26-KT Rdzeń toroid proszkowy (T200-26) AL=92 RTP-50,8X31,8X14-26-KT Rdzeń toroid proszkowy (T200-26) AL=92 RTP-50,8X31,8X14-26-KT",https://sklep.feryster.pl/11138-rtp-508x318x14-26-kt.html,,2026-09-30T22:17:25Z,16400.0,,110.0,"Micrometals datasheet ""Mass (approximate)"" (part T200-26)",https://datasheets.micrometals.com/T200-26-DataSheet.pdf @ 2026-09-30T20:20:30Z,iron,MAS core reference T200-26,0.259899,"ECB euro reference rates 2026-09-30 (extra/ecb.xml, fetched 2026-09-30T20:12:47Z)",0.7147
"Feryster (sklep.feryster.pl, PL; listed by Micrometals as authorized distributor)","distributor web shop product page (""Rabaty ilościowe"" table, net PLN)",Micrometals,T225-26B,RTP-57X35X25-KT,Mix 26,powder: iron,T,T225-26B,per piece,"Feryster name ""RTP-57X35X25-KT Rdzeń toroid proszkowy (T225-26B) AL=160 RTP-57X35X25-KT Rdzeń toroid proszkowy (T225-26B) AL=160 RTP-57X35X25-KT""",PLN,1,7.22,1,0,1,,RTP-57X35X25-KT Rdzeń toroid proszkowy (T225-26B) AL=160 RTP-57X35X25-KT Rdzeń toroid proszkowy (T225-26B) AL=160 RTP-57X35X25-KT,https://sklep.feryster.pl/11223-RTP-57X35X25-KT.html,,2026-09-30T22:17:28Z,37800.0,,260.0,"Micrometals datasheet ""Mass (approximate)"" (part T225-26B)",https://datasheets.micrometals.com/T225-26B-DataSheet.pdf @ 2026-09-30T22:31:11Z,iron,MAS core reference T225-26B,0.259899,"ECB euro reference rates 2026-09-30 (extra/ecb.xml, fetched 2026-09-30T20:12:47Z)",1.8765
"Feryster (sklep.feryster.pl, PL; listed by Micrometals as authorized distributor)","distributor web shop product page (""Rabaty ilościowe"" table, net PLN)",Micrometals,T225-26B,RTP-57X35X25-KT,Mix 26,powder: iron,T,T225-26B,per piece,"Feryster name ""RTP-57X35X25-KT Rdzeń toroid proszkowy (T225-26B) AL=160 RTP-57X35X25-KT Rdzeń toroid proszkowy (T225-26B) AL=160 RTP-57X35X25-KT""",PLN,100,6.86,0,0,1,,RTP-57X35X25-KT Rdzeń toroid proszkowy (T225-26B) AL=160 RTP-57X35X25-KT Rdzeń toroid proszkowy (T225-26B) AL=160 RTP-57X35X25-KT,https://sklep.feryster.pl/11223-RTP-57X35X25-KT.html,,2026-09-30T22:17:28Z,37800.0,,260.0,"Micrometals datasheet ""Mass (approximate)"" (part T225-26B)",https://datasheets.micrometals.com/T225-26B-DataSheet.pdf @ 2026-09-30T22:31:11Z,iron,MAS core reference T225-26B,0.259899,"ECB euro reference rates 2026-09-30 (extra/ecb.xml, fetched 2026-09-30T20:12:47Z)",1.7829
"Feryster (sklep.feryster.pl, PL; listed by Micrometals as authorized distributor)","distributor web shop product page (""Rabaty ilościowe"" table, net PLN)",Micrometals,T225-26B,RTP-57X35X25-KT,Mix 26,powder: iron,T,T225-26B,per piece,"Feryster name ""RTP-57X35X25-KT Rdzeń toroid proszkowy (T225-26B) AL=160 RTP-57X35X25-KT Rdzeń toroid proszkowy (T225-26B) AL=160 RTP-57X35X25-KT""",PLN,500,6.5,0,0,1,,RTP-57X35X25-KT Rdzeń toroid proszkowy (T225-26B) AL=160 RTP-57X35X25-KT Rdzeń toroid proszkowy (T225-26B) AL=160 RTP-57X35X25-KT,https://sklep.feryster.pl/11223-RTP-57X35X25-KT.html,,2026-09-30T22:17:28Z,37800.0,,260.0,"Micrometals datasheet ""Mass (approximate)"" (part T225-26B)",https://datasheets.micrometals.com/T225-26B-DataSheet.pdf @ 2026-09-30T22:31:11Z,iron,MAS core reference T225-26B,0.259899,"ECB euro reference rates 2026-09-30 (extra/ecb.xml, fetched 2026-09-30T20:12:47Z)",1.6893
"Feryster (sklep.feryster.pl, PL; listed by Micrometals as authorized distributor)","distributor web shop product page (""Rabaty ilościowe"" table, net PLN)",Micrometals,T225-26B,RTP-57X35X25-KT,Mix 26,powder: iron,T,T225-26B,per piece,"Feryster name ""RTP-57X35X25-KT Rdzeń toroid proszkowy (T225-26B) AL=160 RTP-57X35X25-KT Rdzeń toroid proszkowy (T225-26B) AL=160 RTP-57X35X25-KT""",PLN,1000,6.14,0,1,1,,RTP-57X35X25-KT Rdzeń toroid proszkowy (T225-26B) AL=160 RTP-57X35X25-KT Rdzeń toroid proszkowy (T225-26B) AL=160 RTP-57X35X25-KT,https://sklep.feryster.pl/11223-RTP-57X35X25-KT.html,,2026-09-30T22:17:28Z,37800.0,,260.0,"Micrometals datasheet ""Mass (approximate)"" (part T225-26B)",https://datasheets.micrometals.com/T225-26B-DataSheet.pdf @ 2026-09-30T22:31:11Z,iron,MAS core reference T225-26B,0.259899,"ECB euro reference rates 2026-09-30 (extra/ecb.xml, fetched 2026-09-30T20:12:47Z)",1.5958
"Feryster (sklep.feryster.pl, PL; listed by Micrometals as authorized distributor)","distributor web shop product page (""Rabaty ilościowe"" table, net PLN)",Micrometals,T225-26B,RTP-57X35X25-KT,Mix 26,powder: iron,T,T225-26B,per piece,"Feryster name ""RTP-57X35X25-KT Rdzeń toroid proszkowy (T225-26B) AL=160 RTP-57X35X25-KT Rdzeń toroid proszkowy (T225-26B) AL=160 RTP-57X35X25-KT""",PLN,5000,5.78,0,0,1,,RTP-57X35X25-KT Rdzeń toroid proszkowy (T225-26B) AL=160 RTP-57X35X25-KT Rdzeń toroid proszkowy (T225-26B) AL=160 RTP-57X35X25-KT,https://sklep.feryster.pl/11223-RTP-57X35X25-KT.html,,2026-09-30T22:17:28Z,37800.0,,260.0,"Micrometals datasheet ""Mass (approximate)"" (part T225-26B)",https://datasheets.micrometals.com/T225-26B-DataSheet.pdf @ 2026-09-30T22:31:11Z,iron,MAS core reference T225-26B,0.259899,"ECB euro reference rates 2026-09-30 (extra/ecb.xml, fetched 2026-09-30T20:12:47Z)",1.5022
"Feryster (sklep.feryster.pl, PL; listed by Micrometals as authorized distributor)","distributor web shop product page (""Rabaty ilościowe"" table, net PLN)",Micrometals,T150-26,"RTP-38,4X21,5X11,1-KT",Mix 26,powder: iron,T,T150-26,per piece,"Feryster name ""RTP-38,4X21,5X11,1-KT Rdzeń toroid proszkowy (T150-26) Al=96 RTP-38,4X21,5X11,1-KT Rdzeń toroid proszkowy (T150-26) Al=96 RTP-38,4X21,5X11,1-KT""",PLN,1,1.83,1,0,1,,"RTP-38,4X21,5X11,1-KT Rdzeń toroid proszkowy (T150-26) Al=96 RTP-38,4X21,5X11,1-KT Rdzeń toroid proszkowy (T150-26) Al=96 RTP-38,4X21,5X11,1-KT",https://sklep.feryster.pl/20412-RTP-38-4X21-5X11-1-KT.html,,2026-09-30T22:17:31Z,8310.0,,58.0,"Micrometals datasheet ""Mass (approximate)"" (part T150-26)",https://datasheets.micrometals.com/T150-26-DataSheet.pdf @ 2026-09-30T20:18:24Z,iron,MAS core reference T150-26,0.259899,"ECB euro reference rates 2026-09-30 (extra/ecb.xml, fetched 2026-09-30T20:12:47Z)",0.4756
"Feryster (sklep.feryster.pl, PL; listed by Micrometals as authorized distributor)","distributor web shop product page (""Rabaty ilościowe"" table, net PLN)",Micrometals,T150-26,"RTP-38,4X21,5X11,1-KT",Mix 26,powder: iron,T,T150-26,per piece,"Feryster name ""RTP-38,4X21,5X11,1-KT Rdzeń toroid proszkowy (T150-26) Al=96 RTP-38,4X21,5X11,1-KT Rdzeń toroid proszkowy (T150-26) Al=96 RTP-38,4X21,5X11,1-KT""",PLN,100,1.74,0,0,1,,"RTP-38,4X21,5X11,1-KT Rdzeń toroid proszkowy (T150-26) Al=96 RTP-38,4X21,5X11,1-KT Rdzeń toroid proszkowy (T150-26) Al=96 RTP-38,4X21,5X11,1-KT",https://sklep.feryster.pl/20412-RTP-38-4X21-5X11-1-KT.html,,2026-09-30T22:17:31Z,8310.0,,58.0,"Micrometals datasheet ""Mass (approximate)"" (part T150-26)",https://datasheets.micrometals.com/T150-26-DataSheet.pdf @ 2026-09-30T20:18:24Z,iron,MAS core reference T150-26,0.259899,"ECB euro reference rates 2026-09-30 (extra/ecb.xml, fetched 2026-09-30T20:12:47Z)",0.4522
"Feryster (sklep.feryster.pl, PL; listed by Micrometals as authorized distributor)","distributor web shop product page (""Rabaty ilościowe"" table, net PLN)",Micrometals,T150-26,"RTP-38,4X21,5X11,1-KT",Mix 26,powder: iron,T,T150-26,per piece,"Feryster name ""RTP-38,4X21,5X11,1-KT Rdzeń toroid proszkowy (T150-26) Al=96 RTP-38,4X21,5X11,1-KT Rdzeń toroid proszkowy (T150-26) Al=96 RTP-38,4X21,5X11,1-KT""",PLN,500,1.65,0,0,1,,"RTP-38,4X21,5X11,1-KT Rdzeń toroid proszkowy (T150-26) Al=96 RTP-38,4X21,5X11,1-KT Rdzeń toroid proszkowy (T150-26) Al=96 RTP-38,4X21,5X11,1-KT",https://sklep.feryster.pl/20412-RTP-38-4X21-5X11-1-KT.html,,2026-09-30T22:17:31Z,8310.0,,58.0,"Micrometals datasheet ""Mass (approximate)"" (part T150-26)",https://datasheets.micrometals.com/T150-26-DataSheet.pdf @ 2026-09-30T20:18:24Z,iron,MAS core reference T150-26,0.259899,"ECB euro reference rates 2026-09-30 (extra/ecb.xml, fetched 2026-09-30T20:12:47Z)",0.4288
"Feryster (sklep.feryster.pl, PL; listed by Micrometals as authorized distributor)","distributor web shop product page (""Rabaty ilościowe"" table, net PLN)",Micrometals,T150-26,"RTP-38,4X21,5X11,1-KT",Mix 26,powder: iron,T,T150-26,per piece,"Feryster name ""RTP-38,4X21,5X11,1-KT Rdzeń toroid proszkowy (T150-26) Al=96 RTP-38,4X21,5X11,1-KT Rdzeń toroid proszkowy (T150-26) Al=96 RTP-38,4X21,5X11,1-KT""",PLN,1000,1.56,0,1,1,,"RTP-38,4X21,5X11,1-KT Rdzeń toroid proszkowy (T150-26) Al=96 RTP-38,4X21,5X11,1-KT Rdzeń toroid proszkowy (T150-26) Al=96 RTP-38,4X21,5X11,1-KT",https://sklep.feryster.pl/20412-RTP-38-4X21-5X11-1-KT.html,,2026-09-30T22:17:31Z,8310.0,,58.0,"Micrometals datasheet ""Mass (approximate)"" (part T150-26)",https://datasheets.micrometals.com/T150-26-DataSheet.pdf @ 2026-09-30T20:18:24Z,iron,MAS core reference T150-26,0.259899,"ECB euro reference rates 2026-09-30 (extra/ecb.xml, fetched 2026-09-30T20:12:47Z)",0.4054
"Feryster (sklep.feryster.pl, PL; listed by Micrometals as authorized distributor)","distributor web shop product page (""Rabaty ilościowe"" table, net PLN)",Micrometals,T150-26,"RTP-38,4X21,5X11,1-KT",Mix 26,powder: iron,T,T150-26,per piece,"Feryster name ""RTP-38,4X21,5X11,1-KT Rdzeń toroid proszkowy (T150-26) Al=96 RTP-38,4X21,5X11,1-KT Rdzeń toroid proszkowy (T150-26) Al=96 RTP-38,4X21,5X11,1-KT""",PLN,5000,1.46,0,0,1,,"RTP-38,4X21,5X11,1-KT Rdzeń toroid proszkowy (T150-26) Al=96 RTP-38,4X21,5X11,1-KT Rdzeń toroid proszkowy (T150-26) Al=96 RTP-38,4X21,5X11,1-KT",https://sklep.feryster.pl/20412-RTP-38-4X21-5X11-1-KT.html,,2026-09-30T22:17:31Z,8310.0,,58.0,"Micrometals datasheet ""Mass (approximate)"" (part T150-26)",https://datasheets.micrometals.com/T150-26-DataSheet.pdf @ 2026-09-30T20:18:24Z,iron,MAS core reference T150-26,0.259899,"ECB euro reference rates 2026-09-30 (extra/ecb.xml, fetched 2026-09-30T20:12:47Z)",0.3795
"Feryster (sklep.feryster.pl, PL; listed by Micrometals as authorized distributor)","distributor web shop product page (""Rabaty ilościowe"" table, net PLN)",Micrometals,T650-26,RTP-165X88.9X50.8,Mix 26,powder: iron,T,T650-26,per piece,"Feryster name ""RTP-165X88.9X50.8 Rdzeń toroid proszkowy (T650-26) AL=434 RTP-165X88.9X50.8 Rdzeń toroid proszkowy (T650-26) AL=434 RTP-165X88.9X50.8""",PLN,1,413.64,1,0,1,,RTP-165X88.9X50.8 Rdzeń toroid proszkowy (T650-26) AL=434 RTP-165X88.9X50.8 Rdzeń toroid proszkowy (T650-26) AL=434 RTP-165X88.9X50.8,https://sklep.feryster.pl/24480-RTP-165X88-9X50-8.html,,2026-09-30T22:17:34Z,734000.0,,5140.0,"Micrometals datasheet ""Mass (approximate)"" (part T650-26)",https://datasheets.micrometals.com/T650-26-DataSheet.pdf @ 2026-09-30T22:33:01Z,iron,MAS core reference T650-26,0.259899,"ECB euro reference rates 2026-09-30 (extra/ecb.xml, fetched 2026-09-30T20:12:47Z)",107.5047
"Feryster (sklep.feryster.pl, PL; listed by Micrometals as authorized distributor)","distributor web shop product page (""Rabaty ilościowe"" table, net PLN)",Micrometals,T650-26,RTP-165X88.9X50.8,Mix 26,powder: iron,T,T650-26,per piece,"Feryster name ""RTP-165X88.9X50.8 Rdzeń toroid proszkowy (T650-26) AL=434 RTP-165X88.9X50.8 Rdzeń toroid proszkowy (T650-26) AL=434 RTP-165X88.9X50.8""",PLN,100,392.96,0,0,1,,RTP-165X88.9X50.8 Rdzeń toroid proszkowy (T650-26) AL=434 RTP-165X88.9X50.8 Rdzeń toroid proszkowy (T650-26) AL=434 RTP-165X88.9X50.8,https://sklep.feryster.pl/24480-RTP-165X88-9X50-8.html,,2026-09-30T22:17:34Z,734000.0,,5140.0,"Micrometals datasheet ""Mass (approximate)"" (part T650-26)",https://datasheets.micrometals.com/T650-26-DataSheet.pdf @ 2026-09-30T22:33:01Z,iron,MAS core reference T650-26,0.259899,"ECB euro reference rates 2026-09-30 (extra/ecb.xml, fetched 2026-09-30T20:12:47Z)",102.13
"Feryster (sklep.feryster.pl, PL; listed by Micrometals as authorized distributor)","distributor web shop product page (""Rabaty ilościowe"" table, net PLN)",Micrometals,T650-26,RTP-165X88.9X50.8,Mix 26,powder: iron,T,T650-26,per piece,"Feryster name ""RTP-165X88.9X50.8 Rdzeń toroid proszkowy (T650-26) AL=434 RTP-165X88.9X50.8 Rdzeń toroid proszkowy (T650-26) AL=434 RTP-165X88.9X50.8""",PLN,500,372.28,0,0,1,,RTP-165X88.9X50.8 Rdzeń toroid proszkowy (T650-26) AL=434 RTP-165X88.9X50.8 Rdzeń toroid proszkowy (T650-26) AL=434 RTP-165X88.9X50.8,https://sklep.feryster.pl/24480-RTP-165X88-9X50-8.html,,2026-09-30T22:17:34Z,734000.0,,5140.0,"Micrometals datasheet ""Mass (approximate)"" (part T650-26)",https://datasheets.micrometals.com/T650-26-DataSheet.pdf @ 2026-09-30T22:33:01Z,iron,MAS core reference T650-26,0.259899,"ECB euro reference rates 2026-09-30 (extra/ecb.xml, fetched 2026-09-30T20:12:47Z)",96.7553
"Feryster (sklep.feryster.pl, PL; listed by Micrometals as authorized distributor)","distributor web shop product page (""Rabaty ilościowe"" table, net PLN)",Micrometals,T650-26,RTP-165X88.9X50.8,Mix 26,powder: iron,T,T650-26,per piece,"Feryster name ""RTP-165X88.9X50.8 Rdzeń toroid proszkowy (T650-26) AL=434 RTP-165X88.9X50.8 Rdzeń toroid proszkowy (T650-26) AL=434 RTP-165X88.9X50.8""",PLN,1000,351.59,0,1,1,,RTP-165X88.9X50.8 Rdzeń toroid proszkowy (T650-26) AL=434 RTP-165X88.9X50.8 Rdzeń toroid proszkowy (T650-26) AL=434 RTP-165X88.9X50.8,https://sklep.feryster.pl/24480-RTP-165X88-9X50-8.html,,2026-09-30T22:17:34Z,734000.0,,5140.0,"Micrometals datasheet ""Mass (approximate)"" (part T650-26)",https://datasheets.micrometals.com/T650-26-DataSheet.pdf @ 2026-09-30T22:33:01Z,iron,MAS core reference T650-26,0.259899,"ECB euro reference rates 2026-09-30 (extra/ecb.xml, fetched 2026-09-30T20:12:47Z)",91.378
"Feryster (sklep.feryster.pl, PL; listed by Micrometals as authorized distributor)","distributor web shop product page (""Rabaty ilościowe"" table, net PLN)",Micrometals,T650-26,RTP-165X88.9X50.8,Mix 26,powder: iron,T,T650-26,per piece,"Feryster name ""RTP-165X88.9X50.8 Rdzeń toroid proszkowy (T650-26) AL=434 RTP-165X88.9X50.8 Rdzeń toroid proszkowy (T650-26) AL=434 RTP-165X88.9X50.8""",PLN,5000,330.91,0,0,1,,RTP-165X88.9X50.8 Rdzeń toroid proszkowy (T650-26) AL=434 RTP-165X88.9X50.8 Rdzeń toroid proszkowy (T650-26) AL=434 RTP-165X88.9X50.8,https://sklep.feryster.pl/24480-RTP-165X88-9X50-8.html,,2026-09-30T22:17:34Z,734000.0,,5140.0,"Micrometals datasheet ""Mass (approximate)"" (part T650-26)",https://datasheets.micrometals.com/T650-26-DataSheet.pdf @ 2026-09-30T22:33:01Z,iron,MAS core reference T650-26,0.259899,"ECB euro reference rates 2026-09-30 (extra/ecb.xml, fetched 2026-09-30T20:12:47Z)",86.0033
"Feryster (sklep.feryster.pl, PL; listed by Micrometals as authorized distributor)","distributor web shop product page (""Rabaty ilościowe"" table, net PLN)",Micrometals,E450-26,RPE114-26,Mix 26,powder: iron,E,E450-26,per piece,"Feryster name ""RPE114-26 E450-26 AL=540 RPE114-26 E450-26 AL=540 RPE114-26""",PLN,1,29.24,1,0,1,,RPE114-26 E450-26 AL=540 RPE114-26 E450-26 AL=540 RPE114-26,https://sklep.feryster.pl/39649-RPE114-26.html,,2026-09-30T22:17:40Z,280000.0,,980.0,"Micrometals datasheet ""Mass (approximate)"" (part E450-26)",https://datasheets.micrometals.com/E450-26-DataSheet.pdf @ 2026-09-30T22:28:21Z,iron,MAS core reference E450-26,0.259899,"ECB euro reference rates 2026-09-30 (extra/ecb.xml, fetched 2026-09-30T20:12:47Z)",7.5995
"Feryster (sklep.feryster.pl, PL; listed by Micrometals as authorized distributor)","distributor web shop product page (""Rabaty ilościowe"" table, net PLN)",Micrometals,E450-26,RPE114-26,Mix 26,powder: iron,E,E450-26,per piece,"Feryster name ""RPE114-26 E450-26 AL=540 RPE114-26 E450-26 AL=540 RPE114-26""",PLN,100,27.78,0,0,1,,RPE114-26 E450-26 AL=540 RPE114-26 E450-26 AL=540 RPE114-26,https://sklep.feryster.pl/39649-RPE114-26.html,,2026-09-30T22:17:40Z,280000.0,,980.0,"Micrometals datasheet ""Mass (approximate)"" (part E450-26)",https://datasheets.micrometals.com/E450-26-DataSheet.pdf @ 2026-09-30T22:28:21Z,iron,MAS core reference E450-26,0.259899,"ECB euro reference rates 2026-09-30 (extra/ecb.xml, fetched 2026-09-30T20:12:47Z)",7.22
"Feryster (sklep.feryster.pl, PL; listed by Micrometals as authorized distributor)","distributor web shop product page (""Rabaty ilościowe"" table, net PLN)",Micrometals,E450-26,RPE114-26,Mix 26,powder: iron,E,E450-26,per piece,"Feryster name ""RPE114-26 E450-26 AL=540 RPE114-26 E450-26 AL=540 RPE114-26""",PLN,500,26.32,0,0,1,,RPE114-26 E450-26 AL=540 RPE114-26 E450-26 AL=540 RPE114-26,https://sklep.feryster.pl/39649-RPE114-26.html,,2026-09-30T22:17:40Z,280000.0,,980.0,"Micrometals datasheet ""Mass (approximate)"" (part E450-26)",https://datasheets.micrometals.com/E450-26-DataSheet.pdf @ 2026-09-30T22:28:21Z,iron,MAS core reference E450-26,0.259899,"ECB euro reference rates 2026-09-30 (extra/ecb.xml, fetched 2026-09-30T20:12:47Z)",6.8405
"Feryster (sklep.feryster.pl, PL; listed by Micrometals as authorized distributor)","distributor web shop product page (""Rabaty ilościowe"" table, net PLN)",Micrometals,E450-26,RPE114-26,Mix 26,powder: iron,E,E450-26,per piece,"Feryster name ""RPE114-26 E450-26 AL=540 RPE114-26 E450-26 AL=540 RPE114-26""",PLN,1000,24.85,0,1,1,,RPE114-26 E450-26 AL=540 RPE114-26 E450-26 AL=540 RPE114-26,https://sklep.feryster.pl/39649-RPE114-26.html,,2026-09-30T22:17:40Z,280000.0,,980.0,"Micrometals datasheet ""Mass (approximate)"" (part E450-26)",https://datasheets.micrometals.com/E450-26-DataSheet.pdf @ 2026-09-30T22:28:21Z,iron,MAS core reference E450-26,0.259899,"ECB euro reference rates 2026-09-30 (extra/ecb.xml, fetched 2026-09-30T20:12:47Z)",6.4585
"Feryster (sklep.feryster.pl, PL; listed by Micrometals as authorized distributor)","distributor web shop product page (""Rabaty ilościowe"" table, net PLN)",Micrometals,E450-26,RPE114-26,Mix 26,powder: iron,E,E450-26,per piece,"Feryster name ""RPE114-26 E450-26 AL=540 RPE114-26 E450-26 AL=540 RPE114-26""",PLN,5000,23.39,0,0,1,,RPE114-26 E450-26 AL=540 RPE114-26 E450-26 AL=540 RPE114-26,https://sklep.feryster.pl/39649-RPE114-26.html,,2026-09-30T22:17:40Z,280000.0,,980.0,"Micrometals datasheet ""Mass (approximate)"" (part E450-26)",https://datasheets.micrometals.com/E450-26-DataSheet.pdf @ 2026-09-30T22:28:21Z,iron,MAS core reference E450-26,0.259899,"ECB euro reference rates 2026-09-30 (extra/ecb.xml, fetched 2026-09-30T20:12:47Z)",6.079
"Feryster (sklep.feryster.pl, PL; listed by Micrometals as authorized distributor)","distributor web shop product page (""Rabaty ilościowe"" table, net PLN)",Micrometals,T106-26,"RTP-26,9X14,5X11,1-26",Mix 26,powder: iron,T,T106-26,per piece,"Feryster name ""RTP-26,9X14,5X11,1-26 Rdzeń toroid proszkowy (T106-26) AL=93 RTP-26,9X14,5X11,1-26 Rdzeń toroid proszkowy (T106-26) AL=93 RTP-26,9X14,5X11,1-26""",PLN,1,1.95,1,0,1,,"RTP-26,9X14,5X11,1-26 Rdzeń toroid proszkowy (T106-26) AL=93 RTP-26,9X14,5X11,1-26 Rdzeń toroid proszkowy (T106-26) AL=93 RTP-26,9X14,5X11,1-26",https://sklep.feryster.pl/24463-RTP-26-9X14-5X11-1-26.html,,2026-09-30T22:17:44Z,4280.0,,30.0,"Micrometals datasheet ""Mass (approximate)"" (part T106-26)",https://datasheets.micrometals.com/T106-26-DataSheet.pdf @ 2026-09-30T20:16:40Z,iron,MAS core reference T106-26,0.259899,"ECB euro reference rates 2026-09-30 (extra/ecb.xml, fetched 2026-09-30T20:12:47Z)",0.5068
"Feryster (sklep.feryster.pl, PL; listed by Micrometals as authorized distributor)","distributor web shop product page (""Rabaty ilościowe"" table, net PLN)",Micrometals,T106-26,"RTP-26,9X14,5X11,1-26",Mix 26,powder: iron,T,T106-26,per piece,"Feryster name ""RTP-26,9X14,5X11,1-26 Rdzeń toroid proszkowy (T106-26) AL=93 RTP-26,9X14,5X11,1-26 Rdzeń toroid proszkowy (T106-26) AL=93 RTP-26,9X14,5X11,1-26""",PLN,100,1.85,0,0,1,,"RTP-26,9X14,5X11,1-26 Rdzeń toroid proszkowy (T106-26) AL=93 RTP-26,9X14,5X11,1-26 Rdzeń toroid proszkowy (T106-26) AL=93 RTP-26,9X14,5X11,1-26",https://sklep.feryster.pl/24463-RTP-26-9X14-5X11-1-26.html,,2026-09-30T22:17:44Z,4280.0,,30.0,"Micrometals datasheet ""Mass (approximate)"" (part T106-26)",https://datasheets.micrometals.com/T106-26-DataSheet.pdf @ 2026-09-30T20:16:40Z,iron,MAS core reference T106-26,0.259899,"ECB euro reference rates 2026-09-30 (extra/ecb.xml, fetched 2026-09-30T20:12:47Z)",0.4808
"Feryster (sklep.feryster.pl, PL; listed by Micrometals as authorized distributor)","distributor web shop product page (""Rabaty ilościowe"" table, net PLN)",Micrometals,T106-26,"RTP-26,9X14,5X11,1-26",Mix 26,powder: iron,T,T106-26,per piece,"Feryster name ""RTP-26,9X14,5X11,1-26 Rdzeń toroid proszkowy (T106-26) AL=93 RTP-26,9X14,5X11,1-26 Rdzeń toroid proszkowy (T106-26) AL=93 RTP-26,9X14,5X11,1-26""",PLN,500,1.76,0,0,1,,"RTP-26,9X14,5X11,1-26 Rdzeń toroid proszkowy (T106-26) AL=93 RTP-26,9X14,5X11,1-26 Rdzeń toroid proszkowy (T106-26) AL=93 RTP-26,9X14,5X11,1-26",https://sklep.feryster.pl/24463-RTP-26-9X14-5X11-1-26.html,,2026-09-30T22:17:44Z,4280.0,,30.0,"Micrometals datasheet ""Mass (approximate)"" (part T106-26)",https://datasheets.micrometals.com/T106-26-DataSheet.pdf @ 2026-09-30T20:16:40Z,iron,MAS core reference T106-26,0.259899,"ECB euro reference rates 2026-09-30 (extra/ecb.xml, fetched 2026-09-30T20:12:47Z)",0.4574
"Feryster (sklep.feryster.pl, PL; listed by Micrometals as authorized distributor)","distributor web shop product page (""Rabaty ilościowe"" table, net PLN)",Micrometals,T106-26,"RTP-26,9X14,5X11,1-26",Mix 26,powder: iron,T,T106-26,per piece,"Feryster name ""RTP-26,9X14,5X11,1-26 Rdzeń toroid proszkowy (T106-26) AL=93 RTP-26,9X14,5X11,1-26 Rdzeń toroid proszkowy (T106-26) AL=93 RTP-26,9X14,5X11,1-26""",PLN,1000,1.66,0,1,1,,"RTP-26,9X14,5X11,1-26 Rdzeń toroid proszkowy (T106-26) AL=93 RTP-26,9X14,5X11,1-26 Rdzeń toroid proszkowy (T106-26) AL=93 RTP-26,9X14,5X11,1-26",https://sklep.feryster.pl/24463-RTP-26-9X14-5X11-1-26.html,,2026-09-30T22:17:44Z,4280.0,,30.0,"Micrometals datasheet ""Mass (approximate)"" (part T106-26)",https://datasheets.micrometals.com/T106-26-DataSheet.pdf @ 2026-09-30T20:16:40Z,iron,MAS core reference T106-26,0.259899,"ECB euro reference rates 2026-09-30 (extra/ecb.xml, fetched 2026-09-30T20:12:47Z)",0.4314
"Feryster (sklep.feryster.pl, PL; listed by Micrometals as authorized distributor)","distributor web shop product page (""Rabaty ilościowe"" table, net PLN)",Micrometals,T106-26,"RTP-26,9X14,5X11,1-26",Mix 26,powder: iron,T,T106-26,per piece,"Feryster name ""RTP-26,9X14,5X11,1-26 Rdzeń toroid proszkowy (T106-26) AL=93 RTP-26,9X14,5X11,1-26 Rdzeń toroid proszkowy (T106-26) AL=93 RTP-26,9X14,5X11,1-26""",PLN,5000,1.56,0,0,1,,"RTP-26,9X14,5X11,1-26 Rdzeń toroid proszkowy (T106-26) AL=93 RTP-26,9X14,5X11,1-26 Rdzeń toroid proszkowy (T106-26) AL=93 RTP-26,9X14,5X11,1-26",https://sklep.feryster.pl/24463-RTP-26-9X14-5X11-1-26.html,,2026-09-30T22:17:44Z,4280.0,,30.0,"Micrometals datasheet ""Mass (approximate)"" (part T106-26)",https://datasheets.micrometals.com/T106-26-DataSheet.pdf @ 2026-09-30T20:16:40Z,iron,MAS core reference T106-26,0.259899,"ECB euro reference rates 2026-09-30 (extra/ecb.xml, fetched 2026-09-30T20:12:47Z)",0.4054
"Feryster (sklep.feryster.pl, PL; listed by Micrometals as authorized distributor)","distributor web shop product page (""Rabaty ilościowe"" table, net PLN)",Micrometals,T106-26A,"RTP-26,9X14,5X7,92",Mix 26,powder: iron,T,T106-26A,per piece,"Feryster name ""RTP-26,9X14,5X7,92 Rdzeń toroid proszkowy (T106-26A) AL=67 RTP-26,9X14,5X7,92 Rdzeń toroid proszkowy (T106-26A) AL=67 RTP-26,9X14,5X7,92""",PLN,1,1.52,1,0,1,,"RTP-26,9X14,5X7,92 Rdzeń toroid proszkowy (T106-26A) AL=67 RTP-26,9X14,5X7,92 Rdzeń toroid proszkowy (T106-26A) AL=67 RTP-26,9X14,5X7,92",https://sklep.feryster.pl/24464-RTP-26-9X14-5X7-92.html,,2026-09-30T22:17:46Z,3000.0,,21.0,"Micrometals datasheet ""Mass (approximate)"" (part T106-26A)",https://datasheets.micrometals.com/T106-26A-DataSheet.pdf @ 2026-09-30T22:29:57Z,iron,MAS core reference T106-26A,0.259899,"ECB euro reference rates 2026-09-30 (extra/ecb.xml, fetched 2026-09-30T20:12:47Z)",0.395
"Feryster (sklep.feryster.pl, PL; listed by Micrometals as authorized distributor)","distributor web shop product page (""Rabaty ilościowe"" table, net PLN)",Micrometals,T106-26A,"RTP-26,9X14,5X7,92",Mix 26,powder: iron,T,T106-26A,per piece,"Feryster name ""RTP-26,9X14,5X7,92 Rdzeń toroid proszkowy (T106-26A) AL=67 RTP-26,9X14,5X7,92 Rdzeń toroid proszkowy (T106-26A) AL=67 RTP-26,9X14,5X7,92""",PLN,100,1.44,0,0,1,,"RTP-26,9X14,5X7,92 Rdzeń toroid proszkowy (T106-26A) AL=67 RTP-26,9X14,5X7,92 Rdzeń toroid proszkowy (T106-26A) AL=67 RTP-26,9X14,5X7,92",https://sklep.feryster.pl/24464-RTP-26-9X14-5X7-92.html,,2026-09-30T22:17:46Z,3000.0,,21.0,"Micrometals datasheet ""Mass (approximate)"" (part T106-26A)",https://datasheets.micrometals.com/T106-26A-DataSheet.pdf @ 2026-09-30T22:29:57Z,iron,MAS core reference T106-26A,0.259899,"ECB euro reference rates 2026-09-30 (extra/ecb.xml, fetched 2026-09-30T20:12:47Z)",0.3743
"Feryster (sklep.feryster.pl, PL; listed by Micrometals as authorized distributor)","distributor web shop product page (""Rabaty ilościowe"" table, net PLN)",Micrometals,T106-26A,"RTP-26,9X14,5X7,92",Mix 26,powder: iron,T,T106-26A,per piece,"Feryster name ""RTP-26,9X14,5X7,92 Rdzeń toroid proszkowy (T106-26A) AL=67 RTP-26,9X14,5X7,92 Rdzeń toroid proszkowy (T106-26A) AL=67 RTP-26,9X14,5X7,92""",PLN,500,1.37,0,0,1,,"RTP-26,9X14,5X7,92 Rdzeń toroid proszkowy (T106-26A) AL=67 RTP-26,9X14,5X7,92 Rdzeń toroid proszkowy (T106-26A) AL=67 RTP-26,9X14,5X7,92",https://sklep.feryster.pl/24464-RTP-26-9X14-5X7-92.html,,2026-09-30T22:17:46Z,3000.0,,21.0,"Micrometals datasheet ""Mass (approximate)"" (part T106-26A)",https://datasheets.micrometals.com/T106-26A-DataSheet.pdf @ 2026-09-30T22:29:57Z,iron,MAS core reference T106-26A,0.259899,"ECB euro reference rates 2026-09-30 (extra/ecb.xml, fetched 2026-09-30T20:12:47Z)",0.3561
"Feryster (sklep.feryster.pl, PL; listed by Micrometals as authorized distributor)","distributor web shop product page (""Rabaty ilościowe"" table, net PLN)",Micrometals,T106-26A,"RTP-26,9X14,5X7,92",Mix 26,powder: iron,T,T106-26A,per piece,"Feryster name ""RTP-26,9X14,5X7,92 Rdzeń toroid proszkowy (T106-26A) AL=67 RTP-26,9X14,5X7,92 Rdzeń toroid proszkowy (T106-26A) AL=67 RTP-26,9X14,5X7,92""",PLN,1000,1.29,0,1,1,,"RTP-26,9X14,5X7,92 Rdzeń toroid proszkowy (T106-26A) AL=67 RTP-26,9X14,5X7,92 Rdzeń toroid proszkowy (T106-26A) AL=67 RTP-26,9X14,5X7,92",https://sklep.feryster.pl/24464-RTP-26-9X14-5X7-92.html,,2026-09-30T22:17:46Z,3000.0,,21.0,"Micrometals datasheet ""Mass (approximate)"" (part T106-26A)",https://datasheets.micrometals.com/T106-26A-DataSheet.pdf @ 2026-09-30T22:29:57Z,iron,MAS core reference T106-26A,0.259899,"ECB euro reference rates 2026-09-30 (extra/ecb.xml, fetched 2026-09-30T20:12:47Z)",0.3353
"Feryster (sklep.feryster.pl, PL; listed by Micrometals as authorized distributor)","distributor web shop product page (""Rabaty ilościowe"" table, net PLN)",Micrometals,T106-26A,"RTP-26,9X14,5X7,92",Mix 26,powder: iron,T,T106-26A,per piece,"Feryster name ""RTP-26,9X14,5X7,92 Rdzeń toroid proszkowy (T106-26A) AL=67 RTP-26,9X14,5X7,92 Rdzeń toroid proszkowy (T106-26A) AL=67 RTP-26,9X14,5X7,92""",PLN,5000,1.22,0,0,1,,"RTP-26,9X14,5X7,92 Rdzeń toroid proszkowy (T106-26A) AL=67 RTP-26,9X14,5X7,92 Rdzeń toroid proszkowy (T106-26A) AL=67 RTP-26,9X14,5X7,92",https://sklep.feryster.pl/24464-RTP-26-9X14-5X7-92.html,,2026-09-30T22:17:46Z,3000.0,,21.0,"Micrometals datasheet ""Mass (approximate)"" (part T106-26A)",https://datasheets.micrometals.com/T106-26A-DataSheet.pdf @ 2026-09-30T22:29:57Z,iron,MAS core reference T106-26A,0.259899,"ECB euro reference rates 2026-09-30 (extra/ecb.xml, fetched 2026-09-30T20:12:47Z)",0.3171
"Feryster (sklep.feryster.pl, PL; listed by Micrometals as authorized distributor)","distributor web shop product page (""Rabaty ilościowe"" table, net PLN)",Micrometals,T106-26B,"RTP-26,9X14,5X14.6",Mix 26,powder: iron,T,T106-26B,per piece,"Feryster name ""RTP-26,9X14,5X14.6 Rdzeń toroid proszkowy (T106-26B) Al=124 RTP-26,9X14,5X14.6 Rdzeń toroid proszkowy (T106-26B) Al=124 RTP-26,9X14,5X14.6""",PLN,1,2.74,1,0,1,,"RTP-26,9X14,5X14.6 Rdzeń toroid proszkowy (T106-26B) Al=124 RTP-26,9X14,5X14.6 Rdzeń toroid proszkowy (T106-26B) Al=124 RTP-26,9X14,5X14.6",https://sklep.feryster.pl/24465-RTP-26-9X14-5X14-6.html,,2026-09-30T22:17:49Z,5570.0,,39.0,"Micrometals datasheet ""Mass (approximate)"" (part T106-26B)",https://datasheets.micrometals.com/T106-26B-DataSheet.pdf @ 2026-09-30T22:30:00Z,iron,MAS core reference T106-26B,0.259899,"ECB euro reference rates 2026-09-30 (extra/ecb.xml, fetched 2026-09-30T20:12:47Z)",0.7121
"Feryster (sklep.feryster.pl, PL; listed by Micrometals as authorized distributor)","distributor web shop product page (""Rabaty ilościowe"" table, net PLN)",Micrometals,T106-26B,"RTP-26,9X14,5X14.6",Mix 26,powder: iron,T,T106-26B,per piece,"Feryster name ""RTP-26,9X14,5X14.6 Rdzeń toroid proszkowy (T106-26B) Al=124 RTP-26,9X14,5X14.6 Rdzeń toroid proszkowy (T106-26B) Al=124 RTP-26,9X14,5X14.6""",PLN,100,2.6,0,0,1,,"RTP-26,9X14,5X14.6 Rdzeń toroid proszkowy (T106-26B) Al=124 RTP-26,9X14,5X14.6 Rdzeń toroid proszkowy (T106-26B) Al=124 RTP-26,9X14,5X14.6",https://sklep.feryster.pl/24465-RTP-26-9X14-5X14-6.html,,2026-09-30T22:17:49Z,5570.0,,39.0,"Micrometals datasheet ""Mass (approximate)"" (part T106-26B)",https://datasheets.micrometals.com/T106-26B-DataSheet.pdf @ 2026-09-30T22:30:00Z,iron,MAS core reference T106-26B,0.259899,"ECB euro reference rates 2026-09-30 (extra/ecb.xml, fetched 2026-09-30T20:12:47Z)",0.6757
"Feryster (sklep.feryster.pl, PL; listed by Micrometals as authorized distributor)","distributor web shop product page (""Rabaty ilościowe"" table, net PLN)",Micrometals,T106-26B,"RTP-26,9X14,5X14.6",Mix 26,powder: iron,T,T106-26B,per piece,"Feryster name ""RTP-26,9X14,5X14.6 Rdzeń toroid proszkowy (T106-26B) Al=124 RTP-26,9X14,5X14.6 Rdzeń toroid proszkowy (T106-26B) Al=124 RTP-26,9X14,5X14.6""",PLN,500,2.47,0,0,1,,"RTP-26,9X14,5X14.6 Rdzeń toroid proszkowy (T106-26B) Al=124 RTP-26,9X14,5X14.6 Rdzeń toroid proszkowy (T106-26B) Al=124 RTP-26,9X14,5X14.6",https://sklep.feryster.pl/24465-RTP-26-9X14-5X14-6.html,,2026-09-30T22:17:49Z,5570.0,,39.0,"Micrometals datasheet ""Mass (approximate)"" (part T106-26B)",https://datasheets.micrometals.com/T106-26B-DataSheet.pdf @ 2026-09-30T22:30:00Z,iron,MAS core reference T106-26B,0.259899,"ECB euro reference rates 2026-09-30 (extra/ecb.xml, fetched 2026-09-30T20:12:47Z)",0.642
"Feryster (sklep.feryster.pl, PL; listed by Micrometals as authorized distributor)","distributor web shop product page (""Rabaty ilościowe"" table, net PLN)",Micrometals,T106-26B,"RTP-26,9X14,5X14.6",Mix 26,powder: iron,T,T106-26B,per piece,"Feryster name ""RTP-26,9X14,5X14.6 Rdzeń toroid proszkowy (T106-26B) Al=124 RTP-26,9X14,5X14.6 Rdzeń toroid proszkowy (T106-26B) Al=124 RTP-26,9X14,5X14.6""",PLN,1000,2.33,0,1,1,,"RTP-26,9X14,5X14.6 Rdzeń toroid proszkowy (T106-26B) Al=124 RTP-26,9X14,5X14.6 Rdzeń toroid proszkowy (T106-26B) Al=124 RTP-26,9X14,5X14.6",https://sklep.feryster.pl/24465-RTP-26-9X14-5X14-6.html,,2026-09-30T22:17:49Z,5570.0,,39.0,"Micrometals datasheet ""Mass (approximate)"" (part T106-26B)",https://datasheets.micrometals.com/T106-26B-DataSheet.pdf @ 2026-09-30T22:30:00Z,iron,MAS core reference T106-26B,0.259899,"ECB euro reference rates 2026-09-30 (extra/ecb.xml, fetched 2026-09-30T20:12:47Z)",0.6056
"Feryster (sklep.feryster.pl, PL; listed by Micrometals as authorized distributor)","distributor web shop product page (""Rabaty ilościowe"" table, net PLN)",Micrometals,T106-26B,"RTP-26,9X14,5X14.6",Mix 26,powder: iron,T,T106-26B,per piece,"Feryster name ""RTP-26,9X14,5X14.6 Rdzeń toroid proszkowy (T106-26B) Al=124 RTP-26,9X14,5X14.6 Rdzeń toroid proszkowy (T106-26B) Al=124 RTP-26,9X14,5X14.6""",PLN,5000,2.19,0,0,1,,"RTP-26,9X14,5X14.6 Rdzeń toroid proszkowy (T106-26B) Al=124 RTP-26,9X14,5X14.6 Rdzeń toroid proszkowy (T106-26B) Al=124 RTP-26,9X14,5X14.6",https://sklep.feryster.pl/24465-RTP-26-9X14-5X14-6.html,,2026-09-30T22:17:49Z,5570.0,,39.0,"Micrometals datasheet ""Mass (approximate)"" (part T106-26B)",https://datasheets.micrometals.com/T106-26B-DataSheet.pdf @ 2026-09-30T22:30:00Z,iron,MAS core reference T106-26B,0.259899,"ECB euro reference rates 2026-09-30 (extra/ecb.xml, fetched 2026-09-30T20:12:47Z)",0.5692
"Feryster (sklep.feryster.pl, PL; listed by Micrometals as authorized distributor)","distributor web shop product page (""Rabaty ilościowe"" table, net PLN)",Micrometals,T130-26,"RTP-33X19,8X11,1-26",Mix 26,powder: iron,T,T130-26,per piece,"Feryster name ""RTP-33X19,8X11,1-26 Rdzeń toroid proszkowy (T130-26) AL=81 RTP-33X19,8X11,1-26 Rdzeń toroid proszkowy (T130-26) AL=81 RTP-33X19,8X11,1-26""",PLN,1,2.74,1,0,1,,"RTP-33X19,8X11,1-26 Rdzeń toroid proszkowy (T130-26) AL=81 RTP-33X19,8X11,1-26 Rdzeń toroid proszkowy (T130-26) AL=81 RTP-33X19,8X11,1-26",https://sklep.feryster.pl/24466-RTP-33X19-8X11-1-26.html,,2026-09-30T22:17:52Z,5780.0,,40.0,"Micrometals datasheet ""Mass (approximate)"" (part T130-26)",https://datasheets.micrometals.com/T130-26-DataSheet.pdf @ 2026-09-30T20:17:54Z,iron,MAS core reference T130-26,0.259899,"ECB euro reference rates 2026-09-30 (extra/ecb.xml, fetched 2026-09-30T20:12:47Z)",0.7121
"Feryster (sklep.feryster.pl, PL; listed by Micrometals as authorized distributor)","distributor web shop product page (""Rabaty ilościowe"" table, net PLN)",Micrometals,T130-26,"RTP-33X19,8X11,1-26",Mix 26,powder: iron,T,T130-26,per piece,"Feryster name ""RTP-33X19,8X11,1-26 Rdzeń toroid proszkowy (T130-26) AL=81 RTP-33X19,8X11,1-26 Rdzeń toroid proszkowy (T130-26) AL=81 RTP-33X19,8X11,1-26""",PLN,100,2.6,0,0,1,,"RTP-33X19,8X11,1-26 Rdzeń toroid proszkowy (T130-26) AL=81 RTP-33X19,8X11,1-26 Rdzeń toroid proszkowy (T130-26) AL=81 RTP-33X19,8X11,1-26",https://sklep.feryster.pl/24466-RTP-33X19-8X11-1-26.html,,2026-09-30T22:17:52Z,5780.0,,40.0,"Micrometals datasheet ""Mass (approximate)"" (part T130-26)",https://datasheets.micrometals.com/T130-26-DataSheet.pdf @ 2026-09-30T20:17:54Z,iron,MAS core reference T130-26,0.259899,"ECB euro reference rates 2026-09-30 (extra/ecb.xml, fetched 2026-09-30T20:12:47Z)",0.6757
"Feryster (sklep.feryster.pl, PL; listed by Micrometals as authorized distributor)","distributor web shop product page (""Rabaty ilościowe"" table, net PLN)",Micrometals,T130-26,"RTP-33X19,8X11,1-26",Mix 26,powder: iron,T,T130-26,per piece,"Feryster name ""RTP-33X19,8X11,1-26 Rdzeń toroid proszkowy (T130-26) AL=81 RTP-33X19,8X11,1-26 Rdzeń toroid proszkowy (T130-26) AL=81 RTP-33X19,8X11,1-26""",PLN,500,2.47,0,0,1,,"RTP-33X19,8X11,1-26 Rdzeń toroid proszkowy (T130-26) AL=81 RTP-33X19,8X11,1-26 Rdzeń toroid proszkowy (T130-26) AL=81 RTP-33X19,8X11,1-26",https://sklep.feryster.pl/24466-RTP-33X19-8X11-1-26.html,,2026-09-30T22:17:52Z,5780.0,,40.0,"Micrometals datasheet ""Mass (approximate)"" (part T130-26)",https://datasheets.micrometals.com/T130-26-DataSheet.pdf @ 2026-09-30T20:17:54Z,iron,MAS core reference T130-26,0.259899,"ECB euro reference rates 2026-09-30 (extra/ecb.xml, fetched 2026-09-30T20:12:47Z)",0.642
"Feryster (sklep.feryster.pl, PL; listed by Micrometals as authorized distributor)","distributor web shop product page (""Rabaty ilościowe"" table, net PLN)",Micrometals,T130-26,"RTP-33X19,8X11,1-26",Mix 26,powder: iron,T,T130-26,per piece,"Feryster name ""RTP-33X19,8X11,1-26 Rdzeń toroid proszkowy (T130-26) AL=81 RTP-33X19,8X11,1-26 Rdzeń toroid proszkowy (T130-26) AL=81 RTP-33X19,8X11,1-26""",PLN,1000,2.33,0,1,1,,"RTP-33X19,8X11,1-26 Rdzeń toroid proszkowy (T130-26) AL=81 RTP-33X19,8X11,1-26 Rdzeń toroid proszkowy (T130-26) AL=81 RTP-33X19,8X11,1-26",https://sklep.feryster.pl/24466-RTP-33X19-8X11-1-26.html,,2026-09-30T22:17:52Z,5780.0,,40.0,"Micrometals datasheet ""Mass (approximate)"" (part T130-26)",https://datasheets.micrometals.com/T130-26-DataSheet.pdf @ 2026-09-30T20:17:54Z,iron,MAS core reference T130-26,0.259899,"ECB euro reference rates 2026-09-30 (extra/ecb.xml, fetched 2026-09-30T20:12:47Z)",0.6056
"Feryster (sklep.feryster.pl, PL; listed by Micrometals as authorized distributor)","distributor web shop product page (""Rabaty ilościowe"" table, net PLN)",Micrometals,T130-26,"RTP-33X19,8X11,1-26",Mix 26,powder: iron,T,T130-26,per piece,"Feryster name ""RTP-33X19,8X11,1-26 Rdzeń toroid proszkowy (T130-26) AL=81 RTP-33X19,8X11,1-26 Rdzeń toroid proszkowy (T130-26) AL=81 RTP-33X19,8X11,1-26""",PLN,5000,2.19,0,0,1,,"RTP-33X19,8X11,1-26 Rdzeń toroid proszkowy (T130-26) AL=81 RTP-33X19,8X11,1-26 Rdzeń toroid proszkowy (T130-26) AL=81 RTP-33X19,8X11,1-26",https://sklep.feryster.pl/24466-RTP-33X19-8X11-1-26.html,,2026-09-30T22:17:52Z,5780.0,,40.0,"Micrometals datasheet ""Mass (approximate)"" (part T130-26)",https://datasheets.micrometals.com/T130-26-DataSheet.pdf @ 2026-09-30T20:17:54Z,iron,MAS core reference T130-26,0.259899,"ECB euro reference rates 2026-09-30 (extra/ecb.xml, fetched 2026-09-30T20:12:47Z)",0.5692
"Feryster (sklep.feryster.pl, PL; listed by Micrometals as authorized distributor)","distributor web shop product page (""Rabaty ilościowe"" table, net PLN)",Micrometals,T150-26,"RTP-38,4X21,5X11,1",Mix 26,powder: iron,T,T150-26,per piece,"Feryster name ""RTP-38,4X21,5X11,1 Rdzeń toroid proszkowy (T150-26) Al=96 RTP-38,4X21,5X11,1 Rdzeń toroid proszkowy (T150-26) Al=96 RTP-38,4X21,5X11,1""",PLN,1,3.63,1,0,1,,"RTP-38,4X21,5X11,1 Rdzeń toroid proszkowy (T150-26) Al=96 RTP-38,4X21,5X11,1 Rdzeń toroid proszkowy (T150-26) Al=96 RTP-38,4X21,5X11,1",https://sklep.feryster.pl/24468-RTP-38-4X21-5X11-1.html,,2026-09-30T22:17:55Z,8310.0,,58.0,"Micrometals datasheet ""Mass (approximate)"" (part T150-26)",https://datasheets.micrometals.com/T150-26-DataSheet.pdf @ 2026-09-30T20:18:24Z,iron,MAS core reference T150-26,0.259899,"ECB euro reference rates 2026-09-30 (extra/ecb.xml, fetched 2026-09-30T20:12:47Z)",0.9434
"Feryster (sklep.feryster.pl, PL; listed by Micrometals as authorized distributor)","distributor web shop product page (""Rabaty ilościowe"" table, net PLN)",Micrometals,T150-26,"RTP-38,4X21,5X11,1",Mix 26,powder: iron,T,T150-26,per piece,"Feryster name ""RTP-38,4X21,5X11,1 Rdzeń toroid proszkowy (T150-26) Al=96 RTP-38,4X21,5X11,1 Rdzeń toroid proszkowy (T150-26) Al=96 RTP-38,4X21,5X11,1""",PLN,100,3.45,0,0,1,,"RTP-38,4X21,5X11,1 Rdzeń toroid proszkowy (T150-26) Al=96 RTP-38,4X21,5X11,1 Rdzeń toroid proszkowy (T150-26) Al=96 RTP-38,4X21,5X11,1",https://sklep.feryster.pl/24468-RTP-38-4X21-5X11-1.html,,2026-09-30T22:17:55Z,8310.0,,58.0,"Micrometals datasheet ""Mass (approximate)"" (part T150-26)",https://datasheets.micrometals.com/T150-26-DataSheet.pdf @ 2026-09-30T20:18:24Z,iron,MAS core reference T150-26,0.259899,"ECB euro reference rates 2026-09-30 (extra/ecb.xml, fetched 2026-09-30T20:12:47Z)",0.8967
"Feryster (sklep.feryster.pl, PL; listed by Micrometals as authorized distributor)","distributor web shop product page (""Rabaty ilościowe"" table, net PLN)",Micrometals,T150-26,"RTP-38,4X21,5X11,1",Mix 26,powder: iron,T,T150-26,per piece,"Feryster name ""RTP-38,4X21,5X11,1 Rdzeń toroid proszkowy (T150-26) Al=96 RTP-38,4X21,5X11,1 Rdzeń toroid proszkowy (T150-26) Al=96 RTP-38,4X21,5X11,1""",PLN,500,3.27,0,0,1,,"RTP-38,4X21,5X11,1 Rdzeń toroid proszkowy (T150-26) Al=96 RTP-38,4X21,5X11,1 Rdzeń toroid proszkowy (T150-26) Al=96 RTP-38,4X21,5X11,1",https://sklep.feryster.pl/24468-RTP-38-4X21-5X11-1.html,,2026-09-30T22:17:55Z,8310.0,,58.0,"Micrometals datasheet ""Mass (approximate)"" (part T150-26)",https://datasheets.micrometals.com/T150-26-DataSheet.pdf @ 2026-09-30T20:18:24Z,iron,MAS core reference T150-26,0.259899,"ECB euro reference rates 2026-09-30 (extra/ecb.xml, fetched 2026-09-30T20:12:47Z)",0.8499
"Feryster (sklep.feryster.pl, PL; listed by Micrometals as authorized distributor)","distributor web shop product page (""Rabaty ilościowe"" table, net PLN)",Micrometals,T150-26,"RTP-38,4X21,5X11,1",Mix 26,powder: iron,T,T150-26,per piece,"Feryster name ""RTP-38,4X21,5X11,1 Rdzeń toroid proszkowy (T150-26) Al=96 RTP-38,4X21,5X11,1 Rdzeń toroid proszkowy (T150-26) Al=96 RTP-38,4X21,5X11,1""",PLN,1000,3.09,0,1,1,,"RTP-38,4X21,5X11,1 Rdzeń toroid proszkowy (T150-26) Al=96 RTP-38,4X21,5X11,1 Rdzeń toroid proszkowy (T150-26) Al=96 RTP-38,4X21,5X11,1",https://sklep.feryster.pl/24468-RTP-38-4X21-5X11-1.html,,2026-09-30T22:17:55Z,8310.0,,58.0,"Micrometals datasheet ""Mass (approximate)"" (part T150-26)",https://datasheets.micrometals.com/T150-26-DataSheet.pdf @ 2026-09-30T20:18:24Z,iron,MAS core reference T150-26,0.259899,"ECB euro reference rates 2026-09-30 (extra/ecb.xml, fetched 2026-09-30T20:12:47Z)",0.8031
"Feryster (sklep.feryster.pl, PL; listed by Micrometals as authorized distributor)","distributor web shop product page (""Rabaty ilościowe"" table, net PLN)",Micrometals,T150-26,"RTP-38,4X21,5X11,1",Mix 26,powder: iron,T,T150-26,per piece,"Feryster name ""RTP-38,4X21,5X11,1 Rdzeń toroid proszkowy (T150-26) Al=96 RTP-38,4X21,5X11,1 Rdzeń toroid proszkowy (T150-26) Al=96 RTP-38,4X21,5X11,1""",PLN,5000,2.9,0,0,1,,"RTP-38,4X21,5X11,1 Rdzeń toroid proszkowy (T150-26) Al=96 RTP-38,4X21,5X11,1 Rdzeń toroid proszkowy (T150-26) Al=96 RTP-38,4X21,5X11,1",https://sklep.feryster.pl/24468-RTP-38-4X21-5X11-1.html,,2026-09-30T22:17:55Z,8310.0,,58.0,"Micrometals datasheet ""Mass (approximate)"" (part T150-26)",https://datasheets.micrometals.com/T150-26-DataSheet.pdf @ 2026-09-30T20:18:24Z,iron,MAS core reference T150-26,0.259899,"ECB euro reference rates 2026-09-30 (extra/ecb.xml, fetched 2026-09-30T20:12:47Z)",0.7537
"Feryster (sklep.feryster.pl, PL; listed by Micrometals as authorized distributor)","distributor web shop product page (""Rabaty ilościowe"" table, net PLN)",Micrometals,E65-52,RPE-16-R-52,Mix 52,powder: iron,E,E65-52,per piece,"Feryster name ""RPE-16-R-52 Rdzeń proszkowy EF16-R-52 AL=56 E65-52 RPE-16-R-52""",PLN,1,0.78,1,0,1,,RPE-16-R-52 Rdzeń proszkowy EF16-R-52 AL=56 E65-52 RPE-16-R-52,https://sklep.feryster.pl/13460-RPE-16-R-52.html,,2026-09-30T22:17:58Z,861.0,,3.0,"Micrometals datasheet ""Mass (approximate)"" (part E65-52)",https://datasheets.micrometals.com/E65-52-DataSheet.pdf @ 2026-09-30T22:28:30Z,iron,MAS core reference E65-52,0.259899,"ECB euro reference rates 2026-09-30 (extra/ecb.xml, fetched 2026-09-30T20:12:47Z)",0.2027
"Feryster (sklep.feryster.pl, PL; listed by Micrometals as authorized distributor)","distributor web shop product page (""Rabaty ilościowe"" table, net PLN)",Micrometals,E65-52,RPE-16-R-52,Mix 52,powder: iron,E,E65-52,per piece,"Feryster name ""RPE-16-R-52 Rdzeń proszkowy EF16-R-52 AL=56 E65-52 RPE-16-R-52""",PLN,100,0.74,0,0,1,,RPE-16-R-52 Rdzeń proszkowy EF16-R-52 AL=56 E65-52 RPE-16-R-52,https://sklep.feryster.pl/13460-RPE-16-R-52.html,,2026-09-30T22:17:58Z,861.0,,3.0,"Micrometals datasheet ""Mass (approximate)"" (part E65-52)",https://datasheets.micrometals.com/E65-52-DataSheet.pdf @ 2026-09-30T22:28:30Z,iron,MAS core reference E65-52,0.259899,"ECB euro reference rates 2026-09-30 (extra/ecb.xml, fetched 2026-09-30T20:12:47Z)",0.1923
"Feryster (sklep.feryster.pl, PL; listed by Micrometals as authorized distributor)","distributor web shop product page (""Rabaty ilościowe"" table, net PLN)",Micrometals,E65-52,RPE-16-R-52,Mix 52,powder: iron,E,E65-52,per piece,"Feryster name ""RPE-16-R-52 Rdzeń proszkowy EF16-R-52 AL=56 E65-52 RPE-16-R-52""",PLN,500,0.7,0,0,1,,RPE-16-R-52 Rdzeń proszkowy EF16-R-52 AL=56 E65-52 RPE-16-R-52,https://sklep.feryster.pl/13460-RPE-16-R-52.html,,2026-09-30T22:17:58Z,861.0,,3.0,"Micrometals datasheet ""Mass (approximate)"" (part E65-52)",https://datasheets.micrometals.com/E65-52-DataSheet.pdf @ 2026-09-30T22:28:30Z,iron,MAS core reference E65-52,0.259899,"ECB euro reference rates 2026-09-30 (extra/ecb.xml, fetched 2026-09-30T20:12:47Z)",0.1819
"Feryster (sklep.feryster.pl, PL; listed by Micrometals as authorized distributor)","distributor web shop product page (""Rabaty ilościowe"" table, net PLN)",Micrometals,E65-52,RPE-16-R-52,Mix 52,powder: iron,E,E65-52,per piece,"Feryster name ""RPE-16-R-52 Rdzeń proszkowy EF16-R-52 AL=56 E65-52 RPE-16-R-52""",PLN,1000,0.66,0,1,1,,RPE-16-R-52 Rdzeń proszkowy EF16-R-52 AL=56 E65-52 RPE-16-R-52,https://sklep.feryster.pl/13460-RPE-16-R-52.html,,2026-09-30T22:17:58Z,861.0,,3.0,"Micrometals datasheet ""Mass (approximate)"" (part E65-52)",https://datasheets.micrometals.com/E65-52-DataSheet.pdf @ 2026-09-30T22:28:30Z,iron,MAS core reference E65-52,0.259899,"ECB euro reference rates 2026-09-30 (extra/ecb.xml, fetched 2026-09-30T20:12:47Z)",0.1715
"Feryster (sklep.feryster.pl, PL; listed by Micrometals as authorized distributor)","distributor web shop product page (""Rabaty ilościowe"" table, net PLN)",Micrometals,E65-52,RPE-16-R-52,Mix 52,powder: iron,E,E65-52,per piece,"Feryster name ""RPE-16-R-52 Rdzeń proszkowy EF16-R-52 AL=56 E65-52 RPE-16-R-52""",PLN,5000,0.62,0,0,1,,RPE-16-R-52 Rdzeń proszkowy EF16-R-52 AL=56 E65-52 RPE-16-R-52,https://sklep.feryster.pl/13460-RPE-16-R-52.html,,2026-09-30T22:17:58Z,861.0,,3.0,"Micrometals datasheet ""Mass (approximate)"" (part E65-52)",https://datasheets.micrometals.com/E65-52-DataSheet.pdf @ 2026-09-30T22:28:30Z,iron,MAS core reference E65-52,0.259899,"ECB euro reference rates 2026-09-30 (extra/ecb.xml, fetched 2026-09-30T20:12:47Z)",0.1611
"Feryster (sklep.feryster.pl, PL; listed by Micrometals as authorized distributor)","distributor web shop product page (""Rabaty ilościowe"" table, net PLN)",Micrometals,E80-52,RPE-20-R-52A,Mix 52,powder: iron,E,E80-52,per piece,"Feryster name ""RPE-20-R-52A Rdzeń proszkowy EF20-R-52A AL=73 E80-52 RPE-20-R-52A""",PLN,1,0.77,1,0,1,,RPE-20-R-52A Rdzeń proszkowy EF20-R-52A AL=73 E80-52 RPE-20-R-52A,https://sklep.feryster.pl/13462-RPE-20-R-52A.html,,2026-09-30T22:18:01Z,1630.0,,5.7,"Micrometals datasheet ""Mass (approximate)"" (part E80-52)",https://datasheets.micrometals.com/E80-52-DataSheet.pdf @ 2026-09-30T22:28:36Z,iron,MAS core reference E80-52,0.259899,"ECB euro reference rates 2026-09-30 (extra/ecb.xml, fetched 2026-09-30T20:12:47Z)",0.2001
"Feryster (sklep.feryster.pl, PL; listed by Micrometals as authorized distributor)","distributor web shop product page (""Rabaty ilościowe"" table, net PLN)",Micrometals,E80-52,RPE-20-R-52A,Mix 52,powder: iron,E,E80-52,per piece,"Feryster name ""RPE-20-R-52A Rdzeń proszkowy EF20-R-52A AL=73 E80-52 RPE-20-R-52A""",PLN,100,0.73,0,0,1,,RPE-20-R-52A Rdzeń proszkowy EF20-R-52A AL=73 E80-52 RPE-20-R-52A,https://sklep.feryster.pl/13462-RPE-20-R-52A.html,,2026-09-30T22:18:01Z,1630.0,,5.7,"Micrometals datasheet ""Mass (approximate)"" (part E80-52)",https://datasheets.micrometals.com/E80-52-DataSheet.pdf @ 2026-09-30T22:28:36Z,iron,MAS core reference E80-52,0.259899,"ECB euro reference rates 2026-09-30 (extra/ecb.xml, fetched 2026-09-30T20:12:47Z)",0.1897
"Feryster (sklep.feryster.pl, PL; listed by Micrometals as authorized distributor)","distributor web shop product page (""Rabaty ilościowe"" table, net PLN)",Micrometals,E80-52,RPE-20-R-52A,Mix 52,powder: iron,E,E80-52,per piece,"Feryster name ""RPE-20-R-52A Rdzeń proszkowy EF20-R-52A AL=73 E80-52 RPE-20-R-52A""",PLN,500,0.69,0,0,1,,RPE-20-R-52A Rdzeń proszkowy EF20-R-52A AL=73 E80-52 RPE-20-R-52A,https://sklep.feryster.pl/13462-RPE-20-R-52A.html,,2026-09-30T22:18:01Z,1630.0,,5.7,"Micrometals datasheet ""Mass (approximate)"" (part E80-52)",https://datasheets.micrometals.com/E80-52-DataSheet.pdf @ 2026-09-30T22:28:36Z,iron,MAS core reference E80-52,0.259899,"ECB euro reference rates 2026-09-30 (extra/ecb.xml, fetched 2026-09-30T20:12:47Z)",0.1793
"Feryster (sklep.feryster.pl, PL; listed by Micrometals as authorized distributor)","distributor web shop product page (""Rabaty ilościowe"" table, net PLN)",Micrometals,E80-52,RPE-20-R-52A,Mix 52,powder: iron,E,E80-52,per piece,"Feryster name ""RPE-20-R-52A Rdzeń proszkowy EF20-R-52A AL=73 E80-52 RPE-20-R-52A""",PLN,1000,0.65,0,1,1,,RPE-20-R-52A Rdzeń proszkowy EF20-R-52A AL=73 E80-52 RPE-20-R-52A,https://sklep.feryster.pl/13462-RPE-20-R-52A.html,,2026-09-30T22:18:01Z,1630.0,,5.7,"Micrometals datasheet ""Mass (approximate)"" (part E80-52)",https://datasheets.micrometals.com/E80-52-DataSheet.pdf @ 2026-09-30T22:28:36Z,iron,MAS core reference E80-52,0.259899,"ECB euro reference rates 2026-09-30 (extra/ecb.xml, fetched 2026-09-30T20:12:47Z)",0.1689
"Feryster (sklep.feryster.pl, PL; listed by Micrometals as authorized distributor)","distributor web shop product page (""Rabaty ilościowe"" table, net PLN)",Micrometals,E80-52,RPE-20-R-52A,Mix 52,powder: iron,E,E80-52,per piece,"Feryster name ""RPE-20-R-52A Rdzeń proszkowy EF20-R-52A AL=73 E80-52 RPE-20-R-52A""",PLN,5000,0.62,0,0,1,,RPE-20-R-52A Rdzeń proszkowy EF20-R-52A AL=73 E80-52 RPE-20-R-52A,https://sklep.feryster.pl/13462-RPE-20-R-52A.html,,2026-09-30T22:18:01Z,1630.0,,5.7,"Micrometals datasheet ""Mass (approximate)"" (part E80-52)",https://datasheets.micrometals.com/E80-52-DataSheet.pdf @ 2026-09-30T22:28:36Z,iron,MAS core reference E80-52,0.259899,"ECB euro reference rates 2026-09-30 (extra/ecb.xml, fetched 2026-09-30T20:12:47Z)",0.1611
"Feryster (sklep.feryster.pl, PL; listed by Micrometals as authorized distributor)","distributor web shop product page (""Rabaty ilościowe"" table, net PLN)",Micrometals,E99-52,RPE-25-R-52,Mix 52,powder: iron,E,E99-52,per piece,"Feryster name ""RPE-25-R-52 Rdzeń proszkowy EF25-R-52 KE25-52 AL=96 +/-10%; E99-52 RPE-25-R-52""",PLN,1,0.69,1,0,1,,RPE-25-R-52 Rdzeń proszkowy EF25-R-52 KE25-52 AL=96 +/-10%; E99-52 RPE-25-R-52,https://sklep.feryster.pl/13463-rpe-25-r-52.html,,2026-09-30T22:18:04Z,3380.0,,12.0,"Micrometals datasheet ""Mass (approximate)"" (part E99-52)",https://datasheets.micrometals.com/E99-52-DataSheet.pdf @ 2026-09-30T22:28:39Z,iron,MAS core reference E99-52,0.259899,"ECB euro reference rates 2026-09-30 (extra/ecb.xml, fetched 2026-09-30T20:12:47Z)",0.1793
"Feryster (sklep.feryster.pl, PL; listed by Micrometals as authorized distributor)","distributor web shop product page (""Rabaty ilościowe"" table, net PLN)",Micrometals,E99-52,RPE-25-R-52,Mix 52,powder: iron,E,E99-52,per piece,"Feryster name ""RPE-25-R-52 Rdzeń proszkowy EF25-R-52 KE25-52 AL=96 +/-10%; E99-52 RPE-25-R-52""",PLN,100,0.66,0,0,1,,RPE-25-R-52 Rdzeń proszkowy EF25-R-52 KE25-52 AL=96 +/-10%; E99-52 RPE-25-R-52,https://sklep.feryster.pl/13463-rpe-25-r-52.html,,2026-09-30T22:18:04Z,3380.0,,12.0,"Micrometals datasheet ""Mass (approximate)"" (part E99-52)",https://datasheets.micrometals.com/E99-52-DataSheet.pdf @ 2026-09-30T22:28:39Z,iron,MAS core reference E99-52,0.259899,"ECB euro reference rates 2026-09-30 (extra/ecb.xml, fetched 2026-09-30T20:12:47Z)",0.1715
"Feryster (sklep.feryster.pl, PL; listed by Micrometals as authorized distributor)","distributor web shop product page (""Rabaty ilościowe"" table, net PLN)",Micrometals,E99-52,RPE-25-R-52,Mix 52,powder: iron,E,E99-52,per piece,"Feryster name ""RPE-25-R-52 Rdzeń proszkowy EF25-R-52 KE25-52 AL=96 +/-10%; E99-52 RPE-25-R-52""",PLN,500,0.62,0,0,1,,RPE-25-R-52 Rdzeń proszkowy EF25-R-52 KE25-52 AL=96 +/-10%; E99-52 RPE-25-R-52,https://sklep.feryster.pl/13463-rpe-25-r-52.html,,2026-09-30T22:18:04Z,3380.0,,12.0,"Micrometals datasheet ""Mass (approximate)"" (part E99-52)",https://datasheets.micrometals.com/E99-52-DataSheet.pdf @ 2026-09-30T22:28:39Z,iron,MAS core reference E99-52,0.259899,"ECB euro reference rates 2026-09-30 (extra/ecb.xml, fetched 2026-09-30T20:12:47Z)",0.1611
"Feryster (sklep.feryster.pl, PL; listed by Micrometals as authorized distributor)","distributor web shop product page (""Rabaty ilościowe"" table, net PLN)",Micrometals,E99-52,RPE-25-R-52,Mix 52,powder: iron,E,E99-52,per piece,"Feryster name ""RPE-25-R-52 Rdzeń proszkowy EF25-R-52 KE25-52 AL=96 +/-10%; E99-52 RPE-25-R-52""",PLN,1000,0.59,0,1,1,,RPE-25-R-52 Rdzeń proszkowy EF25-R-52 KE25-52 AL=96 +/-10%; E99-52 RPE-25-R-52,https://sklep.feryster.pl/13463-rpe-25-r-52.html,,2026-09-30T22:18:04Z,3380.0,,12.0,"Micrometals datasheet ""Mass (approximate)"" (part E99-52)",https://datasheets.micrometals.com/E99-52-DataSheet.pdf @ 2026-09-30T22:28:39Z,iron,MAS core reference E99-52,0.259899,"ECB euro reference rates 2026-09-30 (extra/ecb.xml, fetched 2026-09-30T20:12:47Z)",0.1533
"Feryster (sklep.feryster.pl, PL; listed by Micrometals as authorized distributor)","distributor web shop product page (""Rabaty ilościowe"" table, net PLN)",Micrometals,E99-52,RPE-25-R-52,Mix 52,powder: iron,E,E99-52,per piece,"Feryster name ""RPE-25-R-52 Rdzeń proszkowy EF25-R-52 KE25-52 AL=96 +/-10%; E99-52 RPE-25-R-52""",PLN,5000,0.55,0,0,1,,RPE-25-R-52 Rdzeń proszkowy EF25-R-52 KE25-52 AL=96 +/-10%; E99-52 RPE-25-R-52,https://sklep.feryster.pl/13463-rpe-25-r-52.html,,2026-09-30T22:18:04Z,3380.0,,12.0,"Micrometals datasheet ""Mass (approximate)"" (part E99-52)",https://datasheets.micrometals.com/E99-52-DataSheet.pdf @ 2026-09-30T22:28:39Z,iron,MAS core reference E99-52,0.259899,"ECB euro reference rates 2026-09-30 (extra/ecb.xml, fetched 2026-09-30T20:12:47Z)",0.1429
"Feryster (sklep.feryster.pl, PL; listed by Micrometals as authorized distributor)","distributor web shop product page (""Rabaty ilościowe"" table, net PLN)",Micrometals,T80-2,"RTP-20,2X12,6X6,4-LP",Mix 2,powder: carbonylIron,T,T80-2,per piece,"Feryster name ""RTP-20,2X12,6X6,4-LP Rdzeń toroid proszkowy (T80-2)-Low Permability Al=5,7 RTP-20,2X12,6X6,4-LP""",PLN,1,1.64,1,0,1,,"RTP-20,2X12,6X6,4-LP Rdzeń toroid proszkowy (T80-2)-Low Permability Al=5,7 RTP-20,2X12,6X6,4-LP",https://sklep.feryster.pl/13502-rtp-202x126x64-lp.html,,2026-09-30T22:18:07Z,1190.0,,6.0,"Micrometals datasheet ""Mass (approximate)"" (part T80-2)",https://datasheets.micrometals.com/T80-2-DataSheet.pdf @ 2026-09-30T20:26:45Z,carbonylIron,MAS core reference T80-2,0.259899,"ECB euro reference rates 2026-09-30 (extra/ecb.xml, fetched 2026-09-30T20:12:47Z)",0.4262
"Feryster (sklep.feryster.pl, PL; listed by Micrometals as authorized distributor)","distributor web shop product page (""Rabaty ilościowe"" table, net PLN)",Micrometals,T80-2,"RTP-20,2X12,6X6,4-LP",Mix 2,powder: carbonylIron,T,T80-2,per piece,"Feryster name ""RTP-20,2X12,6X6,4-LP Rdzeń toroid proszkowy (T80-2)-Low Permability Al=5,7 RTP-20,2X12,6X6,4-LP""",PLN,100,1.56,0,0,1,,"RTP-20,2X12,6X6,4-LP Rdzeń toroid proszkowy (T80-2)-Low Permability Al=5,7 RTP-20,2X12,6X6,4-LP",https://sklep.feryster.pl/13502-rtp-202x126x64-lp.html,,2026-09-30T22:18:07Z,1190.0,,6.0,"Micrometals datasheet ""Mass (approximate)"" (part T80-2)",https://datasheets.micrometals.com/T80-2-DataSheet.pdf @ 2026-09-30T20:26:45Z,carbonylIron,MAS core reference T80-2,0.259899,"ECB euro reference rates 2026-09-30 (extra/ecb.xml, fetched 2026-09-30T20:12:47Z)",0.4054
"Feryster (sklep.feryster.pl, PL; listed by Micrometals as authorized distributor)","distributor web shop product page (""Rabaty ilościowe"" table, net PLN)",Micrometals,T80-2,"RTP-20,2X12,6X6,4-LP",Mix 2,powder: carbonylIron,T,T80-2,per piece,"Feryster name ""RTP-20,2X12,6X6,4-LP Rdzeń toroid proszkowy (T80-2)-Low Permability Al=5,7 RTP-20,2X12,6X6,4-LP""",PLN,500,1.48,0,0,1,,"RTP-20,2X12,6X6,4-LP Rdzeń toroid proszkowy (T80-2)-Low Permability Al=5,7 RTP-20,2X12,6X6,4-LP",https://sklep.feryster.pl/13502-rtp-202x126x64-lp.html,,2026-09-30T22:18:07Z,1190.0,,6.0,"Micrometals datasheet ""Mass (approximate)"" (part T80-2)",https://datasheets.micrometals.com/T80-2-DataSheet.pdf @ 2026-09-30T20:26:45Z,carbonylIron,MAS core reference T80-2,0.259899,"ECB euro reference rates 2026-09-30 (extra/ecb.xml, fetched 2026-09-30T20:12:47Z)",0.3847
"Feryster (sklep.feryster.pl, PL; listed by Micrometals as authorized distributor)","distributor web shop product page (""Rabaty ilościowe"" table, net PLN)",Micrometals,T80-2,"RTP-20,2X12,6X6,4-LP",Mix 2,powder: carbonylIron,T,T80-2,per piece,"Feryster name ""RTP-20,2X12,6X6,4-LP Rdzeń toroid proszkowy (T80-2)-Low Permability Al=5,7 RTP-20,2X12,6X6,4-LP""",PLN,1000,1.39,0,1,1,,"RTP-20,2X12,6X6,4-LP Rdzeń toroid proszkowy (T80-2)-Low Permability Al=5,7 RTP-20,2X12,6X6,4-LP",https://sklep.feryster.pl/13502-rtp-202x126x64-lp.html,,2026-09-30T22:18:07Z,1190.0,,6.0,"Micrometals datasheet ""Mass (approximate)"" (part T80-2)",https://datasheets.micrometals.com/T80-2-DataSheet.pdf @ 2026-09-30T20:26:45Z,carbonylIron,MAS core reference T80-2,0.259899,"ECB euro reference rates 2026-09-30 (extra/ecb.xml, fetched 2026-09-30T20:12:47Z)",0.3613
"Feryster (sklep.feryster.pl, PL; listed by Micrometals as authorized distributor)","distributor web shop product page (""Rabaty ilościowe"" table, net PLN)",Micrometals,T80-2,"RTP-20,2X12,6X6,4-LP",Mix 2,powder: carbonylIron,T,T80-2,per piece,"Feryster name ""RTP-20,2X12,6X6,4-LP Rdzeń toroid proszkowy (T80-2)-Low Permability Al=5,7 RTP-20,2X12,6X6,4-LP""",PLN,5000,1.31,0,0,1,,"RTP-20,2X12,6X6,4-LP Rdzeń toroid proszkowy (T80-2)-Low Permability Al=5,7 RTP-20,2X12,6X6,4-LP",https://sklep.feryster.pl/13502-rtp-202x126x64-lp.html,,2026-09-30T22:18:07Z,1190.0,,6.0,"Micrometals datasheet ""Mass (approximate)"" (part T80-2)",https://datasheets.micrometals.com/T80-2-DataSheet.pdf @ 2026-09-30T20:26:45Z,carbonylIron,MAS core reference T80-2,0.259899,"ECB euro reference rates 2026-09-30 (extra/ecb.xml, fetched 2026-09-30T20:12:47Z)",0.3405
"Feryster (sklep.feryster.pl, PL; listed by Micrometals as authorized distributor)","distributor web shop product page (""Rabaty ilościowe"" table, net PLN)",Micrometals,T106-2,"RTP-26,9X14,5X11,1-LP",Mix 2,powder: carbonylIron,T,T106-2,per piece,"Feryster name ""RTP-26,9X14,5X11,1-LP Rdzeń toroid proszkowy (T106-2) Low Permability AL=13,5 RTP-26,9X14,5X11,1-LP""",PLN,1,3.95,1,0,1,,"RTP-26,9X14,5X11,1-LP Rdzeń toroid proszkowy (T106-2) Low Permability AL=13,5 RTP-26,9X14,5X11,1-LP",https://sklep.feryster.pl/13503-rtp-269x145x111-lp.html,,2026-09-30T22:18:10Z,4280.0,,21.0,"Micrometals datasheet ""Mass (approximate)"" (part T106-2)",https://datasheets.micrometals.com/T106-2-DataSheet.pdf @ 2026-09-30T20:16:38Z,carbonylIron,MAS core reference T106-2,0.259899,"ECB euro reference rates 2026-09-30 (extra/ecb.xml, fetched 2026-09-30T20:12:47Z)",1.0266
"Feryster (sklep.feryster.pl, PL; listed by Micrometals as authorized distributor)","distributor web shop product page (""Rabaty ilościowe"" table, net PLN)",Micrometals,T106-2,"RTP-26,9X14,5X11,1-LP",Mix 2,powder: carbonylIron,T,T106-2,per piece,"Feryster name ""RTP-26,9X14,5X11,1-LP Rdzeń toroid proszkowy (T106-2) Low Permability AL=13,5 RTP-26,9X14,5X11,1-LP""",PLN,100,3.75,0,0,1,,"RTP-26,9X14,5X11,1-LP Rdzeń toroid proszkowy (T106-2) Low Permability AL=13,5 RTP-26,9X14,5X11,1-LP",https://sklep.feryster.pl/13503-rtp-269x145x111-lp.html,,2026-09-30T22:18:10Z,4280.0,,21.0,"Micrometals datasheet ""Mass (approximate)"" (part T106-2)",https://datasheets.micrometals.com/T106-2-DataSheet.pdf @ 2026-09-30T20:16:38Z,carbonylIron,MAS core reference T106-2,0.259899,"ECB euro reference rates 2026-09-30 (extra/ecb.xml, fetched 2026-09-30T20:12:47Z)",0.9746
"Feryster (sklep.feryster.pl, PL; listed by Micrometals as authorized distributor)","distributor web shop product page (""Rabaty ilościowe"" table, net PLN)",Micrometals,T106-2,"RTP-26,9X14,5X11,1-LP",Mix 2,powder: carbonylIron,T,T106-2,per piece,"Feryster name ""RTP-26,9X14,5X11,1-LP Rdzeń toroid proszkowy (T106-2) Low Permability AL=13,5 RTP-26,9X14,5X11,1-LP""",PLN,500,3.56,0,0,1,,"RTP-26,9X14,5X11,1-LP Rdzeń toroid proszkowy (T106-2) Low Permability AL=13,5 RTP-26,9X14,5X11,1-LP",https://sklep.feryster.pl/13503-rtp-269x145x111-lp.html,,2026-09-30T22:18:10Z,4280.0,,21.0,"Micrometals datasheet ""Mass (approximate)"" (part T106-2)",https://datasheets.micrometals.com/T106-2-DataSheet.pdf @ 2026-09-30T20:16:38Z,carbonylIron,MAS core reference T106-2,0.259899,"ECB euro reference rates 2026-09-30 (extra/ecb.xml, fetched 2026-09-30T20:12:47Z)",0.9252
"Feryster (sklep.feryster.pl, PL; listed by Micrometals as authorized distributor)","distributor web shop product page (""Rabaty ilościowe"" table, net PLN)",Micrometals,T106-2,"RTP-26,9X14,5X11,1-LP",Mix 2,powder: carbonylIron,T,T106-2,per piece,"Feryster name ""RTP-26,9X14,5X11,1-LP Rdzeń toroid proszkowy (T106-2) Low Permability AL=13,5 RTP-26,9X14,5X11,1-LP""",PLN,1000,3.36,0,1,1,,"RTP-26,9X14,5X11,1-LP Rdzeń toroid proszkowy (T106-2) Low Permability AL=13,5 RTP-26,9X14,5X11,1-LP",https://sklep.feryster.pl/13503-rtp-269x145x111-lp.html,,2026-09-30T22:18:10Z,4280.0,,21.0,"Micrometals datasheet ""Mass (approximate)"" (part T106-2)",https://datasheets.micrometals.com/T106-2-DataSheet.pdf @ 2026-09-30T20:16:38Z,carbonylIron,MAS core reference T106-2,0.259899,"ECB euro reference rates 2026-09-30 (extra/ecb.xml, fetched 2026-09-30T20:12:47Z)",0.8733
"Feryster (sklep.feryster.pl, PL; listed by Micrometals as authorized distributor)","distributor web shop product page (""Rabaty ilościowe"" table, net PLN)",Micrometals,T106-2,"RTP-26,9X14,5X11,1-LP",Mix 2,powder: carbonylIron,T,T106-2,per piece,"Feryster name ""RTP-26,9X14,5X11,1-LP Rdzeń toroid proszkowy (T106-2) Low Permability AL=13,5 RTP-26,9X14,5X11,1-LP""",PLN,5000,3.16,0,0,1,,"RTP-26,9X14,5X11,1-LP Rdzeń toroid proszkowy (T106-2) Low Permability AL=13,5 RTP-26,9X14,5X11,1-LP",https://sklep.feryster.pl/13503-rtp-269x145x111-lp.html,,2026-09-30T22:18:10Z,4280.0,,21.0,"Micrometals datasheet ""Mass (approximate)"" (part T106-2)",https://datasheets.micrometals.com/T106-2-DataSheet.pdf @ 2026-09-30T20:16:38Z,carbonylIron,MAS core reference T106-2,0.259899,"ECB euro reference rates 2026-09-30 (extra/ecb.xml, fetched 2026-09-30T20:12:47Z)",0.8213
"Feryster (sklep.feryster.pl, PL; listed by Micrometals as authorized distributor)","distributor web shop product page (""Rabaty ilościowe"" table, net PLN)",Micrometals,T130-2,"RTP-33X19,8X11,1-(2)LP",Mix 2,powder: carbonylIron,T,T130-2,per piece,"Feryster name ""RTP-33X19,8X11,1-(2)LP Rdzeń toroid proszkowy (T130-2) Low Permability AL=11 RTP-33X19,8X11,1-(2)LP""",PLN,1,5.27,1,0,1,,"RTP-33X19,8X11,1-(2)LP Rdzeń toroid proszkowy (T130-2) Low Permability AL=11 RTP-33X19,8X11,1-(2)LP",https://sklep.feryster.pl/13894-RTP-33X19-8X11-1-2LP.html,,2026-09-30T22:18:14Z,5780.0,,29.0,"Micrometals datasheet ""Mass (approximate)"" (part T130-2)",https://datasheets.micrometals.com/T130-2-DataSheet.pdf @ 2026-09-30T20:17:52Z,carbonylIron,MAS core reference T130-2,0.259899,"ECB euro reference rates 2026-09-30 (extra/ecb.xml, fetched 2026-09-30T20:12:47Z)",1.3697
"Feryster (sklep.feryster.pl, PL; listed by Micrometals as authorized distributor)","distributor web shop product page (""Rabaty ilościowe"" table, net PLN)",Micrometals,T130-2,"RTP-33X19,8X11,1-(2)LP",Mix 2,powder: carbonylIron,T,T130-2,per piece,"Feryster name ""RTP-33X19,8X11,1-(2)LP Rdzeń toroid proszkowy (T130-2) Low Permability AL=11 RTP-33X19,8X11,1-(2)LP""",PLN,100,5.01,0,0,1,,"RTP-33X19,8X11,1-(2)LP Rdzeń toroid proszkowy (T130-2) Low Permability AL=11 RTP-33X19,8X11,1-(2)LP",https://sklep.feryster.pl/13894-RTP-33X19-8X11-1-2LP.html,,2026-09-30T22:18:14Z,5780.0,,29.0,"Micrometals datasheet ""Mass (approximate)"" (part T130-2)",https://datasheets.micrometals.com/T130-2-DataSheet.pdf @ 2026-09-30T20:17:52Z,carbonylIron,MAS core reference T130-2,0.259899,"ECB euro reference rates 2026-09-30 (extra/ecb.xml, fetched 2026-09-30T20:12:47Z)",1.3021
"Feryster (sklep.feryster.pl, PL; listed by Micrometals as authorized distributor)","distributor web shop product page (""Rabaty ilościowe"" table, net PLN)",Micrometals,T130-2,"RTP-33X19,8X11,1-(2)LP",Mix 2,powder: carbonylIron,T,T130-2,per piece,"Feryster name ""RTP-33X19,8X11,1-(2)LP Rdzeń toroid proszkowy (T130-2) Low Permability AL=11 RTP-33X19,8X11,1-(2)LP""",PLN,500,4.74,0,0,1,,"RTP-33X19,8X11,1-(2)LP Rdzeń toroid proszkowy (T130-2) Low Permability AL=11 RTP-33X19,8X11,1-(2)LP",https://sklep.feryster.pl/13894-RTP-33X19-8X11-1-2LP.html,,2026-09-30T22:18:14Z,5780.0,,29.0,"Micrometals datasheet ""Mass (approximate)"" (part T130-2)",https://datasheets.micrometals.com/T130-2-DataSheet.pdf @ 2026-09-30T20:17:52Z,carbonylIron,MAS core reference T130-2,0.259899,"ECB euro reference rates 2026-09-30 (extra/ecb.xml, fetched 2026-09-30T20:12:47Z)",1.2319
"Feryster (sklep.feryster.pl, PL; listed by Micrometals as authorized distributor)","distributor web shop product page (""Rabaty ilościowe"" table, net PLN)",Micrometals,T130-2,"RTP-33X19,8X11,1-(2)LP",Mix 2,powder: carbonylIron,T,T130-2,per piece,"Feryster name ""RTP-33X19,8X11,1-(2)LP Rdzeń toroid proszkowy (T130-2) Low Permability AL=11 RTP-33X19,8X11,1-(2)LP""",PLN,1000,4.48,0,1,1,,"RTP-33X19,8X11,1-(2)LP Rdzeń toroid proszkowy (T130-2) Low Permability AL=11 RTP-33X19,8X11,1-(2)LP",https://sklep.feryster.pl/13894-RTP-33X19-8X11-1-2LP.html,,2026-09-30T22:18:14Z,5780.0,,29.0,"Micrometals datasheet ""Mass (approximate)"" (part T130-2)",https://datasheets.micrometals.com/T130-2-DataSheet.pdf @ 2026-09-30T20:17:52Z,carbonylIron,MAS core reference T130-2,0.259899,"ECB euro reference rates 2026-09-30 (extra/ecb.xml, fetched 2026-09-30T20:12:47Z)",1.1643
"Feryster (sklep.feryster.pl, PL; listed by Micrometals as authorized distributor)","distributor web shop product page (""Rabaty ilościowe"" table, net PLN)",Micrometals,T130-2,"RTP-33X19,8X11,1-(2)LP",Mix 2,powder: carbonylIron,T,T130-2,per piece,"Feryster name ""RTP-33X19,8X11,1-(2)LP Rdzeń toroid proszkowy (T130-2) Low Permability AL=11 RTP-33X19,8X11,1-(2)LP""",PLN,5000,4.22,0,0,1,,"RTP-33X19,8X11,1-(2)LP Rdzeń toroid proszkowy (T130-2) Low Permability AL=11 RTP-33X19,8X11,1-(2)LP",https://sklep.feryster.pl/13894-RTP-33X19-8X11-1-2LP.html,,2026-09-30T22:18:14Z,5780.0,,29.0,"Micrometals datasheet ""Mass (approximate)"" (part T130-2)",https://datasheets.micrometals.com/T130-2-DataSheet.pdf @ 2026-09-30T20:17:52Z,carbonylIron,MAS core reference T130-2,0.259899,"ECB euro reference rates 2026-09-30 (extra/ecb.xml, fetched 2026-09-30T20:12:47Z)",1.0968
"Feryster (sklep.feryster.pl, PL; listed by Micrometals as authorized distributor)","distributor web shop product page (""Rabaty ilościowe"" table, net PLN)",Micrometals,T157-8,"RTP-39,9X24,1X14,5-8/90",Mix 8,powder: carbonylIron,T,T157-8,per piece,"Feryster name ""RTP-39,9X24,1X14,5-8/90 Rdzeń toroid proszkowy (T157-8/90) AL=42 RTP-39,9X24,1X14,5-8/90""",PLN,1,18.26,1,0,1,,"RTP-39,9X24,1X14,5-8/90 Rdzeń toroid proszkowy (T157-8/90) AL=42 RTP-39,9X24,1X14,5-8/90",https://sklep.feryster.pl/13895-RTP-39-9X24-1X14-5-890.html,,2026-09-30T22:18:16Z,,,,,,carbonylIron,Micrometals T/E/U designation suffix -8 = Mix 8 (not a MAS core reference),0.259899,"ECB euro reference rates 2026-09-30 (extra/ecb.xml, fetched 2026-09-30T20:12:47Z)",4.7458
"Feryster (sklep.feryster.pl, PL; listed by Micrometals as authorized distributor)","distributor web shop product page (""Rabaty ilościowe"" table, net PLN)",Micrometals,T157-8,"RTP-39,9X24,1X14,5-8/90",Mix 8,powder: carbonylIron,T,T157-8,per piece,"Feryster name ""RTP-39,9X24,1X14,5-8/90 Rdzeń toroid proszkowy (T157-8/90) AL=42 RTP-39,9X24,1X14,5-8/90""",PLN,100,17.35,0,0,1,,"RTP-39,9X24,1X14,5-8/90 Rdzeń toroid proszkowy (T157-8/90) AL=42 RTP-39,9X24,1X14,5-8/90",https://sklep.feryster.pl/13895-RTP-39-9X24-1X14-5-890.html,,2026-09-30T22:18:16Z,,,,,,carbonylIron,Micrometals T/E/U designation suffix -8 = Mix 8 (not a MAS core reference),0.259899,"ECB euro reference rates 2026-09-30 (extra/ecb.xml, fetched 2026-09-30T20:12:47Z)",4.5093
"Feryster (sklep.feryster.pl, PL; listed by Micrometals as authorized distributor)","distributor web shop product page (""Rabaty ilościowe"" table, net PLN)",Micrometals,T157-8,"RTP-39,9X24,1X14,5-8/90",Mix 8,powder: carbonylIron,T,T157-8,per piece,"Feryster name ""RTP-39,9X24,1X14,5-8/90 Rdzeń toroid proszkowy (T157-8/90) AL=42 RTP-39,9X24,1X14,5-8/90""",PLN,500,16.43,0,0,1,,"RTP-39,9X24,1X14,5-8/90 Rdzeń toroid proszkowy (T157-8/90) AL=42 RTP-39,9X24,1X14,5-8/90",https://sklep.feryster.pl/13895-RTP-39-9X24-1X14-5-890.html,,2026-09-30T22:18:16Z,,,,,,carbonylIron,Micrometals T/E/U designation suffix -8 = Mix 8 (not a MAS core reference),0.259899,"ECB euro reference rates 2026-09-30 (extra/ecb.xml, fetched 2026-09-30T20:12:47Z)",4.2701
"Feryster (sklep.feryster.pl, PL; listed by Micrometals as authorized distributor)","distributor web shop product page (""Rabaty ilościowe"" table, net PLN)",Micrometals,T157-8,"RTP-39,9X24,1X14,5-8/90",Mix 8,powder: carbonylIron,T,T157-8,per piece,"Feryster name ""RTP-39,9X24,1X14,5-8/90 Rdzeń toroid proszkowy (T157-8/90) AL=42 RTP-39,9X24,1X14,5-8/90""",PLN,1000,15.52,0,1,1,,"RTP-39,9X24,1X14,5-8/90 Rdzeń toroid proszkowy (T157-8/90) AL=42 RTP-39,9X24,1X14,5-8/90",https://sklep.feryster.pl/13895-RTP-39-9X24-1X14-5-890.html,,2026-09-30T22:18:16Z,,,,,,carbonylIron,Micrometals T/E/U designation suffix -8 = Mix 8 (not a MAS core reference),0.259899,"ECB euro reference rates 2026-09-30 (extra/ecb.xml, fetched 2026-09-30T20:12:47Z)",4.0336
"Feryster (sklep.feryster.pl, PL; listed by Micrometals as authorized distributor)","distributor web shop product page (""Rabaty ilościowe"" table, net PLN)",Micrometals,T157-8,"RTP-39,9X24,1X14,5-8/90",Mix 8,powder: carbonylIron,T,T157-8,per piece,"Feryster name ""RTP-39,9X24,1X14,5-8/90 Rdzeń toroid proszkowy (T157-8/90) AL=42 RTP-39,9X24,1X14,5-8/90""",PLN,5000,14.61,0,0,1,,"RTP-39,9X24,1X14,5-8/90 Rdzeń toroid proszkowy (T157-8/90) AL=42 RTP-39,9X24,1X14,5-8/90",https://sklep.feryster.pl/13895-RTP-39-9X24-1X14-5-890.html,,2026-09-30T22:18:16Z,,,,,,carbonylIron,Micrometals T/E/U designation suffix -8 = Mix 8 (not a MAS core reference),0.259899,"ECB euro reference rates 2026-09-30 (extra/ecb.xml, fetched 2026-09-30T20:12:47Z)",3.7971
"Feryster (sklep.feryster.pl, PL; listed by Micrometals as authorized distributor)","distributor web shop product page (""Rabaty ilościowe"" table, net PLN)",Micrometals,T157-2,"RTP-39,9X24,1X14,5-(2)LP",Mix 2,powder: carbonylIron,T,T157-2,per piece,"Feryster name ""RTP-39,9X24,1X14,5-(2)LP Rdzeń toroid proszkowy (T157-2) Low Permability AL=14 RTP-39,9X24,1X14,5-(2)LP""",PLN,1,9.63,1,0,1,,"RTP-39,9X24,1X14,5-(2)LP Rdzeń toroid proszkowy (T157-2) Low Permability AL=14 RTP-39,9X24,1X14,5-(2)LP",https://sklep.feryster.pl/13896-RTP-39-9X24-1X14-5-2LP.html,,2026-09-30T22:18:18Z,10700.0,,54.0,"Micrometals datasheet ""Mass (approximate)"" (part T157-2)",https://datasheets.micrometals.com/T157-2-DataSheet.pdf @ 2026-09-30T20:18:40Z,carbonylIron,MAS core reference T157-2,0.259899,"ECB euro reference rates 2026-09-30 (extra/ecb.xml, fetched 2026-09-30T20:12:47Z)",2.5028
"Feryster (sklep.feryster.pl, PL; listed by Micrometals as authorized distributor)","distributor web shop product page (""Rabaty ilościowe"" table, net PLN)",Micrometals,T157-2,"RTP-39,9X24,1X14,5-(2)LP",Mix 2,powder: carbonylIron,T,T157-2,per piece,"Feryster name ""RTP-39,9X24,1X14,5-(2)LP Rdzeń toroid proszkowy (T157-2) Low Permability AL=14 RTP-39,9X24,1X14,5-(2)LP""",PLN,100,9.15,0,0,1,,"RTP-39,9X24,1X14,5-(2)LP Rdzeń toroid proszkowy (T157-2) Low Permability AL=14 RTP-39,9X24,1X14,5-(2)LP",https://sklep.feryster.pl/13896-RTP-39-9X24-1X14-5-2LP.html,,2026-09-30T22:18:18Z,10700.0,,54.0,"Micrometals datasheet ""Mass (approximate)"" (part T157-2)",https://datasheets.micrometals.com/T157-2-DataSheet.pdf @ 2026-09-30T20:18:40Z,carbonylIron,MAS core reference T157-2,0.259899,"ECB euro reference rates 2026-09-30 (extra/ecb.xml, fetched 2026-09-30T20:12:47Z)",2.3781
"Feryster (sklep.feryster.pl, PL; listed by Micrometals as authorized distributor)","distributor web shop product page (""Rabaty ilościowe"" table, net PLN)",Micrometals,T157-2,"RTP-39,9X24,1X14,5-(2)LP",Mix 2,powder: carbonylIron,T,T157-2,per piece,"Feryster name ""RTP-39,9X24,1X14,5-(2)LP Rdzeń toroid proszkowy (T157-2) Low Permability AL=14 RTP-39,9X24,1X14,5-(2)LP""",PLN,500,8.67,0,0,1,,"RTP-39,9X24,1X14,5-(2)LP Rdzeń toroid proszkowy (T157-2) Low Permability AL=14 RTP-39,9X24,1X14,5-(2)LP",https://sklep.feryster.pl/13896-RTP-39-9X24-1X14-5-2LP.html,,2026-09-30T22:18:18Z,10700.0,,54.0,"Micrometals datasheet ""Mass (approximate)"" (part T157-2)",https://datasheets.micrometals.com/T157-2-DataSheet.pdf @ 2026-09-30T20:18:40Z,carbonylIron,MAS core reference T157-2,0.259899,"ECB euro reference rates 2026-09-30 (extra/ecb.xml, fetched 2026-09-30T20:12:47Z)",2.2533
"Feryster (sklep.feryster.pl, PL; listed by Micrometals as authorized distributor)","distributor web shop product page (""Rabaty ilościowe"" table, net PLN)",Micrometals,T157-2,"RTP-39,9X24,1X14,5-(2)LP",Mix 2,powder: carbonylIron,T,T157-2,per piece,"Feryster name ""RTP-39,9X24,1X14,5-(2)LP Rdzeń toroid proszkowy (T157-2) Low Permability AL=14 RTP-39,9X24,1X14,5-(2)LP""",PLN,1000,8.19,0,1,1,,"RTP-39,9X24,1X14,5-(2)LP Rdzeń toroid proszkowy (T157-2) Low Permability AL=14 RTP-39,9X24,1X14,5-(2)LP",https://sklep.feryster.pl/13896-RTP-39-9X24-1X14-5-2LP.html,,2026-09-30T22:18:18Z,10700.0,,54.0,"Micrometals datasheet ""Mass (approximate)"" (part T157-2)",https://datasheets.micrometals.com/T157-2-DataSheet.pdf @ 2026-09-30T20:18:40Z,carbonylIron,MAS core reference T157-2,0.259899,"ECB euro reference rates 2026-09-30 (extra/ecb.xml, fetched 2026-09-30T20:12:47Z)",2.1286
"Feryster (sklep.feryster.pl, PL; listed by Micrometals as authorized distributor)","distributor web shop product page (""Rabaty ilościowe"" table, net PLN)",Micrometals,T157-2,"RTP-39,9X24,1X14,5-(2)LP",Mix 2,powder: carbonylIron,T,T157-2,per piece,"Feryster name ""RTP-39,9X24,1X14,5-(2)LP Rdzeń toroid proszkowy (T157-2) Low Permability AL=14 RTP-39,9X24,1X14,5-(2)LP""",PLN,5000,7.7,0,0,1,,"RTP-39,9X24,1X14,5-(2)LP Rdzeń toroid proszkowy (T157-2) Low Permability AL=14 RTP-39,9X24,1X14,5-(2)LP",https://sklep.feryster.pl/13896-RTP-39-9X24-1X14-5-2LP.html,,2026-09-30T22:18:18Z,10700.0,,54.0,"Micrometals datasheet ""Mass (approximate)"" (part T157-2)",https://datasheets.micrometals.com/T157-2-DataSheet.pdf @ 2026-09-30T20:18:40Z,carbonylIron,MAS core reference T157-2,0.259899,"ECB euro reference rates 2026-09-30 (extra/ecb.xml, fetched 2026-09-30T20:12:47Z)",2.0012
"Feryster (sklep.feryster.pl, PL; listed by Micrometals as authorized distributor)","distributor web shop product page (""Rabaty ilościowe"" table, net PLN)",Micrometals,T130-40,"RTP-33X19,8X11,1-40",Mix 40,powder: iron,T,T130-40,per piece,"Feryster name ""RTP-33X19,8X11,1-40 Rdzeń toroid proszkowy (T130-40) AL=69 RTP-33X19,8X11,1-40""",PLN,1,3.74,1,0,1,,"RTP-33X19,8X11,1-40 Rdzeń toroid proszkowy (T130-40) AL=69 RTP-33X19,8X11,1-40",https://sklep.feryster.pl/16533-RTP-33X19-8X11-1-40.html,,2026-09-30T22:18:21Z,5780.0,,40.0,"Micrometals datasheet ""Mass (approximate)"" (part T130-40)",https://datasheets.micrometals.com/T130-40-DataSheet.pdf @ 2026-09-30T20:18:03Z,iron,MAS core reference T130-40,0.259899,"ECB euro reference rates 2026-09-30 (extra/ecb.xml, fetched 2026-09-30T20:12:47Z)",0.972
"Feryster (sklep.feryster.pl, PL; listed by Micrometals as authorized distributor)","distributor web shop product page (""Rabaty ilościowe"" table, net PLN)",Micrometals,T130-40,"RTP-33X19,8X11,1-40",Mix 40,powder: iron,T,T130-40,per piece,"Feryster name ""RTP-33X19,8X11,1-40 Rdzeń toroid proszkowy (T130-40) AL=69 RTP-33X19,8X11,1-40""",PLN,100,3.55,0,0,1,,"RTP-33X19,8X11,1-40 Rdzeń toroid proszkowy (T130-40) AL=69 RTP-33X19,8X11,1-40",https://sklep.feryster.pl/16533-RTP-33X19-8X11-1-40.html,,2026-09-30T22:18:21Z,5780.0,,40.0,"Micrometals datasheet ""Mass (approximate)"" (part T130-40)",https://datasheets.micrometals.com/T130-40-DataSheet.pdf @ 2026-09-30T20:18:03Z,iron,MAS core reference T130-40,0.259899,"ECB euro reference rates 2026-09-30 (extra/ecb.xml, fetched 2026-09-30T20:12:47Z)",0.9226
"Feryster (sklep.feryster.pl, PL; listed by Micrometals as authorized distributor)","distributor web shop product page (""Rabaty ilościowe"" table, net PLN)",Micrometals,T130-40,"RTP-33X19,8X11,1-40",Mix 40,powder: iron,T,T130-40,per piece,"Feryster name ""RTP-33X19,8X11,1-40 Rdzeń toroid proszkowy (T130-40) AL=69 RTP-33X19,8X11,1-40""",PLN,500,3.37,0,0,1,,"RTP-33X19,8X11,1-40 Rdzeń toroid proszkowy (T130-40) AL=69 RTP-33X19,8X11,1-40",https://sklep.feryster.pl/16533-RTP-33X19-8X11-1-40.html,,2026-09-30T22:18:21Z,5780.0,,40.0,"Micrometals datasheet ""Mass (approximate)"" (part T130-40)",https://datasheets.micrometals.com/T130-40-DataSheet.pdf @ 2026-09-30T20:18:03Z,iron,MAS core reference T130-40,0.259899,"ECB euro reference rates 2026-09-30 (extra/ecb.xml, fetched 2026-09-30T20:12:47Z)",0.8759
"Feryster (sklep.feryster.pl, PL; listed by Micrometals as authorized distributor)","distributor web shop product page (""Rabaty ilościowe"" table, net PLN)",Micrometals,T130-40,"RTP-33X19,8X11,1-40",Mix 40,powder: iron,T,T130-40,per piece,"Feryster name ""RTP-33X19,8X11,1-40 Rdzeń toroid proszkowy (T130-40) AL=69 RTP-33X19,8X11,1-40""",PLN,1000,3.18,0,1,1,,"RTP-33X19,8X11,1-40 Rdzeń toroid proszkowy (T130-40) AL=69 RTP-33X19,8X11,1-40",https://sklep.feryster.pl/16533-RTP-33X19-8X11-1-40.html,,2026-09-30T22:18:21Z,5780.0,,40.0,"Micrometals datasheet ""Mass (approximate)"" (part T130-40)",https://datasheets.micrometals.com/T130-40-DataSheet.pdf @ 2026-09-30T20:18:03Z,iron,MAS core reference T130-40,0.259899,"ECB euro reference rates 2026-09-30 (extra/ecb.xml, fetched 2026-09-30T20:12:47Z)",0.8265
"Feryster (sklep.feryster.pl, PL; listed by Micrometals as authorized distributor)","distributor web shop product page (""Rabaty ilościowe"" table, net PLN)",Micrometals,T130-40,"RTP-33X19,8X11,1-40",Mix 40,powder: iron,T,T130-40,per piece,"Feryster name ""RTP-33X19,8X11,1-40 Rdzeń toroid proszkowy (T130-40) AL=69 RTP-33X19,8X11,1-40""",PLN,5000,2.99,0,0,1,,"RTP-33X19,8X11,1-40 Rdzeń toroid proszkowy (T130-40) AL=69 RTP-33X19,8X11,1-40",https://sklep.feryster.pl/16533-RTP-33X19-8X11-1-40.html,,2026-09-30T22:18:21Z,5780.0,,40.0,"Micrometals datasheet ""Mass (approximate)"" (part T130-40)",https://datasheets.micrometals.com/T130-40-DataSheet.pdf @ 2026-09-30T20:18:03Z,iron,MAS core reference T130-40,0.259899,"ECB euro reference rates 2026-09-30 (extra/ecb.xml, fetched 2026-09-30T20:12:47Z)",0.7771
"Feryster (sklep.feryster.pl, PL; listed by Micrometals as authorized distributor)","distributor web shop product page (""Rabaty ilościowe"" table, net PLN)",Micrometals,T94-52,"RTP-23,9X14,2X7,92-52",Mix 52,powder: iron,T,T94-52,per piece,"Feryster name ""RTP-23,9X14,2X7,92-52 Rdzeń toroid proszkowy (T94-52 ) AL=57 RTP-23,9X14,2X7,92-52""",PLN,1,1.52,1,0,1,,"RTP-23,9X14,2X7,92-52 Rdzeń toroid proszkowy (T94-52 ) AL=57 RTP-23,9X14,2X7,92-52",https://sklep.feryster.pl/16537-RTP-23-9X14-2X7-92-52.html,,2026-09-30T22:18:24Z,2160.0,,15.0,"Micrometals datasheet ""Mass (approximate)"" (part T94-52)",https://datasheets.micrometals.com/T94-52-DataSheet.pdf @ 2026-09-30T20:27:44Z,iron,MAS core reference T94-52,0.259899,"ECB euro reference rates 2026-09-30 (extra/ecb.xml, fetched 2026-09-30T20:12:47Z)",0.395
"Feryster (sklep.feryster.pl, PL; listed by Micrometals as authorized distributor)","distributor web shop product page (""Rabaty ilościowe"" table, net PLN)",Micrometals,T94-52,"RTP-23,9X14,2X7,92-52",Mix 52,powder: iron,T,T94-52,per piece,"Feryster name ""RTP-23,9X14,2X7,92-52 Rdzeń toroid proszkowy (T94-52 ) AL=57 RTP-23,9X14,2X7,92-52""",PLN,100,1.44,0,0,1,,"RTP-23,9X14,2X7,92-52 Rdzeń toroid proszkowy (T94-52 ) AL=57 RTP-23,9X14,2X7,92-52",https://sklep.feryster.pl/16537-RTP-23-9X14-2X7-92-52.html,,2026-09-30T22:18:24Z,2160.0,,15.0,"Micrometals datasheet ""Mass (approximate)"" (part T94-52)",https://datasheets.micrometals.com/T94-52-DataSheet.pdf @ 2026-09-30T20:27:44Z,iron,MAS core reference T94-52,0.259899,"ECB euro reference rates 2026-09-30 (extra/ecb.xml, fetched 2026-09-30T20:12:47Z)",0.3743
"Feryster (sklep.feryster.pl, PL; listed by Micrometals as authorized distributor)","distributor web shop product page (""Rabaty ilościowe"" table, net PLN)",Micrometals,T94-52,"RTP-23,9X14,2X7,92-52",Mix 52,powder: iron,T,T94-52,per piece,"Feryster name ""RTP-23,9X14,2X7,92-52 Rdzeń toroid proszkowy (T94-52 ) AL=57 RTP-23,9X14,2X7,92-52""",PLN,500,1.37,0,0,1,,"RTP-23,9X14,2X7,92-52 Rdzeń toroid proszkowy (T94-52 ) AL=57 RTP-23,9X14,2X7,92-52",https://sklep.feryster.pl/16537-RTP-23-9X14-2X7-92-52.html,,2026-09-30T22:18:24Z,2160.0,,15.0,"Micrometals datasheet ""Mass (approximate)"" (part T94-52)",https://datasheets.micrometals.com/T94-52-DataSheet.pdf @ 2026-09-30T20:27:44Z,iron,MAS core reference T94-52,0.259899,"ECB euro reference rates 2026-09-30 (extra/ecb.xml, fetched 2026-09-30T20:12:47Z)",0.3561
"Feryster (sklep.feryster.pl, PL; listed by Micrometals as authorized distributor)","distributor web shop product page (""Rabaty ilościowe"" table, net PLN)",Micrometals,T94-52,"RTP-23,9X14,2X7,92-52",Mix 52,powder: iron,T,T94-52,per piece,"Feryster name ""RTP-23,9X14,2X7,92-52 Rdzeń toroid proszkowy (T94-52 ) AL=57 RTP-23,9X14,2X7,92-52""",PLN,1000,1.29,0,1,1,,"RTP-23,9X14,2X7,92-52 Rdzeń toroid proszkowy (T94-52 ) AL=57 RTP-23,9X14,2X7,92-52",https://sklep.feryster.pl/16537-RTP-23-9X14-2X7-92-52.html,,2026-09-30T22:18:24Z,2160.0,,15.0,"Micrometals datasheet ""Mass (approximate)"" (part T94-52)",https://datasheets.micrometals.com/T94-52-DataSheet.pdf @ 2026-09-30T20:27:44Z,iron,MAS core reference T94-52,0.259899,"ECB euro reference rates 2026-09-30 (extra/ecb.xml, fetched 2026-09-30T20:12:47Z)",0.3353
"Feryster (sklep.feryster.pl, PL; listed by Micrometals as authorized distributor)","distributor web shop product page (""Rabaty ilościowe"" table, net PLN)",Micrometals,T94-52,"RTP-23,9X14,2X7,92-52",Mix 52,powder: iron,T,T94-52,per piece,"Feryster name ""RTP-23,9X14,2X7,92-52 Rdzeń toroid proszkowy (T94-52 ) AL=57 RTP-23,9X14,2X7,92-52""",PLN,5000,1.22,0,0,1,,"RTP-23,9X14,2X7,92-52 Rdzeń toroid proszkowy (T94-52 ) AL=57 RTP-23,9X14,2X7,92-52",https://sklep.feryster.pl/16537-RTP-23-9X14-2X7-92-52.html,,2026-09-30T22:18:24Z,2160.0,,15.0,"Micrometals datasheet ""Mass (approximate)"" (part T94-52)",https://datasheets.micrometals.com/T94-52-DataSheet.pdf @ 2026-09-30T20:27:44Z,iron,MAS core reference T94-52,0.259899,"ECB euro reference rates 2026-09-30 (extra/ecb.xml, fetched 2026-09-30T20:12:47Z)",0.3171
"Feryster (sklep.feryster.pl, PL; listed by Micrometals as authorized distributor)","distributor web shop product page (""Rabaty ilościowe"" table, net PLN)",Micrometals,T50-2,"RTP-12,7X7,7X4,83-LP",Mix 2,powder: carbonylIron,T,T50-2,per piece,"Feryster name ""RTP-12,7X7,7X4,83-LP Rdzeń toroid proszkowy (T50-2) Low Permability Al=4,9 RTP-12,7X7,7X4,83-LP""",PLN,1,0.93,1,0,1,,"RTP-12,7X7,7X4,83-LP Rdzeń toroid proszkowy (T50-2) Low Permability Al=4,9 RTP-12,7X7,7X4,83-LP",https://sklep.feryster.pl/17561-RTP-12-7X7-7X4-83-LP.html,,2026-09-30T22:18:27Z,358.0,,1.8,"Micrometals datasheet ""Mass (approximate)"" (part T50-2)",https://datasheets.micrometals.com/T50-2-DataSheet.pdf @ 2026-09-30T20:24:47Z,carbonylIron,MAS core reference T50-2,0.259899,"ECB euro reference rates 2026-09-30 (extra/ecb.xml, fetched 2026-09-30T20:12:47Z)",0.2417
"Feryster (sklep.feryster.pl, PL; listed by Micrometals as authorized distributor)","distributor web shop product page (""Rabaty ilościowe"" table, net PLN)",Micrometals,T50-2,"RTP-12,7X7,7X4,83-LP",Mix 2,powder: carbonylIron,T,T50-2,per piece,"Feryster name ""RTP-12,7X7,7X4,83-LP Rdzeń toroid proszkowy (T50-2) Low Permability Al=4,9 RTP-12,7X7,7X4,83-LP""",PLN,100,0.88,0,0,1,,"RTP-12,7X7,7X4,83-LP Rdzeń toroid proszkowy (T50-2) Low Permability Al=4,9 RTP-12,7X7,7X4,83-LP",https://sklep.feryster.pl/17561-RTP-12-7X7-7X4-83-LP.html,,2026-09-30T22:18:27Z,358.0,,1.8,"Micrometals datasheet ""Mass (approximate)"" (part T50-2)",https://datasheets.micrometals.com/T50-2-DataSheet.pdf @ 2026-09-30T20:24:47Z,carbonylIron,MAS core reference T50-2,0.259899,"ECB euro reference rates 2026-09-30 (extra/ecb.xml, fetched 2026-09-30T20:12:47Z)",0.2287
"Feryster (sklep.feryster.pl, PL; listed by Micrometals as authorized distributor)","distributor web shop product page (""Rabaty ilościowe"" table, net PLN)",Micrometals,T50-2,"RTP-12,7X7,7X4,83-LP",Mix 2,powder: carbonylIron,T,T50-2,per piece,"Feryster name ""RTP-12,7X7,7X4,83-LP Rdzeń toroid proszkowy (T50-2) Low Permability Al=4,9 RTP-12,7X7,7X4,83-LP""",PLN,500,0.84,0,0,1,,"RTP-12,7X7,7X4,83-LP Rdzeń toroid proszkowy (T50-2) Low Permability Al=4,9 RTP-12,7X7,7X4,83-LP",https://sklep.feryster.pl/17561-RTP-12-7X7-7X4-83-LP.html,,2026-09-30T22:18:27Z,358.0,,1.8,"Micrometals datasheet ""Mass (approximate)"" (part T50-2)",https://datasheets.micrometals.com/T50-2-DataSheet.pdf @ 2026-09-30T20:24:47Z,carbonylIron,MAS core reference T50-2,0.259899,"ECB euro reference rates 2026-09-30 (extra/ecb.xml, fetched 2026-09-30T20:12:47Z)",0.2183
"Feryster (sklep.feryster.pl, PL; listed by Micrometals as authorized distributor)","distributor web shop product page (""Rabaty ilościowe"" table, net PLN)",Micrometals,T50-2,"RTP-12,7X7,7X4,83-LP",Mix 2,powder: carbonylIron,T,T50-2,per piece,"Feryster name ""RTP-12,7X7,7X4,83-LP Rdzeń toroid proszkowy (T50-2) Low Permability Al=4,9 RTP-12,7X7,7X4,83-LP""",PLN,1000,0.79,0,1,1,,"RTP-12,7X7,7X4,83-LP Rdzeń toroid proszkowy (T50-2) Low Permability Al=4,9 RTP-12,7X7,7X4,83-LP",https://sklep.feryster.pl/17561-RTP-12-7X7-7X4-83-LP.html,,2026-09-30T22:18:27Z,358.0,,1.8,"Micrometals datasheet ""Mass (approximate)"" (part T50-2)",https://datasheets.micrometals.com/T50-2-DataSheet.pdf @ 2026-09-30T20:24:47Z,carbonylIron,MAS core reference T50-2,0.259899,"ECB euro reference rates 2026-09-30 (extra/ecb.xml, fetched 2026-09-30T20:12:47Z)",0.2053
"Feryster (sklep.feryster.pl, PL; listed by Micrometals as authorized distributor)","distributor web shop product page (""Rabaty ilościowe"" table, net PLN)",Micrometals,T50-2,"RTP-12,7X7,7X4,83-LP",Mix 2,powder: carbonylIron,T,T50-2,per piece,"Feryster name ""RTP-12,7X7,7X4,83-LP Rdzeń toroid proszkowy (T50-2) Low Permability Al=4,9 RTP-12,7X7,7X4,83-LP""",PLN,5000,0.74,0,0,1,,"RTP-12,7X7,7X4,83-LP Rdzeń toroid proszkowy (T50-2) Low Permability Al=4,9 RTP-12,7X7,7X4,83-LP",https://sklep.feryster.pl/17561-RTP-12-7X7-7X4-83-LP.html,,2026-09-30T22:18:27Z,358.0,,1.8,"Micrometals datasheet ""Mass (approximate)"" (part T50-2)",https://datasheets.micrometals.com/T50-2-DataSheet.pdf @ 2026-09-30T20:24:47Z,carbonylIron,MAS core reference T50-2,0.259899,"ECB euro reference rates 2026-09-30 (extra/ecb.xml, fetched 2026-09-30T20:12:47Z)",0.1923
"Feryster (sklep.feryster.pl, PL; listed by Micrometals as authorized distributor)","distributor web shop product page (""Rabaty ilościowe"" table, net PLN)",Micrometals,T72-52,"RTP-18,3X7,11X6,6-52",Mix 52,powder: iron,T,T72-52,per piece,"Feryster name ""RTP-18,3X7,11X6,6-52 Rdzeń toroid proszkowy (T72-52) Al=82 ZIELONO-NIEBIESKI RTP-18,3X7,11X6,6-52""",PLN,1,1.11,1,0,1,,"RTP-18,3X7,11X6,6-52 Rdzeń toroid proszkowy (T72-52) Al=82 ZIELONO-NIEBIESKI RTP-18,3X7,11X6,6-52",https://sklep.feryster.pl/18313-RTP-18-3X7-11X6-6-52.html,,2026-09-30T22:18:30Z,1400.0,,9.8,"Micrometals datasheet ""Mass (approximate)"" (part T72-52)",https://datasheets.micrometals.com/T72-52-DataSheet.pdf @ 2026-09-30T20:26:27Z,iron,MAS core reference T72-52,0.259899,"ECB euro reference rates 2026-09-30 (extra/ecb.xml, fetched 2026-09-30T20:12:47Z)",0.2885
"Feryster (sklep.feryster.pl, PL; listed by Micrometals as authorized distributor)","distributor web shop product page (""Rabaty ilościowe"" table, net PLN)",Micrometals,T72-52,"RTP-18,3X7,11X6,6-52",Mix 52,powder: iron,T,T72-52,per piece,"Feryster name ""RTP-18,3X7,11X6,6-52 Rdzeń toroid proszkowy (T72-52) Al=82 ZIELONO-NIEBIESKI RTP-18,3X7,11X6,6-52""",PLN,100,1.05,0,0,1,,"RTP-18,3X7,11X6,6-52 Rdzeń toroid proszkowy (T72-52) Al=82 ZIELONO-NIEBIESKI RTP-18,3X7,11X6,6-52",https://sklep.feryster.pl/18313-RTP-18-3X7-11X6-6-52.html,,2026-09-30T22:18:30Z,1400.0,,9.8,"Micrometals datasheet ""Mass (approximate)"" (part T72-52)",https://datasheets.micrometals.com/T72-52-DataSheet.pdf @ 2026-09-30T20:26:27Z,iron,MAS core reference T72-52,0.259899,"ECB euro reference rates 2026-09-30 (extra/ecb.xml, fetched 2026-09-30T20:12:47Z)",0.2729
"Feryster (sklep.feryster.pl, PL; listed by Micrometals as authorized distributor)","distributor web shop product page (""Rabaty ilościowe"" table, net PLN)",Micrometals,T72-52,"RTP-18,3X7,11X6,6-52",Mix 52,powder: iron,T,T72-52,per piece,"Feryster name ""RTP-18,3X7,11X6,6-52 Rdzeń toroid proszkowy (T72-52) Al=82 ZIELONO-NIEBIESKI RTP-18,3X7,11X6,6-52""",PLN,500,1.0,0,0,1,,"RTP-18,3X7,11X6,6-52 Rdzeń toroid proszkowy (T72-52) Al=82 ZIELONO-NIEBIESKI RTP-18,3X7,11X6,6-52",https://sklep.feryster.pl/18313-RTP-18-3X7-11X6-6-52.html,,2026-09-30T22:18:30Z,1400.0,,9.8,"Micrometals datasheet ""Mass (approximate)"" (part T72-52)",https://datasheets.micrometals.com/T72-52-DataSheet.pdf @ 2026-09-30T20:26:27Z,iron,MAS core reference T72-52,0.259899,"ECB euro reference rates 2026-09-30 (extra/ecb.xml, fetched 2026-09-30T20:12:47Z)",0.2599
"Feryster (sklep.feryster.pl, PL; listed by Micrometals as authorized distributor)","distributor web shop product page (""Rabaty ilościowe"" table, net PLN)",Micrometals,T72-52,"RTP-18,3X7,11X6,6-52",Mix 52,powder: iron,T,T72-52,per piece,"Feryster name ""RTP-18,3X7,11X6,6-52 Rdzeń toroid proszkowy (T72-52) Al=82 ZIELONO-NIEBIESKI RTP-18,3X7,11X6,6-52""",PLN,1000,0.94,0,1,1,,"RTP-18,3X7,11X6,6-52 Rdzeń toroid proszkowy (T72-52) Al=82 ZIELONO-NIEBIESKI RTP-18,3X7,11X6,6-52",https://sklep.feryster.pl/18313-RTP-18-3X7-11X6-6-52.html,,2026-09-30T22:18:30Z,1400.0,,9.8,"Micrometals datasheet ""Mass (approximate)"" (part T72-52)",https://datasheets.micrometals.com/T72-52-DataSheet.pdf @ 2026-09-30T20:26:27Z,iron,MAS core reference T72-52,0.259899,"ECB euro reference rates 2026-09-30 (extra/ecb.xml, fetched 2026-09-30T20:12:47Z)",0.2443
"Feryster (sklep.feryster.pl, PL; listed by Micrometals as authorized distributor)","distributor web shop product page (""Rabaty ilościowe"" table, net PLN)",Micrometals,T72-52,"RTP-18,3X7,11X6,6-52",Mix 52,powder: iron,T,T72-52,per piece,"Feryster name ""RTP-18,3X7,11X6,6-52 Rdzeń toroid proszkowy (T72-52) Al=82 ZIELONO-NIEBIESKI RTP-18,3X7,11X6,6-52""",PLN,5000,0.89,0,0,1,,"RTP-18,3X7,11X6,6-52 Rdzeń toroid proszkowy (T72-52) Al=82 ZIELONO-NIEBIESKI RTP-18,3X7,11X6,6-52",https://sklep.feryster.pl/18313-RTP-18-3X7-11X6-6-52.html,,2026-09-30T22:18:30Z,1400.0,,9.8,"Micrometals datasheet ""Mass (approximate)"" (part T72-52)",https://datasheets.micrometals.com/T72-52-DataSheet.pdf @ 2026-09-30T20:26:27Z,iron,MAS core reference T72-52,0.259899,"ECB euro reference rates 2026-09-30 (extra/ecb.xml, fetched 2026-09-30T20:12:47Z)",0.2313
"Feryster (sklep.feryster.pl, PL; listed by Micrometals as authorized distributor)","distributor web shop product page (""Rabaty ilościowe"" table, net PLN)",Micrometals,T130-52,"RTP-33X19,8X11,1-52",Mix 52,powder: iron,T,T130-52,per piece,"Feryster name ""RTP-33X19,8X11,1-52 Rdzeń toroid proszkowy (T130-52) AL=79 RTP-33X19,8X11,1-52""",PLN,1,2.77,1,0,1,,"RTP-33X19,8X11,1-52 Rdzeń toroid proszkowy (T130-52) AL=79 RTP-33X19,8X11,1-52",https://sklep.feryster.pl/18314-RTP-33X19-8X11-1-52.html,,2026-09-30T22:18:33Z,5780.0,,40.0,"Micrometals datasheet ""Mass (approximate)"" (part T130-52)",https://datasheets.micrometals.com/T130-52-DataSheet.pdf @ 2026-09-30T20:18:06Z,iron,MAS core reference T130-52,0.259899,"ECB euro reference rates 2026-09-30 (extra/ecb.xml, fetched 2026-09-30T20:12:47Z)",0.7199
"Feryster (sklep.feryster.pl, PL; listed by Micrometals as authorized distributor)","distributor web shop product page (""Rabaty ilościowe"" table, net PLN)",Micrometals,T130-52,"RTP-33X19,8X11,1-52",Mix 52,powder: iron,T,T130-52,per piece,"Feryster name ""RTP-33X19,8X11,1-52 Rdzeń toroid proszkowy (T130-52) AL=79 RTP-33X19,8X11,1-52""",PLN,100,2.63,0,0,1,,"RTP-33X19,8X11,1-52 Rdzeń toroid proszkowy (T130-52) AL=79 RTP-33X19,8X11,1-52",https://sklep.feryster.pl/18314-RTP-33X19-8X11-1-52.html,,2026-09-30T22:18:33Z,5780.0,,40.0,"Micrometals datasheet ""Mass (approximate)"" (part T130-52)",https://datasheets.micrometals.com/T130-52-DataSheet.pdf @ 2026-09-30T20:18:06Z,iron,MAS core reference T130-52,0.259899,"ECB euro reference rates 2026-09-30 (extra/ecb.xml, fetched 2026-09-30T20:12:47Z)",0.6835
"Feryster (sklep.feryster.pl, PL; listed by Micrometals as authorized distributor)","distributor web shop product page (""Rabaty ilościowe"" table, net PLN)",Micrometals,T130-52,"RTP-33X19,8X11,1-52",Mix 52,powder: iron,T,T130-52,per piece,"Feryster name ""RTP-33X19,8X11,1-52 Rdzeń toroid proszkowy (T130-52) AL=79 RTP-33X19,8X11,1-52""",PLN,500,2.49,0,0,1,,"RTP-33X19,8X11,1-52 Rdzeń toroid proszkowy (T130-52) AL=79 RTP-33X19,8X11,1-52",https://sklep.feryster.pl/18314-RTP-33X19-8X11-1-52.html,,2026-09-30T22:18:33Z,5780.0,,40.0,"Micrometals datasheet ""Mass (approximate)"" (part T130-52)",https://datasheets.micrometals.com/T130-52-DataSheet.pdf @ 2026-09-30T20:18:06Z,iron,MAS core reference T130-52,0.259899,"ECB euro reference rates 2026-09-30 (extra/ecb.xml, fetched 2026-09-30T20:12:47Z)",0.6471
"Feryster (sklep.feryster.pl, PL; listed by Micrometals as authorized distributor)","distributor web shop product page (""Rabaty ilościowe"" table, net PLN)",Micrometals,T130-52,"RTP-33X19,8X11,1-52",Mix 52,powder: iron,T,T130-52,per piece,"Feryster name ""RTP-33X19,8X11,1-52 Rdzeń toroid proszkowy (T130-52) AL=79 RTP-33X19,8X11,1-52""",PLN,1000,2.35,0,1,1,,"RTP-33X19,8X11,1-52 Rdzeń toroid proszkowy (T130-52) AL=79 RTP-33X19,8X11,1-52",https://sklep.feryster.pl/18314-RTP-33X19-8X11-1-52.html,,2026-09-30T22:18:33Z,5780.0,,40.0,"Micrometals datasheet ""Mass (approximate)"" (part T130-52)",https://datasheets.micrometals.com/T130-52-DataSheet.pdf @ 2026-09-30T20:18:06Z,iron,MAS core reference T130-52,0.259899,"ECB euro reference rates 2026-09-30 (extra/ecb.xml, fetched 2026-09-30T20:12:47Z)",0.6108
"Feryster (sklep.feryster.pl, PL; listed by Micrometals as authorized distributor)","distributor web shop product page (""Rabaty ilościowe"" table, net PLN)",Micrometals,T130-52,"RTP-33X19,8X11,1-52",Mix 52,powder: iron,T,T130-52,per piece,"Feryster name ""RTP-33X19,8X11,1-52 Rdzeń toroid proszkowy (T130-52) AL=79 RTP-33X19,8X11,1-52""",PLN,5000,2.22,0,0,1,,"RTP-33X19,8X11,1-52 Rdzeń toroid proszkowy (T130-52) AL=79 RTP-33X19,8X11,1-52",https://sklep.feryster.pl/18314-RTP-33X19-8X11-1-52.html,,2026-09-30T22:18:33Z,5780.0,,40.0,"Micrometals datasheet ""Mass (approximate)"" (part T130-52)",https://datasheets.micrometals.com/T130-52-DataSheet.pdf @ 2026-09-30T20:18:06Z,iron,MAS core reference T130-52,0.259899,"ECB euro reference rates 2026-09-30 (extra/ecb.xml, fetched 2026-09-30T20:12:47Z)",0.577
"Feryster (sklep.feryster.pl, PL; listed by Micrometals as authorized distributor)","distributor web shop product page (""Rabaty ilościowe"" table, net PLN)",Micrometals,E25-52A,RPE-25/6-R-52A,Mix 52,powder: iron,E,E25-52A,per piece,"Feryster name ""RPE-25/6-R-52A Rdzeń proszkowy E25-52A AL=85 E100-52 RPE-25/6-R-52A""",PLN,1,0.48,1,0,1,,RPE-25/6-R-52A Rdzeń proszkowy E25-52A AL=85 E100-52 RPE-25/6-R-52A,https://sklep.feryster.pl/19076-RPE-256-R-52A.html,,2026-09-30T22:18:36Z,,,,,,iron,Micrometals T/E/U designation suffix -52 = Mix 52 (not a MAS core reference),0.259899,"ECB euro reference rates 2026-09-30 (extra/ecb.xml, fetched 2026-09-30T20:12:47Z)",0.1248
"Feryster (sklep.feryster.pl, PL; listed by Micrometals as authorized distributor)","distributor web shop product page (""Rabaty ilościowe"" table, net PLN)",Micrometals,E25-52A,RPE-25/6-R-52A,Mix 52,powder: iron,E,E25-52A,per piece,"Feryster name ""RPE-25/6-R-52A Rdzeń proszkowy E25-52A AL=85 E100-52 RPE-25/6-R-52A""",PLN,100,0.46,0,0,1,,RPE-25/6-R-52A Rdzeń proszkowy E25-52A AL=85 E100-52 RPE-25/6-R-52A,https://sklep.feryster.pl/19076-RPE-256-R-52A.html,,2026-09-30T22:18:36Z,,,,,,iron,Micrometals T/E/U designation suffix -52 = Mix 52 (not a MAS core reference),0.259899,"ECB euro reference rates 2026-09-30 (extra/ecb.xml, fetched 2026-09-30T20:12:47Z)",0.1196
"Feryster (sklep.feryster.pl, PL; listed by Micrometals as authorized distributor)","distributor web shop product page (""Rabaty ilościowe"" table, net PLN)",Micrometals,E25-52A,RPE-25/6-R-52A,Mix 52,powder: iron,E,E25-52A,per piece,"Feryster name ""RPE-25/6-R-52A Rdzeń proszkowy E25-52A AL=85 E100-52 RPE-25/6-R-52A""",PLN,500,0.43,0,0,1,,RPE-25/6-R-52A Rdzeń proszkowy E25-52A AL=85 E100-52 RPE-25/6-R-52A,https://sklep.feryster.pl/19076-RPE-256-R-52A.html,,2026-09-30T22:18:36Z,,,,,,iron,Micrometals T/E/U designation suffix -52 = Mix 52 (not a MAS core reference),0.259899,"ECB euro reference rates 2026-09-30 (extra/ecb.xml, fetched 2026-09-30T20:12:47Z)",0.1118
"Feryster (sklep.feryster.pl, PL; listed by Micrometals as authorized distributor)","distributor web shop product page (""Rabaty ilościowe"" table, net PLN)",Micrometals,E25-52A,RPE-25/6-R-52A,Mix 52,powder: iron,E,E25-52A,per piece,"Feryster name ""RPE-25/6-R-52A Rdzeń proszkowy E25-52A AL=85 E100-52 RPE-25/6-R-52A""",PLN,1000,0.41,0,1,1,,RPE-25/6-R-52A Rdzeń proszkowy E25-52A AL=85 E100-52 RPE-25/6-R-52A,https://sklep.feryster.pl/19076-RPE-256-R-52A.html,,2026-09-30T22:18:36Z,,,,,,iron,Micrometals T/E/U designation suffix -52 = Mix 52 (not a MAS core reference),0.259899,"ECB euro reference rates 2026-09-30 (extra/ecb.xml, fetched 2026-09-30T20:12:47Z)",0.1066
"Feryster (sklep.feryster.pl, PL; listed by Micrometals as authorized distributor)","distributor web shop product page (""Rabaty ilościowe"" table, net PLN)",Micrometals,E25-52A,RPE-25/6-R-52A,Mix 52,powder: iron,E,E25-52A,per piece,"Feryster name ""RPE-25/6-R-52A Rdzeń proszkowy E25-52A AL=85 E100-52 RPE-25/6-R-52A""",PLN,5000,0.38,0,0,1,,RPE-25/6-R-52A Rdzeń proszkowy E25-52A AL=85 E100-52 RPE-25/6-R-52A,https://sklep.feryster.pl/19076-RPE-256-R-52A.html,,2026-09-30T22:18:36Z,,,,,,iron,Micrometals T/E/U designation suffix -52 = Mix 52 (not a MAS core reference),0.259899,"ECB euro reference rates 2026-09-30 (extra/ecb.xml, fetched 2026-09-30T20:12:47Z)",0.0988
"Feryster (sklep.feryster.pl, PL; listed by Micrometals as authorized distributor)","distributor web shop product page (""Rabaty ilościowe"" table, net PLN)",Micrometals,T94-2,"RTP-23,9X14,2X7,92-2",Mix 2,powder: carbonylIron,T,T94-2,per piece,"Feryster name ""RTP-23,9X14,2X7,92-2 Rdzeń toroid proszkowy (T94-2) Low Permability AL=8.4 RTP-23,9X14,2X7,92-2""",PLN,1,2.28,1,0,1,,"RTP-23,9X14,2X7,92-2 Rdzeń toroid proszkowy (T94-2) Low Permability AL=8.4 RTP-23,9X14,2X7,92-2",https://sklep.feryster.pl/20002-rtp-239x142x792-2.html,,2026-09-30T22:18:39Z,2160.0,,11.0,"Micrometals datasheet ""Mass (approximate)"" (part T94-2)",https://datasheets.micrometals.com/T94-2-DataSheet.pdf @ 2026-09-30T20:27:32Z,carbonylIron,MAS core reference T94-2,0.259899,"ECB euro reference rates 2026-09-30 (extra/ecb.xml, fetched 2026-09-30T20:12:47Z)",0.5926
"Feryster (sklep.feryster.pl, PL; listed by Micrometals as authorized distributor)","distributor web shop product page (""Rabaty ilościowe"" table, net PLN)",Micrometals,T94-2,"RTP-23,9X14,2X7,92-2",Mix 2,powder: carbonylIron,T,T94-2,per piece,"Feryster name ""RTP-23,9X14,2X7,92-2 Rdzeń toroid proszkowy (T94-2) Low Permability AL=8.4 RTP-23,9X14,2X7,92-2""",PLN,100,2.17,0,0,1,,"RTP-23,9X14,2X7,92-2 Rdzeń toroid proszkowy (T94-2) Low Permability AL=8.4 RTP-23,9X14,2X7,92-2",https://sklep.feryster.pl/20002-rtp-239x142x792-2.html,,2026-09-30T22:18:39Z,2160.0,,11.0,"Micrometals datasheet ""Mass (approximate)"" (part T94-2)",https://datasheets.micrometals.com/T94-2-DataSheet.pdf @ 2026-09-30T20:27:32Z,carbonylIron,MAS core reference T94-2,0.259899,"ECB euro reference rates 2026-09-30 (extra/ecb.xml, fetched 2026-09-30T20:12:47Z)",0.564
"Feryster (sklep.feryster.pl, PL; listed by Micrometals as authorized distributor)","distributor web shop product page (""Rabaty ilościowe"" table, net PLN)",Micrometals,T94-2,"RTP-23,9X14,2X7,92-2",Mix 2,powder: carbonylIron,T,T94-2,per piece,"Feryster name ""RTP-23,9X14,2X7,92-2 Rdzeń toroid proszkowy (T94-2) Low Permability AL=8.4 RTP-23,9X14,2X7,92-2""",PLN,500,2.05,0,0,1,,"RTP-23,9X14,2X7,92-2 Rdzeń toroid proszkowy (T94-2) Low Permability AL=8.4 RTP-23,9X14,2X7,92-2",https://sklep.feryster.pl/20002-rtp-239x142x792-2.html,,2026-09-30T22:18:39Z,2160.0,,11.0,"Micrometals datasheet ""Mass (approximate)"" (part T94-2)",https://datasheets.micrometals.com/T94-2-DataSheet.pdf @ 2026-09-30T20:27:32Z,carbonylIron,MAS core reference T94-2,0.259899,"ECB euro reference rates 2026-09-30 (extra/ecb.xml, fetched 2026-09-30T20:12:47Z)",0.5328
"Feryster (sklep.feryster.pl, PL; listed by Micrometals as authorized distributor)","distributor web shop product page (""Rabaty ilościowe"" table, net PLN)",Micrometals,T94-2,"RTP-23,9X14,2X7,92-2",Mix 2,powder: carbonylIron,T,T94-2,per piece,"Feryster name ""RTP-23,9X14,2X7,92-2 Rdzeń toroid proszkowy (T94-2) Low Permability AL=8.4 RTP-23,9X14,2X7,92-2""",PLN,1000,1.94,0,1,1,,"RTP-23,9X14,2X7,92-2 Rdzeń toroid proszkowy (T94-2) Low Permability AL=8.4 RTP-23,9X14,2X7,92-2",https://sklep.feryster.pl/20002-rtp-239x142x792-2.html,,2026-09-30T22:18:39Z,2160.0,,11.0,"Micrometals datasheet ""Mass (approximate)"" (part T94-2)",https://datasheets.micrometals.com/T94-2-DataSheet.pdf @ 2026-09-30T20:27:32Z,carbonylIron,MAS core reference T94-2,0.259899,"ECB euro reference rates 2026-09-30 (extra/ecb.xml, fetched 2026-09-30T20:12:47Z)",0.5042
"Feryster (sklep.feryster.pl, PL; listed by Micrometals as authorized distributor)","distributor web shop product page (""Rabaty ilościowe"" table, net PLN)",Micrometals,T94-2,"RTP-23,9X14,2X7,92-2",Mix 2,powder: carbonylIron,T,T94-2,per piece,"Feryster name ""RTP-23,9X14,2X7,92-2 Rdzeń toroid proszkowy (T94-2) Low Permability AL=8.4 RTP-23,9X14,2X7,92-2""",PLN,5000,1.82,0,0,1,,"RTP-23,9X14,2X7,92-2 Rdzeń toroid proszkowy (T94-2) Low Permability AL=8.4 RTP-23,9X14,2X7,92-2",https://sklep.feryster.pl/20002-rtp-239x142x792-2.html,,2026-09-30T22:18:39Z,2160.0,,11.0,"Micrometals datasheet ""Mass (approximate)"" (part T94-2)",https://datasheets.micrometals.com/T94-2-DataSheet.pdf @ 2026-09-30T20:27:32Z,carbonylIron,MAS core reference T94-2,0.259899,"ECB euro reference rates 2026-09-30 (extra/ecb.xml, fetched 2026-09-30T20:12:47Z)",0.473
"Feryster (sklep.feryster.pl, PL; listed by Micrometals as authorized distributor)","distributor web shop product page (""Rabaty ilościowe"" table, net PLN)",Micrometals,T80-52B,"RTP-20,2X12,6X9,5(52B)",Mix 52,powder: iron,T,T80-52B,per piece,"Feryster name ""RTP-20,2X12,6X9,5(52B) Rdzeń toroid proszkowy (T80-52B) AL=63 RTP-20,2X12,6X9,5(52B)""",PLN,1,1.28,1,0,1,,"RTP-20,2X12,6X9,5(52B) Rdzeń toroid proszkowy (T80-52B) AL=63 RTP-20,2X12,6X9,5(52B)",https://sklep.feryster.pl/20871-RTP-20-2X12-6X9-552B.html,,2026-09-30T22:18:42Z,1780.0,,12.0,"Micrometals datasheet ""Mass (approximate)"" (part T80-52B)",https://datasheets.micrometals.com/T80-52B-DataSheet.pdf @ 2026-09-30T22:33:44Z,iron,MAS core reference T80-52B,0.259899,"ECB euro reference rates 2026-09-30 (extra/ecb.xml, fetched 2026-09-30T20:12:47Z)",0.3327
"Feryster (sklep.feryster.pl, PL; listed by Micrometals as authorized distributor)","distributor web shop product page (""Rabaty ilościowe"" table, net PLN)",Micrometals,T80-52B,"RTP-20,2X12,6X9,5(52B)",Mix 52,powder: iron,T,T80-52B,per piece,"Feryster name ""RTP-20,2X12,6X9,5(52B) Rdzeń toroid proszkowy (T80-52B) AL=63 RTP-20,2X12,6X9,5(52B)""",PLN,100,1.22,0,0,1,,"RTP-20,2X12,6X9,5(52B) Rdzeń toroid proszkowy (T80-52B) AL=63 RTP-20,2X12,6X9,5(52B)",https://sklep.feryster.pl/20871-RTP-20-2X12-6X9-552B.html,,2026-09-30T22:18:42Z,1780.0,,12.0,"Micrometals datasheet ""Mass (approximate)"" (part T80-52B)",https://datasheets.micrometals.com/T80-52B-DataSheet.pdf @ 2026-09-30T22:33:44Z,iron,MAS core reference T80-52B,0.259899,"ECB euro reference rates 2026-09-30 (extra/ecb.xml, fetched 2026-09-30T20:12:47Z)",0.3171
"Feryster (sklep.feryster.pl, PL; listed by Micrometals as authorized distributor)","distributor web shop product page (""Rabaty ilościowe"" table, net PLN)",Micrometals,T80-52B,"RTP-20,2X12,6X9,5(52B)",Mix 52,powder: iron,T,T80-52B,per piece,"Feryster name ""RTP-20,2X12,6X9,5(52B) Rdzeń toroid proszkowy (T80-52B) AL=63 RTP-20,2X12,6X9,5(52B)""",PLN,500,1.15,0,0,1,,"RTP-20,2X12,6X9,5(52B) Rdzeń toroid proszkowy (T80-52B) AL=63 RTP-20,2X12,6X9,5(52B)",https://sklep.feryster.pl/20871-RTP-20-2X12-6X9-552B.html,,2026-09-30T22:18:42Z,1780.0,,12.0,"Micrometals datasheet ""Mass (approximate)"" (part T80-52B)",https://datasheets.micrometals.com/T80-52B-DataSheet.pdf @ 2026-09-30T22:33:44Z,iron,MAS core reference T80-52B,0.259899,"ECB euro reference rates 2026-09-30 (extra/ecb.xml, fetched 2026-09-30T20:12:47Z)",0.2989
"Feryster (sklep.feryster.pl, PL; listed by Micrometals as authorized distributor)","distributor web shop product page (""Rabaty ilościowe"" table, net PLN)",Micrometals,T80-52B,"RTP-20,2X12,6X9,5(52B)",Mix 52,powder: iron,T,T80-52B,per piece,"Feryster name ""RTP-20,2X12,6X9,5(52B) Rdzeń toroid proszkowy (T80-52B) AL=63 RTP-20,2X12,6X9,5(52B)""",PLN,1000,1.09,0,1,1,,"RTP-20,2X12,6X9,5(52B) Rdzeń toroid proszkowy (T80-52B) AL=63 RTP-20,2X12,6X9,5(52B)",https://sklep.feryster.pl/20871-RTP-20-2X12-6X9-552B.html,,2026-09-30T22:18:42Z,1780.0,,12.0,"Micrometals datasheet ""Mass (approximate)"" (part T80-52B)",https://datasheets.micrometals.com/T80-52B-DataSheet.pdf @ 2026-09-30T22:33:44Z,iron,MAS core reference T80-52B,0.259899,"ECB euro reference rates 2026-09-30 (extra/ecb.xml, fetched 2026-09-30T20:12:47Z)",0.2833
"Feryster (sklep.feryster.pl, PL; listed by Micrometals as authorized distributor)","distributor web shop product page (""Rabaty ilościowe"" table, net PLN)",Micrometals,T80-52B,"RTP-20,2X12,6X9,5(52B)",Mix 52,powder: iron,T,T80-52B,per piece,"Feryster name ""RTP-20,2X12,6X9,5(52B) Rdzeń toroid proszkowy (T80-52B) AL=63 RTP-20,2X12,6X9,5(52B)""",PLN,5000,1.02,0,0,1,,"RTP-20,2X12,6X9,5(52B) Rdzeń toroid proszkowy (T80-52B) AL=63 RTP-20,2X12,6X9,5(52B)",https://sklep.feryster.pl/20871-RTP-20-2X12-6X9-552B.html,,2026-09-30T22:18:42Z,1780.0,,12.0,"Micrometals datasheet ""Mass (approximate)"" (part T80-52B)",https://datasheets.micrometals.com/T80-52B-DataSheet.pdf @ 2026-09-30T22:33:44Z,iron,MAS core reference T80-52B,0.259899,"ECB euro reference rates 2026-09-30 (extra/ecb.xml, fetched 2026-09-30T20:12:47Z)",0.2651
"Feryster (sklep.feryster.pl, PL; listed by Micrometals as authorized distributor)","distributor web shop product page (""Rabaty ilościowe"" table, net PLN)",Micrometals,T60-2,"RTP-15,2X8,53X5,94-LP",Mix 2,powder: carbonylIron,T,T60-2,per piece,"Feryster name ""RTP-15,2X8,53X5,94-LP Rdzeń toroid proszkowy (T60-2) Low Permability Al=6,5 RTP-15,2X8,53X5,94-LP""",PLN,1,1.58,1,0,1,,"RTP-15,2X8,53X5,94-LP Rdzeń toroid proszkowy (T60-2) Low Permability Al=6,5 RTP-15,2X8,53X5,94-LP",https://sklep.feryster.pl/24476-RTP-15-2X8-53X5-94-LP.html,,2026-09-30T22:18:45Z,699.0,,3.5,"Micrometals datasheet ""Mass (approximate)"" (part T60-2)",https://datasheets.micrometals.com/T60-2-DataSheet.pdf @ 2026-09-30T20:25:22Z,carbonylIron,MAS core reference T60-2,0.259899,"ECB euro reference rates 2026-09-30 (extra/ecb.xml, fetched 2026-09-30T20:12:47Z)",0.4106
"Feryster (sklep.feryster.pl, PL; listed by Micrometals as authorized distributor)","distributor web shop product page (""Rabaty ilościowe"" table, net PLN)",Micrometals,T60-2,"RTP-15,2X8,53X5,94-LP",Mix 2,powder: carbonylIron,T,T60-2,per piece,"Feryster name ""RTP-15,2X8,53X5,94-LP Rdzeń toroid proszkowy (T60-2) Low Permability Al=6,5 RTP-15,2X8,53X5,94-LP""",PLN,100,1.5,0,0,1,,"RTP-15,2X8,53X5,94-LP Rdzeń toroid proszkowy (T60-2) Low Permability Al=6,5 RTP-15,2X8,53X5,94-LP",https://sklep.feryster.pl/24476-RTP-15-2X8-53X5-94-LP.html,,2026-09-30T22:18:45Z,699.0,,3.5,"Micrometals datasheet ""Mass (approximate)"" (part T60-2)",https://datasheets.micrometals.com/T60-2-DataSheet.pdf @ 2026-09-30T20:25:22Z,carbonylIron,MAS core reference T60-2,0.259899,"ECB euro reference rates 2026-09-30 (extra/ecb.xml, fetched 2026-09-30T20:12:47Z)",0.3898
"Feryster (sklep.feryster.pl, PL; listed by Micrometals as authorized distributor)","distributor web shop product page (""Rabaty ilościowe"" table, net PLN)",Micrometals,T60-2,"RTP-15,2X8,53X5,94-LP",Mix 2,powder: carbonylIron,T,T60-2,per piece,"Feryster name ""RTP-15,2X8,53X5,94-LP Rdzeń toroid proszkowy (T60-2) Low Permability Al=6,5 RTP-15,2X8,53X5,94-LP""",PLN,500,1.42,0,0,1,,"RTP-15,2X8,53X5,94-LP Rdzeń toroid proszkowy (T60-2) Low Permability Al=6,5 RTP-15,2X8,53X5,94-LP",https://sklep.feryster.pl/24476-RTP-15-2X8-53X5-94-LP.html,,2026-09-30T22:18:45Z,699.0,,3.5,"Micrometals datasheet ""Mass (approximate)"" (part T60-2)",https://datasheets.micrometals.com/T60-2-DataSheet.pdf @ 2026-09-30T20:25:22Z,carbonylIron,MAS core reference T60-2,0.259899,"ECB euro reference rates 2026-09-30 (extra/ecb.xml, fetched 2026-09-30T20:12:47Z)",0.3691
"Feryster (sklep.feryster.pl, PL; listed by Micrometals as authorized distributor)","distributor web shop product page (""Rabaty ilościowe"" table, net PLN)",Micrometals,T60-2,"RTP-15,2X8,53X5,94-LP",Mix 2,powder: carbonylIron,T,T60-2,per piece,"Feryster name ""RTP-15,2X8,53X5,94-LP Rdzeń toroid proszkowy (T60-2) Low Permability Al=6,5 RTP-15,2X8,53X5,94-LP""",PLN,1000,1.34,0,1,1,,"RTP-15,2X8,53X5,94-LP Rdzeń toroid proszkowy (T60-2) Low Permability Al=6,5 RTP-15,2X8,53X5,94-LP",https://sklep.feryster.pl/24476-RTP-15-2X8-53X5-94-LP.html,,2026-09-30T22:18:45Z,699.0,,3.5,"Micrometals datasheet ""Mass (approximate)"" (part T60-2)",https://datasheets.micrometals.com/T60-2-DataSheet.pdf @ 2026-09-30T20:25:22Z,carbonylIron,MAS core reference T60-2,0.259899,"ECB euro reference rates 2026-09-30 (extra/ecb.xml, fetched 2026-09-30T20:12:47Z)",0.3483
"Feryster (sklep.feryster.pl, PL; listed by Micrometals as authorized distributor)","distributor web shop product page (""Rabaty ilościowe"" table, net PLN)",Micrometals,T60-2,"RTP-15,2X8,53X5,94-LP",Mix 2,powder: carbonylIron,T,T60-2,per piece,"Feryster name ""RTP-15,2X8,53X5,94-LP Rdzeń toroid proszkowy (T60-2) Low Permability Al=6,5 RTP-15,2X8,53X5,94-LP""",PLN,5000,1.26,0,0,1,,"RTP-15,2X8,53X5,94-LP Rdzeń toroid proszkowy (T60-2) Low Permability Al=6,5 RTP-15,2X8,53X5,94-LP",https://sklep.feryster.pl/24476-RTP-15-2X8-53X5-94-LP.html,,2026-09-30T22:18:45Z,699.0,,3.5,"Micrometals datasheet ""Mass (approximate)"" (part T60-2)",https://datasheets.micrometals.com/T60-2-DataSheet.pdf @ 2026-09-30T20:25:22Z,carbonylIron,MAS core reference T60-2,0.259899,"ECB euro reference rates 2026-09-30 (extra/ecb.xml, fetched 2026-09-30T20:12:47Z)",0.3275
"Feryster (sklep.feryster.pl, PL; listed by Micrometals as authorized distributor)","distributor web shop product page (""Rabaty ilościowe"" table, net PLN)",Micrometals,T300-2D,"RTP-77,2X49X25,4-LP",Mix 2,powder: carbonylIron,T,T300-2D,per piece,"Feryster name ""RTP-77,2X49X25,4-LP Rdzeń toroid proszkowy (T300-2D) AL=22.8 RTP-77,2X49X25,4-LP""",PLN,1,78.72,1,0,1,,"RTP-77,2X49X25,4-LP Rdzeń toroid proszkowy (T300-2D) AL=22.8 RTP-77,2X49X25,4-LP",https://sklep.feryster.pl/24652-rtp-772x49x254-lp.html,,2026-09-30T22:18:47Z,67000.0,,340.0,"Micrometals datasheet ""Mass (approximate)"" (part T300-2D)",https://datasheets.micrometals.com/T300-2D-DataSheet.pdf @ 2026-09-30T22:31:42Z,carbonylIron,MAS core reference T300-2D,0.259899,"ECB euro reference rates 2026-09-30 (extra/ecb.xml, fetched 2026-09-30T20:12:47Z)",20.4593
"Feryster (sklep.feryster.pl, PL; listed by Micrometals as authorized distributor)","distributor web shop product page (""Rabaty ilościowe"" table, net PLN)",Micrometals,T300-2D,"RTP-77,2X49X25,4-LP",Mix 2,powder: carbonylIron,T,T300-2D,per piece,"Feryster name ""RTP-77,2X49X25,4-LP Rdzeń toroid proszkowy (T300-2D) AL=22.8 RTP-77,2X49X25,4-LP""",PLN,100,74.78,0,0,1,,"RTP-77,2X49X25,4-LP Rdzeń toroid proszkowy (T300-2D) AL=22.8 RTP-77,2X49X25,4-LP",https://sklep.feryster.pl/24652-rtp-772x49x254-lp.html,,2026-09-30T22:18:47Z,67000.0,,340.0,"Micrometals datasheet ""Mass (approximate)"" (part T300-2D)",https://datasheets.micrometals.com/T300-2D-DataSheet.pdf @ 2026-09-30T22:31:42Z,carbonylIron,MAS core reference T300-2D,0.259899,"ECB euro reference rates 2026-09-30 (extra/ecb.xml, fetched 2026-09-30T20:12:47Z)",19.4353
"Feryster (sklep.feryster.pl, PL; listed by Micrometals as authorized distributor)","distributor web shop product page (""Rabaty ilościowe"" table, net PLN)",Micrometals,T300-2D,"RTP-77,2X49X25,4-LP",Mix 2,powder: carbonylIron,T,T300-2D,per piece,"Feryster name ""RTP-77,2X49X25,4-LP Rdzeń toroid proszkowy (T300-2D) AL=22.8 RTP-77,2X49X25,4-LP""",PLN,500,70.85,0,0,1,,"RTP-77,2X49X25,4-LP Rdzeń toroid proszkowy (T300-2D) AL=22.8 RTP-77,2X49X25,4-LP",https://sklep.feryster.pl/24652-rtp-772x49x254-lp.html,,2026-09-30T22:18:47Z,67000.0,,340.0,"Micrometals datasheet ""Mass (approximate)"" (part T300-2D)",https://datasheets.micrometals.com/T300-2D-DataSheet.pdf @ 2026-09-30T22:31:42Z,carbonylIron,MAS core reference T300-2D,0.259899,"ECB euro reference rates 2026-09-30 (extra/ecb.xml, fetched 2026-09-30T20:12:47Z)",18.4139
"Feryster (sklep.feryster.pl, PL; listed by Micrometals as authorized distributor)","distributor web shop product page (""Rabaty ilościowe"" table, net PLN)",Micrometals,T300-2D,"RTP-77,2X49X25,4-LP",Mix 2,powder: carbonylIron,T,T300-2D,per piece,"Feryster name ""RTP-77,2X49X25,4-LP Rdzeń toroid proszkowy (T300-2D) AL=22.8 RTP-77,2X49X25,4-LP""",PLN,1000,66.91,0,1,1,,"RTP-77,2X49X25,4-LP Rdzeń toroid proszkowy (T300-2D) AL=22.8 RTP-77,2X49X25,4-LP",https://sklep.feryster.pl/24652-rtp-772x49x254-lp.html,,2026-09-30T22:18:47Z,67000.0,,340.0,"Micrometals datasheet ""Mass (approximate)"" (part T300-2D)",https://datasheets.micrometals.com/T300-2D-DataSheet.pdf @ 2026-09-30T22:31:42Z,carbonylIron,MAS core reference T300-2D,0.259899,"ECB euro reference rates 2026-09-30 (extra/ecb.xml, fetched 2026-09-30T20:12:47Z)",17.3899
"Feryster (sklep.feryster.pl, PL; listed by Micrometals as authorized distributor)","distributor web shop product page (""Rabaty ilościowe"" table, net PLN)",Micrometals,T300-2D,"RTP-77,2X49X25,4-LP",Mix 2,powder: carbonylIron,T,T300-2D,per piece,"Feryster name ""RTP-77,2X49X25,4-LP Rdzeń toroid proszkowy (T300-2D) AL=22.8 RTP-77,2X49X25,4-LP""",PLN,5000,62.98,0,0,1,,"RTP-77,2X49X25,4-LP Rdzeń toroid proszkowy (T300-2D) AL=22.8 RTP-77,2X49X25,4-LP",https://sklep.feryster.pl/24652-rtp-772x49x254-lp.html,,2026-09-30T22:18:47Z,67000.0,,340.0,"Micrometals datasheet ""Mass (approximate)"" (part T300-2D)",https://datasheets.micrometals.com/T300-2D-DataSheet.pdf @ 2026-09-30T22:31:42Z,carbonylIron,MAS core reference T300-2D,0.259899,"ECB euro reference rates 2026-09-30 (extra/ecb.xml, fetched 2026-09-30T20:12:47Z)",16.3685
"Feryster (sklep.feryster.pl, PL; listed by Micrometals as authorized distributor)","distributor web shop product page (""Rabaty ilościowe"" table, net PLN)",Micrometals,T650-52,"RTP-165X88,9X50,8-52",Mix 52,powder: iron,T,T650-52,per piece,"Feryster name ""RTP-165X88,9X50,8-52 Rdzeń toroid proszkowy (T650-52) AL=405 RTP-165X88,9X50,8-52""",PLN,1,600.61,1,0,1,,"RTP-165X88,9X50,8-52 Rdzeń toroid proszkowy (T650-52) AL=405 RTP-165X88,9X50,8-52",https://sklep.feryster.pl/24729-RTP-165X88-9X50-8-52.html,,2026-09-30T22:18:50Z,734000.0,,5140.0,"Micrometals datasheet ""Mass (approximate)"" (part T650-52)",https://datasheets.micrometals.com/T650-52-DataSheet.pdf @ 2026-09-30T22:33:06Z,iron,MAS core reference T650-52,0.259899,"ECB euro reference rates 2026-09-30 (extra/ecb.xml, fetched 2026-09-30T20:12:47Z)",156.0981
"Feryster (sklep.feryster.pl, PL; listed by Micrometals as authorized distributor)","distributor web shop product page (""Rabaty ilościowe"" table, net PLN)",Micrometals,T650-52,"RTP-165X88,9X50,8-52",Mix 52,powder: iron,T,T650-52,per piece,"Feryster name ""RTP-165X88,9X50,8-52 Rdzeń toroid proszkowy (T650-52) AL=405 RTP-165X88,9X50,8-52""",PLN,100,570.58,0,0,1,,"RTP-165X88,9X50,8-52 Rdzeń toroid proszkowy (T650-52) AL=405 RTP-165X88,9X50,8-52",https://sklep.feryster.pl/24729-RTP-165X88-9X50-8-52.html,,2026-09-30T22:18:50Z,734000.0,,5140.0,"Micrometals datasheet ""Mass (approximate)"" (part T650-52)",https://datasheets.micrometals.com/T650-52-DataSheet.pdf @ 2026-09-30T22:33:06Z,iron,MAS core reference T650-52,0.259899,"ECB euro reference rates 2026-09-30 (extra/ecb.xml, fetched 2026-09-30T20:12:47Z)",148.2933
"Feryster (sklep.feryster.pl, PL; listed by Micrometals as authorized distributor)","distributor web shop product page (""Rabaty ilościowe"" table, net PLN)",Micrometals,T650-52,"RTP-165X88,9X50,8-52",Mix 52,powder: iron,T,T650-52,per piece,"Feryster name ""RTP-165X88,9X50,8-52 Rdzeń toroid proszkowy (T650-52) AL=405 RTP-165X88,9X50,8-52""",PLN,500,540.55,0,0,1,,"RTP-165X88,9X50,8-52 Rdzeń toroid proszkowy (T650-52) AL=405 RTP-165X88,9X50,8-52",https://sklep.feryster.pl/24729-RTP-165X88-9X50-8-52.html,,2026-09-30T22:18:50Z,734000.0,,5140.0,"Micrometals datasheet ""Mass (approximate)"" (part T650-52)",https://datasheets.micrometals.com/T650-52-DataSheet.pdf @ 2026-09-30T22:33:06Z,iron,MAS core reference T650-52,0.259899,"ECB euro reference rates 2026-09-30 (extra/ecb.xml, fetched 2026-09-30T20:12:47Z)",140.4886
"Feryster (sklep.feryster.pl, PL; listed by Micrometals as authorized distributor)","distributor web shop product page (""Rabaty ilościowe"" table, net PLN)",Micrometals,T650-52,"RTP-165X88,9X50,8-52",Mix 52,powder: iron,T,T650-52,per piece,"Feryster name ""RTP-165X88,9X50,8-52 Rdzeń toroid proszkowy (T650-52) AL=405 RTP-165X88,9X50,8-52""",PLN,1000,510.52,0,1,1,,"RTP-165X88,9X50,8-52 Rdzeń toroid proszkowy (T650-52) AL=405 RTP-165X88,9X50,8-52",https://sklep.feryster.pl/24729-RTP-165X88-9X50-8-52.html,,2026-09-30T22:18:50Z,734000.0,,5140.0,"Micrometals datasheet ""Mass (approximate)"" (part T650-52)",https://datasheets.micrometals.com/T650-52-DataSheet.pdf @ 2026-09-30T22:33:06Z,iron,MAS core reference T650-52,0.259899,"ECB euro reference rates 2026-09-30 (extra/ecb.xml, fetched 2026-09-30T20:12:47Z)",132.6838
"Feryster (sklep.feryster.pl, PL; listed by Micrometals as authorized distributor)","distributor web shop product page (""Rabaty ilościowe"" table, net PLN)",Micrometals,T650-52,"RTP-165X88,9X50,8-52",Mix 52,powder: iron,T,T650-52,per piece,"Feryster name ""RTP-165X88,9X50,8-52 Rdzeń toroid proszkowy (T650-52) AL=405 RTP-165X88,9X50,8-52""",PLN,5000,480.49,0,0,1,,"RTP-165X88,9X50,8-52 Rdzeń toroid proszkowy (T650-52) AL=405 RTP-165X88,9X50,8-52",https://sklep.feryster.pl/24729-RTP-165X88-9X50-8-52.html,,2026-09-30T22:18:50Z,734000.0,,5140.0,"Micrometals datasheet ""Mass (approximate)"" (part T650-52)",https://datasheets.micrometals.com/T650-52-DataSheet.pdf @ 2026-09-30T22:33:06Z,iron,MAS core reference T650-52,0.259899,"ECB euro reference rates 2026-09-30 (extra/ecb.xml, fetched 2026-09-30T20:12:47Z)",124.879
"Feryster (sklep.feryster.pl, PL; listed by Micrometals as authorized distributor)","distributor web shop product page (""Rabaty ilościowe"" table, net PLN)",Micrometals,T300-52,"RTP-77,2X49X12.7-52",Mix 52,powder: iron,T,T300-52,per piece,"Feryster name ""RTP-77,2X49X12.7-52 Rdzeń toroid proszkowy (T300-52) AL=80 RTP-77,2X49X12.7-52""",PLN,1,30.37,1,0,1,,"RTP-77,2X49X12.7-52 Rdzeń toroid proszkowy (T300-52) AL=80 RTP-77,2X49X12.7-52",https://sklep.feryster.pl/25001-RTP-77-2X49X12-7-52.html,,2026-09-30T22:18:53Z,33400.0,,230.0,"Micrometals datasheet ""Mass (approximate)"" (part T300-52)",https://datasheets.micrometals.com/T300-52-DataSheet.pdf @ 2026-09-30T20:22:49Z,iron,MAS core reference T300-52,0.259899,"ECB euro reference rates 2026-09-30 (extra/ecb.xml, fetched 2026-09-30T20:12:47Z)",7.8931
"Feryster (sklep.feryster.pl, PL; listed by Micrometals as authorized distributor)","distributor web shop product page (""Rabaty ilościowe"" table, net PLN)",Micrometals,T300-52,"RTP-77,2X49X12.7-52",Mix 52,powder: iron,T,T300-52,per piece,"Feryster name ""RTP-77,2X49X12.7-52 Rdzeń toroid proszkowy (T300-52) AL=80 RTP-77,2X49X12.7-52""",PLN,100,28.85,0,0,1,,"RTP-77,2X49X12.7-52 Rdzeń toroid proszkowy (T300-52) AL=80 RTP-77,2X49X12.7-52",https://sklep.feryster.pl/25001-RTP-77-2X49X12-7-52.html,,2026-09-30T22:18:53Z,33400.0,,230.0,"Micrometals datasheet ""Mass (approximate)"" (part T300-52)",https://datasheets.micrometals.com/T300-52-DataSheet.pdf @ 2026-09-30T20:22:49Z,iron,MAS core reference T300-52,0.259899,"ECB euro reference rates 2026-09-30 (extra/ecb.xml, fetched 2026-09-30T20:12:47Z)",7.4981
"Feryster (sklep.feryster.pl, PL; listed by Micrometals as authorized distributor)","distributor web shop product page (""Rabaty ilościowe"" table, net PLN)",Micrometals,T300-52,"RTP-77,2X49X12.7-52",Mix 52,powder: iron,T,T300-52,per piece,"Feryster name ""RTP-77,2X49X12.7-52 Rdzeń toroid proszkowy (T300-52) AL=80 RTP-77,2X49X12.7-52""",PLN,500,27.33,0,0,1,,"RTP-77,2X49X12.7-52 Rdzeń toroid proszkowy (T300-52) AL=80 RTP-77,2X49X12.7-52",https://sklep.feryster.pl/25001-RTP-77-2X49X12-7-52.html,,2026-09-30T22:18:53Z,33400.0,,230.0,"Micrometals datasheet ""Mass (approximate)"" (part T300-52)",https://datasheets.micrometals.com/T300-52-DataSheet.pdf @ 2026-09-30T20:22:49Z,iron,MAS core reference T300-52,0.259899,"ECB euro reference rates 2026-09-30 (extra/ecb.xml, fetched 2026-09-30T20:12:47Z)",7.103
"Feryster (sklep.feryster.pl, PL; listed by Micrometals as authorized distributor)","distributor web shop product page (""Rabaty ilościowe"" table, net PLN)",Micrometals,T300-52,"RTP-77,2X49X12.7-52",Mix 52,powder: iron,T,T300-52,per piece,"Feryster name ""RTP-77,2X49X12.7-52 Rdzeń toroid proszkowy (T300-52) AL=80 RTP-77,2X49X12.7-52""",PLN,1000,25.81,0,1,1,,"RTP-77,2X49X12.7-52 Rdzeń toroid proszkowy (T300-52) AL=80 RTP-77,2X49X12.7-52",https://sklep.feryster.pl/25001-RTP-77-2X49X12-7-52.html,,2026-09-30T22:18:53Z,33400.0,,230.0,"Micrometals datasheet ""Mass (approximate)"" (part T300-52)",https://datasheets.micrometals.com/T300-52-DataSheet.pdf @ 2026-09-30T20:22:49Z,iron,MAS core reference T300-52,0.259899,"ECB euro reference rates 2026-09-30 (extra/ecb.xml, fetched 2026-09-30T20:12:47Z)",6.708
"Feryster (sklep.feryster.pl, PL; listed by Micrometals as authorized distributor)","distributor web shop product page (""Rabaty ilościowe"" table, net PLN)",Micrometals,T300-52,"RTP-77,2X49X12.7-52",Mix 52,powder: iron,T,T300-52,per piece,"Feryster name ""RTP-77,2X49X12.7-52 Rdzeń toroid proszkowy (T300-52) AL=80 RTP-77,2X49X12.7-52""",PLN,5000,24.3,0,0,1,,"RTP-77,2X49X12.7-52 Rdzeń toroid proszkowy (T300-52) AL=80 RTP-77,2X49X12.7-52",https://sklep.feryster.pl/25001-RTP-77-2X49X12-7-52.html,,2026-09-30T22:18:53Z,33400.0,,230.0,"Micrometals datasheet ""Mass (approximate)"" (part T300-52)",https://datasheets.micrometals.com/T300-52-DataSheet.pdf @ 2026-09-30T20:22:49Z,iron,MAS core reference T300-52,0.259899,"ECB euro reference rates 2026-09-30 (extra/ecb.xml, fetched 2026-09-30T20:12:47Z)",6.3156
"Feryster (sklep.feryster.pl, PL; listed by Micrometals as authorized distributor)","distributor web shop product page (""Rabaty ilościowe"" table, net PLN)",Micrometals,T520-34,"RTP-132X78,2X20,3-34",Mix 34,powder: iron,T,T520-34,per piece,"Feryster name ""RTP-132X78,2X20,3-34 Rdzeń toroid proszkowy (T520-34) AL-65 RTP-132X78,2X20,3-34""",PLN,1,95.27,1,0,1,,"RTP-132X78,2X20,3-34 Rdzeń toroid proszkowy (T520-34) AL-65 RTP-132X78,2X20,3-34",https://sklep.feryster.pl/25122-RTP-132X78-2X20-3-34.html,,2026-09-30T22:18:56Z,173000.0,,1070.0,"Micrometals datasheet ""Mass (approximate)"" (part T520-34)",https://datasheets.micrometals.com/T520-34-DataSheet.pdf @ 2026-09-30T22:32:46Z,iron,MAS core reference T520-34,0.259899,"ECB euro reference rates 2026-09-30 (extra/ecb.xml, fetched 2026-09-30T20:12:47Z)",24.7606
"Feryster (sklep.feryster.pl, PL; listed by Micrometals as authorized distributor)","distributor web shop product page (""Rabaty ilościowe"" table, net PLN)",Micrometals,T520-34,"RTP-132X78,2X20,3-34",Mix 34,powder: iron,T,T520-34,per piece,"Feryster name ""RTP-132X78,2X20,3-34 Rdzeń toroid proszkowy (T520-34) AL-65 RTP-132X78,2X20,3-34""",PLN,100,90.51,0,0,1,,"RTP-132X78,2X20,3-34 Rdzeń toroid proszkowy (T520-34) AL-65 RTP-132X78,2X20,3-34",https://sklep.feryster.pl/25122-RTP-132X78-2X20-3-34.html,,2026-09-30T22:18:56Z,173000.0,,1070.0,"Micrometals datasheet ""Mass (approximate)"" (part T520-34)",https://datasheets.micrometals.com/T520-34-DataSheet.pdf @ 2026-09-30T22:32:46Z,iron,MAS core reference T520-34,0.259899,"ECB euro reference rates 2026-09-30 (extra/ecb.xml, fetched 2026-09-30T20:12:47Z)",23.5235
"Feryster (sklep.feryster.pl, PL; listed by Micrometals as authorized distributor)","distributor web shop product page (""Rabaty ilościowe"" table, net PLN)",Micrometals,T520-34,"RTP-132X78,2X20,3-34",Mix 34,powder: iron,T,T520-34,per piece,"Feryster name ""RTP-132X78,2X20,3-34 Rdzeń toroid proszkowy (T520-34) AL-65 RTP-132X78,2X20,3-34""",PLN,500,85.74,0,0,1,,"RTP-132X78,2X20,3-34 Rdzeń toroid proszkowy (T520-34) AL-65 RTP-132X78,2X20,3-34",https://sklep.feryster.pl/25122-RTP-132X78-2X20-3-34.html,,2026-09-30T22:18:56Z,173000.0,,1070.0,"Micrometals datasheet ""Mass (approximate)"" (part T520-34)",https://datasheets.micrometals.com/T520-34-DataSheet.pdf @ 2026-09-30T22:32:46Z,iron,MAS core reference T520-34,0.259899,"ECB euro reference rates 2026-09-30 (extra/ecb.xml, fetched 2026-09-30T20:12:47Z)",22.2838
"Feryster (sklep.feryster.pl, PL; listed by Micrometals as authorized distributor)","distributor web shop product page (""Rabaty ilościowe"" table, net PLN)",Micrometals,T520-34,"RTP-132X78,2X20,3-34",Mix 34,powder: iron,T,T520-34,per piece,"Feryster name ""RTP-132X78,2X20,3-34 Rdzeń toroid proszkowy (T520-34) AL-65 RTP-132X78,2X20,3-34""",PLN,1000,80.98,0,1,1,,"RTP-132X78,2X20,3-34 Rdzeń toroid proszkowy (T520-34) AL-65 RTP-132X78,2X20,3-34",https://sklep.feryster.pl/25122-RTP-132X78-2X20-3-34.html,,2026-09-30T22:18:56Z,173000.0,,1070.0,"Micrometals datasheet ""Mass (approximate)"" (part T520-34)",https://datasheets.micrometals.com/T520-34-DataSheet.pdf @ 2026-09-30T22:32:46Z,iron,MAS core reference T520-34,0.259899,"ECB euro reference rates 2026-09-30 (extra/ecb.xml, fetched 2026-09-30T20:12:47Z)",21.0466
"Feryster (sklep.feryster.pl, PL; listed by Micrometals as authorized distributor)","distributor web shop product page (""Rabaty ilościowe"" table, net PLN)",Micrometals,T520-34,"RTP-132X78,2X20,3-34",Mix 34,powder: iron,T,T520-34,per piece,"Feryster name ""RTP-132X78,2X20,3-34 Rdzeń toroid proszkowy (T520-34) AL-65 RTP-132X78,2X20,3-34""",PLN,5000,76.22,0,0,1,,"RTP-132X78,2X20,3-34 Rdzeń toroid proszkowy (T520-34) AL-65 RTP-132X78,2X20,3-34",https://sklep.feryster.pl/25122-RTP-132X78-2X20-3-34.html,,2026-09-30T22:18:56Z,173000.0,,1070.0,"Micrometals datasheet ""Mass (approximate)"" (part T520-34)",https://datasheets.micrometals.com/T520-34-DataSheet.pdf @ 2026-09-30T22:32:46Z,iron,MAS core reference T520-34,0.259899,"ECB euro reference rates 2026-09-30 (extra/ecb.xml, fetched 2026-09-30T20:12:47Z)",19.8095
"Feryster (sklep.feryster.pl, PL; listed by Micrometals as authorized distributor)","distributor web shop product page (""Rabaty ilościowe"" table, net PLN)",Micrometals,T520-52,"RTP-132X78,2X20,3-52",Mix 52,powder: iron,T,T520-52,per piece,"Feryster name ""RTP-132X78,2X20,3-52 Rdzeń toroid proszkowy (T520-52) AL-137 RTP-132X78,2X20,3-52""",PLN,1,102.23,1,0,1,,"RTP-132X78,2X20,3-52 Rdzeń toroid proszkowy (T520-52) AL-137 RTP-132X78,2X20,3-52",https://sklep.feryster.pl/25123-RTP-132X78-2X20-3-52.html,,2026-09-30T22:18:59Z,173000.0,,1210.0,"Micrometals datasheet ""Mass (approximate)"" (part T520-52)",https://datasheets.micrometals.com/T520-52-DataSheet.pdf @ 2026-09-30T22:32:52Z,iron,MAS core reference T520-52,0.259899,"ECB euro reference rates 2026-09-30 (extra/ecb.xml, fetched 2026-09-30T20:12:47Z)",26.5695
"Feryster (sklep.feryster.pl, PL; listed by Micrometals as authorized distributor)","distributor web shop product page (""Rabaty ilościowe"" table, net PLN)",Micrometals,T520-52,"RTP-132X78,2X20,3-52",Mix 52,powder: iron,T,T520-52,per piece,"Feryster name ""RTP-132X78,2X20,3-52 Rdzeń toroid proszkowy (T520-52) AL-137 RTP-132X78,2X20,3-52""",PLN,100,97.12,0,0,1,,"RTP-132X78,2X20,3-52 Rdzeń toroid proszkowy (T520-52) AL-137 RTP-132X78,2X20,3-52",https://sklep.feryster.pl/25123-RTP-132X78-2X20-3-52.html,,2026-09-30T22:18:59Z,173000.0,,1210.0,"Micrometals datasheet ""Mass (approximate)"" (part T520-52)",https://datasheets.micrometals.com/T520-52-DataSheet.pdf @ 2026-09-30T22:32:52Z,iron,MAS core reference T520-52,0.259899,"ECB euro reference rates 2026-09-30 (extra/ecb.xml, fetched 2026-09-30T20:12:47Z)",25.2414
"Feryster (sklep.feryster.pl, PL; listed by Micrometals as authorized distributor)","distributor web shop product page (""Rabaty ilościowe"" table, net PLN)",Micrometals,T520-52,"RTP-132X78,2X20,3-52",Mix 52,powder: iron,T,T520-52,per piece,"Feryster name ""RTP-132X78,2X20,3-52 Rdzeń toroid proszkowy (T520-52) AL-137 RTP-132X78,2X20,3-52""",PLN,500,92.01,0,0,1,,"RTP-132X78,2X20,3-52 Rdzeń toroid proszkowy (T520-52) AL-137 RTP-132X78,2X20,3-52",https://sklep.feryster.pl/25123-RTP-132X78-2X20-3-52.html,,2026-09-30T22:18:59Z,173000.0,,1210.0,"Micrometals datasheet ""Mass (approximate)"" (part T520-52)",https://datasheets.micrometals.com/T520-52-DataSheet.pdf @ 2026-09-30T22:32:52Z,iron,MAS core reference T520-52,0.259899,"ECB euro reference rates 2026-09-30 (extra/ecb.xml, fetched 2026-09-30T20:12:47Z)",23.9133
"Feryster (sklep.feryster.pl, PL; listed by Micrometals as authorized distributor)","distributor web shop product page (""Rabaty ilościowe"" table, net PLN)",Micrometals,T520-52,"RTP-132X78,2X20,3-52",Mix 52,powder: iron,T,T520-52,per piece,"Feryster name ""RTP-132X78,2X20,3-52 Rdzeń toroid proszkowy (T520-52) AL-137 RTP-132X78,2X20,3-52""",PLN,1000,86.9,0,1,1,,"RTP-132X78,2X20,3-52 Rdzeń toroid proszkowy (T520-52) AL-137 RTP-132X78,2X20,3-52",https://sklep.feryster.pl/25123-RTP-132X78-2X20-3-52.html,,2026-09-30T22:18:59Z,173000.0,,1210.0,"Micrometals datasheet ""Mass (approximate)"" (part T520-52)",https://datasheets.micrometals.com/T520-52-DataSheet.pdf @ 2026-09-30T22:32:52Z,iron,MAS core reference T520-52,0.259899,"ECB euro reference rates 2026-09-30 (extra/ecb.xml, fetched 2026-09-30T20:12:47Z)",22.5852
"Feryster (sklep.feryster.pl, PL; listed by Micrometals as authorized distributor)","distributor web shop product page (""Rabaty ilościowe"" table, net PLN)",Micrometals,T520-52,"RTP-132X78,2X20,3-52",Mix 52,powder: iron,T,T520-52,per piece,"Feryster name ""RTP-132X78,2X20,3-52 Rdzeń toroid proszkowy (T520-52) AL-137 RTP-132X78,2X20,3-52""",PLN,5000,81.78,0,0,1,,"RTP-132X78,2X20,3-52 Rdzeń toroid proszkowy (T520-52) AL-137 RTP-132X78,2X20,3-52",https://sklep.feryster.pl/25123-RTP-132X78-2X20-3-52.html,,2026-09-30T22:18:59Z,173000.0,,1210.0,"Micrometals datasheet ""Mass (approximate)"" (part T520-52)",https://datasheets.micrometals.com/T520-52-DataSheet.pdf @ 2026-09-30T22:32:52Z,iron,MAS core reference T520-52,0.259899,"ECB euro reference rates 2026-09-30 (extra/ecb.xml, fetched 2026-09-30T20:12:47Z)",21.2546
"Feryster (sklep.feryster.pl, PL; listed by Micrometals as authorized distributor)","distributor web shop product page (""Rabaty ilościowe"" table, net PLN)",Micrometals,T300-34,"RTP-77,2X49X12.7-34",Mix 34,powder: iron,T,T300-34,per piece,"Feryster name ""RTP-77,2X49X12.7-34 Rdzeń toroid proszkowy (T300-34) AL=34,5 RTP-77,2X49X12.7-34""",PLN,1,21.72,1,0,1,,"RTP-77,2X49X12.7-34 Rdzeń toroid proszkowy (T300-34) AL=34,5 RTP-77,2X49X12.7-34",https://sklep.feryster.pl/25124-RTP-77-2X49X12-7-34.html,,2026-09-30T22:19:02Z,33400.0,,210.0,"Micrometals datasheet ""Mass (approximate)"" (part T300-34)",https://datasheets.micrometals.com/T300-34-DataSheet.pdf @ 2026-09-30T22:31:45Z,iron,MAS core reference T300-34,0.259899,"ECB euro reference rates 2026-09-30 (extra/ecb.xml, fetched 2026-09-30T20:12:47Z)",5.645
"Feryster (sklep.feryster.pl, PL; listed by Micrometals as authorized distributor)","distributor web shop product page (""Rabaty ilościowe"" table, net PLN)",Micrometals,T300-34,"RTP-77,2X49X12.7-34",Mix 34,powder: iron,T,T300-34,per piece,"Feryster name ""RTP-77,2X49X12.7-34 Rdzeń toroid proszkowy (T300-34) AL=34,5 RTP-77,2X49X12.7-34""",PLN,100,20.63,0,0,1,,"RTP-77,2X49X12.7-34 Rdzeń toroid proszkowy (T300-34) AL=34,5 RTP-77,2X49X12.7-34",https://sklep.feryster.pl/25124-RTP-77-2X49X12-7-34.html,,2026-09-30T22:19:02Z,33400.0,,210.0,"Micrometals datasheet ""Mass (approximate)"" (part T300-34)",https://datasheets.micrometals.com/T300-34-DataSheet.pdf @ 2026-09-30T22:31:45Z,iron,MAS core reference T300-34,0.259899,"ECB euro reference rates 2026-09-30 (extra/ecb.xml, fetched 2026-09-30T20:12:47Z)",5.3617
"Feryster (sklep.feryster.pl, PL; listed by Micrometals as authorized distributor)","distributor web shop product page (""Rabaty ilościowe"" table, net PLN)",Micrometals,T300-34,"RTP-77,2X49X12.7-34",Mix 34,powder: iron,T,T300-34,per piece,"Feryster name ""RTP-77,2X49X12.7-34 Rdzeń toroid proszkowy (T300-34) AL=34,5 RTP-77,2X49X12.7-34""",PLN,500,19.55,0,0,1,,"RTP-77,2X49X12.7-34 Rdzeń toroid proszkowy (T300-34) AL=34,5 RTP-77,2X49X12.7-34",https://sklep.feryster.pl/25124-RTP-77-2X49X12-7-34.html,,2026-09-30T22:19:02Z,33400.0,,210.0,"Micrometals datasheet ""Mass (approximate)"" (part T300-34)",https://datasheets.micrometals.com/T300-34-DataSheet.pdf @ 2026-09-30T22:31:45Z,iron,MAS core reference T300-34,0.259899,"ECB euro reference rates 2026-09-30 (extra/ecb.xml, fetched 2026-09-30T20:12:47Z)",5.081
"Feryster (sklep.feryster.pl, PL; listed by Micrometals as authorized distributor)","distributor web shop product page (""Rabaty ilościowe"" table, net PLN)",Micrometals,T300-34,"RTP-77,2X49X12.7-34",Mix 34,powder: iron,T,T300-34,per piece,"Feryster name ""RTP-77,2X49X12.7-34 Rdzeń toroid proszkowy (T300-34) AL=34,5 RTP-77,2X49X12.7-34""",PLN,1000,18.46,0,1,1,,"RTP-77,2X49X12.7-34 Rdzeń toroid proszkowy (T300-34) AL=34,5 RTP-77,2X49X12.7-34",https://sklep.feryster.pl/25124-RTP-77-2X49X12-7-34.html,,2026-09-30T22:19:02Z,33400.0,,210.0,"Micrometals datasheet ""Mass (approximate)"" (part T300-34)",https://datasheets.micrometals.com/T300-34-DataSheet.pdf @ 2026-09-30T22:31:45Z,iron,MAS core reference T300-34,0.259899,"ECB euro reference rates 2026-09-30 (extra/ecb.xml, fetched 2026-09-30T20:12:47Z)",4.7977
"Feryster (sklep.feryster.pl, PL; listed by Micrometals as authorized distributor)","distributor web shop product page (""Rabaty ilościowe"" table, net PLN)",Micrometals,T300-34,"RTP-77,2X49X12.7-34",Mix 34,powder: iron,T,T300-34,per piece,"Feryster name ""RTP-77,2X49X12.7-34 Rdzeń toroid proszkowy (T300-34) AL=34,5 RTP-77,2X49X12.7-34""",PLN,5000,17.38,0,0,1,,"RTP-77,2X49X12.7-34 Rdzeń toroid proszkowy (T300-34) AL=34,5 RTP-77,2X49X12.7-34",https://sklep.feryster.pl/25124-RTP-77-2X49X12-7-34.html,,2026-09-30T22:19:02Z,33400.0,,210.0,"Micrometals datasheet ""Mass (approximate)"" (part T300-34)",https://datasheets.micrometals.com/T300-34-DataSheet.pdf @ 2026-09-30T22:31:45Z,iron,MAS core reference T300-34,0.259899,"ECB euro reference rates 2026-09-30 (extra/ecb.xml, fetched 2026-09-30T20:12:47Z)",4.517
"Feryster (sklep.feryster.pl, PL; listed by Micrometals as authorized distributor)","distributor web shop product page (""Rabaty ilościowe"" table, net PLN)",Micrometals,T650-34,RTP-165X88.9X50.8-34,Mix 34,powder: iron,T,T650-34,per piece,"Feryster name ""RTP-165X88.9X50.8-34 Rdzeń toroid proszkowy (T650-34) AL=191 RTP-165X88.9X50.8-34""",PLN,1,381.35,1,0,1,,RTP-165X88.9X50.8-34 Rdzeń toroid proszkowy (T650-34) AL=191 RTP-165X88.9X50.8-34,https://sklep.feryster.pl/25125-RTP-165X88-9X50-8-34.html,,2026-09-30T22:19:05Z,734000.0,,4550.0,"Micrometals datasheet ""Mass (approximate)"" (part T650-34)",https://datasheets.micrometals.com/T650-34-DataSheet.pdf @ 2026-09-30T22:33:03Z,iron,MAS core reference T650-34,0.259899,"ECB euro reference rates 2026-09-30 (extra/ecb.xml, fetched 2026-09-30T20:12:47Z)",99.1126
"Feryster (sklep.feryster.pl, PL; listed by Micrometals as authorized distributor)","distributor web shop product page (""Rabaty ilościowe"" table, net PLN)",Micrometals,T650-34,RTP-165X88.9X50.8-34,Mix 34,powder: iron,T,T650-34,per piece,"Feryster name ""RTP-165X88.9X50.8-34 Rdzeń toroid proszkowy (T650-34) AL=191 RTP-165X88.9X50.8-34""",PLN,100,362.28,0,0,1,,RTP-165X88.9X50.8-34 Rdzeń toroid proszkowy (T650-34) AL=191 RTP-165X88.9X50.8-34,https://sklep.feryster.pl/25125-RTP-165X88-9X50-8-34.html,,2026-09-30T22:19:05Z,734000.0,,4550.0,"Micrometals datasheet ""Mass (approximate)"" (part T650-34)",https://datasheets.micrometals.com/T650-34-DataSheet.pdf @ 2026-09-30T22:33:03Z,iron,MAS core reference T650-34,0.259899,"ECB euro reference rates 2026-09-30 (extra/ecb.xml, fetched 2026-09-30T20:12:47Z)",94.1563
"Feryster (sklep.feryster.pl, PL; listed by Micrometals as authorized distributor)","distributor web shop product page (""Rabaty ilościowe"" table, net PLN)",Micrometals,T650-34,RTP-165X88.9X50.8-34,Mix 34,powder: iron,T,T650-34,per piece,"Feryster name ""RTP-165X88.9X50.8-34 Rdzeń toroid proszkowy (T650-34) AL=191 RTP-165X88.9X50.8-34""",PLN,500,343.22,0,0,1,,RTP-165X88.9X50.8-34 Rdzeń toroid proszkowy (T650-34) AL=191 RTP-165X88.9X50.8-34,https://sklep.feryster.pl/25125-RTP-165X88-9X50-8-34.html,,2026-09-30T22:19:05Z,734000.0,,4550.0,"Micrometals datasheet ""Mass (approximate)"" (part T650-34)",https://datasheets.micrometals.com/T650-34-DataSheet.pdf @ 2026-09-30T22:33:03Z,iron,MAS core reference T650-34,0.259899,"ECB euro reference rates 2026-09-30 (extra/ecb.xml, fetched 2026-09-30T20:12:47Z)",89.2026
"Feryster (sklep.feryster.pl, PL; listed by Micrometals as authorized distributor)","distributor web shop product page (""Rabaty ilościowe"" table, net PLN)",Micrometals,T650-34,RTP-165X88.9X50.8-34,Mix 34,powder: iron,T,T650-34,per piece,"Feryster name ""RTP-165X88.9X50.8-34 Rdzeń toroid proszkowy (T650-34) AL=191 RTP-165X88.9X50.8-34""",PLN,1000,324.15,0,1,1,,RTP-165X88.9X50.8-34 Rdzeń toroid proszkowy (T650-34) AL=191 RTP-165X88.9X50.8-34,https://sklep.feryster.pl/25125-RTP-165X88-9X50-8-34.html,,2026-09-30T22:19:05Z,734000.0,,4550.0,"Micrometals datasheet ""Mass (approximate)"" (part T650-34)",https://datasheets.micrometals.com/T650-34-DataSheet.pdf @ 2026-09-30T22:33:03Z,iron,MAS core reference T650-34,0.259899,"ECB euro reference rates 2026-09-30 (extra/ecb.xml, fetched 2026-09-30T20:12:47Z)",84.2464
"Feryster (sklep.feryster.pl, PL; listed by Micrometals as authorized distributor)","distributor web shop product page (""Rabaty ilościowe"" table, net PLN)",Micrometals,T650-34,RTP-165X88.9X50.8-34,Mix 34,powder: iron,T,T650-34,per piece,"Feryster name ""RTP-165X88.9X50.8-34 Rdzeń toroid proszkowy (T650-34) AL=191 RTP-165X88.9X50.8-34""",PLN,5000,305.08,0,0,1,,RTP-165X88.9X50.8-34 Rdzeń toroid proszkowy (T650-34) AL=191 RTP-165X88.9X50.8-34,https://sklep.feryster.pl/25125-RTP-165X88-9X50-8-34.html,,2026-09-30T22:19:05Z,734000.0,,4550.0,"Micrometals datasheet ""Mass (approximate)"" (part T650-34)",https://datasheets.micrometals.com/T650-34-DataSheet.pdf @ 2026-09-30T22:33:03Z,iron,MAS core reference T650-34,0.259899,"ECB euro reference rates 2026-09-30 (extra/ecb.xml, fetched 2026-09-30T20:12:47Z)",79.2901
"Feryster (sklep.feryster.pl, PL; listed by Micrometals as authorized distributor)","distributor web shop product page (""Rabaty ilościowe"" table, net PLN)",Micrometals,T400-40,"RTP-102,0X57,2X16,5-40",Mix 40,powder: iron,T,T400-40,per piece,"Feryster name ""RTP-102,0X57,2X16,5-40 Rdzeń toroid proszkowy (T400-40) AL=115 RTP-102,0X57,2X16,5-40""",PLN,1,40.22,1,0,1,,"RTP-102,0X57,2X16,5-40 Rdzeń toroid proszkowy (T400-40) AL=115 RTP-102,0X57,2X16,5-40",https://sklep.feryster.pl/25129-RTP-102-0X57-2X16-5-40.html,,2026-09-30T22:19:08Z,86400.0,,600.0,"Micrometals datasheet ""Mass (approximate)"" (part T400-40)",https://datasheets.micrometals.com/T400-40-DataSheet.pdf @ 2026-09-30T22:32:24Z,iron,MAS core reference T400-40,0.259899,"ECB euro reference rates 2026-09-30 (extra/ecb.xml, fetched 2026-09-30T20:12:47Z)",10.4531
"Feryster (sklep.feryster.pl, PL; listed by Micrometals as authorized distributor)","distributor web shop product page (""Rabaty ilościowe"" table, net PLN)",Micrometals,T400-40,"RTP-102,0X57,2X16,5-40",Mix 40,powder: iron,T,T400-40,per piece,"Feryster name ""RTP-102,0X57,2X16,5-40 Rdzeń toroid proszkowy (T400-40) AL=115 RTP-102,0X57,2X16,5-40""",PLN,100,38.21,0,0,1,,"RTP-102,0X57,2X16,5-40 Rdzeń toroid proszkowy (T400-40) AL=115 RTP-102,0X57,2X16,5-40",https://sklep.feryster.pl/25129-RTP-102-0X57-2X16-5-40.html,,2026-09-30T22:19:08Z,86400.0,,600.0,"Micrometals datasheet ""Mass (approximate)"" (part T400-40)",https://datasheets.micrometals.com/T400-40-DataSheet.pdf @ 2026-09-30T22:32:24Z,iron,MAS core reference T400-40,0.259899,"ECB euro reference rates 2026-09-30 (extra/ecb.xml, fetched 2026-09-30T20:12:47Z)",9.9308
"Feryster (sklep.feryster.pl, PL; listed by Micrometals as authorized distributor)","distributor web shop product page (""Rabaty ilościowe"" table, net PLN)",Micrometals,T400-40,"RTP-102,0X57,2X16,5-40",Mix 40,powder: iron,T,T400-40,per piece,"Feryster name ""RTP-102,0X57,2X16,5-40 Rdzeń toroid proszkowy (T400-40) AL=115 RTP-102,0X57,2X16,5-40""",PLN,500,36.2,0,0,1,,"RTP-102,0X57,2X16,5-40 Rdzeń toroid proszkowy (T400-40) AL=115 RTP-102,0X57,2X16,5-40",https://sklep.feryster.pl/25129-RTP-102-0X57-2X16-5-40.html,,2026-09-30T22:19:08Z,86400.0,,600.0,"Micrometals datasheet ""Mass (approximate)"" (part T400-40)",https://datasheets.micrometals.com/T400-40-DataSheet.pdf @ 2026-09-30T22:32:24Z,iron,MAS core reference T400-40,0.259899,"ECB euro reference rates 2026-09-30 (extra/ecb.xml, fetched 2026-09-30T20:12:47Z)",9.4084
"Feryster (sklep.feryster.pl, PL; listed by Micrometals as authorized distributor)","distributor web shop product page (""Rabaty ilościowe"" table, net PLN)",Micrometals,T400-40,"RTP-102,0X57,2X16,5-40",Mix 40,powder: iron,T,T400-40,per piece,"Feryster name ""RTP-102,0X57,2X16,5-40 Rdzeń toroid proszkowy (T400-40) AL=115 RTP-102,0X57,2X16,5-40""",PLN,1000,34.19,0,1,1,,"RTP-102,0X57,2X16,5-40 Rdzeń toroid proszkowy (T400-40) AL=115 RTP-102,0X57,2X16,5-40",https://sklep.feryster.pl/25129-RTP-102-0X57-2X16-5-40.html,,2026-09-30T22:19:08Z,86400.0,,600.0,"Micrometals datasheet ""Mass (approximate)"" (part T400-40)",https://datasheets.micrometals.com/T400-40-DataSheet.pdf @ 2026-09-30T22:32:24Z,iron,MAS core reference T400-40,0.259899,"ECB euro reference rates 2026-09-30 (extra/ecb.xml, fetched 2026-09-30T20:12:47Z)",8.886
"Feryster (sklep.feryster.pl, PL; listed by Micrometals as authorized distributor)","distributor web shop product page (""Rabaty ilościowe"" table, net PLN)",Micrometals,T400-40,"RTP-102,0X57,2X16,5-40",Mix 40,powder: iron,T,T400-40,per piece,"Feryster name ""RTP-102,0X57,2X16,5-40 Rdzeń toroid proszkowy (T400-40) AL=115 RTP-102,0X57,2X16,5-40""",PLN,5000,32.18,0,0,1,,"RTP-102,0X57,2X16,5-40 Rdzeń toroid proszkowy (T400-40) AL=115 RTP-102,0X57,2X16,5-40",https://sklep.feryster.pl/25129-RTP-102-0X57-2X16-5-40.html,,2026-09-30T22:19:08Z,86400.0,,600.0,"Micrometals datasheet ""Mass (approximate)"" (part T400-40)",https://datasheets.micrometals.com/T400-40-DataSheet.pdf @ 2026-09-30T22:32:24Z,iron,MAS core reference T400-40,0.259899,"ECB euro reference rates 2026-09-30 (extra/ecb.xml, fetched 2026-09-30T20:12:47Z)",8.3636
"Feryster (sklep.feryster.pl, PL; listed by Micrometals as authorized distributor)","distributor web shop product page (""Rabaty ilościowe"" table, net PLN)",Micrometals,T72-2,"RTP-18,3X7,11X6,6-2",Mix 2,powder: carbonylIron,T,T72-2,per piece,"Feryster name ""RTP-18,3X7,11X6,6-2 Rdzeń toroid proszkowy (T72-2) Al=12,8 RTP-18,3X7,11X6,6-2""",PLN,1,1.77,1,0,1,,"RTP-18,3X7,11X6,6-2 Rdzeń toroid proszkowy (T72-2) Al=12,8 RTP-18,3X7,11X6,6-2",https://sklep.feryster.pl/25459-RTP-18-3X7-11X6-6-2.html,,2026-09-30T22:19:11Z,1400.0,,7.0,"Micrometals datasheet ""Mass (approximate)"" (part T72-2)",https://datasheets.micrometals.com/T72-2-DataSheet.pdf @ 2026-09-30T20:26:24Z,carbonylIron,MAS core reference T72-2,0.259899,"ECB euro reference rates 2026-09-30 (extra/ecb.xml, fetched 2026-09-30T20:12:47Z)",0.46
"Feryster (sklep.feryster.pl, PL; listed by Micrometals as authorized distributor)","distributor web shop product page (""Rabaty ilościowe"" table, net PLN)",Micrometals,T72-2,"RTP-18,3X7,11X6,6-2",Mix 2,powder: carbonylIron,T,T72-2,per piece,"Feryster name ""RTP-18,3X7,11X6,6-2 Rdzeń toroid proszkowy (T72-2) Al=12,8 RTP-18,3X7,11X6,6-2""",PLN,100,1.68,0,0,1,,"RTP-18,3X7,11X6,6-2 Rdzeń toroid proszkowy (T72-2) Al=12,8 RTP-18,3X7,11X6,6-2",https://sklep.feryster.pl/25459-RTP-18-3X7-11X6-6-2.html,,2026-09-30T22:19:11Z,1400.0,,7.0,"Micrometals datasheet ""Mass (approximate)"" (part T72-2)",https://datasheets.micrometals.com/T72-2-DataSheet.pdf @ 2026-09-30T20:26:24Z,carbonylIron,MAS core reference T72-2,0.259899,"ECB euro reference rates 2026-09-30 (extra/ecb.xml, fetched 2026-09-30T20:12:47Z)",0.4366
"Feryster (sklep.feryster.pl, PL; listed by Micrometals as authorized distributor)","distributor web shop product page (""Rabaty ilościowe"" table, net PLN)",Micrometals,T72-2,"RTP-18,3X7,11X6,6-2",Mix 2,powder: carbonylIron,T,T72-2,per piece,"Feryster name ""RTP-18,3X7,11X6,6-2 Rdzeń toroid proszkowy (T72-2) Al=12,8 RTP-18,3X7,11X6,6-2""",PLN,500,1.59,0,0,1,,"RTP-18,3X7,11X6,6-2 Rdzeń toroid proszkowy (T72-2) Al=12,8 RTP-18,3X7,11X6,6-2",https://sklep.feryster.pl/25459-RTP-18-3X7-11X6-6-2.html,,2026-09-30T22:19:11Z,1400.0,,7.0,"Micrometals datasheet ""Mass (approximate)"" (part T72-2)",https://datasheets.micrometals.com/T72-2-DataSheet.pdf @ 2026-09-30T20:26:24Z,carbonylIron,MAS core reference T72-2,0.259899,"ECB euro reference rates 2026-09-30 (extra/ecb.xml, fetched 2026-09-30T20:12:47Z)",0.4132
"Feryster (sklep.feryster.pl, PL; listed by Micrometals as authorized distributor)","distributor web shop product page (""Rabaty ilościowe"" table, net PLN)",Micrometals,T72-2,"RTP-18,3X7,11X6,6-2",Mix 2,powder: carbonylIron,T,T72-2,per piece,"Feryster name ""RTP-18,3X7,11X6,6-2 Rdzeń toroid proszkowy (T72-2) Al=12,8 RTP-18,3X7,11X6,6-2""",PLN,1000,1.5,0,1,1,,"RTP-18,3X7,11X6,6-2 Rdzeń toroid proszkowy (T72-2) Al=12,8 RTP-18,3X7,11X6,6-2",https://sklep.feryster.pl/25459-RTP-18-3X7-11X6-6-2.html,,2026-09-30T22:19:11Z,1400.0,,7.0,"Micrometals datasheet ""Mass (approximate)"" (part T72-2)",https://datasheets.micrometals.com/T72-2-DataSheet.pdf @ 2026-09-30T20:26:24Z,carbonylIron,MAS core reference T72-2,0.259899,"ECB euro reference rates 2026-09-30 (extra/ecb.xml, fetched 2026-09-30T20:12:47Z)",0.3898
"Feryster (sklep.feryster.pl, PL; listed by Micrometals as authorized distributor)","distributor web shop product page (""Rabaty ilościowe"" table, net PLN)",Micrometals,T72-2,"RTP-18,3X7,11X6,6-2",Mix 2,powder: carbonylIron,T,T72-2,per piece,"Feryster name ""RTP-18,3X7,11X6,6-2 Rdzeń toroid proszkowy (T72-2) Al=12,8 RTP-18,3X7,11X6,6-2""",PLN,5000,1.42,0,0,1,,"RTP-18,3X7,11X6,6-2 Rdzeń toroid proszkowy (T72-2) Al=12,8 RTP-18,3X7,11X6,6-2",https://sklep.feryster.pl/25459-RTP-18-3X7-11X6-6-2.html,,2026-09-30T22:19:11Z,1400.0,,7.0,"Micrometals datasheet ""Mass (approximate)"" (part T72-2)",https://datasheets.micrometals.com/T72-2-DataSheet.pdf @ 2026-09-30T20:26:24Z,carbonylIron,MAS core reference T72-2,0.259899,"ECB euro reference rates 2026-09-30 (extra/ecb.xml, fetched 2026-09-30T20:12:47Z)",0.3691
"Feryster (sklep.feryster.pl, PL; listed by Micrometals as authorized distributor)","distributor web shop product page (""Rabaty ilościowe"" table, net PLN)",Micrometals,T50-6,"RTP-12,7X7,7X4,83-6",Mix 6,powder: carbonylIron,T,T50-6,per piece,"Feryster name ""RTP-12,7X7,7X4,83-6 Rdzeń toroid proszkowy (T50-6) Low Permability Al=4,0 RTP-12,7X7,7X4,83-6""",PLN,1,1.44,1,0,1,,"RTP-12,7X7,7X4,83-6 Rdzeń toroid proszkowy (T50-6) Low Permability Al=4,0 RTP-12,7X7,7X4,83-6",https://sklep.feryster.pl/26081-RTP-12-7X7-7X4-83-6.html,,2026-09-30T22:19:14Z,358.0,,1.8,"Micrometals datasheet ""Mass (approximate)"" (part T50-6)",https://datasheets.micrometals.com/T50-6-DataSheet.pdf @ 2026-09-30T20:24:57Z,carbonylIron,MAS core reference T50-6,0.259899,"ECB euro reference rates 2026-09-30 (extra/ecb.xml, fetched 2026-09-30T20:12:47Z)",0.3743
"Feryster (sklep.feryster.pl, PL; listed by Micrometals as authorized distributor)","distributor web shop product page (""Rabaty ilościowe"" table, net PLN)",Micrometals,T50-6,"RTP-12,7X7,7X4,83-6",Mix 6,powder: carbonylIron,T,T50-6,per piece,"Feryster name ""RTP-12,7X7,7X4,83-6 Rdzeń toroid proszkowy (T50-6) Low Permability Al=4,0 RTP-12,7X7,7X4,83-6""",PLN,100,1.37,0,0,1,,"RTP-12,7X7,7X4,83-6 Rdzeń toroid proszkowy (T50-6) Low Permability Al=4,0 RTP-12,7X7,7X4,83-6",https://sklep.feryster.pl/26081-RTP-12-7X7-7X4-83-6.html,,2026-09-30T22:19:14Z,358.0,,1.8,"Micrometals datasheet ""Mass (approximate)"" (part T50-6)",https://datasheets.micrometals.com/T50-6-DataSheet.pdf @ 2026-09-30T20:24:57Z,carbonylIron,MAS core reference T50-6,0.259899,"ECB euro reference rates 2026-09-30 (extra/ecb.xml, fetched 2026-09-30T20:12:47Z)",0.3561
"Feryster (sklep.feryster.pl, PL; listed by Micrometals as authorized distributor)","distributor web shop product page (""Rabaty ilościowe"" table, net PLN)",Micrometals,T50-6,"RTP-12,7X7,7X4,83-6",Mix 6,powder: carbonylIron,T,T50-6,per piece,"Feryster name ""RTP-12,7X7,7X4,83-6 Rdzeń toroid proszkowy (T50-6) Low Permability Al=4,0 RTP-12,7X7,7X4,83-6""",PLN,500,1.3,0,0,1,,"RTP-12,7X7,7X4,83-6 Rdzeń toroid proszkowy (T50-6) Low Permability Al=4,0 RTP-12,7X7,7X4,83-6",https://sklep.feryster.pl/26081-RTP-12-7X7-7X4-83-6.html,,2026-09-30T22:19:14Z,358.0,,1.8,"Micrometals datasheet ""Mass (approximate)"" (part T50-6)",https://datasheets.micrometals.com/T50-6-DataSheet.pdf @ 2026-09-30T20:24:57Z,carbonylIron,MAS core reference T50-6,0.259899,"ECB euro reference rates 2026-09-30 (extra/ecb.xml, fetched 2026-09-30T20:12:47Z)",0.3379
"Feryster (sklep.feryster.pl, PL; listed by Micrometals as authorized distributor)","distributor web shop product page (""Rabaty ilościowe"" table, net PLN)",Micrometals,T50-6,"RTP-12,7X7,7X4,83-6",Mix 6,powder: carbonylIron,T,T50-6,per piece,"Feryster name ""RTP-12,7X7,7X4,83-6 Rdzeń toroid proszkowy (T50-6) Low Permability Al=4,0 RTP-12,7X7,7X4,83-6""",PLN,1000,1.22,0,1,1,,"RTP-12,7X7,7X4,83-6 Rdzeń toroid proszkowy (T50-6) Low Permability Al=4,0 RTP-12,7X7,7X4,83-6",https://sklep.feryster.pl/26081-RTP-12-7X7-7X4-83-6.html,,2026-09-30T22:19:14Z,358.0,,1.8,"Micrometals datasheet ""Mass (approximate)"" (part T50-6)",https://datasheets.micrometals.com/T50-6-DataSheet.pdf @ 2026-09-30T20:24:57Z,carbonylIron,MAS core reference T50-6,0.259899,"ECB euro reference rates 2026-09-30 (extra/ecb.xml, fetched 2026-09-30T20:12:47Z)",0.3171
"Feryster (sklep.feryster.pl, PL; listed by Micrometals as authorized distributor)","distributor web shop product page (""Rabaty ilościowe"" table, net PLN)",Micrometals,T50-6,"RTP-12,7X7,7X4,83-6",Mix 6,powder: carbonylIron,T,T50-6,per piece,"Feryster name ""RTP-12,7X7,7X4,83-6 Rdzeń toroid proszkowy (T50-6) Low Permability Al=4,0 RTP-12,7X7,7X4,83-6""",PLN,5000,1.15,0,0,1,,"RTP-12,7X7,7X4,83-6 Rdzeń toroid proszkowy (T50-6) Low Permability Al=4,0 RTP-12,7X7,7X4,83-6",https://sklep.feryster.pl/26081-RTP-12-7X7-7X4-83-6.html,,2026-09-30T22:19:14Z,358.0,,1.8,"Micrometals datasheet ""Mass (approximate)"" (part T50-6)",https://datasheets.micrometals.com/T50-6-DataSheet.pdf @ 2026-09-30T20:24:57Z,carbonylIron,MAS core reference T50-6,0.259899,"ECB euro reference rates 2026-09-30 (extra/ecb.xml, fetched 2026-09-30T20:12:47Z)",0.2989
"Feryster (sklep.feryster.pl, PL; listed by Micrometals as authorized distributor)","distributor web shop product page (""Rabaty ilościowe"" table, net PLN)",Micrometals,T80-6,"RTP-20,2X12,6X6,4-6",Mix 6,powder: carbonylIron,T,T80-6,per piece,"Feryster name ""RTP-20,2X12,6X6,4-6 Rdzeń toroid proszkowy (T80-6) AL=4,5 RTP-20,2X12,6X6,4-6""",PLN,1,3.39,1,0,1,,"RTP-20,2X12,6X6,4-6 Rdzeń toroid proszkowy (T80-6) AL=4,5 RTP-20,2X12,6X6,4-6",https://sklep.feryster.pl/29320-RTP-20-2X12-6X6-4-6.html,,2026-09-30T22:19:17Z,1190.0,,6.0,"Micrometals datasheet ""Mass (approximate)"" (part T80-6)",https://datasheets.micrometals.com/T80-6-DataSheet.pdf @ 2026-09-30T20:26:57Z,carbonylIron,MAS core reference T80-6,0.259899,"ECB euro reference rates 2026-09-30 (extra/ecb.xml, fetched 2026-09-30T20:12:47Z)",0.8811
"Feryster (sklep.feryster.pl, PL; listed by Micrometals as authorized distributor)","distributor web shop product page (""Rabaty ilościowe"" table, net PLN)",Micrometals,T80-6,"RTP-20,2X12,6X6,4-6",Mix 6,powder: carbonylIron,T,T80-6,per piece,"Feryster name ""RTP-20,2X12,6X6,4-6 Rdzeń toroid proszkowy (T80-6) AL=4,5 RTP-20,2X12,6X6,4-6""",PLN,100,3.22,0,0,1,,"RTP-20,2X12,6X6,4-6 Rdzeń toroid proszkowy (T80-6) AL=4,5 RTP-20,2X12,6X6,4-6",https://sklep.feryster.pl/29320-RTP-20-2X12-6X6-4-6.html,,2026-09-30T22:19:17Z,1190.0,,6.0,"Micrometals datasheet ""Mass (approximate)"" (part T80-6)",https://datasheets.micrometals.com/T80-6-DataSheet.pdf @ 2026-09-30T20:26:57Z,carbonylIron,MAS core reference T80-6,0.259899,"ECB euro reference rates 2026-09-30 (extra/ecb.xml, fetched 2026-09-30T20:12:47Z)",0.8369
"Feryster (sklep.feryster.pl, PL; listed by Micrometals as authorized distributor)","distributor web shop product page (""Rabaty ilościowe"" table, net PLN)",Micrometals,T80-6,"RTP-20,2X12,6X6,4-6",Mix 6,powder: carbonylIron,T,T80-6,per piece,"Feryster name ""RTP-20,2X12,6X6,4-6 Rdzeń toroid proszkowy (T80-6) AL=4,5 RTP-20,2X12,6X6,4-6""",PLN,500,3.05,0,0,1,,"RTP-20,2X12,6X6,4-6 Rdzeń toroid proszkowy (T80-6) AL=4,5 RTP-20,2X12,6X6,4-6",https://sklep.feryster.pl/29320-RTP-20-2X12-6X6-4-6.html,,2026-09-30T22:19:17Z,1190.0,,6.0,"Micrometals datasheet ""Mass (approximate)"" (part T80-6)",https://datasheets.micrometals.com/T80-6-DataSheet.pdf @ 2026-09-30T20:26:57Z,carbonylIron,MAS core reference T80-6,0.259899,"ECB euro reference rates 2026-09-30 (extra/ecb.xml, fetched 2026-09-30T20:12:47Z)",0.7927
"Feryster (sklep.feryster.pl, PL; listed by Micrometals as authorized distributor)","distributor web shop product page (""Rabaty ilościowe"" table, net PLN)",Micrometals,T80-6,"RTP-20,2X12,6X6,4-6",Mix 6,powder: carbonylIron,T,T80-6,per piece,"Feryster name ""RTP-20,2X12,6X6,4-6 Rdzeń toroid proszkowy (T80-6) AL=4,5 RTP-20,2X12,6X6,4-6""",PLN,1000,2.88,0,1,1,,"RTP-20,2X12,6X6,4-6 Rdzeń toroid proszkowy (T80-6) AL=4,5 RTP-20,2X12,6X6,4-6",https://sklep.feryster.pl/29320-RTP-20-2X12-6X6-4-6.html,,2026-09-30T22:19:17Z,1190.0,,6.0,"Micrometals datasheet ""Mass (approximate)"" (part T80-6)",https://datasheets.micrometals.com/T80-6-DataSheet.pdf @ 2026-09-30T20:26:57Z,carbonylIron,MAS core reference T80-6,0.259899,"ECB euro reference rates 2026-09-30 (extra/ecb.xml, fetched 2026-09-30T20:12:47Z)",0.7485
"Feryster (sklep.feryster.pl, PL; listed by Micrometals as authorized distributor)","distributor web shop product page (""Rabaty ilościowe"" table, net PLN)",Micrometals,T80-6,"RTP-20,2X12,6X6,4-6",Mix 6,powder: carbonylIron,T,T80-6,per piece,"Feryster name ""RTP-20,2X12,6X6,4-6 Rdzeń toroid proszkowy (T80-6) AL=4,5 RTP-20,2X12,6X6,4-6""",PLN,5000,2.71,0,0,1,,"RTP-20,2X12,6X6,4-6 Rdzeń toroid proszkowy (T80-6) AL=4,5 RTP-20,2X12,6X6,4-6",https://sklep.feryster.pl/29320-RTP-20-2X12-6X6-4-6.html,,2026-09-30T22:19:17Z,1190.0,,6.0,"Micrometals datasheet ""Mass (approximate)"" (part T80-6)",https://datasheets.micrometals.com/T80-6-DataSheet.pdf @ 2026-09-30T20:26:57Z,carbonylIron,MAS core reference T80-6,0.259899,"ECB euro reference rates 2026-09-30 (extra/ecb.xml, fetched 2026-09-30T20:12:47Z)",0.7043
"Feryster (sklep.feryster.pl, PL; listed by Micrometals as authorized distributor)","distributor web shop product page (""Rabaty ilościowe"" table, net PLN)",Micrometals,T200-2,"RTP-50,8X31,8X14-LP",Mix 2,powder: carbonylIron,T,T200-2,per piece,"Feryster name ""RTP-50,8X31,8X14-LP Rdzeń toroid proszkowy (T200-2) AL=12 RTP-50,8X31,8X14-LP""",PLN,1,15.09,1,0,1,,"RTP-50,8X31,8X14-LP Rdzeń toroid proszkowy (T200-2) AL=12 RTP-50,8X31,8X14-LP",https://sklep.feryster.pl/29695-RTP-50-8X31-8X14-LP.html,,2026-09-30T22:19:19Z,16400.0,,82.0,"Micrometals datasheet ""Mass (approximate)"" (part T200-2)",https://datasheets.micrometals.com/T200-2-DataSheet.pdf @ 2026-09-30T20:20:27Z,carbonylIron,MAS core reference T200-2,0.259899,"ECB euro reference rates 2026-09-30 (extra/ecb.xml, fetched 2026-09-30T20:12:47Z)",3.9219
"Feryster (sklep.feryster.pl, PL; listed by Micrometals as authorized distributor)","distributor web shop product page (""Rabaty ilościowe"" table, net PLN)",Micrometals,T200-2,"RTP-50,8X31,8X14-LP",Mix 2,powder: carbonylIron,T,T200-2,per piece,"Feryster name ""RTP-50,8X31,8X14-LP Rdzeń toroid proszkowy (T200-2) AL=12 RTP-50,8X31,8X14-LP""",PLN,100,14.34,0,0,1,,"RTP-50,8X31,8X14-LP Rdzeń toroid proszkowy (T200-2) AL=12 RTP-50,8X31,8X14-LP",https://sklep.feryster.pl/29695-RTP-50-8X31-8X14-LP.html,,2026-09-30T22:19:19Z,16400.0,,82.0,"Micrometals datasheet ""Mass (approximate)"" (part T200-2)",https://datasheets.micrometals.com/T200-2-DataSheet.pdf @ 2026-09-30T20:20:27Z,carbonylIron,MAS core reference T200-2,0.259899,"ECB euro reference rates 2026-09-30 (extra/ecb.xml, fetched 2026-09-30T20:12:47Z)",3.727
"Feryster (sklep.feryster.pl, PL; listed by Micrometals as authorized distributor)","distributor web shop product page (""Rabaty ilościowe"" table, net PLN)",Micrometals,T200-2,"RTP-50,8X31,8X14-LP",Mix 2,powder: carbonylIron,T,T200-2,per piece,"Feryster name ""RTP-50,8X31,8X14-LP Rdzeń toroid proszkowy (T200-2) AL=12 RTP-50,8X31,8X14-LP""",PLN,500,13.58,0,0,1,,"RTP-50,8X31,8X14-LP Rdzeń toroid proszkowy (T200-2) AL=12 RTP-50,8X31,8X14-LP",https://sklep.feryster.pl/29695-RTP-50-8X31-8X14-LP.html,,2026-09-30T22:19:19Z,16400.0,,82.0,"Micrometals datasheet ""Mass (approximate)"" (part T200-2)",https://datasheets.micrometals.com/T200-2-DataSheet.pdf @ 2026-09-30T20:20:27Z,carbonylIron,MAS core reference T200-2,0.259899,"ECB euro reference rates 2026-09-30 (extra/ecb.xml, fetched 2026-09-30T20:12:47Z)",3.5294
"Feryster (sklep.feryster.pl, PL; listed by Micrometals as authorized distributor)","distributor web shop product page (""Rabaty ilościowe"" table, net PLN)",Micrometals,T200-2,"RTP-50,8X31,8X14-LP",Mix 2,powder: carbonylIron,T,T200-2,per piece,"Feryster name ""RTP-50,8X31,8X14-LP Rdzeń toroid proszkowy (T200-2) AL=12 RTP-50,8X31,8X14-LP""",PLN,1000,12.83,0,1,1,,"RTP-50,8X31,8X14-LP Rdzeń toroid proszkowy (T200-2) AL=12 RTP-50,8X31,8X14-LP",https://sklep.feryster.pl/29695-RTP-50-8X31-8X14-LP.html,,2026-09-30T22:19:19Z,16400.0,,82.0,"Micrometals datasheet ""Mass (approximate)"" (part T200-2)",https://datasheets.micrometals.com/T200-2-DataSheet.pdf @ 2026-09-30T20:20:27Z,carbonylIron,MAS core reference T200-2,0.259899,"ECB euro reference rates 2026-09-30 (extra/ecb.xml, fetched 2026-09-30T20:12:47Z)",3.3345
"Feryster (sklep.feryster.pl, PL; listed by Micrometals as authorized distributor)","distributor web shop product page (""Rabaty ilościowe"" table, net PLN)",Micrometals,T200-2,"RTP-50,8X31,8X14-LP",Mix 2,powder: carbonylIron,T,T200-2,per piece,"Feryster name ""RTP-50,8X31,8X14-LP Rdzeń toroid proszkowy (T200-2) AL=12 RTP-50,8X31,8X14-LP""",PLN,5000,12.07,0,0,1,,"RTP-50,8X31,8X14-LP Rdzeń toroid proszkowy (T200-2) AL=12 RTP-50,8X31,8X14-LP",https://sklep.feryster.pl/29695-RTP-50-8X31-8X14-LP.html,,2026-09-30T22:19:19Z,16400.0,,82.0,"Micrometals datasheet ""Mass (approximate)"" (part T200-2)",https://datasheets.micrometals.com/T200-2-DataSheet.pdf @ 2026-09-30T20:20:27Z,carbonylIron,MAS core reference T200-2,0.259899,"ECB euro reference rates 2026-09-30 (extra/ecb.xml, fetched 2026-09-30T20:12:47Z)",3.137
"Feryster (sklep.feryster.pl, PL; listed by Micrometals as authorized distributor)","distributor web shop product page (""Rabaty ilościowe"" table, net PLN)",Micrometals,T106-6,"RTP-26,9X14,5X11,1-6",Mix 6,powder: carbonylIron,T,T106-6,per piece,"Feryster name ""RTP-26,9X14,5X11,1-6 Rdzeń toroid proszkowy (T106-6) AL=11,6 RTP-26,9X14,5X11,1-6""",PLN,1,9.95,1,0,1,,"RTP-26,9X14,5X11,1-6 Rdzeń toroid proszkowy (T106-6) AL=11,6 RTP-26,9X14,5X11,1-6",https://sklep.feryster.pl/31350-RTP-26-9X14-5X11-1-6.html,,2026-09-30T22:19:22Z,4280.0,,21.0,"Micrometals datasheet ""Mass (approximate)"" (part T106-6)",https://datasheets.micrometals.com/T106-6-DataSheet.pdf @ 2026-09-30T20:16:49Z,carbonylIron,MAS core reference T106-6,0.259899,"ECB euro reference rates 2026-09-30 (extra/ecb.xml, fetched 2026-09-30T20:12:47Z)",2.586
"Feryster (sklep.feryster.pl, PL; listed by Micrometals as authorized distributor)","distributor web shop product page (""Rabaty ilościowe"" table, net PLN)",Micrometals,T106-6,"RTP-26,9X14,5X11,1-6",Mix 6,powder: carbonylIron,T,T106-6,per piece,"Feryster name ""RTP-26,9X14,5X11,1-6 Rdzeń toroid proszkowy (T106-6) AL=11,6 RTP-26,9X14,5X11,1-6""",PLN,100,9.45,0,0,1,,"RTP-26,9X14,5X11,1-6 Rdzeń toroid proszkowy (T106-6) AL=11,6 RTP-26,9X14,5X11,1-6",https://sklep.feryster.pl/31350-RTP-26-9X14-5X11-1-6.html,,2026-09-30T22:19:22Z,4280.0,,21.0,"Micrometals datasheet ""Mass (approximate)"" (part T106-6)",https://datasheets.micrometals.com/T106-6-DataSheet.pdf @ 2026-09-30T20:16:49Z,carbonylIron,MAS core reference T106-6,0.259899,"ECB euro reference rates 2026-09-30 (extra/ecb.xml, fetched 2026-09-30T20:12:47Z)",2.456
"Feryster (sklep.feryster.pl, PL; listed by Micrometals as authorized distributor)","distributor web shop product page (""Rabaty ilościowe"" table, net PLN)",Micrometals,T106-6,"RTP-26,9X14,5X11,1-6",Mix 6,powder: carbonylIron,T,T106-6,per piece,"Feryster name ""RTP-26,9X14,5X11,1-6 Rdzeń toroid proszkowy (T106-6) AL=11,6 RTP-26,9X14,5X11,1-6""",PLN,500,8.96,0,0,1,,"RTP-26,9X14,5X11,1-6 Rdzeń toroid proszkowy (T106-6) AL=11,6 RTP-26,9X14,5X11,1-6",https://sklep.feryster.pl/31350-RTP-26-9X14-5X11-1-6.html,,2026-09-30T22:19:22Z,4280.0,,21.0,"Micrometals datasheet ""Mass (approximate)"" (part T106-6)",https://datasheets.micrometals.com/T106-6-DataSheet.pdf @ 2026-09-30T20:16:49Z,carbonylIron,MAS core reference T106-6,0.259899,"ECB euro reference rates 2026-09-30 (extra/ecb.xml, fetched 2026-09-30T20:12:47Z)",2.3287
"Feryster (sklep.feryster.pl, PL; listed by Micrometals as authorized distributor)","distributor web shop product page (""Rabaty ilościowe"" table, net PLN)",Micrometals,T106-6,"RTP-26,9X14,5X11,1-6",Mix 6,powder: carbonylIron,T,T106-6,per piece,"Feryster name ""RTP-26,9X14,5X11,1-6 Rdzeń toroid proszkowy (T106-6) AL=11,6 RTP-26,9X14,5X11,1-6""",PLN,1000,8.46,0,1,1,,"RTP-26,9X14,5X11,1-6 Rdzeń toroid proszkowy (T106-6) AL=11,6 RTP-26,9X14,5X11,1-6",https://sklep.feryster.pl/31350-RTP-26-9X14-5X11-1-6.html,,2026-09-30T22:19:22Z,4280.0,,21.0,"Micrometals datasheet ""Mass (approximate)"" (part T106-6)",https://datasheets.micrometals.com/T106-6-DataSheet.pdf @ 2026-09-30T20:16:49Z,carbonylIron,MAS core reference T106-6,0.259899,"ECB euro reference rates 2026-09-30 (extra/ecb.xml, fetched 2026-09-30T20:12:47Z)",2.1987
"Feryster (sklep.feryster.pl, PL; listed by Micrometals as authorized distributor)","distributor web shop product page (""Rabaty ilościowe"" table, net PLN)",Micrometals,T106-6,"RTP-26,9X14,5X11,1-6",Mix 6,powder: carbonylIron,T,T106-6,per piece,"Feryster name ""RTP-26,9X14,5X11,1-6 Rdzeń toroid proszkowy (T106-6) AL=11,6 RTP-26,9X14,5X11,1-6""",PLN,5000,7.96,0,0,1,,"RTP-26,9X14,5X11,1-6 Rdzeń toroid proszkowy (T106-6) AL=11,6 RTP-26,9X14,5X11,1-6",https://sklep.feryster.pl/31350-RTP-26-9X14-5X11-1-6.html,,2026-09-30T22:19:22Z,4280.0,,21.0,"Micrometals datasheet ""Mass (approximate)"" (part T106-6)",https://datasheets.micrometals.com/T106-6-DataSheet.pdf @ 2026-09-30T20:16:49Z,carbonylIron,MAS core reference T106-6,0.259899,"ECB euro reference rates 2026-09-30 (extra/ecb.xml, fetched 2026-09-30T20:12:47Z)",2.0688
"Feryster (sklep.feryster.pl, PL; listed by Micrometals as authorized distributor)","distributor web shop product page (""Rabaty ilościowe"" table, net PLN)",Micrometals,T130-6,"RTP-33X19,8X11,1-6",Mix 6,powder: carbonylIron,T,T130-6,per piece,"Feryster name ""RTP-33X19,8X11,1-6 Rdzeń toroid proszkowy (T130-6) AL=11,6 RTP-33X19,8X11,1-6""",PLN,1,11.79,1,0,1,,"RTP-33X19,8X11,1-6 Rdzeń toroid proszkowy (T130-6) AL=11,6 RTP-33X19,8X11,1-6",https://sklep.feryster.pl/33770-RTP-33X19-8X11-1-6.html,,2026-09-30T22:19:25Z,5780.0,,29.0,"Micrometals datasheet ""Mass (approximate)"" (part T130-6)",https://datasheets.micrometals.com/T130-6-DataSheet.pdf @ 2026-09-30T20:18:09Z,carbonylIron,MAS core reference T130-6,0.259899,"ECB euro reference rates 2026-09-30 (extra/ecb.xml, fetched 2026-09-30T20:12:47Z)",3.0642
"Feryster (sklep.feryster.pl, PL; listed by Micrometals as authorized distributor)","distributor web shop product page (""Rabaty ilościowe"" table, net PLN)",Micrometals,T130-6,"RTP-33X19,8X11,1-6",Mix 6,powder: carbonylIron,T,T130-6,per piece,"Feryster name ""RTP-33X19,8X11,1-6 Rdzeń toroid proszkowy (T130-6) AL=11,6 RTP-33X19,8X11,1-6""",PLN,100,11.2,0,0,1,,"RTP-33X19,8X11,1-6 Rdzeń toroid proszkowy (T130-6) AL=11,6 RTP-33X19,8X11,1-6",https://sklep.feryster.pl/33770-RTP-33X19-8X11-1-6.html,,2026-09-30T22:19:25Z,5780.0,,29.0,"Micrometals datasheet ""Mass (approximate)"" (part T130-6)",https://datasheets.micrometals.com/T130-6-DataSheet.pdf @ 2026-09-30T20:18:09Z,carbonylIron,MAS core reference T130-6,0.259899,"ECB euro reference rates 2026-09-30 (extra/ecb.xml, fetched 2026-09-30T20:12:47Z)",2.9109
"Feryster (sklep.feryster.pl, PL; listed by Micrometals as authorized distributor)","distributor web shop product page (""Rabaty ilościowe"" table, net PLN)",Micrometals,T130-6,"RTP-33X19,8X11,1-6",Mix 6,powder: carbonylIron,T,T130-6,per piece,"Feryster name ""RTP-33X19,8X11,1-6 Rdzeń toroid proszkowy (T130-6) AL=11,6 RTP-33X19,8X11,1-6""",PLN,500,10.61,0,0,1,,"RTP-33X19,8X11,1-6 Rdzeń toroid proszkowy (T130-6) AL=11,6 RTP-33X19,8X11,1-6",https://sklep.feryster.pl/33770-RTP-33X19-8X11-1-6.html,,2026-09-30T22:19:25Z,5780.0,,29.0,"Micrometals datasheet ""Mass (approximate)"" (part T130-6)",https://datasheets.micrometals.com/T130-6-DataSheet.pdf @ 2026-09-30T20:18:09Z,carbonylIron,MAS core reference T130-6,0.259899,"ECB euro reference rates 2026-09-30 (extra/ecb.xml, fetched 2026-09-30T20:12:47Z)",2.7575
"Feryster (sklep.feryster.pl, PL; listed by Micrometals as authorized distributor)","distributor web shop product page (""Rabaty ilościowe"" table, net PLN)",Micrometals,T130-6,"RTP-33X19,8X11,1-6",Mix 6,powder: carbonylIron,T,T130-6,per piece,"Feryster name ""RTP-33X19,8X11,1-6 Rdzeń toroid proszkowy (T130-6) AL=11,6 RTP-33X19,8X11,1-6""",PLN,1000,10.02,0,1,1,,"RTP-33X19,8X11,1-6 Rdzeń toroid proszkowy (T130-6) AL=11,6 RTP-33X19,8X11,1-6",https://sklep.feryster.pl/33770-RTP-33X19-8X11-1-6.html,,2026-09-30T22:19:25Z,5780.0,,29.0,"Micrometals datasheet ""Mass (approximate)"" (part T130-6)",https://datasheets.micrometals.com/T130-6-DataSheet.pdf @ 2026-09-30T20:18:09Z,carbonylIron,MAS core reference T130-6,0.259899,"ECB euro reference rates 2026-09-30 (extra/ecb.xml, fetched 2026-09-30T20:12:47Z)",2.6042
"Feryster (sklep.feryster.pl, PL; listed by Micrometals as authorized distributor)","distributor web shop product page (""Rabaty ilościowe"" table, net PLN)",Micrometals,T130-6,"RTP-33X19,8X11,1-6",Mix 6,powder: carbonylIron,T,T130-6,per piece,"Feryster name ""RTP-33X19,8X11,1-6 Rdzeń toroid proszkowy (T130-6) AL=11,6 RTP-33X19,8X11,1-6""",PLN,5000,9.43,0,0,1,,"RTP-33X19,8X11,1-6 Rdzeń toroid proszkowy (T130-6) AL=11,6 RTP-33X19,8X11,1-6",https://sklep.feryster.pl/33770-RTP-33X19-8X11-1-6.html,,2026-09-30T22:19:25Z,5780.0,,29.0,"Micrometals datasheet ""Mass (approximate)"" (part T130-6)",https://datasheets.micrometals.com/T130-6-DataSheet.pdf @ 2026-09-30T20:18:09Z,carbonylIron,MAS core reference T130-6,0.259899,"ECB euro reference rates 2026-09-30 (extra/ecb.xml, fetched 2026-09-30T20:12:47Z)",2.4509
"Feryster (sklep.feryster.pl, PL; listed by Micrometals as authorized distributor)","distributor web shop product page (""Rabaty ilościowe"" table, net PLN)",Micrometals,T22-2,"RTP-05,6X2,4X3,6-2",Mix 2,powder: carbonylIron,T,T22-2,per piece,"Feryster name ""RTP-05,6X2,4X3,6-2 RTP-05,6X2,4X3,6-2 T22-2 AL=5,5 RTP-05,6X2,4X3,6-2""",PLN,1,1.6,1,0,1,,"RTP-05,6X2,4X3,6-2 RTP-05,6X2,4X3,6-2 T22-2 AL=5,5 RTP-05,6X2,4X3,6-2",https://sklep.feryster.pl/37996-RTP-05-6X2-4X3-6-2.html,,2026-09-30T22:19:28Z,67.0,,0.34,"Micrometals datasheet ""Mass (approximate)"" (part T22-2)",https://datasheets.micrometals.com/T22-2-DataSheet.pdf @ 2026-09-30T20:20:53Z,carbonylIron,MAS core reference T22-2,0.259899,"ECB euro reference rates 2026-09-30 (extra/ecb.xml, fetched 2026-09-30T20:12:47Z)",0.4158
"Feryster (sklep.feryster.pl, PL; listed by Micrometals as authorized distributor)","distributor web shop product page (""Rabaty ilościowe"" table, net PLN)",Micrometals,T22-2,"RTP-05,6X2,4X3,6-2",Mix 2,powder: carbonylIron,T,T22-2,per piece,"Feryster name ""RTP-05,6X2,4X3,6-2 RTP-05,6X2,4X3,6-2 T22-2 AL=5,5 RTP-05,6X2,4X3,6-2""",PLN,100,1.52,0,0,1,,"RTP-05,6X2,4X3,6-2 RTP-05,6X2,4X3,6-2 T22-2 AL=5,5 RTP-05,6X2,4X3,6-2",https://sklep.feryster.pl/37996-RTP-05-6X2-4X3-6-2.html,,2026-09-30T22:19:28Z,67.0,,0.34,"Micrometals datasheet ""Mass (approximate)"" (part T22-2)",https://datasheets.micrometals.com/T22-2-DataSheet.pdf @ 2026-09-30T20:20:53Z,carbonylIron,MAS core reference T22-2,0.259899,"ECB euro reference rates 2026-09-30 (extra/ecb.xml, fetched 2026-09-30T20:12:47Z)",0.395
"Feryster (sklep.feryster.pl, PL; listed by Micrometals as authorized distributor)","distributor web shop product page (""Rabaty ilościowe"" table, net PLN)",Micrometals,T22-2,"RTP-05,6X2,4X3,6-2",Mix 2,powder: carbonylIron,T,T22-2,per piece,"Feryster name ""RTP-05,6X2,4X3,6-2 RTP-05,6X2,4X3,6-2 T22-2 AL=5,5 RTP-05,6X2,4X3,6-2""",PLN,500,1.44,0,0,1,,"RTP-05,6X2,4X3,6-2 RTP-05,6X2,4X3,6-2 T22-2 AL=5,5 RTP-05,6X2,4X3,6-2",https://sklep.feryster.pl/37996-RTP-05-6X2-4X3-6-2.html,,2026-09-30T22:19:28Z,67.0,,0.34,"Micrometals datasheet ""Mass (approximate)"" (part T22-2)",https://datasheets.micrometals.com/T22-2-DataSheet.pdf @ 2026-09-30T20:20:53Z,carbonylIron,MAS core reference T22-2,0.259899,"ECB euro reference rates 2026-09-30 (extra/ecb.xml, fetched 2026-09-30T20:12:47Z)",0.3743
"Feryster (sklep.feryster.pl, PL; listed by Micrometals as authorized distributor)","distributor web shop product page (""Rabaty ilościowe"" table, net PLN)",Micrometals,T22-2,"RTP-05,6X2,4X3,6-2",Mix 2,powder: carbonylIron,T,T22-2,per piece,"Feryster name ""RTP-05,6X2,4X3,6-2 RTP-05,6X2,4X3,6-2 T22-2 AL=5,5 RTP-05,6X2,4X3,6-2""",PLN,1000,1.36,0,1,1,,"RTP-05,6X2,4X3,6-2 RTP-05,6X2,4X3,6-2 T22-2 AL=5,5 RTP-05,6X2,4X3,6-2",https://sklep.feryster.pl/37996-RTP-05-6X2-4X3-6-2.html,,2026-09-30T22:19:28Z,67.0,,0.34,"Micrometals datasheet ""Mass (approximate)"" (part T22-2)",https://datasheets.micrometals.com/T22-2-DataSheet.pdf @ 2026-09-30T20:20:53Z,carbonylIron,MAS core reference T22-2,0.259899,"ECB euro reference rates 2026-09-30 (extra/ecb.xml, fetched 2026-09-30T20:12:47Z)",0.3535
"Feryster (sklep.feryster.pl, PL; listed by Micrometals as authorized distributor)","distributor web shop product page (""Rabaty ilościowe"" table, net PLN)",Micrometals,T22-2,"RTP-05,6X2,4X3,6-2",Mix 2,powder: carbonylIron,T,T22-2,per piece,"Feryster name ""RTP-05,6X2,4X3,6-2 RTP-05,6X2,4X3,6-2 T22-2 AL=5,5 RTP-05,6X2,4X3,6-2""",PLN,5000,1.28,0,0,1,,"RTP-05,6X2,4X3,6-2 RTP-05,6X2,4X3,6-2 T22-2 AL=5,5 RTP-05,6X2,4X3,6-2",https://sklep.feryster.pl/37996-RTP-05-6X2-4X3-6-2.html,,2026-09-30T22:19:28Z,67.0,,0.34,"Micrometals datasheet ""Mass (approximate)"" (part T22-2)",https://datasheets.micrometals.com/T22-2-DataSheet.pdf @ 2026-09-30T20:20:53Z,carbonylIron,MAS core reference T22-2,0.259899,"ECB euro reference rates 2026-09-30 (extra/ecb.xml, fetched 2026-09-30T20:12:47Z)",0.3327
"Feryster (sklep.feryster.pl, PL; listed by Micrometals as authorized distributor)","distributor web shop product page (""Rabaty ilościowe"" table, net PLN)",Micrometals,T22-6,"RTP-05,6X2,4X3,6-6",Mix 6,powder: carbonylIron,T,T22-6,per piece,"Feryster name ""RTP-05,6X2,4X3,6-6 RTP-05,6X2,4X3,6-6 T22-6 AL=4,5 RTP-05,6X2,4X3,6-6""",PLN,1,1.42,1,0,1,,"RTP-05,6X2,4X3,6-6 RTP-05,6X2,4X3,6-6 T22-6 AL=4,5 RTP-05,6X2,4X3,6-6",https://sklep.feryster.pl/37998-RTP-05-6X2-4X3-6-6.html,,2026-09-30T22:19:31Z,67.0,,0.34,"Micrometals datasheet ""Mass (approximate)"" (part T22-6)",https://datasheets.micrometals.com/T22-6-DataSheet.pdf @ 2026-09-30T20:20:56Z,carbonylIron,MAS core reference T22-6,0.259899,"ECB euro reference rates 2026-09-30 (extra/ecb.xml, fetched 2026-09-30T20:12:47Z)",0.3691
"Feryster (sklep.feryster.pl, PL; listed by Micrometals as authorized distributor)","distributor web shop product page (""Rabaty ilościowe"" table, net PLN)",Micrometals,T22-6,"RTP-05,6X2,4X3,6-6",Mix 6,powder: carbonylIron,T,T22-6,per piece,"Feryster name ""RTP-05,6X2,4X3,6-6 RTP-05,6X2,4X3,6-6 T22-6 AL=4,5 RTP-05,6X2,4X3,6-6""",PLN,100,1.35,0,0,1,,"RTP-05,6X2,4X3,6-6 RTP-05,6X2,4X3,6-6 T22-6 AL=4,5 RTP-05,6X2,4X3,6-6",https://sklep.feryster.pl/37998-RTP-05-6X2-4X3-6-6.html,,2026-09-30T22:19:31Z,67.0,,0.34,"Micrometals datasheet ""Mass (approximate)"" (part T22-6)",https://datasheets.micrometals.com/T22-6-DataSheet.pdf @ 2026-09-30T20:20:56Z,carbonylIron,MAS core reference T22-6,0.259899,"ECB euro reference rates 2026-09-30 (extra/ecb.xml, fetched 2026-09-30T20:12:47Z)",0.3509
"Feryster (sklep.feryster.pl, PL; listed by Micrometals as authorized distributor)","distributor web shop product page (""Rabaty ilościowe"" table, net PLN)",Micrometals,T22-6,"RTP-05,6X2,4X3,6-6",Mix 6,powder: carbonylIron,T,T22-6,per piece,"Feryster name ""RTP-05,6X2,4X3,6-6 RTP-05,6X2,4X3,6-6 T22-6 AL=4,5 RTP-05,6X2,4X3,6-6""",PLN,500,1.28,0,0,1,,"RTP-05,6X2,4X3,6-6 RTP-05,6X2,4X3,6-6 T22-6 AL=4,5 RTP-05,6X2,4X3,6-6",https://sklep.feryster.pl/37998-RTP-05-6X2-4X3-6-6.html,,2026-09-30T22:19:31Z,67.0,,0.34,"Micrometals datasheet ""Mass (approximate)"" (part T22-6)",https://datasheets.micrometals.com/T22-6-DataSheet.pdf @ 2026-09-30T20:20:56Z,carbonylIron,MAS core reference T22-6,0.259899,"ECB euro reference rates 2026-09-30 (extra/ecb.xml, fetched 2026-09-30T20:12:47Z)",0.3327
"Feryster (sklep.feryster.pl, PL; listed by Micrometals as authorized distributor)","distributor web shop product page (""Rabaty ilościowe"" table, net PLN)",Micrometals,T22-6,"RTP-05,6X2,4X3,6-6",Mix 6,powder: carbonylIron,T,T22-6,per piece,"Feryster name ""RTP-05,6X2,4X3,6-6 RTP-05,6X2,4X3,6-6 T22-6 AL=4,5 RTP-05,6X2,4X3,6-6""",PLN,1000,1.21,0,1,1,,"RTP-05,6X2,4X3,6-6 RTP-05,6X2,4X3,6-6 T22-6 AL=4,5 RTP-05,6X2,4X3,6-6",https://sklep.feryster.pl/37998-RTP-05-6X2-4X3-6-6.html,,2026-09-30T22:19:31Z,67.0,,0.34,"Micrometals datasheet ""Mass (approximate)"" (part T22-6)",https://datasheets.micrometals.com/T22-6-DataSheet.pdf @ 2026-09-30T20:20:56Z,carbonylIron,MAS core reference T22-6,0.259899,"ECB euro reference rates 2026-09-30 (extra/ecb.xml, fetched 2026-09-30T20:12:47Z)",0.3145
"Feryster (sklep.feryster.pl, PL; listed by Micrometals as authorized distributor)","distributor web shop product page (""Rabaty ilościowe"" table, net PLN)",Micrometals,T22-6,"RTP-05,6X2,4X3,6-6",Mix 6,powder: carbonylIron,T,T22-6,per piece,"Feryster name ""RTP-05,6X2,4X3,6-6 RTP-05,6X2,4X3,6-6 T22-6 AL=4,5 RTP-05,6X2,4X3,6-6""",PLN,5000,1.14,0,0,1,,"RTP-05,6X2,4X3,6-6 RTP-05,6X2,4X3,6-6 T22-6 AL=4,5 RTP-05,6X2,4X3,6-6",https://sklep.feryster.pl/37998-RTP-05-6X2-4X3-6-6.html,,2026-09-30T22:19:31Z,67.0,,0.34,"Micrometals datasheet ""Mass (approximate)"" (part T22-6)",https://datasheets.micrometals.com/T22-6-DataSheet.pdf @ 2026-09-30T20:20:56Z,carbonylIron,MAS core reference T22-6,0.259899,"ECB euro reference rates 2026-09-30 (extra/ecb.xml, fetched 2026-09-30T20:12:47Z)",0.2963
"Feryster (sklep.feryster.pl, PL; listed by Micrometals as authorized distributor)","distributor web shop product page (""Rabaty ilościowe"" table, net PLN)",Micrometals,OP-130060-2,"RTOP-33,8X19,3X11,6",OP 60,powder: proprietary,O,OP-130060-2,per piece,"Feryster name ""RTOP-33,8X19,3X11,6 Rdzeń toroid (OP-130060-2) Al-61 RTOP-33,8X19,3X11,6 Rdzeń toroid (OP-130060-2) Al-61 RTOP-33,8X19,3X11,6""",PLN,1,23.45,1,0,1,,"RTOP-33,8X19,3X11,6 Rdzeń toroid (OP-130060-2) Al-61 RTOP-33,8X19,3X11,6 Rdzeń toroid (OP-130060-2) Al-61 RTOP-33,8X19,3X11,6",https://sklep.feryster.pl/40167-RTOP-33-8X19-3X11-6.html,,2026-09-30T22:19:34Z,5480.0,,36.0,"Micrometals datasheet ""Mass (approximate)"" (part OP-130060-2)",https://datasheets.micrometals.com/OP-130060-2-DataSheet.pdf @ 2026-09-30T22:29:54Z,proprietary,Micrometals alloy PN prefix OP + perm code 060 (not a MAS core reference),0.259899,"ECB euro reference rates 2026-09-30 (extra/ecb.xml, fetched 2026-09-30T20:12:47Z)",6.0946
"Feryster (sklep.feryster.pl, PL; listed by Micrometals as authorized distributor)","distributor web shop product page (""Rabaty ilościowe"" table, net PLN)",Micrometals,OP-130060-2,"RTOP-33,8X19,3X11,6",OP 60,powder: proprietary,O,OP-130060-2,per piece,"Feryster name ""RTOP-33,8X19,3X11,6 Rdzeń toroid (OP-130060-2) Al-61 RTOP-33,8X19,3X11,6 Rdzeń toroid (OP-130060-2) Al-61 RTOP-33,8X19,3X11,6""",PLN,100,22.28,0,0,1,,"RTOP-33,8X19,3X11,6 Rdzeń toroid (OP-130060-2) Al-61 RTOP-33,8X19,3X11,6 Rdzeń toroid (OP-130060-2) Al-61 RTOP-33,8X19,3X11,6",https://sklep.feryster.pl/40167-RTOP-33-8X19-3X11-6.html,,2026-09-30T22:19:34Z,5480.0,,36.0,"Micrometals datasheet ""Mass (approximate)"" (part OP-130060-2)",https://datasheets.micrometals.com/OP-130060-2-DataSheet.pdf @ 2026-09-30T22:29:54Z,proprietary,Micrometals alloy PN prefix OP + perm code 060 (not a MAS core reference),0.259899,"ECB euro reference rates 2026-09-30 (extra/ecb.xml, fetched 2026-09-30T20:12:47Z)",5.7906
"Feryster (sklep.feryster.pl, PL; listed by Micrometals as authorized distributor)","distributor web shop product page (""Rabaty ilościowe"" table, net PLN)",Micrometals,OP-130060-2,"RTOP-33,8X19,3X11,6",OP 60,powder: proprietary,O,OP-130060-2,per piece,"Feryster name ""RTOP-33,8X19,3X11,6 Rdzeń toroid (OP-130060-2) Al-61 RTOP-33,8X19,3X11,6 Rdzeń toroid (OP-130060-2) Al-61 RTOP-33,8X19,3X11,6""",PLN,500,21.11,0,0,1,,"RTOP-33,8X19,3X11,6 Rdzeń toroid (OP-130060-2) Al-61 RTOP-33,8X19,3X11,6 Rdzeń toroid (OP-130060-2) Al-61 RTOP-33,8X19,3X11,6",https://sklep.feryster.pl/40167-RTOP-33-8X19-3X11-6.html,,2026-09-30T22:19:34Z,5480.0,,36.0,"Micrometals datasheet ""Mass (approximate)"" (part OP-130060-2)",https://datasheets.micrometals.com/OP-130060-2-DataSheet.pdf @ 2026-09-30T22:29:54Z,proprietary,Micrometals alloy PN prefix OP + perm code 060 (not a MAS core reference),0.259899,"ECB euro reference rates 2026-09-30 (extra/ecb.xml, fetched 2026-09-30T20:12:47Z)",5.4865
"Feryster (sklep.feryster.pl, PL; listed by Micrometals as authorized distributor)","distributor web shop product page (""Rabaty ilościowe"" table, net PLN)",Micrometals,OP-130060-2,"RTOP-33,8X19,3X11,6",OP 60,powder: proprietary,O,OP-130060-2,per piece,"Feryster name ""RTOP-33,8X19,3X11,6 Rdzeń toroid (OP-130060-2) Al-61 RTOP-33,8X19,3X11,6 Rdzeń toroid (OP-130060-2) Al-61 RTOP-33,8X19,3X11,6""",PLN,1000,19.93,0,1,1,,"RTOP-33,8X19,3X11,6 Rdzeń toroid (OP-130060-2) Al-61 RTOP-33,8X19,3X11,6 Rdzeń toroid (OP-130060-2) Al-61 RTOP-33,8X19,3X11,6",https://sklep.feryster.pl/40167-RTOP-33-8X19-3X11-6.html,,2026-09-30T22:19:34Z,5480.0,,36.0,"Micrometals datasheet ""Mass (approximate)"" (part OP-130060-2)",https://datasheets.micrometals.com/OP-130060-2-DataSheet.pdf @ 2026-09-30T22:29:54Z,proprietary,Micrometals alloy PN prefix OP + perm code 060 (not a MAS core reference),0.259899,"ECB euro reference rates 2026-09-30 (extra/ecb.xml, fetched 2026-09-30T20:12:47Z)",5.1798
"Feryster (sklep.feryster.pl, PL; listed by Micrometals as authorized distributor)","distributor web shop product page (""Rabaty ilościowe"" table, net PLN)",Micrometals,OP-130060-2,"RTOP-33,8X19,3X11,6",OP 60,powder: proprietary,O,OP-130060-2,per piece,"Feryster name ""RTOP-33,8X19,3X11,6 Rdzeń toroid (OP-130060-2) Al-61 RTOP-33,8X19,3X11,6 Rdzeń toroid (OP-130060-2) Al-61 RTOP-33,8X19,3X11,6""",PLN,5000,18.76,0,0,1,,"RTOP-33,8X19,3X11,6 Rdzeń toroid (OP-130060-2) Al-61 RTOP-33,8X19,3X11,6 Rdzeń toroid (OP-130060-2) Al-61 RTOP-33,8X19,3X11,6",https://sklep.feryster.pl/40167-RTOP-33-8X19-3X11-6.html,,2026-09-30T22:19:34Z,5480.0,,36.0,"Micrometals datasheet ""Mass (approximate)"" (part OP-130060-2)",https://datasheets.micrometals.com/OP-130060-2-DataSheet.pdf @ 2026-09-30T22:29:54Z,proprietary,Micrometals alloy PN prefix OP + perm code 060 (not a MAS core reference),0.259899,"ECB euro reference rates 2026-09-30 (extra/ecb.xml, fetched 2026-09-30T20:12:47Z)",4.8757
"Feryster (sklep.feryster.pl, PL; listed by Micrometals as authorized distributor)","distributor web shop product page (""Rabaty ilościowe"" table, net PLN)",Micrometals,T37-6,"RTP-09,53X5,21X3,25-6",Mix 6,powder: carbonylIron,T,T37-6,per piece,"Feryster name ""RTP-09,53X5,21X3,25-6 RTP-09,53X5,21X3,25-6 T37-6 AL=3,2 RTP-09,53X5,21X3,25-6""",PLN,1,0.81,1,0,1,,"RTP-09,53X5,21X3,25-6 RTP-09,53X5,21X3,25-6 T37-6 AL=3,2 RTP-09,53X5,21X3,25-6",https://sklep.feryster.pl/40429-RTP-09-53X5-21X3-25-6.html,,2026-09-30T22:19:37Z,147.0,,0.74,"Micrometals datasheet ""Mass (approximate)"" (part T37-6)",https://datasheets.micrometals.com/T37-6-DataSheet.pdf @ 2026-09-30T20:23:21Z,carbonylIron,MAS core reference T37-6,0.259899,"ECB euro reference rates 2026-09-30 (extra/ecb.xml, fetched 2026-09-30T20:12:47Z)",0.2105
"Feryster (sklep.feryster.pl, PL; listed by Micrometals as authorized distributor)","distributor web shop product page (""Rabaty ilościowe"" table, net PLN)",Micrometals,T37-6,"RTP-09,53X5,21X3,25-6",Mix 6,powder: carbonylIron,T,T37-6,per piece,"Feryster name ""RTP-09,53X5,21X3,25-6 RTP-09,53X5,21X3,25-6 T37-6 AL=3,2 RTP-09,53X5,21X3,25-6""",PLN,100,0.77,0,0,1,,"RTP-09,53X5,21X3,25-6 RTP-09,53X5,21X3,25-6 T37-6 AL=3,2 RTP-09,53X5,21X3,25-6",https://sklep.feryster.pl/40429-RTP-09-53X5-21X3-25-6.html,,2026-09-30T22:19:37Z,147.0,,0.74,"Micrometals datasheet ""Mass (approximate)"" (part T37-6)",https://datasheets.micrometals.com/T37-6-DataSheet.pdf @ 2026-09-30T20:23:21Z,carbonylIron,MAS core reference T37-6,0.259899,"ECB euro reference rates 2026-09-30 (extra/ecb.xml, fetched 2026-09-30T20:12:47Z)",0.2001
"Feryster (sklep.feryster.pl, PL; listed by Micrometals as authorized distributor)","distributor web shop product page (""Rabaty ilościowe"" table, net PLN)",Micrometals,T37-6,"RTP-09,53X5,21X3,25-6",Mix 6,powder: carbonylIron,T,T37-6,per piece,"Feryster name ""RTP-09,53X5,21X3,25-6 RTP-09,53X5,21X3,25-6 T37-6 AL=3,2 RTP-09,53X5,21X3,25-6""",PLN,500,0.73,0,0,1,,"RTP-09,53X5,21X3,25-6 RTP-09,53X5,21X3,25-6 T37-6 AL=3,2 RTP-09,53X5,21X3,25-6",https://sklep.feryster.pl/40429-RTP-09-53X5-21X3-25-6.html,,2026-09-30T22:19:37Z,147.0,,0.74,"Micrometals datasheet ""Mass (approximate)"" (part T37-6)",https://datasheets.micrometals.com/T37-6-DataSheet.pdf @ 2026-09-30T20:23:21Z,carbonylIron,MAS core reference T37-6,0.259899,"ECB euro reference rates 2026-09-30 (extra/ecb.xml, fetched 2026-09-30T20:12:47Z)",0.1897
"Feryster (sklep.feryster.pl, PL; listed by Micrometals as authorized distributor)","distributor web shop product page (""Rabaty ilościowe"" table, net PLN)",Micrometals,T37-6,"RTP-09,53X5,21X3,25-6",Mix 6,powder: carbonylIron,T,T37-6,per piece,"Feryster name ""RTP-09,53X5,21X3,25-6 RTP-09,53X5,21X3,25-6 T37-6 AL=3,2 RTP-09,53X5,21X3,25-6""",PLN,1000,0.69,0,1,1,,"RTP-09,53X5,21X3,25-6 RTP-09,53X5,21X3,25-6 T37-6 AL=3,2 RTP-09,53X5,21X3,25-6",https://sklep.feryster.pl/40429-RTP-09-53X5-21X3-25-6.html,,2026-09-30T22:19:37Z,147.0,,0.74,"Micrometals datasheet ""Mass (approximate)"" (part T37-6)",https://datasheets.micrometals.com/T37-6-DataSheet.pdf @ 2026-09-30T20:23:21Z,carbonylIron,MAS core reference T37-6,0.259899,"ECB euro reference rates 2026-09-30 (extra/ecb.xml, fetched 2026-09-30T20:12:47Z)",0.1793
"Feryster (sklep.feryster.pl, PL; listed by Micrometals as authorized distributor)","distributor web shop product page (""Rabaty ilościowe"" table, net PLN)",Micrometals,T37-6,"RTP-09,53X5,21X3,25-6",Mix 6,powder: carbonylIron,T,T37-6,per piece,"Feryster name ""RTP-09,53X5,21X3,25-6 RTP-09,53X5,21X3,25-6 T37-6 AL=3,2 RTP-09,53X5,21X3,25-6""",PLN,5000,0.65,0,0,1,,"RTP-09,53X5,21X3,25-6 RTP-09,53X5,21X3,25-6 T37-6 AL=3,2 RTP-09,53X5,21X3,25-6",https://sklep.feryster.pl/40429-RTP-09-53X5-21X3-25-6.html,,2026-09-30T22:19:37Z,147.0,,0.74,"Micrometals datasheet ""Mass (approximate)"" (part T37-6)",https://datasheets.micrometals.com/T37-6-DataSheet.pdf @ 2026-09-30T20:23:21Z,carbonylIron,MAS core reference T37-6,0.259899,"ECB euro reference rates 2026-09-30 (extra/ecb.xml, fetched 2026-09-30T20:12:47Z)",0.1689
"Feryster (sklep.feryster.pl, PL; listed by Micrometals as authorized distributor)","distributor web shop product page (""Rabaty ilościowe"" table, net PLN)",Micrometals,OP-106060-2,"RTOP-27,8X14,1X12(060)",OP 60,powder: proprietary,O,OP-106060-2,per piece,"Feryster name ""RTOP-27,8X14,1X12(060) RTOP-27,8X14,1X12(060) (OP-106060-2) AL=75 RTOP-27,8X14,1X12(060) RTOP-27,8X14,1X12(060) (OP-106060-2) AL=75 RTOP-27,8X14,1X12(""",PLN,1,1.44,1,0,1,,"RTOP-27,8X14,1X12(060) RTOP-27,8X14,1X12(060) (OP-106060-2) AL=75 RTOP-27,8X14,1X12(060) RTOP-27,8X14,1X12(060) (OP-106060-2) AL=75 RTOP-27,8X14,1X12(060)",https://sklep.feryster.pl/41089-RTOP-27-8X14-1X12060.html,,2026-09-30T22:19:40Z,4150.0,,28.0,"Micrometals datasheet ""Mass (approximate)"" (part OP-106060-2)",https://datasheets.micrometals.com/OP-106060-2-DataSheet.pdf @ 2026-09-30T22:29:51Z,proprietary,Micrometals alloy PN prefix OP + perm code 060 (not a MAS core reference),0.259899,"ECB euro reference rates 2026-09-30 (extra/ecb.xml, fetched 2026-09-30T20:12:47Z)",0.3743
"Feryster (sklep.feryster.pl, PL; listed by Micrometals as authorized distributor)","distributor web shop product page (""Rabaty ilościowe"" table, net PLN)",Micrometals,OP-106060-2,"RTOP-27,8X14,1X12(060)",OP 60,powder: proprietary,O,OP-106060-2,per piece,"Feryster name ""RTOP-27,8X14,1X12(060) RTOP-27,8X14,1X12(060) (OP-106060-2) AL=75 RTOP-27,8X14,1X12(060) RTOP-27,8X14,1X12(060) (OP-106060-2) AL=75 RTOP-27,8X14,1X12(""",PLN,100,1.37,0,0,1,,"RTOP-27,8X14,1X12(060) RTOP-27,8X14,1X12(060) (OP-106060-2) AL=75 RTOP-27,8X14,1X12(060) RTOP-27,8X14,1X12(060) (OP-106060-2) AL=75 RTOP-27,8X14,1X12(060)",https://sklep.feryster.pl/41089-RTOP-27-8X14-1X12060.html,,2026-09-30T22:19:40Z,4150.0,,28.0,"Micrometals datasheet ""Mass (approximate)"" (part OP-106060-2)",https://datasheets.micrometals.com/OP-106060-2-DataSheet.pdf @ 2026-09-30T22:29:51Z,proprietary,Micrometals alloy PN prefix OP + perm code 060 (not a MAS core reference),0.259899,"ECB euro reference rates 2026-09-30 (extra/ecb.xml, fetched 2026-09-30T20:12:47Z)",0.3561
"Feryster (sklep.feryster.pl, PL; listed by Micrometals as authorized distributor)","distributor web shop product page (""Rabaty ilościowe"" table, net PLN)",Micrometals,OP-106060-2,"RTOP-27,8X14,1X12(060)",OP 60,powder: proprietary,O,OP-106060-2,per piece,"Feryster name ""RTOP-27,8X14,1X12(060) RTOP-27,8X14,1X12(060) (OP-106060-2) AL=75 RTOP-27,8X14,1X12(060) RTOP-27,8X14,1X12(060) (OP-106060-2) AL=75 RTOP-27,8X14,1X12(""",PLN,500,1.3,0,0,1,,"RTOP-27,8X14,1X12(060) RTOP-27,8X14,1X12(060) (OP-106060-2) AL=75 RTOP-27,8X14,1X12(060) RTOP-27,8X14,1X12(060) (OP-106060-2) AL=75 RTOP-27,8X14,1X12(060)",https://sklep.feryster.pl/41089-RTOP-27-8X14-1X12060.html,,2026-09-30T22:19:40Z,4150.0,,28.0,"Micrometals datasheet ""Mass (approximate)"" (part OP-106060-2)",https://datasheets.micrometals.com/OP-106060-2-DataSheet.pdf @ 2026-09-30T22:29:51Z,proprietary,Micrometals alloy PN prefix OP + perm code 060 (not a MAS core reference),0.259899,"ECB euro reference rates 2026-09-30 (extra/ecb.xml, fetched 2026-09-30T20:12:47Z)",0.3379
"Feryster (sklep.feryster.pl, PL; listed by Micrometals as authorized distributor)","distributor web shop product page (""Rabaty ilościowe"" table, net PLN)",Micrometals,OP-106060-2,"RTOP-27,8X14,1X12(060)",OP 60,powder: proprietary,O,OP-106060-2,per piece,"Feryster name ""RTOP-27,8X14,1X12(060) RTOP-27,8X14,1X12(060) (OP-106060-2) AL=75 RTOP-27,8X14,1X12(060) RTOP-27,8X14,1X12(060) (OP-106060-2) AL=75 RTOP-27,8X14,1X12(""",PLN,1000,1.22,0,1,1,,"RTOP-27,8X14,1X12(060) RTOP-27,8X14,1X12(060) (OP-106060-2) AL=75 RTOP-27,8X14,1X12(060) RTOP-27,8X14,1X12(060) (OP-106060-2) AL=75 RTOP-27,8X14,1X12(060)",https://sklep.feryster.pl/41089-RTOP-27-8X14-1X12060.html,,2026-09-30T22:19:40Z,4150.0,,28.0,"Micrometals datasheet ""Mass (approximate)"" (part OP-106060-2)",https://datasheets.micrometals.com/OP-106060-2-DataSheet.pdf @ 2026-09-30T22:29:51Z,proprietary,Micrometals alloy PN prefix OP + perm code 060 (not a MAS core reference),0.259899,"ECB euro reference rates 2026-09-30 (extra/ecb.xml, fetched 2026-09-30T20:12:47Z)",0.3171
"Feryster (sklep.feryster.pl, PL; listed by Micrometals as authorized distributor)","distributor web shop product page (""Rabaty ilościowe"" table, net PLN)",Micrometals,OP-106060-2,"RTOP-27,8X14,1X12(060)",OP 60,powder: proprietary,O,OP-106060-2,per piece,"Feryster name ""RTOP-27,8X14,1X12(060) RTOP-27,8X14,1X12(060) (OP-106060-2) AL=75 RTOP-27,8X14,1X12(060) RTOP-27,8X14,1X12(060) (OP-106060-2) AL=75 RTOP-27,8X14,1X12(""",PLN,5000,1.15,0,0,1,,"RTOP-27,8X14,1X12(060) RTOP-27,8X14,1X12(060) (OP-106060-2) AL=75 RTOP-27,8X14,1X12(060) RTOP-27,8X14,1X12(060) (OP-106060-2) AL=75 RTOP-27,8X14,1X12(060)",https://sklep.feryster.pl/41089-RTOP-27-8X14-1X12060.html,,2026-09-30T22:19:40Z,4150.0,,28.0,"Micrometals datasheet ""Mass (approximate)"" (part OP-106060-2)",https://datasheets.micrometals.com/OP-106060-2-DataSheet.pdf @ 2026-09-30T22:29:51Z,proprietary,Micrometals alloy PN prefix OP + perm code 060 (not a MAS core reference),0.259899,"ECB euro reference rates 2026-09-30 (extra/ecb.xml, fetched 2026-09-30T20:12:47Z)",0.2989
"Feryster (sklep.feryster.pl, PL; listed by Micrometals as authorized distributor)","distributor web shop product page (""Rabaty ilościowe"" table, net PLN)",Micrometals,T184-2,"RTP-46,7X24,1X18-(2)-LP",Mix 2,powder: carbonylIron,T,T184-2,per piece,"Feryster name ""RTP-46,7X24,1X18-(2)-LP Rdzeń toroid proszkowy (T184-2) Low Permability AL=24 RTP-46,7X24,1X18-(2)-LP""",PLN,1,20.52,1,0,1,,"RTP-46,7X24,1X18-(2)-LP Rdzeń toroid proszkowy (T184-2) Low Permability AL=24 RTP-46,7X24,1X18-(2)-LP",https://sklep.feryster.pl/41515-RTP-46-7X24-1X18-2-LP.html,,2026-09-30T22:19:43Z,21000.0,,110.0,"Micrometals datasheet ""Mass (approximate)"" (part T184-2)",https://datasheets.micrometals.com/T184-2-DataSheet.pdf @ 2026-09-30T20:19:36Z,carbonylIron,MAS core reference T184-2,0.259899,"ECB euro reference rates 2026-09-30 (extra/ecb.xml, fetched 2026-09-30T20:12:47Z)",5.3331
"Feryster (sklep.feryster.pl, PL; listed by Micrometals as authorized distributor)","distributor web shop product page (""Rabaty ilościowe"" table, net PLN)",Micrometals,T184-2,"RTP-46,7X24,1X18-(2)-LP",Mix 2,powder: carbonylIron,T,T184-2,per piece,"Feryster name ""RTP-46,7X24,1X18-(2)-LP Rdzeń toroid proszkowy (T184-2) Low Permability AL=24 RTP-46,7X24,1X18-(2)-LP""",PLN,100,19.49,0,0,1,,"RTP-46,7X24,1X18-(2)-LP Rdzeń toroid proszkowy (T184-2) Low Permability AL=24 RTP-46,7X24,1X18-(2)-LP",https://sklep.feryster.pl/41515-RTP-46-7X24-1X18-2-LP.html,,2026-09-30T22:19:43Z,21000.0,,110.0,"Micrometals datasheet ""Mass (approximate)"" (part T184-2)",https://datasheets.micrometals.com/T184-2-DataSheet.pdf @ 2026-09-30T20:19:36Z,carbonylIron,MAS core reference T184-2,0.259899,"ECB euro reference rates 2026-09-30 (extra/ecb.xml, fetched 2026-09-30T20:12:47Z)",5.0654
"Feryster (sklep.feryster.pl, PL; listed by Micrometals as authorized distributor)","distributor web shop product page (""Rabaty ilościowe"" table, net PLN)",Micrometals,T184-2,"RTP-46,7X24,1X18-(2)-LP",Mix 2,powder: carbonylIron,T,T184-2,per piece,"Feryster name ""RTP-46,7X24,1X18-(2)-LP Rdzeń toroid proszkowy (T184-2) Low Permability AL=24 RTP-46,7X24,1X18-(2)-LP""",PLN,500,18.47,0,0,1,,"RTP-46,7X24,1X18-(2)-LP Rdzeń toroid proszkowy (T184-2) Low Permability AL=24 RTP-46,7X24,1X18-(2)-LP",https://sklep.feryster.pl/41515-RTP-46-7X24-1X18-2-LP.html,,2026-09-30T22:19:43Z,21000.0,,110.0,"Micrometals datasheet ""Mass (approximate)"" (part T184-2)",https://datasheets.micrometals.com/T184-2-DataSheet.pdf @ 2026-09-30T20:19:36Z,carbonylIron,MAS core reference T184-2,0.259899,"ECB euro reference rates 2026-09-30 (extra/ecb.xml, fetched 2026-09-30T20:12:47Z)",4.8003
"Feryster (sklep.feryster.pl, PL; listed by Micrometals as authorized distributor)","distributor web shop product page (""Rabaty ilościowe"" table, net PLN)",Micrometals,T184-2,"RTP-46,7X24,1X18-(2)-LP",Mix 2,powder: carbonylIron,T,T184-2,per piece,"Feryster name ""RTP-46,7X24,1X18-(2)-LP Rdzeń toroid proszkowy (T184-2) Low Permability AL=24 RTP-46,7X24,1X18-(2)-LP""",PLN,1000,17.44,0,1,1,,"RTP-46,7X24,1X18-(2)-LP Rdzeń toroid proszkowy (T184-2) Low Permability AL=24 RTP-46,7X24,1X18-(2)-LP",https://sklep.feryster.pl/41515-RTP-46-7X24-1X18-2-LP.html,,2026-09-30T22:19:43Z,21000.0,,110.0,"Micrometals datasheet ""Mass (approximate)"" (part T184-2)",https://datasheets.micrometals.com/T184-2-DataSheet.pdf @ 2026-09-30T20:19:36Z,carbonylIron,MAS core reference T184-2,0.259899,"ECB euro reference rates 2026-09-30 (extra/ecb.xml, fetched 2026-09-30T20:12:47Z)",4.5326
"Feryster (sklep.feryster.pl, PL; listed by Micrometals as authorized distributor)","distributor web shop product page (""Rabaty ilościowe"" table, net PLN)",Micrometals,T184-2,"RTP-46,7X24,1X18-(2)-LP",Mix 2,powder: carbonylIron,T,T184-2,per piece,"Feryster name ""RTP-46,7X24,1X18-(2)-LP Rdzeń toroid proszkowy (T184-2) Low Permability AL=24 RTP-46,7X24,1X18-(2)-LP""",PLN,5000,16.42,0,0,1,,"RTP-46,7X24,1X18-(2)-LP Rdzeń toroid proszkowy (T184-2) Low Permability AL=24 RTP-46,7X24,1X18-(2)-LP",https://sklep.feryster.pl/41515-RTP-46-7X24-1X18-2-LP.html,,2026-09-30T22:19:43Z,21000.0,,110.0,"Micrometals datasheet ""Mass (approximate)"" (part T184-2)",https://datasheets.micrometals.com/T184-2-DataSheet.pdf @ 2026-09-30T20:19:36Z,carbonylIron,MAS core reference T184-2,0.259899,"ECB euro reference rates 2026-09-30 (extra/ecb.xml, fetched 2026-09-30T20:12:47Z)",4.2675
"Feryster (sklep.feryster.pl, PL; listed by Micrometals as authorized distributor)","distributor web shop product page (""Rabaty ilościowe"" table, net PLN)",Micrometals,E305-52,RPE77-52,Mix 52,powder: iron,E,E305-52,per piece,"Feryster name ""RPE77-52 E305-52 AL=287 RPE77-52""",PLN,1,24.66,1,0,1,,RPE77-52 E305-52 AL=287 RPE77-52,https://sklep.feryster.pl/42184-RPE77-52.html,,2026-09-30T22:19:46Z,104000.0,,360.0,"Micrometals datasheet ""Mass (approximate)"" (part E305-52)",https://datasheets.micrometals.com/E305-52-DataSheet.pdf @ 2026-09-30T22:28:18Z,iron,MAS core reference E305-52,0.259899,"ECB euro reference rates 2026-09-30 (extra/ecb.xml, fetched 2026-09-30T20:12:47Z)",6.4091
"Feryster (sklep.feryster.pl, PL; listed by Micrometals as authorized distributor)","distributor web shop product page (""Rabaty ilościowe"" table, net PLN)",Micrometals,E305-52,RPE77-52,Mix 52,powder: iron,E,E305-52,per piece,"Feryster name ""RPE77-52 E305-52 AL=287 RPE77-52""",PLN,100,23.43,0,0,1,,RPE77-52 E305-52 AL=287 RPE77-52,https://sklep.feryster.pl/42184-RPE77-52.html,,2026-09-30T22:19:46Z,104000.0,,360.0,"Micrometals datasheet ""Mass (approximate)"" (part E305-52)",https://datasheets.micrometals.com/E305-52-DataSheet.pdf @ 2026-09-30T22:28:18Z,iron,MAS core reference E305-52,0.259899,"ECB euro reference rates 2026-09-30 (extra/ecb.xml, fetched 2026-09-30T20:12:47Z)",6.0894
"Feryster (sklep.feryster.pl, PL; listed by Micrometals as authorized distributor)","distributor web shop product page (""Rabaty ilościowe"" table, net PLN)",Micrometals,E305-52,RPE77-52,Mix 52,powder: iron,E,E305-52,per piece,"Feryster name ""RPE77-52 E305-52 AL=287 RPE77-52""",PLN,500,22.19,0,0,1,,RPE77-52 E305-52 AL=287 RPE77-52,https://sklep.feryster.pl/42184-RPE77-52.html,,2026-09-30T22:19:46Z,104000.0,,360.0,"Micrometals datasheet ""Mass (approximate)"" (part E305-52)",https://datasheets.micrometals.com/E305-52-DataSheet.pdf @ 2026-09-30T22:28:18Z,iron,MAS core reference E305-52,0.259899,"ECB euro reference rates 2026-09-30 (extra/ecb.xml, fetched 2026-09-30T20:12:47Z)",5.7672
"Feryster (sklep.feryster.pl, PL; listed by Micrometals as authorized distributor)","distributor web shop product page (""Rabaty ilościowe"" table, net PLN)",Micrometals,E305-52,RPE77-52,Mix 52,powder: iron,E,E305-52,per piece,"Feryster name ""RPE77-52 E305-52 AL=287 RPE77-52""",PLN,1000,20.96,0,1,1,,RPE77-52 E305-52 AL=287 RPE77-52,https://sklep.feryster.pl/42184-RPE77-52.html,,2026-09-30T22:19:46Z,104000.0,,360.0,"Micrometals datasheet ""Mass (approximate)"" (part E305-52)",https://datasheets.micrometals.com/E305-52-DataSheet.pdf @ 2026-09-30T22:28:18Z,iron,MAS core reference E305-52,0.259899,"ECB euro reference rates 2026-09-30 (extra/ecb.xml, fetched 2026-09-30T20:12:47Z)",5.4475
"Feryster (sklep.feryster.pl, PL; listed by Micrometals as authorized distributor)","distributor web shop product page (""Rabaty ilościowe"" table, net PLN)",Micrometals,E305-52,RPE77-52,Mix 52,powder: iron,E,E305-52,per piece,"Feryster name ""RPE77-52 E305-52 AL=287 RPE77-52""",PLN,5000,19.73,0,0,1,,RPE77-52 E305-52 AL=287 RPE77-52,https://sklep.feryster.pl/42184-RPE77-52.html,,2026-09-30T22:19:46Z,104000.0,,360.0,"Micrometals datasheet ""Mass (approximate)"" (part E305-52)",https://datasheets.micrometals.com/E305-52-DataSheet.pdf @ 2026-09-30T22:28:18Z,iron,MAS core reference E305-52,0.259899,"ECB euro reference rates 2026-09-30 (extra/ecb.xml, fetched 2026-09-30T20:12:47Z)",5.1278
"Feryster (sklep.feryster.pl, PL; listed by Micrometals as authorized distributor)","distributor web shop product page (""Rabaty ilościowe"" table, net PLN)",Micrometals,T37-2,"RTP-09,53X5,21X3,25-2",Mix 2,powder: carbonylIron,T,T37-2,per piece,"Feryster name ""RTP-09,53X5,21X3,25-2 RTP-09,53X5,21X3,25-2 AL=4 +/- 5 % ( T37-2) RTP-09,53X5,21X3,25-2""",PLN,1,0.92,1,0,1,,"RTP-09,53X5,21X3,25-2 RTP-09,53X5,21X3,25-2 AL=4 +/- 5 % ( T37-2) RTP-09,53X5,21X3,25-2",https://sklep.feryster.pl/55692-RTP-09-53X5-21X3-25-2.html,,2026-09-30T22:19:49Z,147.0,,0.74,"Micrometals datasheet ""Mass (approximate)"" (part T37-2)",https://datasheets.micrometals.com/T37-2-DataSheet.pdf @ 2026-09-30T20:31:07Z,carbonylIron,MAS core reference T37-2,0.259899,"ECB euro reference rates 2026-09-30 (extra/ecb.xml, fetched 2026-09-30T20:12:47Z)",0.2391
"Feryster (sklep.feryster.pl, PL; listed by Micrometals as authorized distributor)","distributor web shop product page (""Rabaty ilościowe"" table, net PLN)",Micrometals,T37-2,"RTP-09,53X5,21X3,25-2",Mix 2,powder: carbonylIron,T,T37-2,per piece,"Feryster name ""RTP-09,53X5,21X3,25-2 RTP-09,53X5,21X3,25-2 AL=4 +/- 5 % ( T37-2) RTP-09,53X5,21X3,25-2""",PLN,100,0.87,0,0,1,,"RTP-09,53X5,21X3,25-2 RTP-09,53X5,21X3,25-2 AL=4 +/- 5 % ( T37-2) RTP-09,53X5,21X3,25-2",https://sklep.feryster.pl/55692-RTP-09-53X5-21X3-25-2.html,,2026-09-30T22:19:49Z,147.0,,0.74,"Micrometals datasheet ""Mass (approximate)"" (part T37-2)",https://datasheets.micrometals.com/T37-2-DataSheet.pdf @ 2026-09-30T20:31:07Z,carbonylIron,MAS core reference T37-2,0.259899,"ECB euro reference rates 2026-09-30 (extra/ecb.xml, fetched 2026-09-30T20:12:47Z)",0.2261
"Feryster (sklep.feryster.pl, PL; listed by Micrometals as authorized distributor)","distributor web shop product page (""Rabaty ilościowe"" table, net PLN)",Micrometals,T37-2,"RTP-09,53X5,21X3,25-2",Mix 2,powder: carbonylIron,T,T37-2,per piece,"Feryster name ""RTP-09,53X5,21X3,25-2 RTP-09,53X5,21X3,25-2 AL=4 +/- 5 % ( T37-2) RTP-09,53X5,21X3,25-2""",PLN,500,0.83,0,0,1,,"RTP-09,53X5,21X3,25-2 RTP-09,53X5,21X3,25-2 AL=4 +/- 5 % ( T37-2) RTP-09,53X5,21X3,25-2",https://sklep.feryster.pl/55692-RTP-09-53X5-21X3-25-2.html,,2026-09-30T22:19:49Z,147.0,,0.74,"Micrometals datasheet ""Mass (approximate)"" (part T37-2)",https://datasheets.micrometals.com/T37-2-DataSheet.pdf @ 2026-09-30T20:31:07Z,carbonylIron,MAS core reference T37-2,0.259899,"ECB euro reference rates 2026-09-30 (extra/ecb.xml, fetched 2026-09-30T20:12:47Z)",0.2157
"Feryster (sklep.feryster.pl, PL; listed by Micrometals as authorized distributor)","distributor web shop product page (""Rabaty ilościowe"" table, net PLN)",Micrometals,T37-2,"RTP-09,53X5,21X3,25-2",Mix 2,powder: carbonylIron,T,T37-2,per piece,"Feryster name ""RTP-09,53X5,21X3,25-2 RTP-09,53X5,21X3,25-2 AL=4 +/- 5 % ( T37-2) RTP-09,53X5,21X3,25-2""",PLN,1000,0.78,0,1,1,,"RTP-09,53X5,21X3,25-2 RTP-09,53X5,21X3,25-2 AL=4 +/- 5 % ( T37-2) RTP-09,53X5,21X3,25-2",https://sklep.feryster.pl/55692-RTP-09-53X5-21X3-25-2.html,,2026-09-30T22:19:49Z,147.0,,0.74,"Micrometals datasheet ""Mass (approximate)"" (part T37-2)",https://datasheets.micrometals.com/T37-2-DataSheet.pdf @ 2026-09-30T20:31:07Z,carbonylIron,MAS core reference T37-2,0.259899,"ECB euro reference rates 2026-09-30 (extra/ecb.xml, fetched 2026-09-30T20:12:47Z)",0.2027
"Feryster (sklep.feryster.pl, PL; listed by Micrometals as authorized distributor)","distributor web shop product page (""Rabaty ilościowe"" table, net PLN)",Micrometals,T37-2,"RTP-09,53X5,21X3,25-2",Mix 2,powder: carbonylIron,T,T37-2,per piece,"Feryster name ""RTP-09,53X5,21X3,25-2 RTP-09,53X5,21X3,25-2 AL=4 +/- 5 % ( T37-2) RTP-09,53X5,21X3,25-2""",PLN,5000,0.74,0,0,1,,"RTP-09,53X5,21X3,25-2 RTP-09,53X5,21X3,25-2 AL=4 +/- 5 % ( T37-2) RTP-09,53X5,21X3,25-2",https://sklep.feryster.pl/55692-RTP-09-53X5-21X3-25-2.html,,2026-09-30T22:19:49Z,147.0,,0.74,"Micrometals datasheet ""Mass (approximate)"" (part T37-2)",https://datasheets.micrometals.com/T37-2-DataSheet.pdf @ 2026-09-30T20:31:07Z,carbonylIron,MAS core reference T37-2,0.259899,"ECB euro reference rates 2026-09-30 (extra/ecb.xml, fetched 2026-09-30T20:12:47Z)",0.1923
"Feryster (sklep.feryster.pl, PL; listed by Micrometals as authorized distributor)","distributor web shop product page (""Rabaty ilościowe"" table, net PLN)",Micrometals,T650-2,RTP-165X88.9X50.8-2,Mix 2,powder: carbonylIron,T,T650-2,per piece,"Feryster name ""RTP-165X88.9X50.8-2 Rdzeń toroid proszkowy (T650-2) AL=58 RTP-165X88.9X50.8-2""",PLN,1,486.28,1,0,1,,RTP-165X88.9X50.8-2 Rdzeń toroid proszkowy (T650-2) AL=58 RTP-165X88.9X50.8-2,https://sklep.feryster.pl/57006-RTP-165X88-9X50-8-2.html,,2026-09-30T22:19:51Z,734000.0,,3670.0,"Micrometals datasheet ""Mass (approximate)"" (part T650-2)",https://datasheets.micrometals.com/T650-2-DataSheet.pdf @ 2026-09-30T22:32:58Z,carbonylIron,MAS core reference T650-2,0.259899,"ECB euro reference rates 2026-09-30 (extra/ecb.xml, fetched 2026-09-30T20:12:47Z)",126.3838
"Feryster (sklep.feryster.pl, PL; listed by Micrometals as authorized distributor)","distributor web shop product page (""Rabaty ilościowe"" table, net PLN)",Micrometals,T650-2,RTP-165X88.9X50.8-2,Mix 2,powder: carbonylIron,T,T650-2,per piece,"Feryster name ""RTP-165X88.9X50.8-2 Rdzeń toroid proszkowy (T650-2) AL=58 RTP-165X88.9X50.8-2""",PLN,100,461.97,0,0,1,,RTP-165X88.9X50.8-2 Rdzeń toroid proszkowy (T650-2) AL=58 RTP-165X88.9X50.8-2,https://sklep.feryster.pl/57006-RTP-165X88-9X50-8-2.html,,2026-09-30T22:19:51Z,734000.0,,3670.0,"Micrometals datasheet ""Mass (approximate)"" (part T650-2)",https://datasheets.micrometals.com/T650-2-DataSheet.pdf @ 2026-09-30T22:32:58Z,carbonylIron,MAS core reference T650-2,0.259899,"ECB euro reference rates 2026-09-30 (extra/ecb.xml, fetched 2026-09-30T20:12:47Z)",120.0657
"Feryster (sklep.feryster.pl, PL; listed by Micrometals as authorized distributor)","distributor web shop product page (""Rabaty ilościowe"" table, net PLN)",Micrometals,T650-2,RTP-165X88.9X50.8-2,Mix 2,powder: carbonylIron,T,T650-2,per piece,"Feryster name ""RTP-165X88.9X50.8-2 Rdzeń toroid proszkowy (T650-2) AL=58 RTP-165X88.9X50.8-2""",PLN,500,437.65,0,0,1,,RTP-165X88.9X50.8-2 Rdzeń toroid proszkowy (T650-2) AL=58 RTP-165X88.9X50.8-2,https://sklep.feryster.pl/57006-RTP-165X88-9X50-8-2.html,,2026-09-30T22:19:51Z,734000.0,,3670.0,"Micrometals datasheet ""Mass (approximate)"" (part T650-2)",https://datasheets.micrometals.com/T650-2-DataSheet.pdf @ 2026-09-30T22:32:58Z,carbonylIron,MAS core reference T650-2,0.259899,"ECB euro reference rates 2026-09-30 (extra/ecb.xml, fetched 2026-09-30T20:12:47Z)",113.7449
"Feryster (sklep.feryster.pl, PL; listed by Micrometals as authorized distributor)","distributor web shop product page (""Rabaty ilościowe"" table, net PLN)",Micrometals,T650-2,RTP-165X88.9X50.8-2,Mix 2,powder: carbonylIron,T,T650-2,per piece,"Feryster name ""RTP-165X88.9X50.8-2 Rdzeń toroid proszkowy (T650-2) AL=58 RTP-165X88.9X50.8-2""",PLN,1000,413.34,0,1,1,,RTP-165X88.9X50.8-2 Rdzeń toroid proszkowy (T650-2) AL=58 RTP-165X88.9X50.8-2,https://sklep.feryster.pl/57006-RTP-165X88-9X50-8-2.html,,2026-09-30T22:19:51Z,734000.0,,3670.0,"Micrometals datasheet ""Mass (approximate)"" (part T650-2)",https://datasheets.micrometals.com/T650-2-DataSheet.pdf @ 2026-09-30T22:32:58Z,carbonylIron,MAS core reference T650-2,0.259899,"ECB euro reference rates 2026-09-30 (extra/ecb.xml, fetched 2026-09-30T20:12:47Z)",107.4268
"Feryster (sklep.feryster.pl, PL; listed by Micrometals as authorized distributor)","distributor web shop product page (""Rabaty ilościowe"" table, net PLN)",Micrometals,T650-2,RTP-165X88.9X50.8-2,Mix 2,powder: carbonylIron,T,T650-2,per piece,"Feryster name ""RTP-165X88.9X50.8-2 Rdzeń toroid proszkowy (T650-2) AL=58 RTP-165X88.9X50.8-2""",PLN,5000,389.02,0,0,1,,RTP-165X88.9X50.8-2 Rdzeń toroid proszkowy (T650-2) AL=58 RTP-165X88.9X50.8-2,https://sklep.feryster.pl/57006-RTP-165X88-9X50-8-2.html,,2026-09-30T22:19:51Z,734000.0,,3670.0,"Micrometals datasheet ""Mass (approximate)"" (part T650-2)",https://datasheets.micrometals.com/T650-2-DataSheet.pdf @ 2026-09-30T22:32:58Z,carbonylIron,MAS core reference T650-2,0.259899,"ECB euro reference rates 2026-09-30 (extra/ecb.xml, fetched 2026-09-30T20:12:47Z)",101.106
"Feryster (sklep.feryster.pl, PL; listed by Micrometals as authorized distributor)","distributor web shop product page (""Rabaty ilościowe"" table, net PLN)",Micrometals,T68-40A,"RTP-17,5X9,4X6,35-40A",Mix 40,powder: iron,T,T68-40A,per piece,"Feryster name ""RTP-17,5X9,4X6,35-40A Rdzeń toroid proszkowy (T68-40A) AL=47 RTP-17,5X9,4X6,35-40A""",PLN,1,0.0,1,0,1,,"RTP-17,5X9,4X6,35-40A Rdzeń toroid proszkowy (T68-40A) AL=47 RTP-17,5X9,4X6,35-40A",https://sklep.feryster.pl/64507-RTP-17-5X9-4X6-35-40A.html,,2026-09-30T22:19:54Z,1030.0,,7.1,"Micrometals datasheet ""Mass (approximate)"" (part T68-40A)",https://datasheets.micrometals.com/T68-40A-DataSheet.pdf @ 2026-09-30T22:33:19Z,iron,MAS core reference T68-40A,0.259899,"ECB euro reference rates 2026-09-30 (extra/ecb.xml, fetched 2026-09-30T20:12:47Z)",0.0
"Feryster (sklep.feryster.pl, PL; listed by Micrometals as authorized distributor)","distributor web shop product page (""Rabaty ilościowe"" table, net PLN)",Micrometals,T68-40A,"RTP-17,5X9,4X6,35-40A",Mix 40,powder: iron,T,T68-40A,per piece,"Feryster name ""RTP-17,5X9,4X6,35-40A Rdzeń toroid proszkowy (T68-40A) AL=47 RTP-17,5X9,4X6,35-40A""",PLN,100,0.0,0,0,1,,"RTP-17,5X9,4X6,35-40A Rdzeń toroid proszkowy (T68-40A) AL=47 RTP-17,5X9,4X6,35-40A",https://sklep.feryster.pl/64507-RTP-17-5X9-4X6-35-40A.html,,2026-09-30T22:19:54Z,1030.0,,7.1,"Micrometals datasheet ""Mass (approximate)"" (part T68-40A)",https://datasheets.micrometals.com/T68-40A-DataSheet.pdf @ 2026-09-30T22:33:19Z,iron,MAS core reference T68-40A,0.259899,"ECB euro reference rates 2026-09-30 (extra/ecb.xml, fetched 2026-09-30T20:12:47Z)",0.0
"Feryster (sklep.feryster.pl, PL; listed by Micrometals as authorized distributor)","distributor web shop product page (""Rabaty ilościowe"" table, net PLN)",Micrometals,T68-40A,"RTP-17,5X9,4X6,35-40A",Mix 40,powder: iron,T,T68-40A,per piece,"Feryster name ""RTP-17,5X9,4X6,35-40A Rdzeń toroid proszkowy (T68-40A) AL=47 RTP-17,5X9,4X6,35-40A""",PLN,500,0.0,0,0,1,,"RTP-17,5X9,4X6,35-40A Rdzeń toroid proszkowy (T68-40A) AL=47 RTP-17,5X9,4X6,35-40A",https://sklep.feryster.pl/64507-RTP-17-5X9-4X6-35-40A.html,,2026-09-30T22:19:54Z,1030.0,,7.1,"Micrometals datasheet ""Mass (approximate)"" (part T68-40A)",https://datasheets.micrometals.com/T68-40A-DataSheet.pdf @ 2026-09-30T22:33:19Z,iron,MAS core reference T68-40A,0.259899,"ECB euro reference rates 2026-09-30 (extra/ecb.xml, fetched 2026-09-30T20:12:47Z)",0.0
"Feryster (sklep.feryster.pl, PL; listed by Micrometals as authorized distributor)","distributor web shop product page (""Rabaty ilościowe"" table, net PLN)",Micrometals,T68-40A,"RTP-17,5X9,4X6,35-40A",Mix 40,powder: iron,T,T68-40A,per piece,"Feryster name ""RTP-17,5X9,4X6,35-40A Rdzeń toroid proszkowy (T68-40A) AL=47 RTP-17,5X9,4X6,35-40A""",PLN,1000,0.0,0,1,1,,"RTP-17,5X9,4X6,35-40A Rdzeń toroid proszkowy (T68-40A) AL=47 RTP-17,5X9,4X6,35-40A",https://sklep.feryster.pl/64507-RTP-17-5X9-4X6-35-40A.html,,2026-09-30T22:19:54Z,1030.0,,7.1,"Micrometals datasheet ""Mass (approximate)"" (part T68-40A)",https://datasheets.micrometals.com/T68-40A-DataSheet.pdf @ 2026-09-30T22:33:19Z,iron,MAS core reference T68-40A,0.259899,"ECB euro reference rates 2026-09-30 (extra/ecb.xml, fetched 2026-09-30T20:12:47Z)",0.0
"Feryster (sklep.feryster.pl, PL; listed by Micrometals as authorized distributor)","distributor web shop product page (""Rabaty ilościowe"" table, net PLN)",Micrometals,T68-40A,"RTP-17,5X9,4X6,35-40A",Mix 40,powder: iron,T,T68-40A,per piece,"Feryster name ""RTP-17,5X9,4X6,35-40A Rdzeń toroid proszkowy (T68-40A) AL=47 RTP-17,5X9,4X6,35-40A""",PLN,5000,0.0,0,0,1,,"RTP-17,5X9,4X6,35-40A Rdzeń toroid proszkowy (T68-40A) AL=47 RTP-17,5X9,4X6,35-40A",https://sklep.feryster.pl/64507-RTP-17-5X9-4X6-35-40A.html,,2026-09-30T22:19:54Z,1030.0,,7.1,"Micrometals datasheet ""Mass (approximate)"" (part T68-40A)",https://datasheets.micrometals.com/T68-40A-DataSheet.pdf @ 2026-09-30T22:33:19Z,iron,MAS core reference T68-40A,0.259899,"ECB euro reference rates 2026-09-30 (extra/ecb.xml, fetched 2026-09-30T20:12:47Z)",0.0
"Feryster (sklep.feryster.pl, PL; listed by Micrometals as authorized distributor)","distributor web shop product page (""Rabaty ilościowe"" table, net PLN)",Micrometals,T300-34D,"RTP-77,2X49X25,4-34D",Mix 34,powder: iron,T,T300-34D,per piece,"Feryster name ""RTP-77,2X49X25,4-34D Rdzeń toroid proszkowy (T300-34D) AL=69 RTP-77,2X49X25,4-34D""",PLN,1,47.9,1,0,1,,"RTP-77,2X49X25,4-34D Rdzeń toroid proszkowy (T300-34D) AL=69 RTP-77,2X49X25,4-34D",https://sklep.feryster.pl/64848-RTP-77-2X49X25-4-34D.html,,2026-09-30T22:19:57Z,67000.0,,420.0,"Micrometals datasheet ""Mass (approximate)"" (part T300-34D)",https://datasheets.micrometals.com/T300-34D-DataSheet.pdf @ 2026-09-30T22:31:48Z,iron,MAS core reference T300-34D,0.259899,"ECB euro reference rates 2026-09-30 (extra/ecb.xml, fetched 2026-09-30T20:12:47Z)",12.4492
"Feryster (sklep.feryster.pl, PL; listed by Micrometals as authorized distributor)","distributor web shop product page (""Rabaty ilościowe"" table, net PLN)",Micrometals,T300-34D,"RTP-77,2X49X25,4-34D",Mix 34,powder: iron,T,T300-34D,per piece,"Feryster name ""RTP-77,2X49X25,4-34D Rdzeń toroid proszkowy (T300-34D) AL=69 RTP-77,2X49X25,4-34D""",PLN,100,45.51,0,0,1,,"RTP-77,2X49X25,4-34D Rdzeń toroid proszkowy (T300-34D) AL=69 RTP-77,2X49X25,4-34D",https://sklep.feryster.pl/64848-RTP-77-2X49X25-4-34D.html,,2026-09-30T22:19:57Z,67000.0,,420.0,"Micrometals datasheet ""Mass (approximate)"" (part T300-34D)",https://datasheets.micrometals.com/T300-34D-DataSheet.pdf @ 2026-09-30T22:31:48Z,iron,MAS core reference T300-34D,0.259899,"ECB euro reference rates 2026-09-30 (extra/ecb.xml, fetched 2026-09-30T20:12:47Z)",11.828
"Feryster (sklep.feryster.pl, PL; listed by Micrometals as authorized distributor)","distributor web shop product page (""Rabaty ilościowe"" table, net PLN)",Micrometals,T300-34D,"RTP-77,2X49X25,4-34D",Mix 34,powder: iron,T,T300-34D,per piece,"Feryster name ""RTP-77,2X49X25,4-34D Rdzeń toroid proszkowy (T300-34D) AL=69 RTP-77,2X49X25,4-34D""",PLN,500,43.11,0,0,1,,"RTP-77,2X49X25,4-34D Rdzeń toroid proszkowy (T300-34D) AL=69 RTP-77,2X49X25,4-34D",https://sklep.feryster.pl/64848-RTP-77-2X49X25-4-34D.html,,2026-09-30T22:19:57Z,67000.0,,420.0,"Micrometals datasheet ""Mass (approximate)"" (part T300-34D)",https://datasheets.micrometals.com/T300-34D-DataSheet.pdf @ 2026-09-30T22:31:48Z,iron,MAS core reference T300-34D,0.259899,"ECB euro reference rates 2026-09-30 (extra/ecb.xml, fetched 2026-09-30T20:12:47Z)",11.2043
"Feryster (sklep.feryster.pl, PL; listed by Micrometals as authorized distributor)","distributor web shop product page (""Rabaty ilościowe"" table, net PLN)",Micrometals,T300-34D,"RTP-77,2X49X25,4-34D",Mix 34,powder: iron,T,T300-34D,per piece,"Feryster name ""RTP-77,2X49X25,4-34D Rdzeń toroid proszkowy (T300-34D) AL=69 RTP-77,2X49X25,4-34D""",PLN,1000,40.72,0,1,1,,"RTP-77,2X49X25,4-34D Rdzeń toroid proszkowy (T300-34D) AL=69 RTP-77,2X49X25,4-34D",https://sklep.feryster.pl/64848-RTP-77-2X49X25-4-34D.html,,2026-09-30T22:19:57Z,67000.0,,420.0,"Micrometals datasheet ""Mass (approximate)"" (part T300-34D)",https://datasheets.micrometals.com/T300-34D-DataSheet.pdf @ 2026-09-30T22:31:48Z,iron,MAS core reference T300-34D,0.259899,"ECB euro reference rates 2026-09-30 (extra/ecb.xml, fetched 2026-09-30T20:12:47Z)",10.5831
"Feryster (sklep.feryster.pl, PL; listed by Micrometals as authorized distributor)","distributor web shop product page (""Rabaty ilościowe"" table, net PLN)",Micrometals,T300-34D,"RTP-77,2X49X25,4-34D",Mix 34,powder: iron,T,T300-34D,per piece,"Feryster name ""RTP-77,2X49X25,4-34D Rdzeń toroid proszkowy (T300-34D) AL=69 RTP-77,2X49X25,4-34D""",PLN,5000,38.32,0,0,1,,"RTP-77,2X49X25,4-34D Rdzeń toroid proszkowy (T300-34D) AL=69 RTP-77,2X49X25,4-34D",https://sklep.feryster.pl/64848-RTP-77-2X49X25-4-34D.html,,2026-09-30T22:19:57Z,67000.0,,420.0,"Micrometals datasheet ""Mass (approximate)"" (part T300-34D)",https://datasheets.micrometals.com/T300-34D-DataSheet.pdf @ 2026-09-30T22:31:48Z,iron,MAS core reference T300-34D,0.259899,"ECB euro reference rates 2026-09-30 (extra/ecb.xml, fetched 2026-09-30T20:12:47Z)",9.9593
"Feryster (sklep.feryster.pl, PL; listed by Micrometals as authorized distributor)","distributor web shop product page (""Rabaty ilościowe"" table, net PLN)",Micrometals,OC-226060,RTOC-58X26X16 (060),OC 60,powder: proprietary,O,OC-226060,per piece,"Feryster name ""RTOC-58X26X16 (060) Rdzeń toroid Optilloy-58X26X16 (OC-226060) AL=138 RTOC-58X26X16 (060)""",PLN,1,69.7,1,0,1,,RTOC-58X26X16 (060) Rdzeń toroid Optilloy-58X26X16 (OC-226060) AL=138 RTOC-58X26X16 (060),https://sklep.feryster.pl/71906-RTOC-58X26X16-060.html,,2026-09-30T22:20:00Z,28600.0,,190.0,"Micrometals datasheet ""Mass (approximate)"" (part OC-226060-2) ; -2 suffix added to Feryster PN to find the datasheet",https://datasheets.micrometals.com/OC-226060-2-DataSheet.pdf @ 2026-09-30T22:29:11Z,proprietary,Micrometals alloy PN prefix OC + perm code 060 (not a MAS core reference),0.259899,"ECB euro reference rates 2026-09-30 (extra/ecb.xml, fetched 2026-09-30T20:12:47Z)",18.115
"Feryster (sklep.feryster.pl, PL; listed by Micrometals as authorized distributor)","distributor web shop product page (""Rabaty ilościowe"" table, net PLN)",Micrometals,OC-226060,RTOC-58X26X16 (060),OC 60,powder: proprietary,O,OC-226060,per piece,"Feryster name ""RTOC-58X26X16 (060) Rdzeń toroid Optilloy-58X26X16 (OC-226060) AL=138 RTOC-58X26X16 (060)""",PLN,100,66.22,0,0,1,,RTOC-58X26X16 (060) Rdzeń toroid Optilloy-58X26X16 (OC-226060) AL=138 RTOC-58X26X16 (060),https://sklep.feryster.pl/71906-RTOC-58X26X16-060.html,,2026-09-30T22:20:00Z,28600.0,,190.0,"Micrometals datasheet ""Mass (approximate)"" (part OC-226060-2) ; -2 suffix added to Feryster PN to find the datasheet",https://datasheets.micrometals.com/OC-226060-2-DataSheet.pdf @ 2026-09-30T22:29:11Z,proprietary,Micrometals alloy PN prefix OC + perm code 060 (not a MAS core reference),0.259899,"ECB euro reference rates 2026-09-30 (extra/ecb.xml, fetched 2026-09-30T20:12:47Z)",17.2105
"Feryster (sklep.feryster.pl, PL; listed by Micrometals as authorized distributor)","distributor web shop product page (""Rabaty ilościowe"" table, net PLN)",Micrometals,OC-226060,RTOC-58X26X16 (060),OC 60,powder: proprietary,O,OC-226060,per piece,"Feryster name ""RTOC-58X26X16 (060) Rdzeń toroid Optilloy-58X26X16 (OC-226060) AL=138 RTOC-58X26X16 (060)""",PLN,500,62.73,0,0,1,,RTOC-58X26X16 (060) Rdzeń toroid Optilloy-58X26X16 (OC-226060) AL=138 RTOC-58X26X16 (060),https://sklep.feryster.pl/71906-RTOC-58X26X16-060.html,,2026-09-30T22:20:00Z,28600.0,,190.0,"Micrometals datasheet ""Mass (approximate)"" (part OC-226060-2) ; -2 suffix added to Feryster PN to find the datasheet",https://datasheets.micrometals.com/OC-226060-2-DataSheet.pdf @ 2026-09-30T22:29:11Z,proprietary,Micrometals alloy PN prefix OC + perm code 060 (not a MAS core reference),0.259899,"ECB euro reference rates 2026-09-30 (extra/ecb.xml, fetched 2026-09-30T20:12:47Z)",16.3035
"Feryster (sklep.feryster.pl, PL; listed by Micrometals as authorized distributor)","distributor web shop product page (""Rabaty ilościowe"" table, net PLN)",Micrometals,OC-226060,RTOC-58X26X16 (060),OC 60,powder: proprietary,O,OC-226060,per piece,"Feryster name ""RTOC-58X26X16 (060) Rdzeń toroid Optilloy-58X26X16 (OC-226060) AL=138 RTOC-58X26X16 (060)""",PLN,1000,59.25,0,1,1,,RTOC-58X26X16 (060) Rdzeń toroid Optilloy-58X26X16 (OC-226060) AL=138 RTOC-58X26X16 (060),https://sklep.feryster.pl/71906-RTOC-58X26X16-060.html,,2026-09-30T22:20:00Z,28600.0,,190.0,"Micrometals datasheet ""Mass (approximate)"" (part OC-226060-2) ; -2 suffix added to Feryster PN to find the datasheet",https://datasheets.micrometals.com/OC-226060-2-DataSheet.pdf @ 2026-09-30T22:29:11Z,proprietary,Micrometals alloy PN prefix OC + perm code 060 (not a MAS core reference),0.259899,"ECB euro reference rates 2026-09-30 (extra/ecb.xml, fetched 2026-09-30T20:12:47Z)",15.399
"Feryster (sklep.feryster.pl, PL; listed by Micrometals as authorized distributor)","distributor web shop product page (""Rabaty ilościowe"" table, net PLN)",Micrometals,OC-226060,RTOC-58X26X16 (060),OC 60,powder: proprietary,O,OC-226060,per piece,"Feryster name ""RTOC-58X26X16 (060) Rdzeń toroid Optilloy-58X26X16 (OC-226060) AL=138 RTOC-58X26X16 (060)""",PLN,5000,55.76,0,0,1,,RTOC-58X26X16 (060) Rdzeń toroid Optilloy-58X26X16 (OC-226060) AL=138 RTOC-58X26X16 (060),https://sklep.feryster.pl/71906-RTOC-58X26X16-060.html,,2026-09-30T22:20:00Z,28600.0,,190.0,"Micrometals datasheet ""Mass (approximate)"" (part OC-226060-2) ; -2 suffix added to Feryster PN to find the datasheet",https://datasheets.micrometals.com/OC-226060-2-DataSheet.pdf @ 2026-09-30T22:29:11Z,proprietary,Micrometals alloy PN prefix OC + perm code 060 (not a MAS core reference),0.259899,"ECB euro reference rates 2026-09-30 (extra/ecb.xml, fetched 2026-09-30T20:12:47Z)",14.492
"Feryster (sklep.feryster.pl, PL; listed by Micrometals as authorized distributor)","distributor web shop product page (""Rabaty ilościowe"" table, net PLN)",Micrometals,OC-080060-2H127,RTOC-080060-2H127,OC 60,powder: proprietary,O,OC-080060-2H127,per piece,"Feryster name ""RTOC-080060-2H127 Rdzeń toroid OC-080060-2H127 Al=64 RTOC-080060-2H127""",PLN,1,1.43,1,0,1,,RTOC-080060-2H127 Rdzeń toroid OC-080060-2H127 Al=64 RTOC-080060-2H127,https://sklep.feryster.pl/72399-RTOC-080060-2H127.html,,2026-09-30T22:20:03Z,2300.0,,16.0,"Micrometals datasheet ""Mass (approximate)"" (part OC-080060-2H127)",https://datasheets.micrometals.com/OC-080060-2H127-DataSheet.pdf @ 2026-09-30T22:28:59Z,proprietary,MAS core reference OC-080060-2H127,0.259899,"ECB euro reference rates 2026-09-30 (extra/ecb.xml, fetched 2026-09-30T20:12:47Z)",0.3717
"Feryster (sklep.feryster.pl, PL; listed by Micrometals as authorized distributor)","distributor web shop product page (""Rabaty ilościowe"" table, net PLN)",Micrometals,OC-080060-2H127,RTOC-080060-2H127,OC 60,powder: proprietary,O,OC-080060-2H127,per piece,"Feryster name ""RTOC-080060-2H127 Rdzeń toroid OC-080060-2H127 Al=64 RTOC-080060-2H127""",PLN,100,1.36,0,0,1,,RTOC-080060-2H127 Rdzeń toroid OC-080060-2H127 Al=64 RTOC-080060-2H127,https://sklep.feryster.pl/72399-RTOC-080060-2H127.html,,2026-09-30T22:20:03Z,2300.0,,16.0,"Micrometals datasheet ""Mass (approximate)"" (part OC-080060-2H127)",https://datasheets.micrometals.com/OC-080060-2H127-DataSheet.pdf @ 2026-09-30T22:28:59Z,proprietary,MAS core reference OC-080060-2H127,0.259899,"ECB euro reference rates 2026-09-30 (extra/ecb.xml, fetched 2026-09-30T20:12:47Z)",0.3535
"Feryster (sklep.feryster.pl, PL; listed by Micrometals as authorized distributor)","distributor web shop product page (""Rabaty ilościowe"" table, net PLN)",Micrometals,OC-080060-2H127,RTOC-080060-2H127,OC 60,powder: proprietary,O,OC-080060-2H127,per piece,"Feryster name ""RTOC-080060-2H127 Rdzeń toroid OC-080060-2H127 Al=64 RTOC-080060-2H127""",PLN,500,1.29,0,0,1,,RTOC-080060-2H127 Rdzeń toroid OC-080060-2H127 Al=64 RTOC-080060-2H127,https://sklep.feryster.pl/72399-RTOC-080060-2H127.html,,2026-09-30T22:20:03Z,2300.0,,16.0,"Micrometals datasheet ""Mass (approximate)"" (part OC-080060-2H127)",https://datasheets.micrometals.com/OC-080060-2H127-DataSheet.pdf @ 2026-09-30T22:28:59Z,proprietary,MAS core reference OC-080060-2H127,0.259899,"ECB euro reference rates 2026-09-30 (extra/ecb.xml, fetched 2026-09-30T20:12:47Z)",0.3353
"Feryster (sklep.feryster.pl, PL; listed by Micrometals as authorized distributor)","distributor web shop product page (""Rabaty ilościowe"" table, net PLN)",Micrometals,OC-080060-2H127,RTOC-080060-2H127,OC 60,powder: proprietary,O,OC-080060-2H127,per piece,"Feryster name ""RTOC-080060-2H127 Rdzeń toroid OC-080060-2H127 Al=64 RTOC-080060-2H127""",PLN,1000,1.22,0,1,1,,RTOC-080060-2H127 Rdzeń toroid OC-080060-2H127 Al=64 RTOC-080060-2H127,https://sklep.feryster.pl/72399-RTOC-080060-2H127.html,,2026-09-30T22:20:03Z,2300.0,,16.0,"Micrometals datasheet ""Mass (approximate)"" (part OC-080060-2H127)",https://datasheets.micrometals.com/OC-080060-2H127-DataSheet.pdf @ 2026-09-30T22:28:59Z,proprietary,MAS core reference OC-080060-2H127,0.259899,"ECB euro reference rates 2026-09-30 (extra/ecb.xml, fetched 2026-09-30T20:12:47Z)",0.3171
"Feryster (sklep.feryster.pl, PL; listed by Micrometals as authorized distributor)","distributor web shop product page (""Rabaty ilościowe"" table, net PLN)",Micrometals,OC-080060-2H127,RTOC-080060-2H127,OC 60,powder: proprietary,O,OC-080060-2H127,per piece,"Feryster name ""RTOC-080060-2H127 Rdzeń toroid OC-080060-2H127 Al=64 RTOC-080060-2H127""",PLN,5000,1.14,0,0,1,,RTOC-080060-2H127 Rdzeń toroid OC-080060-2H127 Al=64 RTOC-080060-2H127,https://sklep.feryster.pl/72399-RTOC-080060-2H127.html,,2026-09-30T22:20:03Z,2300.0,,16.0,"Micrometals datasheet ""Mass (approximate)"" (part OC-080060-2H127)",https://datasheets.micrometals.com/OC-080060-2H127-DataSheet.pdf @ 2026-09-30T22:28:59Z,proprietary,MAS core reference OC-080060-2H127,0.259899,"ECB euro reference rates 2026-09-30 (extra/ecb.xml, fetched 2026-09-30T20:12:47Z)",0.2963
"Feryster (sklep.feryster.pl, PL; listed by Micrometals as authorized distributor)","distributor web shop product page (""Rabaty ilościowe"" table, net PLN)",Micrometals,OC-080125-2,"RTOC-20,2X12,6X6,3 (125)",OC 125,powder: proprietary,O,OC-080125-2,per piece,"Feryster name ""RTOC-20,2X12,6X6,3 (125) Rdzeń toroid Optilloy-20,2X12,6X6,3 (OC-080125-2) AL=68 RTOC-20,2X12,6X6,3 (125)""",PLN,1,0.0,1,0,1,,"RTOC-20,2X12,6X6,3 (125) Rdzeń toroid Optilloy-20,2X12,6X6,3 (OC-080125-2) AL=68 RTOC-20,2X12,6X6,3 (125)",https://sklep.feryster.pl/73944-RTOC-20-2X12-6X6-3-125.html,,2026-09-30T22:20:06Z,1150.0,,8.0,"Micrometals datasheet ""Mass (approximate)"" (part OC-080125-2)",https://datasheets.micrometals.com/OC-080125-2-DataSheet.pdf @ 2026-09-30T22:29:02Z,proprietary,MAS core reference OC-080125-2,0.259899,"ECB euro reference rates 2026-09-30 (extra/ecb.xml, fetched 2026-09-30T20:12:47Z)",0.0
"Feryster (sklep.feryster.pl, PL; listed by Micrometals as authorized distributor)","distributor web shop product page (""Rabaty ilościowe"" table, net PLN)",Micrometals,OC-080125-2,"RTOC-20,2X12,6X6,3 (125)",OC 125,powder: proprietary,O,OC-080125-2,per piece,"Feryster name ""RTOC-20,2X12,6X6,3 (125) Rdzeń toroid Optilloy-20,2X12,6X6,3 (OC-080125-2) AL=68 RTOC-20,2X12,6X6,3 (125)""",PLN,100,0.0,0,0,1,,"RTOC-20,2X12,6X6,3 (125) Rdzeń toroid Optilloy-20,2X12,6X6,3 (OC-080125-2) AL=68 RTOC-20,2X12,6X6,3 (125)",https://sklep.feryster.pl/73944-RTOC-20-2X12-6X6-3-125.html,,2026-09-30T22:20:06Z,1150.0,,8.0,"Micrometals datasheet ""Mass (approximate)"" (part OC-080125-2)",https://datasheets.micrometals.com/OC-080125-2-DataSheet.pdf @ 2026-09-30T22:29:02Z,proprietary,MAS core reference OC-080125-2,0.259899,"ECB euro reference rates 2026-09-30 (extra/ecb.xml, fetched 2026-09-30T20:12:47Z)",0.0
"Feryster (sklep.feryster.pl, PL; listed by Micrometals as authorized distributor)","distributor web shop product page (""Rabaty ilościowe"" table, net PLN)",Micrometals,OC-080125-2,"RTOC-20,2X12,6X6,3 (125)",OC 125,powder: proprietary,O,OC-080125-2,per piece,"Feryster name ""RTOC-20,2X12,6X6,3 (125) Rdzeń toroid Optilloy-20,2X12,6X6,3 (OC-080125-2) AL=68 RTOC-20,2X12,6X6,3 (125)""",PLN,500,0.0,0,0,1,,"RTOC-20,2X12,6X6,3 (125) Rdzeń toroid Optilloy-20,2X12,6X6,3 (OC-080125-2) AL=68 RTOC-20,2X12,6X6,3 (125)",https://sklep.feryster.pl/73944-RTOC-20-2X12-6X6-3-125.html,,2026-09-30T22:20:06Z,1150.0,,8.0,"Micrometals datasheet ""Mass (approximate)"" (part OC-080125-2)",https://datasheets.micrometals.com/OC-080125-2-DataSheet.pdf @ 2026-09-30T22:29:02Z,proprietary,MAS core reference OC-080125-2,0.259899,"ECB euro reference rates 2026-09-30 (extra/ecb.xml, fetched 2026-09-30T20:12:47Z)",0.0
"Feryster (sklep.feryster.pl, PL; listed by Micrometals as authorized distributor)","distributor web shop product page (""Rabaty ilościowe"" table, net PLN)",Micrometals,OC-080125-2,"RTOC-20,2X12,6X6,3 (125)",OC 125,powder: proprietary,O,OC-080125-2,per piece,"Feryster name ""RTOC-20,2X12,6X6,3 (125) Rdzeń toroid Optilloy-20,2X12,6X6,3 (OC-080125-2) AL=68 RTOC-20,2X12,6X6,3 (125)""",PLN,1000,0.0,0,1,1,,"RTOC-20,2X12,6X6,3 (125) Rdzeń toroid Optilloy-20,2X12,6X6,3 (OC-080125-2) AL=68 RTOC-20,2X12,6X6,3 (125)",https://sklep.feryster.pl/73944-RTOC-20-2X12-6X6-3-125.html,,2026-09-30T22:20:06Z,1150.0,,8.0,"Micrometals datasheet ""Mass (approximate)"" (part OC-080125-2)",https://datasheets.micrometals.com/OC-080125-2-DataSheet.pdf @ 2026-09-30T22:29:02Z,proprietary,MAS core reference OC-080125-2,0.259899,"ECB euro reference rates 2026-09-30 (extra/ecb.xml, fetched 2026-09-30T20:12:47Z)",0.0
"Feryster (sklep.feryster.pl, PL; listed by Micrometals as authorized distributor)","distributor web shop product page (""Rabaty ilościowe"" table, net PLN)",Micrometals,OC-080125-2,"RTOC-20,2X12,6X6,3 (125)",OC 125,powder: proprietary,O,OC-080125-2,per piece,"Feryster name ""RTOC-20,2X12,6X6,3 (125) Rdzeń toroid Optilloy-20,2X12,6X6,3 (OC-080125-2) AL=68 RTOC-20,2X12,6X6,3 (125)""",PLN,5000,0.0,0,0,1,,"RTOC-20,2X12,6X6,3 (125) Rdzeń toroid Optilloy-20,2X12,6X6,3 (OC-080125-2) AL=68 RTOC-20,2X12,6X6,3 (125)",https://sklep.feryster.pl/73944-RTOC-20-2X12-6X6-3-125.html,,2026-09-30T22:20:06Z,1150.0,,8.0,"Micrometals datasheet ""Mass (approximate)"" (part OC-080125-2)",https://datasheets.micrometals.com/OC-080125-2-DataSheet.pdf @ 2026-09-30T22:29:02Z,proprietary,MAS core reference OC-080125-2,0.259899,"ECB euro reference rates 2026-09-30 (extra/ecb.xml, fetched 2026-09-30T20:12:47Z)",0.0
"Feryster (sklep.feryster.pl, PL; listed by Micrometals as authorized distributor)","distributor web shop product page (""Rabaty ilościowe"" table, net PLN)",Micrometals,OC-130060-2,"RTOC-33,8X19,3X11,6 (060)",OC 60,powder: proprietary,O,OC-130060-2,per piece,"Feryster name ""RTOC-33,8X19,3X11,6 (060) Rdzeń toroid Optilloy-33X20X11 (OC-130060-2) AL=61 RTOC-33,8X19,3X11,6 (060)""",PLN,1,14.4,1,0,1,,"RTOC-33,8X19,3X11,6 (060) Rdzeń toroid Optilloy-33X20X11 (OC-130060-2) AL=61 RTOC-33,8X19,3X11,6 (060)",https://sklep.feryster.pl/76687-RTOC-33-8X19-3X11-6-060.html,,2026-09-30T22:20:09Z,5480.0,,37.0,"Micrometals datasheet ""Mass (approximate)"" (part OC-130060-2)",https://datasheets.micrometals.com/OC-130060-2-DataSheet.pdf @ 2026-09-30T22:29:06Z,proprietary,MAS core reference OC-130060-2,0.259899,"ECB euro reference rates 2026-09-30 (extra/ecb.xml, fetched 2026-09-30T20:12:47Z)",3.7425
"Feryster (sklep.feryster.pl, PL; listed by Micrometals as authorized distributor)","distributor web shop product page (""Rabaty ilościowe"" table, net PLN)",Micrometals,OC-130060-2,"RTOC-33,8X19,3X11,6 (060)",OC 60,powder: proprietary,O,OC-130060-2,per piece,"Feryster name ""RTOC-33,8X19,3X11,6 (060) Rdzeń toroid Optilloy-33X20X11 (OC-130060-2) AL=61 RTOC-33,8X19,3X11,6 (060)""",PLN,100,13.68,0,0,1,,"RTOC-33,8X19,3X11,6 (060) Rdzeń toroid Optilloy-33X20X11 (OC-130060-2) AL=61 RTOC-33,8X19,3X11,6 (060)",https://sklep.feryster.pl/76687-RTOC-33-8X19-3X11-6-060.html,,2026-09-30T22:20:09Z,5480.0,,37.0,"Micrometals datasheet ""Mass (approximate)"" (part OC-130060-2)",https://datasheets.micrometals.com/OC-130060-2-DataSheet.pdf @ 2026-09-30T22:29:06Z,proprietary,MAS core reference OC-130060-2,0.259899,"ECB euro reference rates 2026-09-30 (extra/ecb.xml, fetched 2026-09-30T20:12:47Z)",3.5554
"Feryster (sklep.feryster.pl, PL; listed by Micrometals as authorized distributor)","distributor web shop product page (""Rabaty ilościowe"" table, net PLN)",Micrometals,OC-130060-2,"RTOC-33,8X19,3X11,6 (060)",OC 60,powder: proprietary,O,OC-130060-2,per piece,"Feryster name ""RTOC-33,8X19,3X11,6 (060) Rdzeń toroid Optilloy-33X20X11 (OC-130060-2) AL=61 RTOC-33,8X19,3X11,6 (060)""",PLN,500,12.96,0,0,1,,"RTOC-33,8X19,3X11,6 (060) Rdzeń toroid Optilloy-33X20X11 (OC-130060-2) AL=61 RTOC-33,8X19,3X11,6 (060)",https://sklep.feryster.pl/76687-RTOC-33-8X19-3X11-6-060.html,,2026-09-30T22:20:09Z,5480.0,,37.0,"Micrometals datasheet ""Mass (approximate)"" (part OC-130060-2)",https://datasheets.micrometals.com/OC-130060-2-DataSheet.pdf @ 2026-09-30T22:29:06Z,proprietary,MAS core reference OC-130060-2,0.259899,"ECB euro reference rates 2026-09-30 (extra/ecb.xml, fetched 2026-09-30T20:12:47Z)",3.3683
"Feryster (sklep.feryster.pl, PL; listed by Micrometals as authorized distributor)","distributor web shop product page (""Rabaty ilościowe"" table, net PLN)",Micrometals,OC-130060-2,"RTOC-33,8X19,3X11,6 (060)",OC 60,powder: proprietary,O,OC-130060-2,per piece,"Feryster name ""RTOC-33,8X19,3X11,6 (060) Rdzeń toroid Optilloy-33X20X11 (OC-130060-2) AL=61 RTOC-33,8X19,3X11,6 (060)""",PLN,1000,12.24,0,1,1,,"RTOC-33,8X19,3X11,6 (060) Rdzeń toroid Optilloy-33X20X11 (OC-130060-2) AL=61 RTOC-33,8X19,3X11,6 (060)",https://sklep.feryster.pl/76687-RTOC-33-8X19-3X11-6-060.html,,2026-09-30T22:20:09Z,5480.0,,37.0,"Micrometals datasheet ""Mass (approximate)"" (part OC-130060-2)",https://datasheets.micrometals.com/OC-130060-2-DataSheet.pdf @ 2026-09-30T22:29:06Z,proprietary,MAS core reference OC-130060-2,0.259899,"ECB euro reference rates 2026-09-30 (extra/ecb.xml, fetched 2026-09-30T20:12:47Z)",3.1812
"Feryster (sklep.feryster.pl, PL; listed by Micrometals as authorized distributor)","distributor web shop product page (""Rabaty ilościowe"" table, net PLN)",Micrometals,OC-130060-2,"RTOC-33,8X19,3X11,6 (060)",OC 60,powder: proprietary,O,OC-130060-2,per piece,"Feryster name ""RTOC-33,8X19,3X11,6 (060) Rdzeń toroid Optilloy-33X20X11 (OC-130060-2) AL=61 RTOC-33,8X19,3X11,6 (060)""",PLN,5000,11.52,0,0,1,,"RTOC-33,8X19,3X11,6 (060) Rdzeń toroid Optilloy-33X20X11 (OC-130060-2) AL=61 RTOC-33,8X19,3X11,6 (060)",https://sklep.feryster.pl/76687-RTOC-33-8X19-3X11-6-060.html,,2026-09-30T22:20:09Z,5480.0,,37.0,"Micrometals datasheet ""Mass (approximate)"" (part OC-130060-2)",https://datasheets.micrometals.com/OC-130060-2-DataSheet.pdf @ 2026-09-30T22:29:06Z,proprietary,MAS core reference OC-130060-2,0.259899,"ECB euro reference rates 2026-09-30 (extra/ecb.xml, fetched 2026-09-30T20:12:47Z)",2.994
"Feryster (sklep.feryster.pl, PL; listed by Micrometals as authorized distributor)","distributor web shop product page (""Rabaty ilościowe"" table, net PLN)",Micrometals,T68-2,"RTP-17,5X9,4X4,83-2",Mix 2,powder: carbonylIron,T,T68-2,per piece,"Feryster name ""RTP-17,5X9,4X4,83-2 Rdzeń toroid proszkowy (T68-2) Low Permability Al=5,7 RTP-17,5X9,4X4,83-2""",PLN,1,1.58,1,0,1,,"RTP-17,5X9,4X4,83-2 Rdzeń toroid proszkowy (T68-2) Low Permability Al=5,7 RTP-17,5X9,4X4,83-2",https://sklep.feryster.pl/77228-rtp-175x94x483-2.html,,2026-09-30T22:20:12Z,759.0,,3.8,"Micrometals datasheet ""Mass (approximate)"" (part T68-2)",https://datasheets.micrometals.com/T68-2-DataSheet.pdf @ 2026-09-30T20:25:47Z,carbonylIron,MAS core reference T68-2,0.259899,"ECB euro reference rates 2026-09-30 (extra/ecb.xml, fetched 2026-09-30T20:12:47Z)",0.4106
"Feryster (sklep.feryster.pl, PL; listed by Micrometals as authorized distributor)","distributor web shop product page (""Rabaty ilościowe"" table, net PLN)",Micrometals,T68-2,"RTP-17,5X9,4X4,83-2",Mix 2,powder: carbonylIron,T,T68-2,per piece,"Feryster name ""RTP-17,5X9,4X4,83-2 Rdzeń toroid proszkowy (T68-2) Low Permability Al=5,7 RTP-17,5X9,4X4,83-2""",PLN,100,1.5,0,0,1,,"RTP-17,5X9,4X4,83-2 Rdzeń toroid proszkowy (T68-2) Low Permability Al=5,7 RTP-17,5X9,4X4,83-2",https://sklep.feryster.pl/77228-rtp-175x94x483-2.html,,2026-09-30T22:20:12Z,759.0,,3.8,"Micrometals datasheet ""Mass (approximate)"" (part T68-2)",https://datasheets.micrometals.com/T68-2-DataSheet.pdf @ 2026-09-30T20:25:47Z,carbonylIron,MAS core reference T68-2,0.259899,"ECB euro reference rates 2026-09-30 (extra/ecb.xml, fetched 2026-09-30T20:12:47Z)",0.3898
"Feryster (sklep.feryster.pl, PL; listed by Micrometals as authorized distributor)","distributor web shop product page (""Rabaty ilościowe"" table, net PLN)",Micrometals,T68-2,"RTP-17,5X9,4X4,83-2",Mix 2,powder: carbonylIron,T,T68-2,per piece,"Feryster name ""RTP-17,5X9,4X4,83-2 Rdzeń toroid proszkowy (T68-2) Low Permability Al=5,7 RTP-17,5X9,4X4,83-2""",PLN,500,1.42,0,0,1,,"RTP-17,5X9,4X4,83-2 Rdzeń toroid proszkowy (T68-2) Low Permability Al=5,7 RTP-17,5X9,4X4,83-2",https://sklep.feryster.pl/77228-rtp-175x94x483-2.html,,2026-09-30T22:20:12Z,759.0,,3.8,"Micrometals datasheet ""Mass (approximate)"" (part T68-2)",https://datasheets.micrometals.com/T68-2-DataSheet.pdf @ 2026-09-30T20:25:47Z,carbonylIron,MAS core reference T68-2,0.259899,"ECB euro reference rates 2026-09-30 (extra/ecb.xml, fetched 2026-09-30T20:12:47Z)",0.3691
"Feryster (sklep.feryster.pl, PL; listed by Micrometals as authorized distributor)","distributor web shop product page (""Rabaty ilościowe"" table, net PLN)",Micrometals,T68-2,"RTP-17,5X9,4X4,83-2",Mix 2,powder: carbonylIron,T,T68-2,per piece,"Feryster name ""RTP-17,5X9,4X4,83-2 Rdzeń toroid proszkowy (T68-2) Low Permability Al=5,7 RTP-17,5X9,4X4,83-2""",PLN,1000,1.34,0,1,1,,"RTP-17,5X9,4X4,83-2 Rdzeń toroid proszkowy (T68-2) Low Permability Al=5,7 RTP-17,5X9,4X4,83-2",https://sklep.feryster.pl/77228-rtp-175x94x483-2.html,,2026-09-30T22:20:12Z,759.0,,3.8,"Micrometals datasheet ""Mass (approximate)"" (part T68-2)",https://datasheets.micrometals.com/T68-2-DataSheet.pdf @ 2026-09-30T20:25:47Z,carbonylIron,MAS core reference T68-2,0.259899,"ECB euro reference rates 2026-09-30 (extra/ecb.xml, fetched 2026-09-30T20:12:47Z)",0.3483
"Feryster (sklep.feryster.pl, PL; listed by Micrometals as authorized distributor)","distributor web shop product page (""Rabaty ilościowe"" table, net PLN)",Micrometals,T68-2,"RTP-17,5X9,4X4,83-2",Mix 2,powder: carbonylIron,T,T68-2,per piece,"Feryster name ""RTP-17,5X9,4X4,83-2 Rdzeń toroid proszkowy (T68-2) Low Permability Al=5,7 RTP-17,5X9,4X4,83-2""",PLN,5000,1.26,0,0,1,,"RTP-17,5X9,4X4,83-2 Rdzeń toroid proszkowy (T68-2) Low Permability Al=5,7 RTP-17,5X9,4X4,83-2",https://sklep.feryster.pl/77228-rtp-175x94x483-2.html,,2026-09-30T22:20:12Z,759.0,,3.8,"Micrometals datasheet ""Mass (approximate)"" (part T68-2)",https://datasheets.micrometals.com/T68-2-DataSheet.pdf @ 2026-09-30T20:25:47Z,carbonylIron,MAS core reference T68-2,0.259899,"ECB euro reference rates 2026-09-30 (extra/ecb.xml, fetched 2026-09-30T20:12:47Z)",0.3275
"Feryster (sklep.feryster.pl, PL; listed by Micrometals as authorized distributor)","distributor web shop product page (""Rabaty ilościowe"" table, net PLN)",Micrometals,T130-17,"RTP-33X19,8X11,1-17",Mix 17,powder: carbonylIron,T,T130-17,per piece,"Feryster name ""RTP-33X19,8X11,1-17 Rdzeń toroid proszkowy (T130-17) AL=4 RTP-33X19,8X11,1-17""",PLN,1,12.03,1,0,1,,"RTP-33X19,8X11,1-17 Rdzeń toroid proszkowy (T130-17) AL=4 RTP-33X19,8X11,1-17",https://sklep.feryster.pl/77231-RTP-33X19-8X11-1-17.html,,2026-09-30T22:20:15Z,5780.0,,28.0,"Micrometals datasheet ""Mass (approximate)"" (part T130-17)",https://datasheets.micrometals.com/T130-17-DataSheet.pdf @ 2026-09-30T20:17:46Z,carbonylIron,MAS core reference T130-17,0.259899,"ECB euro reference rates 2026-09-30 (extra/ecb.xml, fetched 2026-09-30T20:12:47Z)",3.1266
"Feryster (sklep.feryster.pl, PL; listed by Micrometals as authorized distributor)","distributor web shop product page (""Rabaty ilościowe"" table, net PLN)",Micrometals,T130-17,"RTP-33X19,8X11,1-17",Mix 17,powder: carbonylIron,T,T130-17,per piece,"Feryster name ""RTP-33X19,8X11,1-17 Rdzeń toroid proszkowy (T130-17) AL=4 RTP-33X19,8X11,1-17""",PLN,100,11.43,0,0,1,,"RTP-33X19,8X11,1-17 Rdzeń toroid proszkowy (T130-17) AL=4 RTP-33X19,8X11,1-17",https://sklep.feryster.pl/77231-RTP-33X19-8X11-1-17.html,,2026-09-30T22:20:15Z,5780.0,,28.0,"Micrometals datasheet ""Mass (approximate)"" (part T130-17)",https://datasheets.micrometals.com/T130-17-DataSheet.pdf @ 2026-09-30T20:17:46Z,carbonylIron,MAS core reference T130-17,0.259899,"ECB euro reference rates 2026-09-30 (extra/ecb.xml, fetched 2026-09-30T20:12:47Z)",2.9706
"Feryster (sklep.feryster.pl, PL; listed by Micrometals as authorized distributor)","distributor web shop product page (""Rabaty ilościowe"" table, net PLN)",Micrometals,T130-17,"RTP-33X19,8X11,1-17",Mix 17,powder: carbonylIron,T,T130-17,per piece,"Feryster name ""RTP-33X19,8X11,1-17 Rdzeń toroid proszkowy (T130-17) AL=4 RTP-33X19,8X11,1-17""",PLN,500,10.83,0,0,1,,"RTP-33X19,8X11,1-17 Rdzeń toroid proszkowy (T130-17) AL=4 RTP-33X19,8X11,1-17",https://sklep.feryster.pl/77231-RTP-33X19-8X11-1-17.html,,2026-09-30T22:20:15Z,5780.0,,28.0,"Micrometals datasheet ""Mass (approximate)"" (part T130-17)",https://datasheets.micrometals.com/T130-17-DataSheet.pdf @ 2026-09-30T20:17:46Z,carbonylIron,MAS core reference T130-17,0.259899,"ECB euro reference rates 2026-09-30 (extra/ecb.xml, fetched 2026-09-30T20:12:47Z)",2.8147
"Feryster (sklep.feryster.pl, PL; listed by Micrometals as authorized distributor)","distributor web shop product page (""Rabaty ilościowe"" table, net PLN)",Micrometals,T130-17,"RTP-33X19,8X11,1-17",Mix 17,powder: carbonylIron,T,T130-17,per piece,"Feryster name ""RTP-33X19,8X11,1-17 Rdzeń toroid proszkowy (T130-17) AL=4 RTP-33X19,8X11,1-17""",PLN,1000,10.23,0,1,1,,"RTP-33X19,8X11,1-17 Rdzeń toroid proszkowy (T130-17) AL=4 RTP-33X19,8X11,1-17",https://sklep.feryster.pl/77231-RTP-33X19-8X11-1-17.html,,2026-09-30T22:20:15Z,5780.0,,28.0,"Micrometals datasheet ""Mass (approximate)"" (part T130-17)",https://datasheets.micrometals.com/T130-17-DataSheet.pdf @ 2026-09-30T20:17:46Z,carbonylIron,MAS core reference T130-17,0.259899,"ECB euro reference rates 2026-09-30 (extra/ecb.xml, fetched 2026-09-30T20:12:47Z)",2.6588
"Feryster (sklep.feryster.pl, PL; listed by Micrometals as authorized distributor)","distributor web shop product page (""Rabaty ilościowe"" table, net PLN)",Micrometals,T130-17,"RTP-33X19,8X11,1-17",Mix 17,powder: carbonylIron,T,T130-17,per piece,"Feryster name ""RTP-33X19,8X11,1-17 Rdzeń toroid proszkowy (T130-17) AL=4 RTP-33X19,8X11,1-17""",PLN,5000,9.62,0,0,1,,"RTP-33X19,8X11,1-17 Rdzeń toroid proszkowy (T130-17) AL=4 RTP-33X19,8X11,1-17",https://sklep.feryster.pl/77231-RTP-33X19-8X11-1-17.html,,2026-09-30T22:20:15Z,5780.0,,28.0,"Micrometals datasheet ""Mass (approximate)"" (part T130-17)",https://datasheets.micrometals.com/T130-17-DataSheet.pdf @ 2026-09-30T20:17:46Z,carbonylIron,MAS core reference T130-17,0.259899,"ECB euro reference rates 2026-09-30 (extra/ecb.xml, fetched 2026-09-30T20:12:47Z)",2.5002
"Feryster (sklep.feryster.pl, PL; listed by Micrometals as authorized distributor)","distributor web shop product page (""Rabaty ilościowe"" table, net PLN)",Micrometals,T157-6,"RTP-39,9X24,1X14,5-6",Mix 6,powder: carbonylIron,T,T157-6,per piece,"Feryster name ""RTP-39,9X24,1X14,5-6 Rdzeń toroid proszkowy (T157-6) Low Permability AL=11,5 RTP-39,9X24,1X14,5-6""",PLN,1,41.25,1,0,1,,"RTP-39,9X24,1X14,5-6 Rdzeń toroid proszkowy (T157-6) Low Permability AL=11,5 RTP-39,9X24,1X14,5-6",https://sklep.feryster.pl/77237-RTP-39-9X24-1X14-5-6.html,,2026-09-30T22:20:18Z,10700.0,,,,,carbonylIron,MAS core reference T157-6,0.259899,"ECB euro reference rates 2026-09-30 (extra/ecb.xml, fetched 2026-09-30T20:12:47Z)",10.7208
"Feryster (sklep.feryster.pl, PL; listed by Micrometals as authorized distributor)","distributor web shop product page (""Rabaty ilościowe"" table, net PLN)",Micrometals,T157-6,"RTP-39,9X24,1X14,5-6",Mix 6,powder: carbonylIron,T,T157-6,per piece,"Feryster name ""RTP-39,9X24,1X14,5-6 Rdzeń toroid proszkowy (T157-6) Low Permability AL=11,5 RTP-39,9X24,1X14,5-6""",PLN,100,39.19,0,0,1,,"RTP-39,9X24,1X14,5-6 Rdzeń toroid proszkowy (T157-6) Low Permability AL=11,5 RTP-39,9X24,1X14,5-6",https://sklep.feryster.pl/77237-RTP-39-9X24-1X14-5-6.html,,2026-09-30T22:20:18Z,10700.0,,,,,carbonylIron,MAS core reference T157-6,0.259899,"ECB euro reference rates 2026-09-30 (extra/ecb.xml, fetched 2026-09-30T20:12:47Z)",10.1855
"Feryster (sklep.feryster.pl, PL; listed by Micrometals as authorized distributor)","distributor web shop product page (""Rabaty ilościowe"" table, net PLN)",Micrometals,T157-6,"RTP-39,9X24,1X14,5-6",Mix 6,powder: carbonylIron,T,T157-6,per piece,"Feryster name ""RTP-39,9X24,1X14,5-6 Rdzeń toroid proszkowy (T157-6) Low Permability AL=11,5 RTP-39,9X24,1X14,5-6""",PLN,500,37.13,0,0,1,,"RTP-39,9X24,1X14,5-6 Rdzeń toroid proszkowy (T157-6) Low Permability AL=11,5 RTP-39,9X24,1X14,5-6",https://sklep.feryster.pl/77237-RTP-39-9X24-1X14-5-6.html,,2026-09-30T22:20:18Z,10700.0,,,,,carbonylIron,MAS core reference T157-6,0.259899,"ECB euro reference rates 2026-09-30 (extra/ecb.xml, fetched 2026-09-30T20:12:47Z)",9.6501
"Feryster (sklep.feryster.pl, PL; listed by Micrometals as authorized distributor)","distributor web shop product page (""Rabaty ilościowe"" table, net PLN)",Micrometals,T157-6,"RTP-39,9X24,1X14,5-6",Mix 6,powder: carbonylIron,T,T157-6,per piece,"Feryster name ""RTP-39,9X24,1X14,5-6 Rdzeń toroid proszkowy (T157-6) Low Permability AL=11,5 RTP-39,9X24,1X14,5-6""",PLN,1000,35.06,0,1,1,,"RTP-39,9X24,1X14,5-6 Rdzeń toroid proszkowy (T157-6) Low Permability AL=11,5 RTP-39,9X24,1X14,5-6",https://sklep.feryster.pl/77237-RTP-39-9X24-1X14-5-6.html,,2026-09-30T22:20:18Z,10700.0,,,,,carbonylIron,MAS core reference T157-6,0.259899,"ECB euro reference rates 2026-09-30 (extra/ecb.xml, fetched 2026-09-30T20:12:47Z)",9.1121
"Feryster (sklep.feryster.pl, PL; listed by Micrometals as authorized distributor)","distributor web shop product page (""Rabaty ilościowe"" table, net PLN)",Micrometals,T157-6,"RTP-39,9X24,1X14,5-6",Mix 6,powder: carbonylIron,T,T157-6,per piece,"Feryster name ""RTP-39,9X24,1X14,5-6 Rdzeń toroid proszkowy (T157-6) Low Permability AL=11,5 RTP-39,9X24,1X14,5-6""",PLN,5000,33.0,0,0,1,,"RTP-39,9X24,1X14,5-6 Rdzeń toroid proszkowy (T157-6) Low Permability AL=11,5 RTP-39,9X24,1X14,5-6",https://sklep.feryster.pl/77237-RTP-39-9X24-1X14-5-6.html,,2026-09-30T22:20:18Z,10700.0,,,,,carbonylIron,MAS core reference T157-6,0.259899,"ECB euro reference rates 2026-09-30 (extra/ecb.xml, fetched 2026-09-30T20:12:47Z)",8.5767
"Feryster (sklep.feryster.pl, PL; listed by Micrometals as authorized distributor)","distributor web shop product page (""Rabaty ilościowe"" table, net PLN)",Micrometals,T37-0,"RTP-09,53X5,21X3,25",,unmapped,T,T37-0,per piece,"Feryster name ""RTP-09,53X5,21X3,25 Rdzeń toroid proszkowy (T37-0) AL=4,9 +/- 5 % RTP-09,53X5,21X3,25""",PLN,1,0.9,1,0,1,,"RTP-09,53X5,21X3,25 Rdzeń toroid proszkowy (T37-0) AL=4,9 +/- 5 % RTP-09,53X5,21X3,25",https://sklep.feryster.pl/77941-RTP-09-53X5-21X3-25.html,,2026-09-30T22:20:20Z,147.0,,0.32,"Micrometals datasheet ""Mass (approximate)"" (part T37-0)",https://datasheets.micrometals.com/T37-0-DataSheet.pdf @ 2026-09-30T20:23:00Z,,,0.259899,"ECB euro reference rates 2026-09-30 (extra/ecb.xml, fetched 2026-09-30T20:12:47Z)",0.2339
"Feryster (sklep.feryster.pl, PL; listed by Micrometals as authorized distributor)","distributor web shop product page (""Rabaty ilościowe"" table, net PLN)",Micrometals,T37-0,"RTP-09,53X5,21X3,25",,unmapped,T,T37-0,per piece,"Feryster name ""RTP-09,53X5,21X3,25 Rdzeń toroid proszkowy (T37-0) AL=4,9 +/- 5 % RTP-09,53X5,21X3,25""",PLN,100,0.86,0,0,1,,"RTP-09,53X5,21X3,25 Rdzeń toroid proszkowy (T37-0) AL=4,9 +/- 5 % RTP-09,53X5,21X3,25",https://sklep.feryster.pl/77941-RTP-09-53X5-21X3-25.html,,2026-09-30T22:20:20Z,147.0,,0.32,"Micrometals datasheet ""Mass (approximate)"" (part T37-0)",https://datasheets.micrometals.com/T37-0-DataSheet.pdf @ 2026-09-30T20:23:00Z,,,0.259899,"ECB euro reference rates 2026-09-30 (extra/ecb.xml, fetched 2026-09-30T20:12:47Z)",0.2235
"Feryster (sklep.feryster.pl, PL; listed by Micrometals as authorized distributor)","distributor web shop product page (""Rabaty ilościowe"" table, net PLN)",Micrometals,T37-0,"RTP-09,53X5,21X3,25",,unmapped,T,T37-0,per piece,"Feryster name ""RTP-09,53X5,21X3,25 Rdzeń toroid proszkowy (T37-0) AL=4,9 +/- 5 % RTP-09,53X5,21X3,25""",PLN,500,0.81,0,0,1,,"RTP-09,53X5,21X3,25 Rdzeń toroid proszkowy (T37-0) AL=4,9 +/- 5 % RTP-09,53X5,21X3,25",https://sklep.feryster.pl/77941-RTP-09-53X5-21X3-25.html,,2026-09-30T22:20:20Z,147.0,,0.32,"Micrometals datasheet ""Mass (approximate)"" (part T37-0)",https://datasheets.micrometals.com/T37-0-DataSheet.pdf @ 2026-09-30T20:23:00Z,,,0.259899,"ECB euro reference rates 2026-09-30 (extra/ecb.xml, fetched 2026-09-30T20:12:47Z)",0.2105
"Feryster (sklep.feryster.pl, PL; listed by Micrometals as authorized distributor)","distributor web shop product page (""Rabaty ilościowe"" table, net PLN)",Micrometals,T37-0,"RTP-09,53X5,21X3,25",,unmapped,T,T37-0,per piece,"Feryster name ""RTP-09,53X5,21X3,25 Rdzeń toroid proszkowy (T37-0) AL=4,9 +/- 5 % RTP-09,53X5,21X3,25""",PLN,1000,0.77,0,1,1,,"RTP-09,53X5,21X3,25 Rdzeń toroid proszkowy (T37-0) AL=4,9 +/- 5 % RTP-09,53X5,21X3,25",https://sklep.feryster.pl/77941-RTP-09-53X5-21X3-25.html,,2026-09-30T22:20:20Z,147.0,,0.32,"Micrometals datasheet ""Mass (approximate)"" (part T37-0)",https://datasheets.micrometals.com/T37-0-DataSheet.pdf @ 2026-09-30T20:23:00Z,,,0.259899,"ECB euro reference rates 2026-09-30 (extra/ecb.xml, fetched 2026-09-30T20:12:47Z)",0.2001
"Feryster (sklep.feryster.pl, PL; listed by Micrometals as authorized distributor)","distributor web shop product page (""Rabaty ilościowe"" table, net PLN)",Micrometals,T37-0,"RTP-09,53X5,21X3,25",,unmapped,T,T37-0,per piece,"Feryster name ""RTP-09,53X5,21X3,25 Rdzeń toroid proszkowy (T37-0) AL=4,9 +/- 5 % RTP-09,53X5,21X3,25""",PLN,5000,0.72,0,0,1,,"RTP-09,53X5,21X3,25 Rdzeń toroid proszkowy (T37-0) AL=4,9 +/- 5 % RTP-09,53X5,21X3,25",https://sklep.feryster.pl/77941-RTP-09-53X5-21X3-25.html,,2026-09-30T22:20:20Z,147.0,,0.32,"Micrometals datasheet ""Mass (approximate)"" (part T37-0)",https://datasheets.micrometals.com/T37-0-DataSheet.pdf @ 2026-09-30T20:23:00Z,,,0.259899,"ECB euro reference rates 2026-09-30 (extra/ecb.xml, fetched 2026-09-30T20:12:47Z)",0.1871
"Feryster (sklep.feryster.pl, PL; listed by Micrometals as authorized distributor)","distributor web shop product page (""Rabaty ilościowe"" table, net PLN)",Micrometals,T50-0,"RTP-12,7X7,7X4,83-0",,unmapped,T,T50-0,per piece,"Feryster name ""RTP-12,7X7,7X4,83-0 Rdzeń toroid proszkowy (T50-0) AL=6,4 RTP-12,7X7,7X4,83-0""",PLN,1,0.98,1,0,1,,"RTP-12,7X7,7X4,83-0 Rdzeń toroid proszkowy (T50-0) AL=6,4 RTP-12,7X7,7X4,83-0",https://sklep.feryster.pl/77948-RTP-12-7X7-7X4-83-0.html,,2026-09-30T22:20:23Z,358.0,,0.79,"Micrometals datasheet ""Mass (approximate)"" (part T50-0)",https://datasheets.micrometals.com/T50-0-DataSheet.pdf @ 2026-09-30T20:24:27Z,,,0.259899,"ECB euro reference rates 2026-09-30 (extra/ecb.xml, fetched 2026-09-30T20:12:47Z)",0.2547
"Feryster (sklep.feryster.pl, PL; listed by Micrometals as authorized distributor)","distributor web shop product page (""Rabaty ilościowe"" table, net PLN)",Micrometals,T50-0,"RTP-12,7X7,7X4,83-0",,unmapped,T,T50-0,per piece,"Feryster name ""RTP-12,7X7,7X4,83-0 Rdzeń toroid proszkowy (T50-0) AL=6,4 RTP-12,7X7,7X4,83-0""",PLN,100,0.93,0,0,1,,"RTP-12,7X7,7X4,83-0 Rdzeń toroid proszkowy (T50-0) AL=6,4 RTP-12,7X7,7X4,83-0",https://sklep.feryster.pl/77948-RTP-12-7X7-7X4-83-0.html,,2026-09-30T22:20:23Z,358.0,,0.79,"Micrometals datasheet ""Mass (approximate)"" (part T50-0)",https://datasheets.micrometals.com/T50-0-DataSheet.pdf @ 2026-09-30T20:24:27Z,,,0.259899,"ECB euro reference rates 2026-09-30 (extra/ecb.xml, fetched 2026-09-30T20:12:47Z)",0.2417
"Feryster (sklep.feryster.pl, PL; listed by Micrometals as authorized distributor)","distributor web shop product page (""Rabaty ilościowe"" table, net PLN)",Micrometals,T50-0,"RTP-12,7X7,7X4,83-0",,unmapped,T,T50-0,per piece,"Feryster name ""RTP-12,7X7,7X4,83-0 Rdzeń toroid proszkowy (T50-0) AL=6,4 RTP-12,7X7,7X4,83-0""",PLN,500,0.88,0,0,1,,"RTP-12,7X7,7X4,83-0 Rdzeń toroid proszkowy (T50-0) AL=6,4 RTP-12,7X7,7X4,83-0",https://sklep.feryster.pl/77948-RTP-12-7X7-7X4-83-0.html,,2026-09-30T22:20:23Z,358.0,,0.79,"Micrometals datasheet ""Mass (approximate)"" (part T50-0)",https://datasheets.micrometals.com/T50-0-DataSheet.pdf @ 2026-09-30T20:24:27Z,,,0.259899,"ECB euro reference rates 2026-09-30 (extra/ecb.xml, fetched 2026-09-30T20:12:47Z)",0.2287
"Feryster (sklep.feryster.pl, PL; listed by Micrometals as authorized distributor)","distributor web shop product page (""Rabaty ilościowe"" table, net PLN)",Micrometals,T50-0,"RTP-12,7X7,7X4,83-0",,unmapped,T,T50-0,per piece,"Feryster name ""RTP-12,7X7,7X4,83-0 Rdzeń toroid proszkowy (T50-0) AL=6,4 RTP-12,7X7,7X4,83-0""",PLN,1000,0.83,0,1,1,,"RTP-12,7X7,7X4,83-0 Rdzeń toroid proszkowy (T50-0) AL=6,4 RTP-12,7X7,7X4,83-0",https://sklep.feryster.pl/77948-RTP-12-7X7-7X4-83-0.html,,2026-09-30T22:20:23Z,358.0,,0.79,"Micrometals datasheet ""Mass (approximate)"" (part T50-0)",https://datasheets.micrometals.com/T50-0-DataSheet.pdf @ 2026-09-30T20:24:27Z,,,0.259899,"ECB euro reference rates 2026-09-30 (extra/ecb.xml, fetched 2026-09-30T20:12:47Z)",0.2157
"Feryster (sklep.feryster.pl, PL; listed by Micrometals as authorized distributor)","distributor web shop product page (""Rabaty ilościowe"" table, net PLN)",Micrometals,T50-0,"RTP-12,7X7,7X4,83-0",,unmapped,T,T50-0,per piece,"Feryster name ""RTP-12,7X7,7X4,83-0 Rdzeń toroid proszkowy (T50-0) AL=6,4 RTP-12,7X7,7X4,83-0""",PLN,5000,0.78,0,0,1,,"RTP-12,7X7,7X4,83-0 Rdzeń toroid proszkowy (T50-0) AL=6,4 RTP-12,7X7,7X4,83-0",https://sklep.feryster.pl/77948-RTP-12-7X7-7X4-83-0.html,,2026-09-30T22:20:23Z,358.0,,0.79,"Micrometals datasheet ""Mass (approximate)"" (part T50-0)",https://datasheets.micrometals.com/T50-0-DataSheet.pdf @ 2026-09-30T20:24:27Z,,,0.259899,"ECB euro reference rates 2026-09-30 (extra/ecb.xml, fetched 2026-09-30T20:12:47Z)",0.2027
"Feryster (sklep.feryster.pl, PL; listed by Micrometals as authorized distributor)","distributor web shop product page (""Rabaty ilościowe"" table, net PLN)",Micrometals,OD-134060-2,"RTOD-33,8X19,3X19 (060)",OD 60,powder: proprietary,O,OD-134060-2,per piece,"Feryster name ""RTOD-33,8X19,3X19 (060) Rdzeń toroid Optilloy-DC-33,8X19,3X19 (OD-134060-2) AL=102 RTOD-33,8X19,3X19 (060)""",PLN,1,16.21,1,0,1,,"RTOD-33,8X19,3X19 (060) Rdzeń toroid Optilloy-DC-33,8X19,3X19 (OD-134060-2) AL=102 RTOD-33,8X19,3X19 (060)",https://sklep.feryster.pl/78458-rtod-338x193x19-060.html,,2026-09-30T22:20:26Z,8980.0,,63.0,"Micrometals datasheet ""Mass (approximate)"" (part OD-134060-2)",https://datasheets.micrometals.com/OD-134060-2-DataSheet.pdf @ 2026-09-30T22:29:36Z,proprietary,MAS core reference OD-134060-2,0.259899,"ECB euro reference rates 2026-09-30 (extra/ecb.xml, fetched 2026-09-30T20:12:47Z)",4.213
"Feryster (sklep.feryster.pl, PL; listed by Micrometals as authorized distributor)","distributor web shop product page (""Rabaty ilościowe"" table, net PLN)",Micrometals,OD-134060-2,"RTOD-33,8X19,3X19 (060)",OD 60,powder: proprietary,O,OD-134060-2,per piece,"Feryster name ""RTOD-33,8X19,3X19 (060) Rdzeń toroid Optilloy-DC-33,8X19,3X19 (OD-134060-2) AL=102 RTOD-33,8X19,3X19 (060)""",PLN,100,15.4,0,0,1,,"RTOD-33,8X19,3X19 (060) Rdzeń toroid Optilloy-DC-33,8X19,3X19 (OD-134060-2) AL=102 RTOD-33,8X19,3X19 (060)",https://sklep.feryster.pl/78458-rtod-338x193x19-060.html,,2026-09-30T22:20:26Z,8980.0,,63.0,"Micrometals datasheet ""Mass (approximate)"" (part OD-134060-2)",https://datasheets.micrometals.com/OD-134060-2-DataSheet.pdf @ 2026-09-30T22:29:36Z,proprietary,MAS core reference OD-134060-2,0.259899,"ECB euro reference rates 2026-09-30 (extra/ecb.xml, fetched 2026-09-30T20:12:47Z)",4.0024
"Feryster (sklep.feryster.pl, PL; listed by Micrometals as authorized distributor)","distributor web shop product page (""Rabaty ilościowe"" table, net PLN)",Micrometals,OD-134060-2,"RTOD-33,8X19,3X19 (060)",OD 60,powder: proprietary,O,OD-134060-2,per piece,"Feryster name ""RTOD-33,8X19,3X19 (060) Rdzeń toroid Optilloy-DC-33,8X19,3X19 (OD-134060-2) AL=102 RTOD-33,8X19,3X19 (060)""",PLN,500,14.59,0,0,1,,"RTOD-33,8X19,3X19 (060) Rdzeń toroid Optilloy-DC-33,8X19,3X19 (OD-134060-2) AL=102 RTOD-33,8X19,3X19 (060)",https://sklep.feryster.pl/78458-rtod-338x193x19-060.html,,2026-09-30T22:20:26Z,8980.0,,63.0,"Micrometals datasheet ""Mass (approximate)"" (part OD-134060-2)",https://datasheets.micrometals.com/OD-134060-2-DataSheet.pdf @ 2026-09-30T22:29:36Z,proprietary,MAS core reference OD-134060-2,0.259899,"ECB euro reference rates 2026-09-30 (extra/ecb.xml, fetched 2026-09-30T20:12:47Z)",3.7919
"Feryster (sklep.feryster.pl, PL; listed by Micrometals as authorized distributor)","distributor web shop product page (""Rabaty ilościowe"" table, net PLN)",Micrometals,OD-134060-2,"RTOD-33,8X19,3X19 (060)",OD 60,powder: proprietary,O,OD-134060-2,per piece,"Feryster name ""RTOD-33,8X19,3X19 (060) Rdzeń toroid Optilloy-DC-33,8X19,3X19 (OD-134060-2) AL=102 RTOD-33,8X19,3X19 (060)""",PLN,1000,13.78,0,1,1,,"RTOD-33,8X19,3X19 (060) Rdzeń toroid Optilloy-DC-33,8X19,3X19 (OD-134060-2) AL=102 RTOD-33,8X19,3X19 (060)",https://sklep.feryster.pl/78458-rtod-338x193x19-060.html,,2026-09-30T22:20:26Z,8980.0,,63.0,"Micrometals datasheet ""Mass (approximate)"" (part OD-134060-2)",https://datasheets.micrometals.com/OD-134060-2-DataSheet.pdf @ 2026-09-30T22:29:36Z,proprietary,MAS core reference OD-134060-2,0.259899,"ECB euro reference rates 2026-09-30 (extra/ecb.xml, fetched 2026-09-30T20:12:47Z)",3.5814
"Feryster (sklep.feryster.pl, PL; listed by Micrometals as authorized distributor)","distributor web shop product page (""Rabaty ilościowe"" table, net PLN)",Micrometals,OD-134060-2,"RTOD-33,8X19,3X19 (060)",OD 60,powder: proprietary,O,OD-134060-2,per piece,"Feryster name ""RTOD-33,8X19,3X19 (060) Rdzeń toroid Optilloy-DC-33,8X19,3X19 (OD-134060-2) AL=102 RTOD-33,8X19,3X19 (060)""",PLN,5000,12.97,0,0,1,,"RTOD-33,8X19,3X19 (060) Rdzeń toroid Optilloy-DC-33,8X19,3X19 (OD-134060-2) AL=102 RTOD-33,8X19,3X19 (060)",https://sklep.feryster.pl/78458-rtod-338x193x19-060.html,,2026-09-30T22:20:26Z,8980.0,,63.0,"Micrometals datasheet ""Mass (approximate)"" (part OD-134060-2)",https://datasheets.micrometals.com/OD-134060-2-DataSheet.pdf @ 2026-09-30T22:29:36Z,proprietary,MAS core reference OD-134060-2,0.259899,"ECB euro reference rates 2026-09-30 (extra/ecb.xml, fetched 2026-09-30T20:12:47Z)",3.3709
"Feryster (sklep.feryster.pl, PL; listed by Micrometals as authorized distributor)","distributor web shop product page (""Rabaty ilościowe"" table, net PLN)",Micrometals,T68-6,"RTP-17,5X9,4X4,83-6",Mix 6,powder: carbonylIron,T,T68-6,per piece,"Feryster name ""RTP-17,5X9,4X4,83-6 Rdzeń toroid proszkowy (T68-6) Low Permability Al=4,7 RTP-17,5X9,4X4,83-6""",PLN,1,2.16,1,0,1,,"RTP-17,5X9,4X4,83-6 Rdzeń toroid proszkowy (T68-6) Low Permability Al=4,7 RTP-17,5X9,4X4,83-6",https://sklep.feryster.pl/78697-RTP-17-5X9-4X4-83-6.html,,2026-09-30T22:20:29Z,759.0,,3.8,"Micrometals datasheet ""Mass (approximate)"" (part T68-6)",https://datasheets.micrometals.com/T68-6-DataSheet.pdf @ 2026-09-30T20:25:58Z,carbonylIron,MAS core reference T68-6,0.259899,"ECB euro reference rates 2026-09-30 (extra/ecb.xml, fetched 2026-09-30T20:12:47Z)",0.5614
"Feryster (sklep.feryster.pl, PL; listed by Micrometals as authorized distributor)","distributor web shop product page (""Rabaty ilościowe"" table, net PLN)",Micrometals,T68-6,"RTP-17,5X9,4X4,83-6",Mix 6,powder: carbonylIron,T,T68-6,per piece,"Feryster name ""RTP-17,5X9,4X4,83-6 Rdzeń toroid proszkowy (T68-6) Low Permability Al=4,7 RTP-17,5X9,4X4,83-6""",PLN,100,2.05,0,0,1,,"RTP-17,5X9,4X4,83-6 Rdzeń toroid proszkowy (T68-6) Low Permability Al=4,7 RTP-17,5X9,4X4,83-6",https://sklep.feryster.pl/78697-RTP-17-5X9-4X4-83-6.html,,2026-09-30T22:20:29Z,759.0,,3.8,"Micrometals datasheet ""Mass (approximate)"" (part T68-6)",https://datasheets.micrometals.com/T68-6-DataSheet.pdf @ 2026-09-30T20:25:58Z,carbonylIron,MAS core reference T68-6,0.259899,"ECB euro reference rates 2026-09-30 (extra/ecb.xml, fetched 2026-09-30T20:12:47Z)",0.5328
"Feryster (sklep.feryster.pl, PL; listed by Micrometals as authorized distributor)","distributor web shop product page (""Rabaty ilościowe"" table, net PLN)",Micrometals,T68-6,"RTP-17,5X9,4X4,83-6",Mix 6,powder: carbonylIron,T,T68-6,per piece,"Feryster name ""RTP-17,5X9,4X4,83-6 Rdzeń toroid proszkowy (T68-6) Low Permability Al=4,7 RTP-17,5X9,4X4,83-6""",PLN,500,1.94,0,0,1,,"RTP-17,5X9,4X4,83-6 Rdzeń toroid proszkowy (T68-6) Low Permability Al=4,7 RTP-17,5X9,4X4,83-6",https://sklep.feryster.pl/78697-RTP-17-5X9-4X4-83-6.html,,2026-09-30T22:20:29Z,759.0,,3.8,"Micrometals datasheet ""Mass (approximate)"" (part T68-6)",https://datasheets.micrometals.com/T68-6-DataSheet.pdf @ 2026-09-30T20:25:58Z,carbonylIron,MAS core reference T68-6,0.259899,"ECB euro reference rates 2026-09-30 (extra/ecb.xml, fetched 2026-09-30T20:12:47Z)",0.5042
"Feryster (sklep.feryster.pl, PL; listed by Micrometals as authorized distributor)","distributor web shop product page (""Rabaty ilościowe"" table, net PLN)",Micrometals,T68-6,"RTP-17,5X9,4X4,83-6",Mix 6,powder: carbonylIron,T,T68-6,per piece,"Feryster name ""RTP-17,5X9,4X4,83-6 Rdzeń toroid proszkowy (T68-6) Low Permability Al=4,7 RTP-17,5X9,4X4,83-6""",PLN,1000,1.84,0,1,1,,"RTP-17,5X9,4X4,83-6 Rdzeń toroid proszkowy (T68-6) Low Permability Al=4,7 RTP-17,5X9,4X4,83-6",https://sklep.feryster.pl/78697-RTP-17-5X9-4X4-83-6.html,,2026-09-30T22:20:29Z,759.0,,3.8,"Micrometals datasheet ""Mass (approximate)"" (part T68-6)",https://datasheets.micrometals.com/T68-6-DataSheet.pdf @ 2026-09-30T20:25:58Z,carbonylIron,MAS core reference T68-6,0.259899,"ECB euro reference rates 2026-09-30 (extra/ecb.xml, fetched 2026-09-30T20:12:47Z)",0.4782
"Feryster (sklep.feryster.pl, PL; listed by Micrometals as authorized distributor)","distributor web shop product page (""Rabaty ilościowe"" table, net PLN)",Micrometals,T68-6,"RTP-17,5X9,4X4,83-6",Mix 6,powder: carbonylIron,T,T68-6,per piece,"Feryster name ""RTP-17,5X9,4X4,83-6 Rdzeń toroid proszkowy (T68-6) Low Permability Al=4,7 RTP-17,5X9,4X4,83-6""",PLN,5000,1.73,0,0,1,,"RTP-17,5X9,4X4,83-6 Rdzeń toroid proszkowy (T68-6) Low Permability Al=4,7 RTP-17,5X9,4X4,83-6",https://sklep.feryster.pl/78697-RTP-17-5X9-4X4-83-6.html,,2026-09-30T22:20:29Z,759.0,,3.8,"Micrometals datasheet ""Mass (approximate)"" (part T68-6)",https://datasheets.micrometals.com/T68-6-DataSheet.pdf @ 2026-09-30T20:25:58Z,carbonylIron,MAS core reference T68-6,0.259899,"ECB euro reference rates 2026-09-30 (extra/ecb.xml, fetched 2026-09-30T20:12:47Z)",0.4496
"Feryster (sklep.feryster.pl, PL; listed by Micrometals as authorized distributor)","distributor web shop product page (""Rabaty ilościowe"" table, net PLN)",Micrometals,OD-107090-2,"RTOD-27,7X14,1X9,5 (090)",OD 90,powder: proprietary,O,OD-107090-2,per piece,"Feryster name ""RTOD-27,7X14,1X9,5 (090) Rdzeń toroid Optilloy-DC-27,7X14,1X9,45 (OD-107090-2) AL=88,4 RTOD-27,7X14,1X9,5 (090)""",PLN,1,2.46,1,0,1,,"RTOD-27,7X14,1X9,5 (090) Rdzeń toroid Optilloy-DC-27,7X14,1X9,45 (OD-107090-2) AL=88,4 RTOD-27,7X14,1X9,5 (090)",https://sklep.feryster.pl/79392-RTOD-27-7X14-1X9-5-090.html,,2026-09-30T22:20:32Z,3160.0,,23.0,"Micrometals datasheet ""Mass (approximate)"" (part OD-107090-2)",https://datasheets.micrometals.com/OD-107090-2-DataSheet.pdf @ 2026-09-30T22:29:26Z,proprietary,MAS core reference OD-107090-2,0.259899,"ECB euro reference rates 2026-09-30 (extra/ecb.xml, fetched 2026-09-30T20:12:47Z)",0.6394
"Feryster (sklep.feryster.pl, PL; listed by Micrometals as authorized distributor)","distributor web shop product page (""Rabaty ilościowe"" table, net PLN)",Micrometals,OD-107090-2,"RTOD-27,7X14,1X9,5 (090)",OD 90,powder: proprietary,O,OD-107090-2,per piece,"Feryster name ""RTOD-27,7X14,1X9,5 (090) Rdzeń toroid Optilloy-DC-27,7X14,1X9,45 (OD-107090-2) AL=88,4 RTOD-27,7X14,1X9,5 (090)""",PLN,100,2.34,0,0,1,,"RTOD-27,7X14,1X9,5 (090) Rdzeń toroid Optilloy-DC-27,7X14,1X9,45 (OD-107090-2) AL=88,4 RTOD-27,7X14,1X9,5 (090)",https://sklep.feryster.pl/79392-RTOD-27-7X14-1X9-5-090.html,,2026-09-30T22:20:32Z,3160.0,,23.0,"Micrometals datasheet ""Mass (approximate)"" (part OD-107090-2)",https://datasheets.micrometals.com/OD-107090-2-DataSheet.pdf @ 2026-09-30T22:29:26Z,proprietary,MAS core reference OD-107090-2,0.259899,"ECB euro reference rates 2026-09-30 (extra/ecb.xml, fetched 2026-09-30T20:12:47Z)",0.6082
"Feryster (sklep.feryster.pl, PL; listed by Micrometals as authorized distributor)","distributor web shop product page (""Rabaty ilościowe"" table, net PLN)",Micrometals,OD-107090-2,"RTOD-27,7X14,1X9,5 (090)",OD 90,powder: proprietary,O,OD-107090-2,per piece,"Feryster name ""RTOD-27,7X14,1X9,5 (090) Rdzeń toroid Optilloy-DC-27,7X14,1X9,45 (OD-107090-2) AL=88,4 RTOD-27,7X14,1X9,5 (090)""",PLN,500,2.21,0,0,1,,"RTOD-27,7X14,1X9,5 (090) Rdzeń toroid Optilloy-DC-27,7X14,1X9,45 (OD-107090-2) AL=88,4 RTOD-27,7X14,1X9,5 (090)",https://sklep.feryster.pl/79392-RTOD-27-7X14-1X9-5-090.html,,2026-09-30T22:20:32Z,3160.0,,23.0,"Micrometals datasheet ""Mass (approximate)"" (part OD-107090-2)",https://datasheets.micrometals.com/OD-107090-2-DataSheet.pdf @ 2026-09-30T22:29:26Z,proprietary,MAS core reference OD-107090-2,0.259899,"ECB euro reference rates 2026-09-30 (extra/ecb.xml, fetched 2026-09-30T20:12:47Z)",0.5744
"Feryster (sklep.feryster.pl, PL; listed by Micrometals as authorized distributor)","distributor web shop product page (""Rabaty ilościowe"" table, net PLN)",Micrometals,OD-107090-2,"RTOD-27,7X14,1X9,5 (090)",OD 90,powder: proprietary,O,OD-107090-2,per piece,"Feryster name ""RTOD-27,7X14,1X9,5 (090) Rdzeń toroid Optilloy-DC-27,7X14,1X9,45 (OD-107090-2) AL=88,4 RTOD-27,7X14,1X9,5 (090)""",PLN,1000,2.09,0,1,1,,"RTOD-27,7X14,1X9,5 (090) Rdzeń toroid Optilloy-DC-27,7X14,1X9,45 (OD-107090-2) AL=88,4 RTOD-27,7X14,1X9,5 (090)",https://sklep.feryster.pl/79392-RTOD-27-7X14-1X9-5-090.html,,2026-09-30T22:20:32Z,3160.0,,23.0,"Micrometals datasheet ""Mass (approximate)"" (part OD-107090-2)",https://datasheets.micrometals.com/OD-107090-2-DataSheet.pdf @ 2026-09-30T22:29:26Z,proprietary,MAS core reference OD-107090-2,0.259899,"ECB euro reference rates 2026-09-30 (extra/ecb.xml, fetched 2026-09-30T20:12:47Z)",0.5432
"Feryster (sklep.feryster.pl, PL; listed by Micrometals as authorized distributor)","distributor web shop product page (""Rabaty ilościowe"" table, net PLN)",Micrometals,OD-107090-2,"RTOD-27,7X14,1X9,5 (090)",OD 90,powder: proprietary,O,OD-107090-2,per piece,"Feryster name ""RTOD-27,7X14,1X9,5 (090) Rdzeń toroid Optilloy-DC-27,7X14,1X9,45 (OD-107090-2) AL=88,4 RTOD-27,7X14,1X9,5 (090)""",PLN,5000,1.97,0,0,1,,"RTOD-27,7X14,1X9,5 (090) Rdzeń toroid Optilloy-DC-27,7X14,1X9,45 (OD-107090-2) AL=88,4 RTOD-27,7X14,1X9,5 (090)",https://sklep.feryster.pl/79392-RTOD-27-7X14-1X9-5-090.html,,2026-09-30T22:20:32Z,3160.0,,23.0,"Micrometals datasheet ""Mass (approximate)"" (part OD-107090-2)",https://datasheets.micrometals.com/OD-107090-2-DataSheet.pdf @ 2026-09-30T22:29:26Z,proprietary,MAS core reference OD-107090-2,0.259899,"ECB euro reference rates 2026-09-30 (extra/ecb.xml, fetched 2026-09-30T20:12:47Z)",0.512
"Feryster (sklep.feryster.pl, PL; listed by Micrometals as authorized distributor)","distributor web shop product page (""Rabaty ilościowe"" table, net PLN)",Micrometals,OD-133090-2,"RTOD-33,8X19,3X15 (090)",OD 90,powder: proprietary,O,OD-133090-2,per piece,"Feryster name ""RTOD-33,8X19,3X15 (090) Rdzeń toroid Optilloy-DC-33,8X19,3X15 (OD-133090-2) AL=120 RTOD-33,8X19,3X15 (090)""",PLN,1,5.46,1,0,1,,"RTOD-33,8X19,3X15 (090) Rdzeń toroid Optilloy-DC-33,8X19,3X15 (OD-133090-2) AL=120 RTOD-33,8X19,3X15 (090)",https://sklep.feryster.pl/79396-RTOD-33-8X19-3X15-090.html,,2026-09-30T22:20:35Z,7120.0,,53.0,"Micrometals datasheet ""Mass (approximate)"" (part OD-133090-2)",https://datasheets.micrometals.com/OD-133090-2-DataSheet.pdf @ 2026-09-30T22:29:33Z,proprietary,MAS core reference OD-133090-2,0.259899,"ECB euro reference rates 2026-09-30 (extra/ecb.xml, fetched 2026-09-30T20:12:47Z)",1.4191
"Feryster (sklep.feryster.pl, PL; listed by Micrometals as authorized distributor)","distributor web shop product page (""Rabaty ilościowe"" table, net PLN)",Micrometals,OD-133090-2,"RTOD-33,8X19,3X15 (090)",OD 90,powder: proprietary,O,OD-133090-2,per piece,"Feryster name ""RTOD-33,8X19,3X15 (090) Rdzeń toroid Optilloy-DC-33,8X19,3X15 (OD-133090-2) AL=120 RTOD-33,8X19,3X15 (090)""",PLN,100,5.19,0,0,1,,"RTOD-33,8X19,3X15 (090) Rdzeń toroid Optilloy-DC-33,8X19,3X15 (OD-133090-2) AL=120 RTOD-33,8X19,3X15 (090)",https://sklep.feryster.pl/79396-RTOD-33-8X19-3X15-090.html,,2026-09-30T22:20:35Z,7120.0,,53.0,"Micrometals datasheet ""Mass (approximate)"" (part OD-133090-2)",https://datasheets.micrometals.com/OD-133090-2-DataSheet.pdf @ 2026-09-30T22:29:33Z,proprietary,MAS core reference OD-133090-2,0.259899,"ECB euro reference rates 2026-09-30 (extra/ecb.xml, fetched 2026-09-30T20:12:47Z)",1.3489
"Feryster (sklep.feryster.pl, PL; listed by Micrometals as authorized distributor)","distributor web shop product page (""Rabaty ilościowe"" table, net PLN)",Micrometals,OD-133090-2,"RTOD-33,8X19,3X15 (090)",OD 90,powder: proprietary,O,OD-133090-2,per piece,"Feryster name ""RTOD-33,8X19,3X15 (090) Rdzeń toroid Optilloy-DC-33,8X19,3X15 (OD-133090-2) AL=120 RTOD-33,8X19,3X15 (090)""",PLN,500,4.91,0,0,1,,"RTOD-33,8X19,3X15 (090) Rdzeń toroid Optilloy-DC-33,8X19,3X15 (OD-133090-2) AL=120 RTOD-33,8X19,3X15 (090)",https://sklep.feryster.pl/79396-RTOD-33-8X19-3X15-090.html,,2026-09-30T22:20:35Z,7120.0,,53.0,"Micrometals datasheet ""Mass (approximate)"" (part OD-133090-2)",https://datasheets.micrometals.com/OD-133090-2-DataSheet.pdf @ 2026-09-30T22:29:33Z,proprietary,MAS core reference OD-133090-2,0.259899,"ECB euro reference rates 2026-09-30 (extra/ecb.xml, fetched 2026-09-30T20:12:47Z)",1.2761
"Feryster (sklep.feryster.pl, PL; listed by Micrometals as authorized distributor)","distributor web shop product page (""Rabaty ilościowe"" table, net PLN)",Micrometals,OD-133090-2,"RTOD-33,8X19,3X15 (090)",OD 90,powder: proprietary,O,OD-133090-2,per piece,"Feryster name ""RTOD-33,8X19,3X15 (090) Rdzeń toroid Optilloy-DC-33,8X19,3X15 (OD-133090-2) AL=120 RTOD-33,8X19,3X15 (090)""",PLN,1000,4.64,0,1,1,,"RTOD-33,8X19,3X15 (090) Rdzeń toroid Optilloy-DC-33,8X19,3X15 (OD-133090-2) AL=120 RTOD-33,8X19,3X15 (090)",https://sklep.feryster.pl/79396-RTOD-33-8X19-3X15-090.html,,2026-09-30T22:20:35Z,7120.0,,53.0,"Micrometals datasheet ""Mass (approximate)"" (part OD-133090-2)",https://datasheets.micrometals.com/OD-133090-2-DataSheet.pdf @ 2026-09-30T22:29:33Z,proprietary,MAS core reference OD-133090-2,0.259899,"ECB euro reference rates 2026-09-30 (extra/ecb.xml, fetched 2026-09-30T20:12:47Z)",1.2059
"Feryster (sklep.feryster.pl, PL; listed by Micrometals as authorized distributor)","distributor web shop product page (""Rabaty ilościowe"" table, net PLN)",Micrometals,OD-133090-2,"RTOD-33,8X19,3X15 (090)",OD 90,powder: proprietary,O,OD-133090-2,per piece,"Feryster name ""RTOD-33,8X19,3X15 (090) Rdzeń toroid Optilloy-DC-33,8X19,3X15 (OD-133090-2) AL=120 RTOD-33,8X19,3X15 (090)""",PLN,5000,4.37,0,0,1,,"RTOD-33,8X19,3X15 (090) Rdzeń toroid Optilloy-DC-33,8X19,3X15 (OD-133090-2) AL=120 RTOD-33,8X19,3X15 (090)",https://sklep.feryster.pl/79396-RTOD-33-8X19-3X15-090.html,,2026-09-30T22:20:35Z,7120.0,,53.0,"Micrometals datasheet ""Mass (approximate)"" (part OD-133090-2)",https://datasheets.micrometals.com/OD-133090-2-DataSheet.pdf @ 2026-09-30T22:29:33Z,proprietary,MAS core reference OD-133090-2,0.259899,"ECB euro reference rates 2026-09-30 (extra/ecb.xml, fetched 2026-09-30T20:12:47Z)",1.1358
"Feryster (sklep.feryster.pl, PL; listed by Micrometals as authorized distributor)","distributor web shop product page (""Rabaty ilościowe"" table, net PLN)",Micrometals,OD-130060-2,"RTOD-33,8X19,3X11,6 (060)",OD 60,powder: proprietary,O,OD-130060-2,per piece,"Feryster name ""RTOD-33,8X19,3X11,6 (060) Rdzeń toroid Optilloy-DC-33,8X19,3X11,6 (OD-130060-2) AL=61 RTOD-33,8X19,3X11,6 (060)""",PLN,1,4.08,1,0,1,,"RTOD-33,8X19,3X11,6 (060) Rdzeń toroid Optilloy-DC-33,8X19,3X11,6 (OD-130060-2) AL=61 RTOD-33,8X19,3X11,6 (060)",https://sklep.feryster.pl/79397-RTOD-33-8X19-3X11-6-060.html,,2026-09-30T22:20:38Z,5480.0,,39.0,"Micrometals datasheet ""Mass (approximate)"" (part OD-130060-2)",https://datasheets.micrometals.com/OD-130060-2-DataSheet.pdf @ 2026-09-30T22:29:29Z,proprietary,MAS core reference OD-130060-2,0.259899,"ECB euro reference rates 2026-09-30 (extra/ecb.xml, fetched 2026-09-30T20:12:47Z)",1.0604
"Feryster (sklep.feryster.pl, PL; listed by Micrometals as authorized distributor)","distributor web shop product page (""Rabaty ilościowe"" table, net PLN)",Micrometals,OD-130060-2,"RTOD-33,8X19,3X11,6 (060)",OD 60,powder: proprietary,O,OD-130060-2,per piece,"Feryster name ""RTOD-33,8X19,3X11,6 (060) Rdzeń toroid Optilloy-DC-33,8X19,3X11,6 (OD-130060-2) AL=61 RTOD-33,8X19,3X11,6 (060)""",PLN,100,3.88,0,0,1,,"RTOD-33,8X19,3X11,6 (060) Rdzeń toroid Optilloy-DC-33,8X19,3X11,6 (OD-130060-2) AL=61 RTOD-33,8X19,3X11,6 (060)",https://sklep.feryster.pl/79397-RTOD-33-8X19-3X11-6-060.html,,2026-09-30T22:20:38Z,5480.0,,39.0,"Micrometals datasheet ""Mass (approximate)"" (part OD-130060-2)",https://datasheets.micrometals.com/OD-130060-2-DataSheet.pdf @ 2026-09-30T22:29:29Z,proprietary,MAS core reference OD-130060-2,0.259899,"ECB euro reference rates 2026-09-30 (extra/ecb.xml, fetched 2026-09-30T20:12:47Z)",1.0084
"Feryster (sklep.feryster.pl, PL; listed by Micrometals as authorized distributor)","distributor web shop product page (""Rabaty ilościowe"" table, net PLN)",Micrometals,OD-130060-2,"RTOD-33,8X19,3X11,6 (060)",OD 60,powder: proprietary,O,OD-130060-2,per piece,"Feryster name ""RTOD-33,8X19,3X11,6 (060) Rdzeń toroid Optilloy-DC-33,8X19,3X11,6 (OD-130060-2) AL=61 RTOD-33,8X19,3X11,6 (060)""",PLN,500,3.67,0,0,1,,"RTOD-33,8X19,3X11,6 (060) Rdzeń toroid Optilloy-DC-33,8X19,3X11,6 (OD-130060-2) AL=61 RTOD-33,8X19,3X11,6 (060)",https://sklep.feryster.pl/79397-RTOD-33-8X19-3X11-6-060.html,,2026-09-30T22:20:38Z,5480.0,,39.0,"Micrometals datasheet ""Mass (approximate)"" (part OD-130060-2)",https://datasheets.micrometals.com/OD-130060-2-DataSheet.pdf @ 2026-09-30T22:29:29Z,proprietary,MAS core reference OD-130060-2,0.259899,"ECB euro reference rates 2026-09-30 (extra/ecb.xml, fetched 2026-09-30T20:12:47Z)",0.9538
"Feryster (sklep.feryster.pl, PL; listed by Micrometals as authorized distributor)","distributor web shop product page (""Rabaty ilościowe"" table, net PLN)",Micrometals,OD-130060-2,"RTOD-33,8X19,3X11,6 (060)",OD 60,powder: proprietary,O,OD-130060-2,per piece,"Feryster name ""RTOD-33,8X19,3X11,6 (060) Rdzeń toroid Optilloy-DC-33,8X19,3X11,6 (OD-130060-2) AL=61 RTOD-33,8X19,3X11,6 (060)""",PLN,1000,3.47,0,1,1,,"RTOD-33,8X19,3X11,6 (060) Rdzeń toroid Optilloy-DC-33,8X19,3X11,6 (OD-130060-2) AL=61 RTOD-33,8X19,3X11,6 (060)",https://sklep.feryster.pl/79397-RTOD-33-8X19-3X11-6-060.html,,2026-09-30T22:20:38Z,5480.0,,39.0,"Micrometals datasheet ""Mass (approximate)"" (part OD-130060-2)",https://datasheets.micrometals.com/OD-130060-2-DataSheet.pdf @ 2026-09-30T22:29:29Z,proprietary,MAS core reference OD-130060-2,0.259899,"ECB euro reference rates 2026-09-30 (extra/ecb.xml, fetched 2026-09-30T20:12:47Z)",0.9019
"Feryster (sklep.feryster.pl, PL; listed by Micrometals as authorized distributor)","distributor web shop product page (""Rabaty ilościowe"" table, net PLN)",Micrometals,OD-130060-2,"RTOD-33,8X19,3X11,6 (060)",OD 60,powder: proprietary,O,OD-130060-2,per piece,"Feryster name ""RTOD-33,8X19,3X11,6 (060) Rdzeń toroid Optilloy-DC-33,8X19,3X11,6 (OD-130060-2) AL=61 RTOD-33,8X19,3X11,6 (060)""",PLN,5000,3.26,0,0,1,,"RTOD-33,8X19,3X11,6 (060) Rdzeń toroid Optilloy-DC-33,8X19,3X11,6 (OD-130060-2) AL=61 RTOD-33,8X19,3X11,6 (060)",https://sklep.feryster.pl/79397-RTOD-33-8X19-3X11-6-060.html,,2026-09-30T22:20:38Z,5480.0,,39.0,"Micrometals datasheet ""Mass (approximate)"" (part OD-130060-2)",https://datasheets.micrometals.com/OD-130060-2-DataSheet.pdf @ 2026-09-30T22:29:29Z,proprietary,MAS core reference OD-130060-2,0.259899,"ECB euro reference rates 2026-09-30 (extra/ecb.xml, fetched 2026-09-30T20:12:47Z)",0.8473
"Feryster (sklep.feryster.pl, PL; listed by Micrometals as authorized distributor)","distributor web shop product page (""Rabaty ilościowe"" table, net PLN)",Micrometals,OD-185060-2,"RTOD-46,7X28,7X15,2 (060)",OD 60,powder: proprietary,O,OD-185060-2,per piece,"Feryster name ""RTOD-46,7X28,7X15,2 (060) Rdzeń toroid Optilloy-DC-46,7X28,7X15,2 (OD-185060-2) AL=86 RTOD-46,7X28,7X15,2 (060)""",PLN,1,10.8,1,0,1,,"RTOD-46,7X28,7X15,2 (060) Rdzeń toroid Optilloy-DC-46,7X28,7X15,2 (OD-185060-2) AL=86 RTOD-46,7X28,7X15,2 (060)",https://sklep.feryster.pl/79400-RTOD-46-7X28-7X15-2-060.html,,2026-09-30T22:20:41Z,15600.0,,110.0,"Micrometals datasheet ""Mass (approximate)"" (part OD-185060-2)",https://datasheets.micrometals.com/OD-185060-2-DataSheet.pdf @ 2026-09-30T22:29:42Z,proprietary,MAS core reference OD-185060-2,0.259899,"ECB euro reference rates 2026-09-30 (extra/ecb.xml, fetched 2026-09-30T20:12:47Z)",2.8069
"Feryster (sklep.feryster.pl, PL; listed by Micrometals as authorized distributor)","distributor web shop product page (""Rabaty ilościowe"" table, net PLN)",Micrometals,OD-185060-2,"RTOD-46,7X28,7X15,2 (060)",OD 60,powder: proprietary,O,OD-185060-2,per piece,"Feryster name ""RTOD-46,7X28,7X15,2 (060) Rdzeń toroid Optilloy-DC-46,7X28,7X15,2 (OD-185060-2) AL=86 RTOD-46,7X28,7X15,2 (060)""",PLN,100,10.26,0,0,1,,"RTOD-46,7X28,7X15,2 (060) Rdzeń toroid Optilloy-DC-46,7X28,7X15,2 (OD-185060-2) AL=86 RTOD-46,7X28,7X15,2 (060)",https://sklep.feryster.pl/79400-RTOD-46-7X28-7X15-2-060.html,,2026-09-30T22:20:41Z,15600.0,,110.0,"Micrometals datasheet ""Mass (approximate)"" (part OD-185060-2)",https://datasheets.micrometals.com/OD-185060-2-DataSheet.pdf @ 2026-09-30T22:29:42Z,proprietary,MAS core reference OD-185060-2,0.259899,"ECB euro reference rates 2026-09-30 (extra/ecb.xml, fetched 2026-09-30T20:12:47Z)",2.6666
"Feryster (sklep.feryster.pl, PL; listed by Micrometals as authorized distributor)","distributor web shop product page (""Rabaty ilościowe"" table, net PLN)",Micrometals,OD-185060-2,"RTOD-46,7X28,7X15,2 (060)",OD 60,powder: proprietary,O,OD-185060-2,per piece,"Feryster name ""RTOD-46,7X28,7X15,2 (060) Rdzeń toroid Optilloy-DC-46,7X28,7X15,2 (OD-185060-2) AL=86 RTOD-46,7X28,7X15,2 (060)""",PLN,500,9.72,0,0,1,,"RTOD-46,7X28,7X15,2 (060) Rdzeń toroid Optilloy-DC-46,7X28,7X15,2 (OD-185060-2) AL=86 RTOD-46,7X28,7X15,2 (060)",https://sklep.feryster.pl/79400-RTOD-46-7X28-7X15-2-060.html,,2026-09-30T22:20:41Z,15600.0,,110.0,"Micrometals datasheet ""Mass (approximate)"" (part OD-185060-2)",https://datasheets.micrometals.com/OD-185060-2-DataSheet.pdf @ 2026-09-30T22:29:42Z,proprietary,MAS core reference OD-185060-2,0.259899,"ECB euro reference rates 2026-09-30 (extra/ecb.xml, fetched 2026-09-30T20:12:47Z)",2.5262
"Feryster (sklep.feryster.pl, PL; listed by Micrometals as authorized distributor)","distributor web shop product page (""Rabaty ilościowe"" table, net PLN)",Micrometals,OD-185060-2,"RTOD-46,7X28,7X15,2 (060)",OD 60,powder: proprietary,O,OD-185060-2,per piece,"Feryster name ""RTOD-46,7X28,7X15,2 (060) Rdzeń toroid Optilloy-DC-46,7X28,7X15,2 (OD-185060-2) AL=86 RTOD-46,7X28,7X15,2 (060)""",PLN,1000,9.18,0,1,1,,"RTOD-46,7X28,7X15,2 (060) Rdzeń toroid Optilloy-DC-46,7X28,7X15,2 (OD-185060-2) AL=86 RTOD-46,7X28,7X15,2 (060)",https://sklep.feryster.pl/79400-RTOD-46-7X28-7X15-2-060.html,,2026-09-30T22:20:41Z,15600.0,,110.0,"Micrometals datasheet ""Mass (approximate)"" (part OD-185060-2)",https://datasheets.micrometals.com/OD-185060-2-DataSheet.pdf @ 2026-09-30T22:29:42Z,proprietary,MAS core reference OD-185060-2,0.259899,"ECB euro reference rates 2026-09-30 (extra/ecb.xml, fetched 2026-09-30T20:12:47Z)",2.3859
"Feryster (sklep.feryster.pl, PL; listed by Micrometals as authorized distributor)","distributor web shop product page (""Rabaty ilościowe"" table, net PLN)",Micrometals,OD-185060-2,"RTOD-46,7X28,7X15,2 (060)",OD 60,powder: proprietary,O,OD-185060-2,per piece,"Feryster name ""RTOD-46,7X28,7X15,2 (060) Rdzeń toroid Optilloy-DC-46,7X28,7X15,2 (OD-185060-2) AL=86 RTOD-46,7X28,7X15,2 (060)""",PLN,5000,8.64,0,0,1,,"RTOD-46,7X28,7X15,2 (060) Rdzeń toroid Optilloy-DC-46,7X28,7X15,2 (OD-185060-2) AL=86 RTOD-46,7X28,7X15,2 (060)",https://sklep.feryster.pl/79400-RTOD-46-7X28-7X15-2-060.html,,2026-09-30T22:20:41Z,15600.0,,110.0,"Micrometals datasheet ""Mass (approximate)"" (part OD-185060-2)",https://datasheets.micrometals.com/OD-185060-2-DataSheet.pdf @ 2026-09-30T22:29:42Z,proprietary,MAS core reference OD-185060-2,0.259899,"ECB euro reference rates 2026-09-30 (extra/ecb.xml, fetched 2026-09-30T20:12:47Z)",2.2455
"Feryster (sklep.feryster.pl, PL; listed by Micrometals as authorized distributor)","distributor web shop product page (""Rabaty ilościowe"" table, net PLN)",,"RTSM-47,6X23,3X18,9 (060)","RTSM-47,6X23,3X18,9 (060)",,unmapped,C,"RTSM-47,6X23,3X18,9 (060)",per piece,"Feryster name ""RTSM-47,6X23,3X18,9 (060) Rdzeń toroid SM-47,6X23,3X18,9 (SM-184060) AL=135 +/-8% RTSM-47,6X23,3X18,9 (060)""",PLN,1,16.15,1,0,1,,"RTSM-47,6X23,3X18,9 (060) Rdzeń toroid SM-47,6X23,3X18,9 (SM-184060) AL=135 +/-8% RTSM-47,6X23,3X18,9 (060)",https://sklep.feryster.pl/80663-rtsm-476x233x189-060.html,,2026-09-30T22:20:44Z,,,,,,,no Micrometals PN in Feryster name; maker not stated on page,0.259899,"ECB euro reference rates 2026-09-30 (extra/ecb.xml, fetched 2026-09-30T20:12:47Z)",4.1974
"Feryster (sklep.feryster.pl, PL; listed by Micrometals as authorized distributor)","distributor web shop product page (""Rabaty ilościowe"" table, net PLN)",,"RTSM-47,6X23,3X18,9 (060)","RTSM-47,6X23,3X18,9 (060)",,unmapped,C,"RTSM-47,6X23,3X18,9 (060)",per piece,"Feryster name ""RTSM-47,6X23,3X18,9 (060) Rdzeń toroid SM-47,6X23,3X18,9 (SM-184060) AL=135 +/-8% RTSM-47,6X23,3X18,9 (060)""",PLN,100,15.34,0,0,1,,"RTSM-47,6X23,3X18,9 (060) Rdzeń toroid SM-47,6X23,3X18,9 (SM-184060) AL=135 +/-8% RTSM-47,6X23,3X18,9 (060)",https://sklep.feryster.pl/80663-rtsm-476x233x189-060.html,,2026-09-30T22:20:44Z,,,,,,,no Micrometals PN in Feryster name; maker not stated on page,0.259899,"ECB euro reference rates 2026-09-30 (extra/ecb.xml, fetched 2026-09-30T20:12:47Z)",3.9869
"Feryster (sklep.feryster.pl, PL; listed by Micrometals as authorized distributor)","distributor web shop product page (""Rabaty ilościowe"" table, net PLN)",,"RTSM-47,6X23,3X18,9 (060)","RTSM-47,6X23,3X18,9 (060)",,unmapped,C,"RTSM-47,6X23,3X18,9 (060)",per piece,"Feryster name ""RTSM-47,6X23,3X18,9 (060) Rdzeń toroid SM-47,6X23,3X18,9 (SM-184060) AL=135 +/-8% RTSM-47,6X23,3X18,9 (060)""",PLN,500,14.54,0,0,1,,"RTSM-47,6X23,3X18,9 (060) Rdzeń toroid SM-47,6X23,3X18,9 (SM-184060) AL=135 +/-8% RTSM-47,6X23,3X18,9 (060)",https://sklep.feryster.pl/80663-rtsm-476x233x189-060.html,,2026-09-30T22:20:44Z,,,,,,,no Micrometals PN in Feryster name; maker not stated on page,0.259899,"ECB euro reference rates 2026-09-30 (extra/ecb.xml, fetched 2026-09-30T20:12:47Z)",3.7789
"Feryster (sklep.feryster.pl, PL; listed by Micrometals as authorized distributor)","distributor web shop product page (""Rabaty ilościowe"" table, net PLN)",,"RTSM-47,6X23,3X18,9 (060)","RTSM-47,6X23,3X18,9 (060)",,unmapped,C,"RTSM-47,6X23,3X18,9 (060)",per piece,"Feryster name ""RTSM-47,6X23,3X18,9 (060) Rdzeń toroid SM-47,6X23,3X18,9 (SM-184060) AL=135 +/-8% RTSM-47,6X23,3X18,9 (060)""",PLN,1000,13.73,0,1,1,,"RTSM-47,6X23,3X18,9 (060) Rdzeń toroid SM-47,6X23,3X18,9 (SM-184060) AL=135 +/-8% RTSM-47,6X23,3X18,9 (060)",https://sklep.feryster.pl/80663-rtsm-476x233x189-060.html,,2026-09-30T22:20:44Z,,,,,,,no Micrometals PN in Feryster name; maker not stated on page,0.259899,"ECB euro reference rates 2026-09-30 (extra/ecb.xml, fetched 2026-09-30T20:12:47Z)",3.5684
"Feryster (sklep.feryster.pl, PL; listed by Micrometals as authorized distributor)","distributor web shop product page (""Rabaty ilościowe"" table, net PLN)",,"RTSM-47,6X23,3X18,9 (060)","RTSM-47,6X23,3X18,9 (060)",,unmapped,C,"RTSM-47,6X23,3X18,9 (060)",per piece,"Feryster name ""RTSM-47,6X23,3X18,9 (060) Rdzeń toroid SM-47,6X23,3X18,9 (SM-184060) AL=135 +/-8% RTSM-47,6X23,3X18,9 (060)""",PLN,5000,12.92,0,0,1,,"RTSM-47,6X23,3X18,9 (060) Rdzeń toroid SM-47,6X23,3X18,9 (SM-184060) AL=135 +/-8% RTSM-47,6X23,3X18,9 (060)",https://sklep.feryster.pl/80663-rtsm-476x233x189-060.html,,2026-09-30T22:20:44Z,,,,,,,no Micrometals PN in Feryster name; maker not stated on page,0.259899,"ECB euro reference rates 2026-09-30 (extra/ecb.xml, fetched 2026-09-30T20:12:47Z)",3.3579
"Feryster (sklep.feryster.pl, PL; listed by Micrometals as authorized distributor)","distributor web shop product page (""Rabaty ilościowe"" table, net PLN)",,"RTSM-75,2X44,1X36,2 (60)","RTSM-75,2X44,1X36,2 (60)",,unmapped,C,"RTSM-75,2X44,1X36,2 (60)",per piece,"Feryster name ""RTSM-75,2X44,1X36,2 (60) Rdzeń toroid RTSM-75,2X44,1X36,2 (60) (SM-292060-2) AL=206 +/-8% RTSM-75,2X44,1X36,2 (60)""",PLN,1,156.32,1,0,1,,"RTSM-75,2X44,1X36,2 (60) Rdzeń toroid RTSM-75,2X44,1X36,2 (60) (SM-292060-2) AL=206 +/-8% RTSM-75,2X44,1X36,2 (60)",https://sklep.feryster.pl/80665-RTSM-75-2X44-1X36-2-60.html,,2026-09-30T22:20:47Z,,,,,,,no Micrometals PN in Feryster name; maker not stated on page,0.259899,"ECB euro reference rates 2026-09-30 (extra/ecb.xml, fetched 2026-09-30T20:12:47Z)",40.6275
"Feryster (sklep.feryster.pl, PL; listed by Micrometals as authorized distributor)","distributor web shop product page (""Rabaty ilościowe"" table, net PLN)",,"RTSM-75,2X44,1X36,2 (60)","RTSM-75,2X44,1X36,2 (60)",,unmapped,C,"RTSM-75,2X44,1X36,2 (60)",per piece,"Feryster name ""RTSM-75,2X44,1X36,2 (60) Rdzeń toroid RTSM-75,2X44,1X36,2 (60) (SM-292060-2) AL=206 +/-8% RTSM-75,2X44,1X36,2 (60)""",PLN,100,148.5,0,0,1,,"RTSM-75,2X44,1X36,2 (60) Rdzeń toroid RTSM-75,2X44,1X36,2 (60) (SM-292060-2) AL=206 +/-8% RTSM-75,2X44,1X36,2 (60)",https://sklep.feryster.pl/80665-RTSM-75-2X44-1X36-2-60.html,,2026-09-30T22:20:47Z,,,,,,,no Micrometals PN in Feryster name; maker not stated on page,0.259899,"ECB euro reference rates 2026-09-30 (extra/ecb.xml, fetched 2026-09-30T20:12:47Z)",38.595
"Feryster (sklep.feryster.pl, PL; listed by Micrometals as authorized distributor)","distributor web shop product page (""Rabaty ilościowe"" table, net PLN)",,"RTSM-75,2X44,1X36,2 (60)","RTSM-75,2X44,1X36,2 (60)",,unmapped,C,"RTSM-75,2X44,1X36,2 (60)",per piece,"Feryster name ""RTSM-75,2X44,1X36,2 (60) Rdzeń toroid RTSM-75,2X44,1X36,2 (60) (SM-292060-2) AL=206 +/-8% RTSM-75,2X44,1X36,2 (60)""",PLN,500,140.69,0,0,1,,"RTSM-75,2X44,1X36,2 (60) Rdzeń toroid RTSM-75,2X44,1X36,2 (60) (SM-292060-2) AL=206 +/-8% RTSM-75,2X44,1X36,2 (60)",https://sklep.feryster.pl/80665-RTSM-75-2X44-1X36-2-60.html,,2026-09-30T22:20:47Z,,,,,,,no Micrometals PN in Feryster name; maker not stated on page,0.259899,"ECB euro reference rates 2026-09-30 (extra/ecb.xml, fetched 2026-09-30T20:12:47Z)",36.5652
"Feryster (sklep.feryster.pl, PL; listed by Micrometals as authorized distributor)","distributor web shop product page (""Rabaty ilościowe"" table, net PLN)",,"RTSM-75,2X44,1X36,2 (60)","RTSM-75,2X44,1X36,2 (60)",,unmapped,C,"RTSM-75,2X44,1X36,2 (60)",per piece,"Feryster name ""RTSM-75,2X44,1X36,2 (60) Rdzeń toroid RTSM-75,2X44,1X36,2 (60) (SM-292060-2) AL=206 +/-8% RTSM-75,2X44,1X36,2 (60)""",PLN,1000,132.87,0,1,1,,"RTSM-75,2X44,1X36,2 (60) Rdzeń toroid RTSM-75,2X44,1X36,2 (60) (SM-292060-2) AL=206 +/-8% RTSM-75,2X44,1X36,2 (60)",https://sklep.feryster.pl/80665-RTSM-75-2X44-1X36-2-60.html,,2026-09-30T22:20:47Z,,,,,,,no Micrometals PN in Feryster name; maker not stated on page,0.259899,"ECB euro reference rates 2026-09-30 (extra/ecb.xml, fetched 2026-09-30T20:12:47Z)",34.5328
"Feryster (sklep.feryster.pl, PL; listed by Micrometals as authorized distributor)","distributor web shop product page (""Rabaty ilościowe"" table, net PLN)",,"RTSM-75,2X44,1X36,2 (60)","RTSM-75,2X44,1X36,2 (60)",,unmapped,C,"RTSM-75,2X44,1X36,2 (60)",per piece,"Feryster name ""RTSM-75,2X44,1X36,2 (60) Rdzeń toroid RTSM-75,2X44,1X36,2 (60) (SM-292060-2) AL=206 +/-8% RTSM-75,2X44,1X36,2 (60)""",PLN,5000,125.06,0,0,1,,"RTSM-75,2X44,1X36,2 (60) Rdzeń toroid RTSM-75,2X44,1X36,2 (60) (SM-292060-2) AL=206 +/-8% RTSM-75,2X44,1X36,2 (60)",https://sklep.feryster.pl/80665-RTSM-75-2X44-1X36-2-60.html,,2026-09-30T22:20:47Z,,,,,,,no Micrometals PN in Feryster name; maker not stated on page,0.259899,"ECB euro reference rates 2026-09-30 (extra/ecb.xml, fetched 2026-09-30T20:12:47Z)",32.503
"Feryster (sklep.feryster.pl, PL; listed by Micrometals as authorized distributor)","distributor web shop product page (""Rabaty ilościowe"" table, net PLN)",Micrometals,OC-292060-2,"RTOC-75,2X44,1X36,2 (60)",OC 60,powder: proprietary,O,OC-292060-2,per piece,"Feryster name ""RTOC-75,2X44,1X36,2 (60) Rdzeń toroid OC-79.2,2X47.9X14 (OC-292060-2) AL=206 RTOC-75,2X44,1X36,2 (60)""",PLN,1,366.02,1,0,1,,"RTOC-75,2X44,1X36,2 (60) Rdzeń toroid OC-79.2,2X47.9X14 (OC-292060-2) AL=206 RTOC-75,2X44,1X36,2 (60)",https://sklep.feryster.pl/80666-RTOC-75-2X44-1X36-2-60.html,,2026-09-30T22:20:50Z,90900.0,,620.0,"Micrometals datasheet ""Mass (approximate)"" (part OC-292060-2)",https://datasheets.micrometals.com/OC-292060-2-DataSheet.pdf @ 2026-09-30T22:29:20Z,proprietary,MAS core reference OC-292060-2,0.259899,"ECB euro reference rates 2026-09-30 (extra/ecb.xml, fetched 2026-09-30T20:12:47Z)",95.1283
"Feryster (sklep.feryster.pl, PL; listed by Micrometals as authorized distributor)","distributor web shop product page (""Rabaty ilościowe"" table, net PLN)",Micrometals,OC-292060-2,"RTOC-75,2X44,1X36,2 (60)",OC 60,powder: proprietary,O,OC-292060-2,per piece,"Feryster name ""RTOC-75,2X44,1X36,2 (60) Rdzeń toroid OC-79.2,2X47.9X14 (OC-292060-2) AL=206 RTOC-75,2X44,1X36,2 (60)""",PLN,100,347.72,0,0,1,,"RTOC-75,2X44,1X36,2 (60) Rdzeń toroid OC-79.2,2X47.9X14 (OC-292060-2) AL=206 RTOC-75,2X44,1X36,2 (60)",https://sklep.feryster.pl/80666-RTOC-75-2X44-1X36-2-60.html,,2026-09-30T22:20:50Z,90900.0,,620.0,"Micrometals datasheet ""Mass (approximate)"" (part OC-292060-2)",https://datasheets.micrometals.com/OC-292060-2-DataSheet.pdf @ 2026-09-30T22:29:20Z,proprietary,MAS core reference OC-292060-2,0.259899,"ECB euro reference rates 2026-09-30 (extra/ecb.xml, fetched 2026-09-30T20:12:47Z)",90.3722
"Feryster (sklep.feryster.pl, PL; listed by Micrometals as authorized distributor)","distributor web shop product page (""Rabaty ilościowe"" table, net PLN)",Micrometals,OC-292060-2,"RTOC-75,2X44,1X36,2 (60)",OC 60,powder: proprietary,O,OC-292060-2,per piece,"Feryster name ""RTOC-75,2X44,1X36,2 (60) Rdzeń toroid OC-79.2,2X47.9X14 (OC-292060-2) AL=206 RTOC-75,2X44,1X36,2 (60)""",PLN,500,329.42,0,0,1,,"RTOC-75,2X44,1X36,2 (60) Rdzeń toroid OC-79.2,2X47.9X14 (OC-292060-2) AL=206 RTOC-75,2X44,1X36,2 (60)",https://sklep.feryster.pl/80666-RTOC-75-2X44-1X36-2-60.html,,2026-09-30T22:20:50Z,90900.0,,620.0,"Micrometals datasheet ""Mass (approximate)"" (part OC-292060-2)",https://datasheets.micrometals.com/OC-292060-2-DataSheet.pdf @ 2026-09-30T22:29:20Z,proprietary,MAS core reference OC-292060-2,0.259899,"ECB euro reference rates 2026-09-30 (extra/ecb.xml, fetched 2026-09-30T20:12:47Z)",85.616
"Feryster (sklep.feryster.pl, PL; listed by Micrometals as authorized distributor)","distributor web shop product page (""Rabaty ilościowe"" table, net PLN)",Micrometals,OC-292060-2,"RTOC-75,2X44,1X36,2 (60)",OC 60,powder: proprietary,O,OC-292060-2,per piece,"Feryster name ""RTOC-75,2X44,1X36,2 (60) Rdzeń toroid OC-79.2,2X47.9X14 (OC-292060-2) AL=206 RTOC-75,2X44,1X36,2 (60)""",PLN,1000,311.12,0,1,1,,"RTOC-75,2X44,1X36,2 (60) Rdzeń toroid OC-79.2,2X47.9X14 (OC-292060-2) AL=206 RTOC-75,2X44,1X36,2 (60)",https://sklep.feryster.pl/80666-RTOC-75-2X44-1X36-2-60.html,,2026-09-30T22:20:50Z,90900.0,,620.0,"Micrometals datasheet ""Mass (approximate)"" (part OC-292060-2)",https://datasheets.micrometals.com/OC-292060-2-DataSheet.pdf @ 2026-09-30T22:29:20Z,proprietary,MAS core reference OC-292060-2,0.259899,"ECB euro reference rates 2026-09-30 (extra/ecb.xml, fetched 2026-09-30T20:12:47Z)",80.8599
"Feryster (sklep.feryster.pl, PL; listed by Micrometals as authorized distributor)","distributor web shop product page (""Rabaty ilościowe"" table, net PLN)",Micrometals,OC-292060-2,"RTOC-75,2X44,1X36,2 (60)",OC 60,powder: proprietary,O,OC-292060-2,per piece,"Feryster name ""RTOC-75,2X44,1X36,2 (60) Rdzeń toroid OC-79.2,2X47.9X14 (OC-292060-2) AL=206 RTOC-75,2X44,1X36,2 (60)""",PLN,5000,292.82,0,0,1,,"RTOC-75,2X44,1X36,2 (60) Rdzeń toroid OC-79.2,2X47.9X14 (OC-292060-2) AL=206 RTOC-75,2X44,1X36,2 (60)",https://sklep.feryster.pl/80666-RTOC-75-2X44-1X36-2-60.html,,2026-09-30T22:20:50Z,90900.0,,620.0,"Micrometals datasheet ""Mass (approximate)"" (part OC-292060-2)",https://datasheets.micrometals.com/OC-292060-2-DataSheet.pdf @ 2026-09-30T22:29:20Z,proprietary,MAS core reference OC-292060-2,0.259899,"ECB euro reference rates 2026-09-30 (extra/ecb.xml, fetched 2026-09-30T20:12:47Z)",76.1037
"Feryster (sklep.feryster.pl, PL; listed by Micrometals as authorized distributor)","distributor web shop product page (""Rabaty ilościowe"" table, net PLN)",Micrometals,GX-132060-2,"RTGX-33,8X19,3X12 (060)",GX 60,powder: proprietary,G,GX-132060-2,per piece,"Feryster name ""RTGX-33,8X19,3X12 (060) RTGX-33,8X19,3X12 (060) GX-132060-2 AL= 65 +/-8% RTGX-33,8X19,3X12 (060)""",PLN,1,32.94,1,0,1,,"RTGX-33,8X19,3X12 (060) RTGX-33,8X19,3X12 (060) GX-132060-2 AL= 65 +/-8% RTGX-33,8X19,3X12 (060)",https://sklep.feryster.pl/82182-RTGX-33-8X19-3X12-060.html,,2026-09-30T22:20:52Z,5690.0,,43.0,"Micrometals datasheet ""Mass (approximate)"" (part GX-132060-2)",https://datasheets.micrometals.com/GX-132060-2-DataSheet.pdf @ 2026-09-30T22:28:50Z,proprietary,MAS core reference GX-132060-2,0.259899,"ECB euro reference rates 2026-09-30 (extra/ecb.xml, fetched 2026-09-30T20:12:47Z)",8.5611
"Feryster (sklep.feryster.pl, PL; listed by Micrometals as authorized distributor)","distributor web shop product page (""Rabaty ilościowe"" table, net PLN)",Micrometals,GX-132060-2,"RTGX-33,8X19,3X12 (060)",GX 60,powder: proprietary,G,GX-132060-2,per piece,"Feryster name ""RTGX-33,8X19,3X12 (060) RTGX-33,8X19,3X12 (060) GX-132060-2 AL= 65 +/-8% RTGX-33,8X19,3X12 (060)""",PLN,100,31.29,0,0,1,,"RTGX-33,8X19,3X12 (060) RTGX-33,8X19,3X12 (060) GX-132060-2 AL= 65 +/-8% RTGX-33,8X19,3X12 (060)",https://sklep.feryster.pl/82182-RTGX-33-8X19-3X12-060.html,,2026-09-30T22:20:52Z,5690.0,,43.0,"Micrometals datasheet ""Mass (approximate)"" (part GX-132060-2)",https://datasheets.micrometals.com/GX-132060-2-DataSheet.pdf @ 2026-09-30T22:28:50Z,proprietary,MAS core reference GX-132060-2,0.259899,"ECB euro reference rates 2026-09-30 (extra/ecb.xml, fetched 2026-09-30T20:12:47Z)",8.1322
"Feryster (sklep.feryster.pl, PL; listed by Micrometals as authorized distributor)","distributor web shop product page (""Rabaty ilościowe"" table, net PLN)",Micrometals,GX-132060-2,"RTGX-33,8X19,3X12 (060)",GX 60,powder: proprietary,G,GX-132060-2,per piece,"Feryster name ""RTGX-33,8X19,3X12 (060) RTGX-33,8X19,3X12 (060) GX-132060-2 AL= 65 +/-8% RTGX-33,8X19,3X12 (060)""",PLN,500,29.65,0,0,1,,"RTGX-33,8X19,3X12 (060) RTGX-33,8X19,3X12 (060) GX-132060-2 AL= 65 +/-8% RTGX-33,8X19,3X12 (060)",https://sklep.feryster.pl/82182-RTGX-33-8X19-3X12-060.html,,2026-09-30T22:20:52Z,5690.0,,43.0,"Micrometals datasheet ""Mass (approximate)"" (part GX-132060-2)",https://datasheets.micrometals.com/GX-132060-2-DataSheet.pdf @ 2026-09-30T22:28:50Z,proprietary,MAS core reference GX-132060-2,0.259899,"ECB euro reference rates 2026-09-30 (extra/ecb.xml, fetched 2026-09-30T20:12:47Z)",7.706
"Feryster (sklep.feryster.pl, PL; listed by Micrometals as authorized distributor)","distributor web shop product page (""Rabaty ilościowe"" table, net PLN)",Micrometals,GX-132060-2,"RTGX-33,8X19,3X12 (060)",GX 60,powder: proprietary,G,GX-132060-2,per piece,"Feryster name ""RTGX-33,8X19,3X12 (060) RTGX-33,8X19,3X12 (060) GX-132060-2 AL= 65 +/-8% RTGX-33,8X19,3X12 (060)""",PLN,1000,28.0,0,1,1,,"RTGX-33,8X19,3X12 (060) RTGX-33,8X19,3X12 (060) GX-132060-2 AL= 65 +/-8% RTGX-33,8X19,3X12 (060)",https://sklep.feryster.pl/82182-RTGX-33-8X19-3X12-060.html,,2026-09-30T22:20:52Z,5690.0,,43.0,"Micrometals datasheet ""Mass (approximate)"" (part GX-132060-2)",https://datasheets.micrometals.com/GX-132060-2-DataSheet.pdf @ 2026-09-30T22:28:50Z,proprietary,MAS core reference GX-132060-2,0.259899,"ECB euro reference rates 2026-09-30 (extra/ecb.xml, fetched 2026-09-30T20:12:47Z)",7.2772
"Feryster (sklep.feryster.pl, PL; listed by Micrometals as authorized distributor)","distributor web shop product page (""Rabaty ilościowe"" table, net PLN)",Micrometals,GX-132060-2,"RTGX-33,8X19,3X12 (060)",GX 60,powder: proprietary,G,GX-132060-2,per piece,"Feryster name ""RTGX-33,8X19,3X12 (060) RTGX-33,8X19,3X12 (060) GX-132060-2 AL= 65 +/-8% RTGX-33,8X19,3X12 (060)""",PLN,5000,26.35,0,0,1,,"RTGX-33,8X19,3X12 (060) RTGX-33,8X19,3X12 (060) GX-132060-2 AL= 65 +/-8% RTGX-33,8X19,3X12 (060)",https://sklep.feryster.pl/82182-RTGX-33-8X19-3X12-060.html,,2026-09-30T22:20:52Z,5690.0,,43.0,"Micrometals datasheet ""Mass (approximate)"" (part GX-132060-2)",https://datasheets.micrometals.com/GX-132060-2-DataSheet.pdf @ 2026-09-30T22:28:50Z,proprietary,MAS core reference GX-132060-2,0.259899,"ECB euro reference rates 2026-09-30 (extra/ecb.xml, fetched 2026-09-30T20:12:47Z)",6.8483
"Feryster (sklep.feryster.pl, PL; listed by Micrometals as authorized distributor)","distributor web shop product page (""Rabaty ilościowe"" table, net PLN)",Micrometals,GX-109060-2,"RTGX-27,7X14,1X19(060)",GX 60,powder: proprietary,G,GX-109060-2,per piece,"Feryster name ""RTGX-27,7X14,1X19(060) RTGX-27,7X14,1X19(060) GX-109060-2 AL=120 +/-8% RTGX-27,7X14,1X19(060)""",PLN,1,37.1,1,0,1,,"RTGX-27,7X14,1X19(060) RTGX-27,7X14,1X19(060) GX-109060-2 AL=120 +/-8% RTGX-27,7X14,1X19(060)",https://sklep.feryster.pl/82183-RTGX-27-7X14-1X19060.html,,2026-09-30T22:20:55Z,6430.0,,49.0,"Micrometals datasheet ""Mass (approximate)"" (part GX-109060-2)",https://datasheets.micrometals.com/GX-109060-2-DataSheet.pdf @ 2026-09-30T22:28:45Z,proprietary,MAS core reference GX-109060-2,0.259899,"ECB euro reference rates 2026-09-30 (extra/ecb.xml, fetched 2026-09-30T20:12:47Z)",9.6423
"Feryster (sklep.feryster.pl, PL; listed by Micrometals as authorized distributor)","distributor web shop product page (""Rabaty ilościowe"" table, net PLN)",Micrometals,GX-109060-2,"RTGX-27,7X14,1X19(060)",GX 60,powder: proprietary,G,GX-109060-2,per piece,"Feryster name ""RTGX-27,7X14,1X19(060) RTGX-27,7X14,1X19(060) GX-109060-2 AL=120 +/-8% RTGX-27,7X14,1X19(060)""",PLN,100,35.25,0,0,1,,"RTGX-27,7X14,1X19(060) RTGX-27,7X14,1X19(060) GX-109060-2 AL=120 +/-8% RTGX-27,7X14,1X19(060)",https://sklep.feryster.pl/82183-RTGX-27-7X14-1X19060.html,,2026-09-30T22:20:55Z,6430.0,,49.0,"Micrometals datasheet ""Mass (approximate)"" (part GX-109060-2)",https://datasheets.micrometals.com/GX-109060-2-DataSheet.pdf @ 2026-09-30T22:28:45Z,proprietary,MAS core reference GX-109060-2,0.259899,"ECB euro reference rates 2026-09-30 (extra/ecb.xml, fetched 2026-09-30T20:12:47Z)",9.1614
"Feryster (sklep.feryster.pl, PL; listed by Micrometals as authorized distributor)","distributor web shop product page (""Rabaty ilościowe"" table, net PLN)",Micrometals,GX-109060-2,"RTGX-27,7X14,1X19(060)",GX 60,powder: proprietary,G,GX-109060-2,per piece,"Feryster name ""RTGX-27,7X14,1X19(060) RTGX-27,7X14,1X19(060) GX-109060-2 AL=120 +/-8% RTGX-27,7X14,1X19(060)""",PLN,500,33.39,0,0,1,,"RTGX-27,7X14,1X19(060) RTGX-27,7X14,1X19(060) GX-109060-2 AL=120 +/-8% RTGX-27,7X14,1X19(060)",https://sklep.feryster.pl/82183-RTGX-27-7X14-1X19060.html,,2026-09-30T22:20:55Z,6430.0,,49.0,"Micrometals datasheet ""Mass (approximate)"" (part GX-109060-2)",https://datasheets.micrometals.com/GX-109060-2-DataSheet.pdf @ 2026-09-30T22:28:45Z,proprietary,MAS core reference GX-109060-2,0.259899,"ECB euro reference rates 2026-09-30 (extra/ecb.xml, fetched 2026-09-30T20:12:47Z)",8.678
"Feryster (sklep.feryster.pl, PL; listed by Micrometals as authorized distributor)","distributor web shop product page (""Rabaty ilościowe"" table, net PLN)",Micrometals,GX-109060-2,"RTGX-27,7X14,1X19(060)",GX 60,powder: proprietary,G,GX-109060-2,per piece,"Feryster name ""RTGX-27,7X14,1X19(060) RTGX-27,7X14,1X19(060) GX-109060-2 AL=120 +/-8% RTGX-27,7X14,1X19(060)""",PLN,1000,31.54,0,1,1,,"RTGX-27,7X14,1X19(060) RTGX-27,7X14,1X19(060) GX-109060-2 AL=120 +/-8% RTGX-27,7X14,1X19(060)",https://sklep.feryster.pl/82183-RTGX-27-7X14-1X19060.html,,2026-09-30T22:20:55Z,6430.0,,49.0,"Micrometals datasheet ""Mass (approximate)"" (part GX-109060-2)",https://datasheets.micrometals.com/GX-109060-2-DataSheet.pdf @ 2026-09-30T22:28:45Z,proprietary,MAS core reference GX-109060-2,0.259899,"ECB euro reference rates 2026-09-30 (extra/ecb.xml, fetched 2026-09-30T20:12:47Z)",8.1972
"Feryster (sklep.feryster.pl, PL; listed by Micrometals as authorized distributor)","distributor web shop product page (""Rabaty ilościowe"" table, net PLN)",Micrometals,GX-109060-2,"RTGX-27,7X14,1X19(060)",GX 60,powder: proprietary,G,GX-109060-2,per piece,"Feryster name ""RTGX-27,7X14,1X19(060) RTGX-27,7X14,1X19(060) GX-109060-2 AL=120 +/-8% RTGX-27,7X14,1X19(060)""",PLN,5000,29.68,0,0,1,,"RTGX-27,7X14,1X19(060) RTGX-27,7X14,1X19(060) GX-109060-2 AL=120 +/-8% RTGX-27,7X14,1X19(060)",https://sklep.feryster.pl/82183-RTGX-27-7X14-1X19060.html,,2026-09-30T22:20:55Z,6430.0,,49.0,"Micrometals datasheet ""Mass (approximate)"" (part GX-109060-2)",https://datasheets.micrometals.com/GX-109060-2-DataSheet.pdf @ 2026-09-30T22:28:45Z,proprietary,MAS core reference GX-109060-2,0.259899,"ECB euro reference rates 2026-09-30 (extra/ecb.xml, fetched 2026-09-30T20:12:47Z)",7.7138
"Feryster (sklep.feryster.pl, PL; listed by Micrometals as authorized distributor)","distributor web shop product page (""Rabaty ilościowe"" table, net PLN)",Micrometals,OC-400060-2,"RTOC-103,1X55,7X17,7 (060)",OC 60,powder: proprietary,O,OC-400060-2,per piece,"Feryster name ""RTOC-103,1X55,7X17,7 (060) Rdzeń toroid OC-75,2X44,1X36,2 (60) (OC-400060-2) AL=112 RTOC-103,1X55,7X17,7 (060)""",PLN,1,312.13,1,0,1,,"RTOC-103,1X55,7X17,7 (060) Rdzeń toroid OC-75,2X44,1X36,2 (60) (OC-400060-2) AL=112 RTOC-103,1X55,7X17,7 (060)",https://sklep.feryster.pl/82453-RTOC-103-1X55-7X17-7-060.html,,2026-09-30T22:20:58Z,85500.0,,580.0,"Micrometals datasheet ""Mass (approximate)"" (part OC-400060-2)",https://datasheets.micrometals.com/OC-400060-2-DataSheet.pdf @ 2026-09-30T22:29:23Z,proprietary,MAS core reference OC-400060-2,0.259899,"ECB euro reference rates 2026-09-30 (extra/ecb.xml, fetched 2026-09-30T20:12:47Z)",81.1224
"Feryster (sklep.feryster.pl, PL; listed by Micrometals as authorized distributor)","distributor web shop product page (""Rabaty ilościowe"" table, net PLN)",Micrometals,OC-400060-2,"RTOC-103,1X55,7X17,7 (060)",OC 60,powder: proprietary,O,OC-400060-2,per piece,"Feryster name ""RTOC-103,1X55,7X17,7 (060) Rdzeń toroid OC-75,2X44,1X36,2 (60) (OC-400060-2) AL=112 RTOC-103,1X55,7X17,7 (060)""",PLN,100,296.52,0,0,1,,"RTOC-103,1X55,7X17,7 (060) Rdzeń toroid OC-75,2X44,1X36,2 (60) (OC-400060-2) AL=112 RTOC-103,1X55,7X17,7 (060)",https://sklep.feryster.pl/82453-RTOC-103-1X55-7X17-7-060.html,,2026-09-30T22:20:58Z,85500.0,,580.0,"Micrometals datasheet ""Mass (approximate)"" (part OC-400060-2)",https://datasheets.micrometals.com/OC-400060-2-DataSheet.pdf @ 2026-09-30T22:29:23Z,proprietary,MAS core reference OC-400060-2,0.259899,"ECB euro reference rates 2026-09-30 (extra/ecb.xml, fetched 2026-09-30T20:12:47Z)",77.0653
"Feryster (sklep.feryster.pl, PL; listed by Micrometals as authorized distributor)","distributor web shop product page (""Rabaty ilościowe"" table, net PLN)",Micrometals,OC-400060-2,"RTOC-103,1X55,7X17,7 (060)",OC 60,powder: proprietary,O,OC-400060-2,per piece,"Feryster name ""RTOC-103,1X55,7X17,7 (060) Rdzeń toroid OC-75,2X44,1X36,2 (60) (OC-400060-2) AL=112 RTOC-103,1X55,7X17,7 (060)""",PLN,500,280.92,0,0,1,,"RTOC-103,1X55,7X17,7 (060) Rdzeń toroid OC-75,2X44,1X36,2 (60) (OC-400060-2) AL=112 RTOC-103,1X55,7X17,7 (060)",https://sklep.feryster.pl/82453-RTOC-103-1X55-7X17-7-060.html,,2026-09-30T22:20:58Z,85500.0,,580.0,"Micrometals datasheet ""Mass (approximate)"" (part OC-400060-2)",https://datasheets.micrometals.com/OC-400060-2-DataSheet.pdf @ 2026-09-30T22:29:23Z,proprietary,MAS core reference OC-400060-2,0.259899,"ECB euro reference rates 2026-09-30 (extra/ecb.xml, fetched 2026-09-30T20:12:47Z)",73.0109
"Feryster (sklep.feryster.pl, PL; listed by Micrometals as authorized distributor)","distributor web shop product page (""Rabaty ilościowe"" table, net PLN)",Micrometals,OC-400060-2,"RTOC-103,1X55,7X17,7 (060)",OC 60,powder: proprietary,O,OC-400060-2,per piece,"Feryster name ""RTOC-103,1X55,7X17,7 (060) Rdzeń toroid OC-75,2X44,1X36,2 (60) (OC-400060-2) AL=112 RTOC-103,1X55,7X17,7 (060)""",PLN,1000,265.31,0,1,1,,"RTOC-103,1X55,7X17,7 (060) Rdzeń toroid OC-75,2X44,1X36,2 (60) (OC-400060-2) AL=112 RTOC-103,1X55,7X17,7 (060)",https://sklep.feryster.pl/82453-RTOC-103-1X55-7X17-7-060.html,,2026-09-30T22:20:58Z,85500.0,,580.0,"Micrometals datasheet ""Mass (approximate)"" (part OC-400060-2)",https://datasheets.micrometals.com/OC-400060-2-DataSheet.pdf @ 2026-09-30T22:29:23Z,proprietary,MAS core reference OC-400060-2,0.259899,"ECB euro reference rates 2026-09-30 (extra/ecb.xml, fetched 2026-09-30T20:12:47Z)",68.9539
"Feryster (sklep.feryster.pl, PL; listed by Micrometals as authorized distributor)","distributor web shop product page (""Rabaty ilościowe"" table, net PLN)",Micrometals,OC-400060-2,"RTOC-103,1X55,7X17,7 (060)",OC 60,powder: proprietary,O,OC-400060-2,per piece,"Feryster name ""RTOC-103,1X55,7X17,7 (060) Rdzeń toroid OC-75,2X44,1X36,2 (60) (OC-400060-2) AL=112 RTOC-103,1X55,7X17,7 (060)""",PLN,5000,249.7,0,0,1,,"RTOC-103,1X55,7X17,7 (060) Rdzeń toroid OC-75,2X44,1X36,2 (60) (OC-400060-2) AL=112 RTOC-103,1X55,7X17,7 (060)",https://sklep.feryster.pl/82453-RTOC-103-1X55-7X17-7-060.html,,2026-09-30T22:20:58Z,85500.0,,580.0,"Micrometals datasheet ""Mass (approximate)"" (part OC-400060-2)",https://datasheets.micrometals.com/OC-400060-2-DataSheet.pdf @ 2026-09-30T22:29:23Z,proprietary,MAS core reference OC-400060-2,0.259899,"ECB euro reference rates 2026-09-30 (extra/ecb.xml, fetched 2026-09-30T20:12:47Z)",64.8969
"Feryster (sklep.feryster.pl, PL; listed by Micrometals as authorized distributor)","distributor web shop product page (""Rabaty ilościowe"" table, net PLN)",,"RTSM-58X34,7X14,8 (060)","RTSM-58X34,7X14,8 (060)",,unmapped,C,"RTSM-58X34,7X14,8 (060)",per piece,"Feryster name ""RTSM-58X34,7X14,8 (060) Rdzeń toroid SM-58X34,7X14,8 (SM-225060-2) AL=75 +/-8% RTSM-58X34,7X14,8 (060)""",PLN,1,20.32,1,0,1,,"RTSM-58X34,7X14,8 (060) Rdzeń toroid SM-58X34,7X14,8 (SM-225060-2) AL=75 +/-8% RTSM-58X34,7X14,8 (060)",https://sklep.feryster.pl/85353-RTSM-58X34-7X14-8-060.html,,2026-09-30T22:21:04Z,,,,,,,no Micrometals PN in Feryster name; maker not stated on page,0.259899,"ECB euro reference rates 2026-09-30 (extra/ecb.xml, fetched 2026-09-30T20:12:47Z)",5.2812
"Feryster (sklep.feryster.pl, PL; listed by Micrometals as authorized distributor)","distributor web shop product page (""Rabaty ilościowe"" table, net PLN)",,"RTSM-58X34,7X14,8 (060)","RTSM-58X34,7X14,8 (060)",,unmapped,C,"RTSM-58X34,7X14,8 (060)",per piece,"Feryster name ""RTSM-58X34,7X14,8 (060) Rdzeń toroid SM-58X34,7X14,8 (SM-225060-2) AL=75 +/-8% RTSM-58X34,7X14,8 (060)""",PLN,100,19.3,0,0,1,,"RTSM-58X34,7X14,8 (060) Rdzeń toroid SM-58X34,7X14,8 (SM-225060-2) AL=75 +/-8% RTSM-58X34,7X14,8 (060)",https://sklep.feryster.pl/85353-RTSM-58X34-7X14-8-060.html,,2026-09-30T22:21:04Z,,,,,,,no Micrometals PN in Feryster name; maker not stated on page,0.259899,"ECB euro reference rates 2026-09-30 (extra/ecb.xml, fetched 2026-09-30T20:12:47Z)",5.0161
"Feryster (sklep.feryster.pl, PL; listed by Micrometals as authorized distributor)","distributor web shop product page (""Rabaty ilościowe"" table, net PLN)",,"RTSM-58X34,7X14,8 (060)","RTSM-58X34,7X14,8 (060)",,unmapped,C,"RTSM-58X34,7X14,8 (060)",per piece,"Feryster name ""RTSM-58X34,7X14,8 (060) Rdzeń toroid SM-58X34,7X14,8 (SM-225060-2) AL=75 +/-8% RTSM-58X34,7X14,8 (060)""",PLN,500,18.29,0,0,1,,"RTSM-58X34,7X14,8 (060) Rdzeń toroid SM-58X34,7X14,8 (SM-225060-2) AL=75 +/-8% RTSM-58X34,7X14,8 (060)",https://sklep.feryster.pl/85353-RTSM-58X34-7X14-8-060.html,,2026-09-30T22:21:04Z,,,,,,,no Micrometals PN in Feryster name; maker not stated on page,0.259899,"ECB euro reference rates 2026-09-30 (extra/ecb.xml, fetched 2026-09-30T20:12:47Z)",4.7536
"Feryster (sklep.feryster.pl, PL; listed by Micrometals as authorized distributor)","distributor web shop product page (""Rabaty ilościowe"" table, net PLN)",,"RTSM-58X34,7X14,8 (060)","RTSM-58X34,7X14,8 (060)",,unmapped,C,"RTSM-58X34,7X14,8 (060)",per piece,"Feryster name ""RTSM-58X34,7X14,8 (060) Rdzeń toroid SM-58X34,7X14,8 (SM-225060-2) AL=75 +/-8% RTSM-58X34,7X14,8 (060)""",PLN,1000,17.27,0,1,1,,"RTSM-58X34,7X14,8 (060) Rdzeń toroid SM-58X34,7X14,8 (SM-225060-2) AL=75 +/-8% RTSM-58X34,7X14,8 (060)",https://sklep.feryster.pl/85353-RTSM-58X34-7X14-8-060.html,,2026-09-30T22:21:04Z,,,,,,,no Micrometals PN in Feryster name; maker not stated on page,0.259899,"ECB euro reference rates 2026-09-30 (extra/ecb.xml, fetched 2026-09-30T20:12:47Z)",4.4885
"Feryster (sklep.feryster.pl, PL; listed by Micrometals as authorized distributor)","distributor web shop product page (""Rabaty ilościowe"" table, net PLN)",,"RTSM-58X34,7X14,8 (060)","RTSM-58X34,7X14,8 (060)",,unmapped,C,"RTSM-58X34,7X14,8 (060)",per piece,"Feryster name ""RTSM-58X34,7X14,8 (060) Rdzeń toroid SM-58X34,7X14,8 (SM-225060-2) AL=75 +/-8% RTSM-58X34,7X14,8 (060)""",PLN,5000,16.26,0,0,1,,"RTSM-58X34,7X14,8 (060) Rdzeń toroid SM-58X34,7X14,8 (SM-225060-2) AL=75 +/-8% RTSM-58X34,7X14,8 (060)",https://sklep.feryster.pl/85353-RTSM-58X34-7X14-8-060.html,,2026-09-30T22:21:04Z,,,,,,,no Micrometals PN in Feryster name; maker not stated on page,0.259899,"ECB euro reference rates 2026-09-30 (extra/ecb.xml, fetched 2026-09-30T20:12:47Z)",4.226
"Feryster (sklep.feryster.pl, PL; listed by Micrometals as authorized distributor)","distributor web shop product page (""Rabaty ilościowe"" table, net PLN)",,"RTSM-23,6X13,4X8,4 (060)","RTSM-23,6X13,4X8,4 (060)",,unmapped,C,"RTSM-23,6X13,4X8,4 (060)",per piece,"Feryster name ""RTSM-23,6X13,4X8,4 (060) Rdzeń toroid SM-23,6X13,4X8,4 (SM-090060-2) AL=43 +/-8% RTSM-23,6X13,4X8,4 (060)""",PLN,1,1.73,1,0,1,,"RTSM-23,6X13,4X8,4 (060) Rdzeń toroid SM-23,6X13,4X8,4 (SM-090060-2) AL=43 +/-8% RTSM-23,6X13,4X8,4 (060)",https://sklep.feryster.pl/85635-rtsm-236x134x84-060.html,,2026-09-30T22:21:07Z,,,,,,,no Micrometals PN in Feryster name; maker not stated on page,0.259899,"ECB euro reference rates 2026-09-30 (extra/ecb.xml, fetched 2026-09-30T20:12:47Z)",0.4496
"Feryster (sklep.feryster.pl, PL; listed by Micrometals as authorized distributor)","distributor web shop product page (""Rabaty ilościowe"" table, net PLN)",,"RTSM-23,6X13,4X8,4 (060)","RTSM-23,6X13,4X8,4 (060)",,unmapped,C,"RTSM-23,6X13,4X8,4 (060)",per piece,"Feryster name ""RTSM-23,6X13,4X8,4 (060) Rdzeń toroid SM-23,6X13,4X8,4 (SM-090060-2) AL=43 +/-8% RTSM-23,6X13,4X8,4 (060)""",PLN,100,1.64,0,0,1,,"RTSM-23,6X13,4X8,4 (060) Rdzeń toroid SM-23,6X13,4X8,4 (SM-090060-2) AL=43 +/-8% RTSM-23,6X13,4X8,4 (060)",https://sklep.feryster.pl/85635-rtsm-236x134x84-060.html,,2026-09-30T22:21:07Z,,,,,,,no Micrometals PN in Feryster name; maker not stated on page,0.259899,"ECB euro reference rates 2026-09-30 (extra/ecb.xml, fetched 2026-09-30T20:12:47Z)",0.4262
"Feryster (sklep.feryster.pl, PL; listed by Micrometals as authorized distributor)","distributor web shop product page (""Rabaty ilościowe"" table, net PLN)",,"RTSM-23,6X13,4X8,4 (060)","RTSM-23,6X13,4X8,4 (060)",,unmapped,C,"RTSM-23,6X13,4X8,4 (060)",per piece,"Feryster name ""RTSM-23,6X13,4X8,4 (060) Rdzeń toroid SM-23,6X13,4X8,4 (SM-090060-2) AL=43 +/-8% RTSM-23,6X13,4X8,4 (060)""",PLN,500,1.56,0,0,1,,"RTSM-23,6X13,4X8,4 (060) Rdzeń toroid SM-23,6X13,4X8,4 (SM-090060-2) AL=43 +/-8% RTSM-23,6X13,4X8,4 (060)",https://sklep.feryster.pl/85635-rtsm-236x134x84-060.html,,2026-09-30T22:21:07Z,,,,,,,no Micrometals PN in Feryster name; maker not stated on page,0.259899,"ECB euro reference rates 2026-09-30 (extra/ecb.xml, fetched 2026-09-30T20:12:47Z)",0.4054
"Feryster (sklep.feryster.pl, PL; listed by Micrometals as authorized distributor)","distributor web shop product page (""Rabaty ilościowe"" table, net PLN)",,"RTSM-23,6X13,4X8,4 (060)","RTSM-23,6X13,4X8,4 (060)",,unmapped,C,"RTSM-23,6X13,4X8,4 (060)",per piece,"Feryster name ""RTSM-23,6X13,4X8,4 (060) Rdzeń toroid SM-23,6X13,4X8,4 (SM-090060-2) AL=43 +/-8% RTSM-23,6X13,4X8,4 (060)""",PLN,1000,1.47,0,1,1,,"RTSM-23,6X13,4X8,4 (060) Rdzeń toroid SM-23,6X13,4X8,4 (SM-090060-2) AL=43 +/-8% RTSM-23,6X13,4X8,4 (060)",https://sklep.feryster.pl/85635-rtsm-236x134x84-060.html,,2026-09-30T22:21:07Z,,,,,,,no Micrometals PN in Feryster name; maker not stated on page,0.259899,"ECB euro reference rates 2026-09-30 (extra/ecb.xml, fetched 2026-09-30T20:12:47Z)",0.3821
"Feryster (sklep.feryster.pl, PL; listed by Micrometals as authorized distributor)","distributor web shop product page (""Rabaty ilościowe"" table, net PLN)",,"RTSM-23,6X13,4X8,4 (060)","RTSM-23,6X13,4X8,4 (060)",,unmapped,C,"RTSM-23,6X13,4X8,4 (060)",per piece,"Feryster name ""RTSM-23,6X13,4X8,4 (060) Rdzeń toroid SM-23,6X13,4X8,4 (SM-090060-2) AL=43 +/-8% RTSM-23,6X13,4X8,4 (060)""",PLN,5000,1.38,0,0,1,,"RTSM-23,6X13,4X8,4 (060) Rdzeń toroid SM-23,6X13,4X8,4 (SM-090060-2) AL=43 +/-8% RTSM-23,6X13,4X8,4 (060)",https://sklep.feryster.pl/85635-rtsm-236x134x84-060.html,,2026-09-30T22:21:07Z,,,,,,,no Micrometals PN in Feryster name; maker not stated on page,0.259899,"ECB euro reference rates 2026-09-30 (extra/ecb.xml, fetched 2026-09-30T20:12:47Z)",0.3587
"Feryster (sklep.feryster.pl, PL; listed by Micrometals as authorized distributor)","distributor web shop product page (""Rabaty ilościowe"" table, net PLN)",Micrometals,GX-106060-2,"RTGX-27,7X14,1X12 (060)",GX 60,powder: proprietary,G,GX-106060-2,per piece,"Feryster name ""RTGX-27,7X14,1X12 (060) Rdzeń toroid GX-27,7x14,1x12 (GX-106060-2) AL=75 +/-8% RTGX-27,7X14,1X12 (060)""",PLN,1,12.19,1,0,1,,"RTGX-27,7X14,1X12 (060) Rdzeń toroid GX-27,7x14,1x12 (GX-106060-2) AL=75 +/-8% RTGX-27,7X14,1X12 (060)",https://sklep.feryster.pl/85642-RTGX-27-7X14-1X12-060.html,,2026-09-30T22:21:10Z,4150.0,,31.0,"Micrometals datasheet ""Mass (approximate)"" (part GX-106060-2)",https://datasheets.micrometals.com/GX-106060-2-DataSheet.pdf @ 2026-09-30T22:28:42Z,proprietary,MAS core reference GX-106060-2,0.259899,"ECB euro reference rates 2026-09-30 (extra/ecb.xml, fetched 2026-09-30T20:12:47Z)",3.1682
"Feryster (sklep.feryster.pl, PL; listed by Micrometals as authorized distributor)","distributor web shop product page (""Rabaty ilościowe"" table, net PLN)",Micrometals,GX-106060-2,"RTGX-27,7X14,1X12 (060)",GX 60,powder: proprietary,G,GX-106060-2,per piece,"Feryster name ""RTGX-27,7X14,1X12 (060) Rdzeń toroid GX-27,7x14,1x12 (GX-106060-2) AL=75 +/-8% RTGX-27,7X14,1X12 (060)""",PLN,100,11.58,0,0,1,,"RTGX-27,7X14,1X12 (060) Rdzeń toroid GX-27,7x14,1x12 (GX-106060-2) AL=75 +/-8% RTGX-27,7X14,1X12 (060)",https://sklep.feryster.pl/85642-RTGX-27-7X14-1X12-060.html,,2026-09-30T22:21:10Z,4150.0,,31.0,"Micrometals datasheet ""Mass (approximate)"" (part GX-106060-2)",https://datasheets.micrometals.com/GX-106060-2-DataSheet.pdf @ 2026-09-30T22:28:42Z,proprietary,MAS core reference GX-106060-2,0.259899,"ECB euro reference rates 2026-09-30 (extra/ecb.xml, fetched 2026-09-30T20:12:47Z)",3.0096
"Feryster (sklep.feryster.pl, PL; listed by Micrometals as authorized distributor)","distributor web shop product page (""Rabaty ilościowe"" table, net PLN)",Micrometals,GX-106060-2,"RTGX-27,7X14,1X12 (060)",GX 60,powder: proprietary,G,GX-106060-2,per piece,"Feryster name ""RTGX-27,7X14,1X12 (060) Rdzeń toroid GX-27,7x14,1x12 (GX-106060-2) AL=75 +/-8% RTGX-27,7X14,1X12 (060)""",PLN,500,10.97,0,0,1,,"RTGX-27,7X14,1X12 (060) Rdzeń toroid GX-27,7x14,1x12 (GX-106060-2) AL=75 +/-8% RTGX-27,7X14,1X12 (060)",https://sklep.feryster.pl/85642-RTGX-27-7X14-1X12-060.html,,2026-09-30T22:21:10Z,4150.0,,31.0,"Micrometals datasheet ""Mass (approximate)"" (part GX-106060-2)",https://datasheets.micrometals.com/GX-106060-2-DataSheet.pdf @ 2026-09-30T22:28:42Z,proprietary,MAS core reference GX-106060-2,0.259899,"ECB euro reference rates 2026-09-30 (extra/ecb.xml, fetched 2026-09-30T20:12:47Z)",2.8511
"Feryster (sklep.feryster.pl, PL; listed by Micrometals as authorized distributor)","distributor web shop product page (""Rabaty ilościowe"" table, net PLN)",Micrometals,GX-106060-2,"RTGX-27,7X14,1X12 (060)",GX 60,powder: proprietary,G,GX-106060-2,per piece,"Feryster name ""RTGX-27,7X14,1X12 (060) Rdzeń toroid GX-27,7x14,1x12 (GX-106060-2) AL=75 +/-8% RTGX-27,7X14,1X12 (060)""",PLN,1000,10.36,0,1,1,,"RTGX-27,7X14,1X12 (060) Rdzeń toroid GX-27,7x14,1x12 (GX-106060-2) AL=75 +/-8% RTGX-27,7X14,1X12 (060)",https://sklep.feryster.pl/85642-RTGX-27-7X14-1X12-060.html,,2026-09-30T22:21:10Z,4150.0,,31.0,"Micrometals datasheet ""Mass (approximate)"" (part GX-106060-2)",https://datasheets.micrometals.com/GX-106060-2-DataSheet.pdf @ 2026-09-30T22:28:42Z,proprietary,MAS core reference GX-106060-2,0.259899,"ECB euro reference rates 2026-09-30 (extra/ecb.xml, fetched 2026-09-30T20:12:47Z)",2.6926
"Feryster (sklep.feryster.pl, PL; listed by Micrometals as authorized distributor)","distributor web shop product page (""Rabaty ilościowe"" table, net PLN)",Micrometals,GX-106060-2,"RTGX-27,7X14,1X12 (060)",GX 60,powder: proprietary,G,GX-106060-2,per piece,"Feryster name ""RTGX-27,7X14,1X12 (060) Rdzeń toroid GX-27,7x14,1x12 (GX-106060-2) AL=75 +/-8% RTGX-27,7X14,1X12 (060)""",PLN,5000,9.75,0,0,1,,"RTGX-27,7X14,1X12 (060) Rdzeń toroid GX-27,7x14,1x12 (GX-106060-2) AL=75 +/-8% RTGX-27,7X14,1X12 (060)",https://sklep.feryster.pl/85642-RTGX-27-7X14-1X12-060.html,,2026-09-30T22:21:10Z,4150.0,,31.0,"Micrometals datasheet ""Mass (approximate)"" (part GX-106060-2)",https://datasheets.micrometals.com/GX-106060-2-DataSheet.pdf @ 2026-09-30T22:28:42Z,proprietary,MAS core reference GX-106060-2,0.259899,"ECB euro reference rates 2026-09-30 (extra/ecb.xml, fetched 2026-09-30T20:12:47Z)",2.534
"Feryster (sklep.feryster.pl, PL; listed by Micrometals as authorized distributor)","distributor web shop product page (""Rabaty ilościowe"" table, net PLN)",Micrometals,T157-52,"RTP-39,9X24,1X14,5-52",Mix 52,powder: iron,T,T157-52,per piece,"Feryster name ""RTP-39,9X24,1X14,5-52 Rdzeń toroid proszkowy (T157-52) Al=99 RTP-39,9X24,1X14,5-52""",PLN,1,7.84,1,0,1,,"RTP-39,9X24,1X14,5-52 Rdzeń toroid proszkowy (T157-52) Al=99 RTP-39,9X24,1X14,5-52",https://sklep.feryster.pl/18316-RTP-39-9X24-1X14-5-52.html,,2026-09-30T22:21:14Z,10700.0,,75.0,"Micrometals datasheet ""Mass (approximate)"" (part T157-52)",https://datasheets.micrometals.com/T157-52-DataSheet.pdf @ 2026-09-30T20:18:49Z,iron,MAS core reference T157-52,0.259899,"ECB euro reference rates 2026-09-30 (extra/ecb.xml, fetched 2026-09-30T20:12:47Z)",2.0376
"Feryster (sklep.feryster.pl, PL; listed by Micrometals as authorized distributor)","distributor web shop product page (""Rabaty ilościowe"" table, net PLN)",Micrometals,T157-52,"RTP-39,9X24,1X14,5-52",Mix 52,powder: iron,T,T157-52,per piece,"Feryster name ""RTP-39,9X24,1X14,5-52 Rdzeń toroid proszkowy (T157-52) Al=99 RTP-39,9X24,1X14,5-52""",PLN,100,7.45,0,0,1,,"RTP-39,9X24,1X14,5-52 Rdzeń toroid proszkowy (T157-52) Al=99 RTP-39,9X24,1X14,5-52",https://sklep.feryster.pl/18316-RTP-39-9X24-1X14-5-52.html,,2026-09-30T22:21:14Z,10700.0,,75.0,"Micrometals datasheet ""Mass (approximate)"" (part T157-52)",https://datasheets.micrometals.com/T157-52-DataSheet.pdf @ 2026-09-30T20:18:49Z,iron,MAS core reference T157-52,0.259899,"ECB euro reference rates 2026-09-30 (extra/ecb.xml, fetched 2026-09-30T20:12:47Z)",1.9362
"Feryster (sklep.feryster.pl, PL; listed by Micrometals as authorized distributor)","distributor web shop product page (""Rabaty ilościowe"" table, net PLN)",Micrometals,T157-52,"RTP-39,9X24,1X14,5-52",Mix 52,powder: iron,T,T157-52,per piece,"Feryster name ""RTP-39,9X24,1X14,5-52 Rdzeń toroid proszkowy (T157-52) Al=99 RTP-39,9X24,1X14,5-52""",PLN,500,7.06,0,0,1,,"RTP-39,9X24,1X14,5-52 Rdzeń toroid proszkowy (T157-52) Al=99 RTP-39,9X24,1X14,5-52",https://sklep.feryster.pl/18316-RTP-39-9X24-1X14-5-52.html,,2026-09-30T22:21:14Z,10700.0,,75.0,"Micrometals datasheet ""Mass (approximate)"" (part T157-52)",https://datasheets.micrometals.com/T157-52-DataSheet.pdf @ 2026-09-30T20:18:49Z,iron,MAS core reference T157-52,0.259899,"ECB euro reference rates 2026-09-30 (extra/ecb.xml, fetched 2026-09-30T20:12:47Z)",1.8349
"Feryster (sklep.feryster.pl, PL; listed by Micrometals as authorized distributor)","distributor web shop product page (""Rabaty ilościowe"" table, net PLN)",Micrometals,T157-52,"RTP-39,9X24,1X14,5-52",Mix 52,powder: iron,T,T157-52,per piece,"Feryster name ""RTP-39,9X24,1X14,5-52 Rdzeń toroid proszkowy (T157-52) Al=99 RTP-39,9X24,1X14,5-52""",PLN,1000,6.66,0,1,1,,"RTP-39,9X24,1X14,5-52 Rdzeń toroid proszkowy (T157-52) Al=99 RTP-39,9X24,1X14,5-52",https://sklep.feryster.pl/18316-RTP-39-9X24-1X14-5-52.html,,2026-09-30T22:21:14Z,10700.0,,75.0,"Micrometals datasheet ""Mass (approximate)"" (part T157-52)",https://datasheets.micrometals.com/T157-52-DataSheet.pdf @ 2026-09-30T20:18:49Z,iron,MAS core reference T157-52,0.259899,"ECB euro reference rates 2026-09-30 (extra/ecb.xml, fetched 2026-09-30T20:12:47Z)",1.7309
"Feryster (sklep.feryster.pl, PL; listed by Micrometals as authorized distributor)","distributor web shop product page (""Rabaty ilościowe"" table, net PLN)",Micrometals,T157-52,"RTP-39,9X24,1X14,5-52",Mix 52,powder: iron,T,T157-52,per piece,"Feryster name ""RTP-39,9X24,1X14,5-52 Rdzeń toroid proszkowy (T157-52) Al=99 RTP-39,9X24,1X14,5-52""",PLN,5000,6.27,0,0,1,,"RTP-39,9X24,1X14,5-52 Rdzeń toroid proszkowy (T157-52) Al=99 RTP-39,9X24,1X14,5-52",https://sklep.feryster.pl/18316-RTP-39-9X24-1X14-5-52.html,,2026-09-30T22:21:14Z,10700.0,,75.0,"Micrometals datasheet ""Mass (approximate)"" (part T157-52)",https://datasheets.micrometals.com/T157-52-DataSheet.pdf @ 2026-09-30T20:18:49Z,iron,MAS core reference T157-52,0.259899,"ECB euro reference rates 2026-09-30 (extra/ecb.xml, fetched 2026-09-30T20:12:47Z)",1.6296
"Feryster (sklep.feryster.pl, PL; listed by Micrometals as authorized distributor)","distributor web shop product page (""Rabaty ilościowe"" table, net PLN)",Micrometals,OD-157060-2,"RTOD-40,8X23,3X15,3 (060)",OD 60,powder: proprietary,O,OD-157060-2,per piece,"Feryster name ""RTOD-40,8X23,3X15,3 (060) Rdzeń toroid Optilloy-DC-40,8X23,3X15,3 (OD-157060-2) AL=81 RTOD-40,8X23,3X15,3 (060)""",PLN,1,7.72,1,0,1,,"RTOD-40,8X23,3X15,3 (060) Rdzeń toroid Optilloy-DC-40,8X23,3X15,3 (OD-157060-2) AL=81 RTOD-40,8X23,3X15,3 (060)",https://sklep.feryster.pl/79398-RTOD-40-8X23-3X15-3-060.html,,2026-09-30T22:21:17Z,10500.0,,74.0,"Micrometals datasheet ""Mass (approximate)"" (part OD-157060-2)",https://datasheets.micrometals.com/OD-157060-2-DataSheet.pdf @ 2026-09-30T22:29:39Z,proprietary,MAS core reference OD-157060-2,0.259899,"ECB euro reference rates 2026-09-30 (extra/ecb.xml, fetched 2026-09-30T20:12:47Z)",2.0064
"Feryster (sklep.feryster.pl, PL; listed by Micrometals as authorized distributor)","distributor web shop product page (""Rabaty ilościowe"" table, net PLN)",Micrometals,OD-157060-2,"RTOD-40,8X23,3X15,3 (060)",OD 60,powder: proprietary,O,OD-157060-2,per piece,"Feryster name ""RTOD-40,8X23,3X15,3 (060) Rdzeń toroid Optilloy-DC-40,8X23,3X15,3 (OD-157060-2) AL=81 RTOD-40,8X23,3X15,3 (060)""",PLN,100,7.33,0,0,1,,"RTOD-40,8X23,3X15,3 (060) Rdzeń toroid Optilloy-DC-40,8X23,3X15,3 (OD-157060-2) AL=81 RTOD-40,8X23,3X15,3 (060)",https://sklep.feryster.pl/79398-RTOD-40-8X23-3X15-3-060.html,,2026-09-30T22:21:17Z,10500.0,,74.0,"Micrometals datasheet ""Mass (approximate)"" (part OD-157060-2)",https://datasheets.micrometals.com/OD-157060-2-DataSheet.pdf @ 2026-09-30T22:29:39Z,proprietary,MAS core reference OD-157060-2,0.259899,"ECB euro reference rates 2026-09-30 (extra/ecb.xml, fetched 2026-09-30T20:12:47Z)",1.9051
"Feryster (sklep.feryster.pl, PL; listed by Micrometals as authorized distributor)","distributor web shop product page (""Rabaty ilościowe"" table, net PLN)",Micrometals,OD-157060-2,"RTOD-40,8X23,3X15,3 (060)",OD 60,powder: proprietary,O,OD-157060-2,per piece,"Feryster name ""RTOD-40,8X23,3X15,3 (060) Rdzeń toroid Optilloy-DC-40,8X23,3X15,3 (OD-157060-2) AL=81 RTOD-40,8X23,3X15,3 (060)""",PLN,500,6.95,0,0,1,,"RTOD-40,8X23,3X15,3 (060) Rdzeń toroid Optilloy-DC-40,8X23,3X15,3 (OD-157060-2) AL=81 RTOD-40,8X23,3X15,3 (060)",https://sklep.feryster.pl/79398-RTOD-40-8X23-3X15-3-060.html,,2026-09-30T22:21:17Z,10500.0,,74.0,"Micrometals datasheet ""Mass (approximate)"" (part OD-157060-2)",https://datasheets.micrometals.com/OD-157060-2-DataSheet.pdf @ 2026-09-30T22:29:39Z,proprietary,MAS core reference OD-157060-2,0.259899,"ECB euro reference rates 2026-09-30 (extra/ecb.xml, fetched 2026-09-30T20:12:47Z)",1.8063
"Feryster (sklep.feryster.pl, PL; listed by Micrometals as authorized distributor)","distributor web shop product page (""Rabaty ilościowe"" table, net PLN)",Micrometals,OD-157060-2,"RTOD-40,8X23,3X15,3 (060)",OD 60,powder: proprietary,O,OD-157060-2,per piece,"Feryster name ""RTOD-40,8X23,3X15,3 (060) Rdzeń toroid Optilloy-DC-40,8X23,3X15,3 (OD-157060-2) AL=81 RTOD-40,8X23,3X15,3 (060)""",PLN,1000,6.56,0,1,1,,"RTOD-40,8X23,3X15,3 (060) Rdzeń toroid Optilloy-DC-40,8X23,3X15,3 (OD-157060-2) AL=81 RTOD-40,8X23,3X15,3 (060)",https://sklep.feryster.pl/79398-RTOD-40-8X23-3X15-3-060.html,,2026-09-30T22:21:17Z,10500.0,,74.0,"Micrometals datasheet ""Mass (approximate)"" (part OD-157060-2)",https://datasheets.micrometals.com/OD-157060-2-DataSheet.pdf @ 2026-09-30T22:29:39Z,proprietary,MAS core reference OD-157060-2,0.259899,"ECB euro reference rates 2026-09-30 (extra/ecb.xml, fetched 2026-09-30T20:12:47Z)",1.7049
"Feryster (sklep.feryster.pl, PL; listed by Micrometals as authorized distributor)","distributor web shop product page (""Rabaty ilościowe"" table, net PLN)",Micrometals,OD-157060-2,"RTOD-40,8X23,3X15,3 (060)",OD 60,powder: proprietary,O,OD-157060-2,per piece,"Feryster name ""RTOD-40,8X23,3X15,3 (060) Rdzeń toroid Optilloy-DC-40,8X23,3X15,3 (OD-157060-2) AL=81 RTOD-40,8X23,3X15,3 (060)""",PLN,5000,6.18,0,0,1,,"RTOD-40,8X23,3X15,3 (060) Rdzeń toroid Optilloy-DC-40,8X23,3X15,3 (OD-157060-2) AL=81 RTOD-40,8X23,3X15,3 (060)",https://sklep.feryster.pl/79398-RTOD-40-8X23-3X15-3-060.html,,2026-09-30T22:21:17Z,10500.0,,74.0,"Micrometals datasheet ""Mass (approximate)"" (part OD-157060-2)",https://datasheets.micrometals.com/OD-157060-2-DataSheet.pdf @ 2026-09-30T22:29:39Z,proprietary,MAS core reference OD-157060-2,0.259899,"ECB euro reference rates 2026-09-30 (extra/ecb.xml, fetched 2026-09-30T20:12:47Z)",1.6062
"Feryster (sklep.feryster.pl, PL; listed by Micrometals as authorized distributor)","distributor web shop product page (""Rabaty ilościowe"" table, net PLN)",Micrometals,OC-250060-2,"RTOC-64,8X30,5X25,9(60)",OC 60,powder: proprietary,O,OC-250060-2,per piece,"Feryster name ""RTOC-64,8X30,5X25,9(60) Rdzeń toroid OC 64,8X30,5X25,9 (OC-250060-2) AL=206 RTOC-64,8X30,5X25,9(60)""",PLN,1,205.81,1,0,1,,"RTOC-64,8X30,5X25,9(60) Rdzeń toroid OC 64,8X30,5X25,9 (OC-250060-2) AL=206 RTOC-64,8X30,5X25,9(60)",https://sklep.feryster.pl/82454-RTOC-64-8X30-5X25-960.html,,2026-09-30T22:21:20Z,55800.0,,380.0,"Micrometals datasheet ""Mass (approximate)"" (part OC-250060-2)",https://datasheets.micrometals.com/OC-250060-2-DataSheet.pdf @ 2026-09-30T22:29:14Z,proprietary,MAS core reference OC-250060-2,0.259899,"ECB euro reference rates 2026-09-30 (extra/ecb.xml, fetched 2026-09-30T20:12:47Z)",53.4899
"Feryster (sklep.feryster.pl, PL; listed by Micrometals as authorized distributor)","distributor web shop product page (""Rabaty ilościowe"" table, net PLN)",Micrometals,OC-250060-2,"RTOC-64,8X30,5X25,9(60)",OC 60,powder: proprietary,O,OC-250060-2,per piece,"Feryster name ""RTOC-64,8X30,5X25,9(60) Rdzeń toroid OC 64,8X30,5X25,9 (OC-250060-2) AL=206 RTOC-64,8X30,5X25,9(60)""",PLN,100,195.52,0,0,1,,"RTOC-64,8X30,5X25,9(60) Rdzeń toroid OC 64,8X30,5X25,9 (OC-250060-2) AL=206 RTOC-64,8X30,5X25,9(60)",https://sklep.feryster.pl/82454-RTOC-64-8X30-5X25-960.html,,2026-09-30T22:21:20Z,55800.0,,380.0,"Micrometals datasheet ""Mass (approximate)"" (part OC-250060-2)",https://datasheets.micrometals.com/OC-250060-2-DataSheet.pdf @ 2026-09-30T22:29:14Z,proprietary,MAS core reference OC-250060-2,0.259899,"ECB euro reference rates 2026-09-30 (extra/ecb.xml, fetched 2026-09-30T20:12:47Z)",50.8155
"Feryster (sklep.feryster.pl, PL; listed by Micrometals as authorized distributor)","distributor web shop product page (""Rabaty ilościowe"" table, net PLN)",Micrometals,OC-250060-2,"RTOC-64,8X30,5X25,9(60)",OC 60,powder: proprietary,O,OC-250060-2,per piece,"Feryster name ""RTOC-64,8X30,5X25,9(60) Rdzeń toroid OC 64,8X30,5X25,9 (OC-250060-2) AL=206 RTOC-64,8X30,5X25,9(60)""",PLN,500,185.23,0,0,1,,"RTOC-64,8X30,5X25,9(60) Rdzeń toroid OC 64,8X30,5X25,9 (OC-250060-2) AL=206 RTOC-64,8X30,5X25,9(60)",https://sklep.feryster.pl/82454-RTOC-64-8X30-5X25-960.html,,2026-09-30T22:21:20Z,55800.0,,380.0,"Micrometals datasheet ""Mass (approximate)"" (part OC-250060-2)",https://datasheets.micrometals.com/OC-250060-2-DataSheet.pdf @ 2026-09-30T22:29:14Z,proprietary,MAS core reference OC-250060-2,0.259899,"ECB euro reference rates 2026-09-30 (extra/ecb.xml, fetched 2026-09-30T20:12:47Z)",48.1411
"Feryster (sklep.feryster.pl, PL; listed by Micrometals as authorized distributor)","distributor web shop product page (""Rabaty ilościowe"" table, net PLN)",Micrometals,OC-250060-2,"RTOC-64,8X30,5X25,9(60)",OC 60,powder: proprietary,O,OC-250060-2,per piece,"Feryster name ""RTOC-64,8X30,5X25,9(60) Rdzeń toroid OC 64,8X30,5X25,9 (OC-250060-2) AL=206 RTOC-64,8X30,5X25,9(60)""",PLN,1000,174.94,0,1,1,,"RTOC-64,8X30,5X25,9(60) Rdzeń toroid OC 64,8X30,5X25,9 (OC-250060-2) AL=206 RTOC-64,8X30,5X25,9(60)",https://sklep.feryster.pl/82454-RTOC-64-8X30-5X25-960.html,,2026-09-30T22:21:20Z,55800.0,,380.0,"Micrometals datasheet ""Mass (approximate)"" (part OC-250060-2)",https://datasheets.micrometals.com/OC-250060-2-DataSheet.pdf @ 2026-09-30T22:29:14Z,proprietary,MAS core reference OC-250060-2,0.259899,"ECB euro reference rates 2026-09-30 (extra/ecb.xml, fetched 2026-09-30T20:12:47Z)",45.4668
"Feryster (sklep.feryster.pl, PL; listed by Micrometals as authorized distributor)","distributor web shop product page (""Rabaty ilościowe"" table, net PLN)",Micrometals,OC-250060-2,"RTOC-64,8X30,5X25,9(60)",OC 60,powder: proprietary,O,OC-250060-2,per piece,"Feryster name ""RTOC-64,8X30,5X25,9(60) Rdzeń toroid OC 64,8X30,5X25,9 (OC-250060-2) AL=206 RTOC-64,8X30,5X25,9(60)""",PLN,5000,164.65,0,0,1,,"RTOC-64,8X30,5X25,9(60) Rdzeń toroid OC 64,8X30,5X25,9 (OC-250060-2) AL=206 RTOC-64,8X30,5X25,9(60)",https://sklep.feryster.pl/82454-RTOC-64-8X30-5X25-960.html,,2026-09-30T22:21:20Z,55800.0,,380.0,"Micrometals datasheet ""Mass (approximate)"" (part OC-250060-2)",https://datasheets.micrometals.com/OC-250060-2-DataSheet.pdf @ 2026-09-30T22:29:14Z,proprietary,MAS core reference OC-250060-2,0.259899,"ECB euro reference rates 2026-09-30 (extra/ecb.xml, fetched 2026-09-30T20:12:47Z)",42.7924
"Feryster (sklep.feryster.pl, PL; listed by Micrometals as authorized distributor)","distributor web shop product page (""Rabaty ilościowe"" table, net PLN)",Micrometals,T106-0,"RTP-26,9X14,5X11,1-0",,unmapped,T,T106-0,per piece,"Feryster name ""RTP-26,9X14,5X11,1-0 Rdzeń toroid proszkowy (T106-0) RTP-26,9X14,5X11,1-0""",PLN,1,2.44,1,0,1,,"RTP-26,9X14,5X11,1-0 Rdzeń toroid proszkowy (T106-0) RTP-26,9X14,5X11,1-0",https://sklep.feryster.pl/84757-RTP-26-9X14-5X11-1-0.html,,2026-09-30T22:21:21Z,4280.0,,9.4,"Micrometals datasheet ""Mass (approximate)"" (part T106-0)",https://datasheets.micrometals.com/T106-0-DataSheet.pdf @ 2026-09-30T20:16:24Z,,,0.259899,"ECB euro reference rates 2026-09-30 (extra/ecb.xml, fetched 2026-09-30T20:12:47Z)",0.6342
"Feryster (sklep.feryster.pl, PL; listed by Micrometals as authorized distributor)","distributor web shop product page (""Rabaty ilościowe"" table, net PLN)",Micrometals,T106-0,"RTP-26,9X14,5X11,1-0",,unmapped,T,T106-0,per piece,"Feryster name ""RTP-26,9X14,5X11,1-0 Rdzeń toroid proszkowy (T106-0) RTP-26,9X14,5X11,1-0""",PLN,100,2.32,0,0,1,,"RTP-26,9X14,5X11,1-0 Rdzeń toroid proszkowy (T106-0) RTP-26,9X14,5X11,1-0",https://sklep.feryster.pl/84757-RTP-26-9X14-5X11-1-0.html,,2026-09-30T22:21:21Z,4280.0,,9.4,"Micrometals datasheet ""Mass (approximate)"" (part T106-0)",https://datasheets.micrometals.com/T106-0-DataSheet.pdf @ 2026-09-30T20:16:24Z,,,0.259899,"ECB euro reference rates 2026-09-30 (extra/ecb.xml, fetched 2026-09-30T20:12:47Z)",0.603
"Feryster (sklep.feryster.pl, PL; listed by Micrometals as authorized distributor)","distributor web shop product page (""Rabaty ilościowe"" table, net PLN)",Micrometals,T106-0,"RTP-26,9X14,5X11,1-0",,unmapped,T,T106-0,per piece,"Feryster name ""RTP-26,9X14,5X11,1-0 Rdzeń toroid proszkowy (T106-0) RTP-26,9X14,5X11,1-0""",PLN,500,2.2,0,0,1,,"RTP-26,9X14,5X11,1-0 Rdzeń toroid proszkowy (T106-0) RTP-26,9X14,5X11,1-0",https://sklep.feryster.pl/84757-RTP-26-9X14-5X11-1-0.html,,2026-09-30T22:21:21Z,4280.0,,9.4,"Micrometals datasheet ""Mass (approximate)"" (part T106-0)",https://datasheets.micrometals.com/T106-0-DataSheet.pdf @ 2026-09-30T20:16:24Z,,,0.259899,"ECB euro reference rates 2026-09-30 (extra/ecb.xml, fetched 2026-09-30T20:12:47Z)",0.5718
"Feryster (sklep.feryster.pl, PL; listed by Micrometals as authorized distributor)","distributor web shop product page (""Rabaty ilościowe"" table, net PLN)",Micrometals,T106-0,"RTP-26,9X14,5X11,1-0",,unmapped,T,T106-0,per piece,"Feryster name ""RTP-26,9X14,5X11,1-0 Rdzeń toroid proszkowy (T106-0) RTP-26,9X14,5X11,1-0""",PLN,1000,2.07,0,1,1,,"RTP-26,9X14,5X11,1-0 Rdzeń toroid proszkowy (T106-0) RTP-26,9X14,5X11,1-0",https://sklep.feryster.pl/84757-RTP-26-9X14-5X11-1-0.html,,2026-09-30T22:21:21Z,4280.0,,9.4,"Micrometals datasheet ""Mass (approximate)"" (part T106-0)",https://datasheets.micrometals.com/T106-0-DataSheet.pdf @ 2026-09-30T20:16:24Z,,,0.259899,"ECB euro reference rates 2026-09-30 (extra/ecb.xml, fetched 2026-09-30T20:12:47Z)",0.538
"Feryster (sklep.feryster.pl, PL; listed by Micrometals as authorized distributor)","distributor web shop product page (""Rabaty ilościowe"" table, net PLN)",Micrometals,T106-0,"RTP-26,9X14,5X11,1-0",,unmapped,T,T106-0,per piece,"Feryster name ""RTP-26,9X14,5X11,1-0 Rdzeń toroid proszkowy (T106-0) RTP-26,9X14,5X11,1-0""",PLN,5000,1.95,0,0,1,,"RTP-26,9X14,5X11,1-0 Rdzeń toroid proszkowy (T106-0) RTP-26,9X14,5X11,1-0",https://sklep.feryster.pl/84757-RTP-26-9X14-5X11-1-0.html,,2026-09-30T22:21:21Z,4280.0,,9.4,"Micrometals datasheet ""Mass (approximate)"" (part T106-0)",https://datasheets.micrometals.com/T106-0-DataSheet.pdf @ 2026-09-30T20:16:24Z,,,0.259899,"ECB euro reference rates 2026-09-30 (extra/ecb.xml, fetched 2026-09-30T20:12:47Z)",0.5068
"Feryster (sklep.feryster.pl, PL; listed by Micrometals as authorized distributor)","distributor web shop product page (""Rabaty ilościowe"" table, net PLN)",,"RTSM-27,7X14,1X12(060)","RTSM-27,7X14,1X12(060)",,unmapped,C,"RTSM-27,7X14,1X12(060)",per piece,"Feryster name ""RTSM-27,7X14,1X12(060) Rdzeń toroid SM-27,7x14,1x12 (SM-106060-2) AL=75 +/-8% RTSM-27,7X14,1X12(060)""",PLN,1,3.42,1,0,1,,"RTSM-27,7X14,1X12(060) Rdzeń toroid SM-27,7x14,1x12 (SM-106060-2) AL=75 +/-8% RTSM-27,7X14,1X12(060)",https://sklep.feryster.pl/85636-RTSM-27-7X14-1X12060.html,,2026-09-30T22:21:24Z,,,,,,,no Micrometals PN in Feryster name; maker not stated on page,0.259899,"ECB euro reference rates 2026-09-30 (extra/ecb.xml, fetched 2026-09-30T20:12:47Z)",0.8889
"Feryster (sklep.feryster.pl, PL; listed by Micrometals as authorized distributor)","distributor web shop product page (""Rabaty ilościowe"" table, net PLN)",,"RTSM-27,7X14,1X12(060)","RTSM-27,7X14,1X12(060)",,unmapped,C,"RTSM-27,7X14,1X12(060)",per piece,"Feryster name ""RTSM-27,7X14,1X12(060) Rdzeń toroid SM-27,7x14,1x12 (SM-106060-2) AL=75 +/-8% RTSM-27,7X14,1X12(060)""",PLN,100,3.25,0,0,1,,"RTSM-27,7X14,1X12(060) Rdzeń toroid SM-27,7x14,1x12 (SM-106060-2) AL=75 +/-8% RTSM-27,7X14,1X12(060)",https://sklep.feryster.pl/85636-RTSM-27-7X14-1X12060.html,,2026-09-30T22:21:24Z,,,,,,,no Micrometals PN in Feryster name; maker not stated on page,0.259899,"ECB euro reference rates 2026-09-30 (extra/ecb.xml, fetched 2026-09-30T20:12:47Z)",0.8447
"Feryster (sklep.feryster.pl, PL; listed by Micrometals as authorized distributor)","distributor web shop product page (""Rabaty ilościowe"" table, net PLN)",,"RTSM-27,7X14,1X12(060)","RTSM-27,7X14,1X12(060)",,unmapped,C,"RTSM-27,7X14,1X12(060)",per piece,"Feryster name ""RTSM-27,7X14,1X12(060) Rdzeń toroid SM-27,7x14,1x12 (SM-106060-2) AL=75 +/-8% RTSM-27,7X14,1X12(060)""",PLN,500,3.08,0,0,1,,"RTSM-27,7X14,1X12(060) Rdzeń toroid SM-27,7x14,1x12 (SM-106060-2) AL=75 +/-8% RTSM-27,7X14,1X12(060)",https://sklep.feryster.pl/85636-RTSM-27-7X14-1X12060.html,,2026-09-30T22:21:24Z,,,,,,,no Micrometals PN in Feryster name; maker not stated on page,0.259899,"ECB euro reference rates 2026-09-30 (extra/ecb.xml, fetched 2026-09-30T20:12:47Z)",0.8005
"Feryster (sklep.feryster.pl, PL; listed by Micrometals as authorized distributor)","distributor web shop product page (""Rabaty ilościowe"" table, net PLN)",,"RTSM-27,7X14,1X12(060)","RTSM-27,7X14,1X12(060)",,unmapped,C,"RTSM-27,7X14,1X12(060)",per piece,"Feryster name ""RTSM-27,7X14,1X12(060) Rdzeń toroid SM-27,7x14,1x12 (SM-106060-2) AL=75 +/-8% RTSM-27,7X14,1X12(060)""",PLN,1000,2.91,0,1,1,,"RTSM-27,7X14,1X12(060) Rdzeń toroid SM-27,7x14,1x12 (SM-106060-2) AL=75 +/-8% RTSM-27,7X14,1X12(060)",https://sklep.feryster.pl/85636-RTSM-27-7X14-1X12060.html,,2026-09-30T22:21:24Z,,,,,,,no Micrometals PN in Feryster name; maker not stated on page,0.259899,"ECB euro reference rates 2026-09-30 (extra/ecb.xml, fetched 2026-09-30T20:12:47Z)",0.7563
"Feryster (sklep.feryster.pl, PL; listed by Micrometals as authorized distributor)","distributor web shop product page (""Rabaty ilościowe"" table, net PLN)",,"RTSM-27,7X14,1X12(060)","RTSM-27,7X14,1X12(060)",,unmapped,C,"RTSM-27,7X14,1X12(060)",per piece,"Feryster name ""RTSM-27,7X14,1X12(060) Rdzeń toroid SM-27,7x14,1x12 (SM-106060-2) AL=75 +/-8% RTSM-27,7X14,1X12(060)""",PLN,5000,2.74,0,0,1,,"RTSM-27,7X14,1X12(060) Rdzeń toroid SM-27,7x14,1x12 (SM-106060-2) AL=75 +/-8% RTSM-27,7X14,1X12(060)",https://sklep.feryster.pl/85636-RTSM-27-7X14-1X12060.html,,2026-09-30T22:21:24Z,,,,,,,no Micrometals PN in Feryster name; maker not stated on page,0.259899,"ECB euro reference rates 2026-09-30 (extra/ecb.xml, fetched 2026-09-30T20:12:47Z)",0.7121
"Feryster (sklep.feryster.pl, PL; listed by Micrometals as authorized distributor)","distributor web shop product page (""Rabaty ilościowe"" table, net PLN)",,"RTSM-33,8X19,3X11,6 (060)","RTSM-33,8X19,3X11,6 (060)",,unmapped,C,"RTSM-33,8X19,3X11,6 (060)",per piece,"Feryster name ""RTSM-33,8X19,3X11,6 (060) Rdzeń toroid SM-33,8X19,3X11,6 (SM-130060-2) AL=61 +/-8% RTSM-33,8X19,3X11,6 (060)""",PLN,1,4.82,1,0,1,,"RTSM-33,8X19,3X11,6 (060) Rdzeń toroid SM-33,8X19,3X11,6 (SM-130060-2) AL=61 +/-8% RTSM-33,8X19,3X11,6 (060)",https://sklep.feryster.pl/85637-RTSM-33-8X19-3X11-6-060.html,,2026-09-30T22:21:27Z,,,,,,,no Micrometals PN in Feryster name; maker not stated on page,0.259899,"ECB euro reference rates 2026-09-30 (extra/ecb.xml, fetched 2026-09-30T20:12:47Z)",1.2527
"Feryster (sklep.feryster.pl, PL; listed by Micrometals as authorized distributor)","distributor web shop product page (""Rabaty ilościowe"" table, net PLN)",,"RTSM-33,8X19,3X11,6 (060)","RTSM-33,8X19,3X11,6 (060)",,unmapped,C,"RTSM-33,8X19,3X11,6 (060)",per piece,"Feryster name ""RTSM-33,8X19,3X11,6 (060) Rdzeń toroid SM-33,8X19,3X11,6 (SM-130060-2) AL=61 +/-8% RTSM-33,8X19,3X11,6 (060)""",PLN,100,4.58,0,0,1,,"RTSM-33,8X19,3X11,6 (060) Rdzeń toroid SM-33,8X19,3X11,6 (SM-130060-2) AL=61 +/-8% RTSM-33,8X19,3X11,6 (060)",https://sklep.feryster.pl/85637-RTSM-33-8X19-3X11-6-060.html,,2026-09-30T22:21:27Z,,,,,,,no Micrometals PN in Feryster name; maker not stated on page,0.259899,"ECB euro reference rates 2026-09-30 (extra/ecb.xml, fetched 2026-09-30T20:12:47Z)",1.1903
"Feryster (sklep.feryster.pl, PL; listed by Micrometals as authorized distributor)","distributor web shop product page (""Rabaty ilościowe"" table, net PLN)",,"RTSM-33,8X19,3X11,6 (060)","RTSM-33,8X19,3X11,6 (060)",,unmapped,C,"RTSM-33,8X19,3X11,6 (060)",per piece,"Feryster name ""RTSM-33,8X19,3X11,6 (060) Rdzeń toroid SM-33,8X19,3X11,6 (SM-130060-2) AL=61 +/-8% RTSM-33,8X19,3X11,6 (060)""",PLN,500,4.34,0,0,1,,"RTSM-33,8X19,3X11,6 (060) Rdzeń toroid SM-33,8X19,3X11,6 (SM-130060-2) AL=61 +/-8% RTSM-33,8X19,3X11,6 (060)",https://sklep.feryster.pl/85637-RTSM-33-8X19-3X11-6-060.html,,2026-09-30T22:21:27Z,,,,,,,no Micrometals PN in Feryster name; maker not stated on page,0.259899,"ECB euro reference rates 2026-09-30 (extra/ecb.xml, fetched 2026-09-30T20:12:47Z)",1.128
"Feryster (sklep.feryster.pl, PL; listed by Micrometals as authorized distributor)","distributor web shop product page (""Rabaty ilościowe"" table, net PLN)",,"RTSM-33,8X19,3X11,6 (060)","RTSM-33,8X19,3X11,6 (060)",,unmapped,C,"RTSM-33,8X19,3X11,6 (060)",per piece,"Feryster name ""RTSM-33,8X19,3X11,6 (060) Rdzeń toroid SM-33,8X19,3X11,6 (SM-130060-2) AL=61 +/-8% RTSM-33,8X19,3X11,6 (060)""",PLN,1000,4.1,0,1,1,,"RTSM-33,8X19,3X11,6 (060) Rdzeń toroid SM-33,8X19,3X11,6 (SM-130060-2) AL=61 +/-8% RTSM-33,8X19,3X11,6 (060)",https://sklep.feryster.pl/85637-RTSM-33-8X19-3X11-6-060.html,,2026-09-30T22:21:27Z,,,,,,,no Micrometals PN in Feryster name; maker not stated on page,0.259899,"ECB euro reference rates 2026-09-30 (extra/ecb.xml, fetched 2026-09-30T20:12:47Z)",1.0656
"Feryster (sklep.feryster.pl, PL; listed by Micrometals as authorized distributor)","distributor web shop product page (""Rabaty ilościowe"" table, net PLN)",,"RTSM-33,8X19,3X11,6 (060)","RTSM-33,8X19,3X11,6 (060)",,unmapped,C,"RTSM-33,8X19,3X11,6 (060)",per piece,"Feryster name ""RTSM-33,8X19,3X11,6 (060) Rdzeń toroid SM-33,8X19,3X11,6 (SM-130060-2) AL=61 +/-8% RTSM-33,8X19,3X11,6 (060)""",PLN,5000,3.86,0,0,1,,"RTSM-33,8X19,3X11,6 (060) Rdzeń toroid SM-33,8X19,3X11,6 (SM-130060-2) AL=61 +/-8% RTSM-33,8X19,3X11,6 (060)",https://sklep.feryster.pl/85637-RTSM-33-8X19-3X11-6-060.html,,2026-09-30T22:21:27Z,,,,,,,no Micrometals PN in Feryster name; maker not stated on page,0.259899,"ECB euro reference rates 2026-09-30 (extra/ecb.xml, fetched 2026-09-30T20:12:47Z)",1.0032
"Feryster (sklep.feryster.pl, PL; listed by Micrometals as authorized distributor)","distributor web shop product page (""Rabaty ilościowe"" table, net PLN)",,"RTSM-36,6X21,5X11,3 (060)","RTSM-36,6X21,5X11,3 (060)",,unmapped,C,"RTSM-36,6X21,5X11,3 (060)",per piece,"Feryster name ""RTSM-36,6X21,5X11,3 (060) Rdzeń toroid SM-36,6X21,5X11,3 (SM-141060-2) AL=56 +/-8% RTSM-36,6X21,5X11,3 (060)""",PLN,1,6.13,1,0,1,,"RTSM-36,6X21,5X11,3 (060) Rdzeń toroid SM-36,6X21,5X11,3 (SM-141060-2) AL=56 +/-8% RTSM-36,6X21,5X11,3 (060)",https://sklep.feryster.pl/85638-RTSM-36-6X21-5X11-3-060.html,,2026-09-30T22:21:30Z,,,,,,,no Micrometals PN in Feryster name; maker not stated on page,0.259899,"ECB euro reference rates 2026-09-30 (extra/ecb.xml, fetched 2026-09-30T20:12:47Z)",1.5932
"Feryster (sklep.feryster.pl, PL; listed by Micrometals as authorized distributor)","distributor web shop product page (""Rabaty ilościowe"" table, net PLN)",,"RTSM-36,6X21,5X11,3 (060)","RTSM-36,6X21,5X11,3 (060)",,unmapped,C,"RTSM-36,6X21,5X11,3 (060)",per piece,"Feryster name ""RTSM-36,6X21,5X11,3 (060) Rdzeń toroid SM-36,6X21,5X11,3 (SM-141060-2) AL=56 +/-8% RTSM-36,6X21,5X11,3 (060)""",PLN,100,5.82,0,0,1,,"RTSM-36,6X21,5X11,3 (060) Rdzeń toroid SM-36,6X21,5X11,3 (SM-141060-2) AL=56 +/-8% RTSM-36,6X21,5X11,3 (060)",https://sklep.feryster.pl/85638-RTSM-36-6X21-5X11-3-060.html,,2026-09-30T22:21:30Z,,,,,,,no Micrometals PN in Feryster name; maker not stated on page,0.259899,"ECB euro reference rates 2026-09-30 (extra/ecb.xml, fetched 2026-09-30T20:12:47Z)",1.5126
"Feryster (sklep.feryster.pl, PL; listed by Micrometals as authorized distributor)","distributor web shop product page (""Rabaty ilościowe"" table, net PLN)",,"RTSM-36,6X21,5X11,3 (060)","RTSM-36,6X21,5X11,3 (060)",,unmapped,C,"RTSM-36,6X21,5X11,3 (060)",per piece,"Feryster name ""RTSM-36,6X21,5X11,3 (060) Rdzeń toroid SM-36,6X21,5X11,3 (SM-141060-2) AL=56 +/-8% RTSM-36,6X21,5X11,3 (060)""",PLN,500,5.52,0,0,1,,"RTSM-36,6X21,5X11,3 (060) Rdzeń toroid SM-36,6X21,5X11,3 (SM-141060-2) AL=56 +/-8% RTSM-36,6X21,5X11,3 (060)",https://sklep.feryster.pl/85638-RTSM-36-6X21-5X11-3-060.html,,2026-09-30T22:21:30Z,,,,,,,no Micrometals PN in Feryster name; maker not stated on page,0.259899,"ECB euro reference rates 2026-09-30 (extra/ecb.xml, fetched 2026-09-30T20:12:47Z)",1.4346
"Feryster (sklep.feryster.pl, PL; listed by Micrometals as authorized distributor)","distributor web shop product page (""Rabaty ilościowe"" table, net PLN)",,"RTSM-36,6X21,5X11,3 (060)","RTSM-36,6X21,5X11,3 (060)",,unmapped,C,"RTSM-36,6X21,5X11,3 (060)",per piece,"Feryster name ""RTSM-36,6X21,5X11,3 (060) Rdzeń toroid SM-36,6X21,5X11,3 (SM-141060-2) AL=56 +/-8% RTSM-36,6X21,5X11,3 (060)""",PLN,1000,5.21,0,1,1,,"RTSM-36,6X21,5X11,3 (060) Rdzeń toroid SM-36,6X21,5X11,3 (SM-141060-2) AL=56 +/-8% RTSM-36,6X21,5X11,3 (060)",https://sklep.feryster.pl/85638-RTSM-36-6X21-5X11-3-060.html,,2026-09-30T22:21:30Z,,,,,,,no Micrometals PN in Feryster name; maker not stated on page,0.259899,"ECB euro reference rates 2026-09-30 (extra/ecb.xml, fetched 2026-09-30T20:12:47Z)",1.3541
"Feryster (sklep.feryster.pl, PL; listed by Micrometals as authorized distributor)","distributor web shop product page (""Rabaty ilościowe"" table, net PLN)",,"RTSM-36,6X21,5X11,3 (060)","RTSM-36,6X21,5X11,3 (060)",,unmapped,C,"RTSM-36,6X21,5X11,3 (060)",per piece,"Feryster name ""RTSM-36,6X21,5X11,3 (060) Rdzeń toroid SM-36,6X21,5X11,3 (SM-141060-2) AL=56 +/-8% RTSM-36,6X21,5X11,3 (060)""",PLN,5000,4.9,0,0,1,,"RTSM-36,6X21,5X11,3 (060) Rdzeń toroid SM-36,6X21,5X11,3 (SM-141060-2) AL=56 +/-8% RTSM-36,6X21,5X11,3 (060)",https://sklep.feryster.pl/85638-RTSM-36-6X21-5X11-3-060.html,,2026-09-30T22:21:30Z,,,,,,,no Micrometals PN in Feryster name; maker not stated on page,0.259899,"ECB euro reference rates 2026-09-30 (extra/ecb.xml, fetched 2026-09-30T20:12:47Z)",1.2735
"Feryster (sklep.feryster.pl, PL; listed by Micrometals as authorized distributor)","distributor web shop product page (""Rabaty ilościowe"" table, net PLN)",,"RTSM-40,7X23,3X15,3 (060)","RTSM-40,7X23,3X15,3 (060)",,unmapped,C,"RTSM-40,7X23,3X15,3 (060)",per piece,"Feryster name ""RTSM-40,7X23,3X15,3 (060) Rdzeń toroid SM-40,7X23,3X15,3 (SM-157060-2) AL=81 +/-8% RTSM-40,7X23,3X15,3 (060)""",PLN,1,11.38,1,0,1,,"RTSM-40,7X23,3X15,3 (060) Rdzeń toroid SM-40,7X23,3X15,3 (SM-157060-2) AL=81 +/-8% RTSM-40,7X23,3X15,3 (060)",https://sklep.feryster.pl/85639-RTSM-40-7X23-3X15-3-060.html,,2026-09-30T22:21:33Z,,,,,,,no Micrometals PN in Feryster name; maker not stated on page,0.259899,"ECB euro reference rates 2026-09-30 (extra/ecb.xml, fetched 2026-09-30T20:12:47Z)",2.9577
"Feryster (sklep.feryster.pl, PL; listed by Micrometals as authorized distributor)","distributor web shop product page (""Rabaty ilościowe"" table, net PLN)",,"RTSM-40,7X23,3X15,3 (060)","RTSM-40,7X23,3X15,3 (060)",,unmapped,C,"RTSM-40,7X23,3X15,3 (060)",per piece,"Feryster name ""RTSM-40,7X23,3X15,3 (060) Rdzeń toroid SM-40,7X23,3X15,3 (SM-157060-2) AL=81 +/-8% RTSM-40,7X23,3X15,3 (060)""",PLN,100,10.81,0,0,1,,"RTSM-40,7X23,3X15,3 (060) Rdzeń toroid SM-40,7X23,3X15,3 (SM-157060-2) AL=81 +/-8% RTSM-40,7X23,3X15,3 (060)",https://sklep.feryster.pl/85639-RTSM-40-7X23-3X15-3-060.html,,2026-09-30T22:21:33Z,,,,,,,no Micrometals PN in Feryster name; maker not stated on page,0.259899,"ECB euro reference rates 2026-09-30 (extra/ecb.xml, fetched 2026-09-30T20:12:47Z)",2.8095
"Feryster (sklep.feryster.pl, PL; listed by Micrometals as authorized distributor)","distributor web shop product page (""Rabaty ilościowe"" table, net PLN)",,"RTSM-40,7X23,3X15,3 (060)","RTSM-40,7X23,3X15,3 (060)",,unmapped,C,"RTSM-40,7X23,3X15,3 (060)",per piece,"Feryster name ""RTSM-40,7X23,3X15,3 (060) Rdzeń toroid SM-40,7X23,3X15,3 (SM-157060-2) AL=81 +/-8% RTSM-40,7X23,3X15,3 (060)""",PLN,500,10.24,0,0,1,,"RTSM-40,7X23,3X15,3 (060) Rdzeń toroid SM-40,7X23,3X15,3 (SM-157060-2) AL=81 +/-8% RTSM-40,7X23,3X15,3 (060)",https://sklep.feryster.pl/85639-RTSM-40-7X23-3X15-3-060.html,,2026-09-30T22:21:33Z,,,,,,,no Micrometals PN in Feryster name; maker not stated on page,0.259899,"ECB euro reference rates 2026-09-30 (extra/ecb.xml, fetched 2026-09-30T20:12:47Z)",2.6614
"Feryster (sklep.feryster.pl, PL; listed by Micrometals as authorized distributor)","distributor web shop product page (""Rabaty ilościowe"" table, net PLN)",,"RTSM-40,7X23,3X15,3 (060)","RTSM-40,7X23,3X15,3 (060)",,unmapped,C,"RTSM-40,7X23,3X15,3 (060)",per piece,"Feryster name ""RTSM-40,7X23,3X15,3 (060) Rdzeń toroid SM-40,7X23,3X15,3 (SM-157060-2) AL=81 +/-8% RTSM-40,7X23,3X15,3 (060)""",PLN,1000,9.67,0,1,1,,"RTSM-40,7X23,3X15,3 (060) Rdzeń toroid SM-40,7X23,3X15,3 (SM-157060-2) AL=81 +/-8% RTSM-40,7X23,3X15,3 (060)",https://sklep.feryster.pl/85639-RTSM-40-7X23-3X15-3-060.html,,2026-09-30T22:21:33Z,,,,,,,no Micrometals PN in Feryster name; maker not stated on page,0.259899,"ECB euro reference rates 2026-09-30 (extra/ecb.xml, fetched 2026-09-30T20:12:47Z)",2.5132
"Feryster (sklep.feryster.pl, PL; listed by Micrometals as authorized distributor)","distributor web shop product page (""Rabaty ilościowe"" table, net PLN)",,"RTSM-40,7X23,3X15,3 (060)","RTSM-40,7X23,3X15,3 (060)",,unmapped,C,"RTSM-40,7X23,3X15,3 (060)",per piece,"Feryster name ""RTSM-40,7X23,3X15,3 (060) Rdzeń toroid SM-40,7X23,3X15,3 (SM-157060-2) AL=81 +/-8% RTSM-40,7X23,3X15,3 (060)""",PLN,5000,9.1,0,0,1,,"RTSM-40,7X23,3X15,3 (060) Rdzeń toroid SM-40,7X23,3X15,3 (SM-157060-2) AL=81 +/-8% RTSM-40,7X23,3X15,3 (060)",https://sklep.feryster.pl/85639-RTSM-40-7X23-3X15-3-060.html,,2026-09-30T22:21:33Z,,,,,,,no Micrometals PN in Feryster name; maker not stated on page,0.259899,"ECB euro reference rates 2026-09-30 (extra/ecb.xml, fetched 2026-09-30T20:12:47Z)",2.3651
"Feryster (sklep.feryster.pl, PL; listed by Micrometals as authorized distributor)","distributor web shop product page (""Rabaty ilościowe"" table, net PLN)",,"RTSM-51,7X30,9X14,3 (060)","RTSM-51,7X30,9X14,3 (060)",,unmapped,C,"RTSM-51,7X30,9X14,3 (060)",per piece,"Feryster name ""RTSM-51,7X30,9X14,3 (060) Rdzeń toroid SM-51,7X30,9X14,3 (SM-200060-2) AL=73 RTSM-51,7X30,9X14,3 (060)""",PLN,1,16.74,1,0,1,,"RTSM-51,7X30,9X14,3 (060) Rdzeń toroid SM-51,7X30,9X14,3 (SM-200060-2) AL=73 RTSM-51,7X30,9X14,3 (060)",https://sklep.feryster.pl/85640-RTSM-51-7X30-9X14-3-060.html,,2026-09-30T22:21:37Z,,,,,,,no Micrometals PN in Feryster name; maker not stated on page,0.259899,"ECB euro reference rates 2026-09-30 (extra/ecb.xml, fetched 2026-09-30T20:12:47Z)",4.3507
"Feryster (sklep.feryster.pl, PL; listed by Micrometals as authorized distributor)","distributor web shop product page (""Rabaty ilościowe"" table, net PLN)",,"RTSM-51,7X30,9X14,3 (060)","RTSM-51,7X30,9X14,3 (060)",,unmapped,C,"RTSM-51,7X30,9X14,3 (060)",per piece,"Feryster name ""RTSM-51,7X30,9X14,3 (060) Rdzeń toroid SM-51,7X30,9X14,3 (SM-200060-2) AL=73 RTSM-51,7X30,9X14,3 (060)""",PLN,100,15.9,0,0,1,,"RTSM-51,7X30,9X14,3 (060) Rdzeń toroid SM-51,7X30,9X14,3 (SM-200060-2) AL=73 RTSM-51,7X30,9X14,3 (060)",https://sklep.feryster.pl/85640-RTSM-51-7X30-9X14-3-060.html,,2026-09-30T22:21:37Z,,,,,,,no Micrometals PN in Feryster name; maker not stated on page,0.259899,"ECB euro reference rates 2026-09-30 (extra/ecb.xml, fetched 2026-09-30T20:12:47Z)",4.1324
"Feryster (sklep.feryster.pl, PL; listed by Micrometals as authorized distributor)","distributor web shop product page (""Rabaty ilościowe"" table, net PLN)",,"RTSM-51,7X30,9X14,3 (060)","RTSM-51,7X30,9X14,3 (060)",,unmapped,C,"RTSM-51,7X30,9X14,3 (060)",per piece,"Feryster name ""RTSM-51,7X30,9X14,3 (060) Rdzeń toroid SM-51,7X30,9X14,3 (SM-200060-2) AL=73 RTSM-51,7X30,9X14,3 (060)""",PLN,500,15.07,0,0,1,,"RTSM-51,7X30,9X14,3 (060) Rdzeń toroid SM-51,7X30,9X14,3 (SM-200060-2) AL=73 RTSM-51,7X30,9X14,3 (060)",https://sklep.feryster.pl/85640-RTSM-51-7X30-9X14-3-060.html,,2026-09-30T22:21:37Z,,,,,,,no Micrometals PN in Feryster name; maker not stated on page,0.259899,"ECB euro reference rates 2026-09-30 (extra/ecb.xml, fetched 2026-09-30T20:12:47Z)",3.9167
"Feryster (sklep.feryster.pl, PL; listed by Micrometals as authorized distributor)","distributor web shop product page (""Rabaty ilościowe"" table, net PLN)",,"RTSM-51,7X30,9X14,3 (060)","RTSM-51,7X30,9X14,3 (060)",,unmapped,C,"RTSM-51,7X30,9X14,3 (060)",per piece,"Feryster name ""RTSM-51,7X30,9X14,3 (060) Rdzeń toroid SM-51,7X30,9X14,3 (SM-200060-2) AL=73 RTSM-51,7X30,9X14,3 (060)""",PLN,1000,14.23,0,1,1,,"RTSM-51,7X30,9X14,3 (060) Rdzeń toroid SM-51,7X30,9X14,3 (SM-200060-2) AL=73 RTSM-51,7X30,9X14,3 (060)",https://sklep.feryster.pl/85640-RTSM-51-7X30-9X14-3-060.html,,2026-09-30T22:21:37Z,,,,,,,no Micrometals PN in Feryster name; maker not stated on page,0.259899,"ECB euro reference rates 2026-09-30 (extra/ecb.xml, fetched 2026-09-30T20:12:47Z)",3.6984
"Feryster (sklep.feryster.pl, PL; listed by Micrometals as authorized distributor)","distributor web shop product page (""Rabaty ilościowe"" table, net PLN)",,"RTSM-51,7X30,9X14,3 (060)","RTSM-51,7X30,9X14,3 (060)",,unmapped,C,"RTSM-51,7X30,9X14,3 (060)",per piece,"Feryster name ""RTSM-51,7X30,9X14,3 (060) Rdzeń toroid SM-51,7X30,9X14,3 (SM-200060-2) AL=73 RTSM-51,7X30,9X14,3 (060)""",PLN,5000,13.39,0,0,1,,"RTSM-51,7X30,9X14,3 (060) Rdzeń toroid SM-51,7X30,9X14,3 (SM-200060-2) AL=73 RTSM-51,7X30,9X14,3 (060)",https://sklep.feryster.pl/85640-RTSM-51-7X30-9X14-3-060.html,,2026-09-30T22:21:37Z,,,,,,,no Micrometals PN in Feryster name; maker not stated on page,0.259899,"ECB euro reference rates 2026-09-30 (extra/ecb.xml, fetched 2026-09-30T20:12:47Z)",3.4801
"Feryster (sklep.feryster.pl, PL; listed by Micrometals as authorized distributor)","distributor web shop product page (""Rabaty ilościowe"" table, net PLN)",,"RTSM-64,7X30,5X25,9 (26)","RTSM-64,7X30,5X25,9 (26)",,unmapped,C,"RTSM-64,7X30,5X25,9 (26)",per piece,"Feryster name ""RTSM-64,7X30,5X25,9 (26) Rdzeń toroid SM-64,7X30,5X25,9 (SM-250026-2) AL=89 +/-8% RTSM-64,7X30,5X25,9 (26)""",PLN,1,50.04,1,0,1,,"RTSM-64,7X30,5X25,9 (26) Rdzeń toroid SM-64,7X30,5X25,9 (SM-250026-2) AL=89 +/-8% RTSM-64,7X30,5X25,9 (26)",https://sklep.feryster.pl/85641-RTSM-64-7X30-5X25-9-26.html,,2026-09-30T22:21:40Z,,,,,,,no Micrometals PN in Feryster name; maker not stated on page,0.259899,"ECB euro reference rates 2026-09-30 (extra/ecb.xml, fetched 2026-09-30T20:12:47Z)",13.0054
"Feryster (sklep.feryster.pl, PL; listed by Micrometals as authorized distributor)","distributor web shop product page (""Rabaty ilościowe"" table, net PLN)",,"RTSM-64,7X30,5X25,9 (26)","RTSM-64,7X30,5X25,9 (26)",,unmapped,C,"RTSM-64,7X30,5X25,9 (26)",per piece,"Feryster name ""RTSM-64,7X30,5X25,9 (26) Rdzeń toroid SM-64,7X30,5X25,9 (SM-250026-2) AL=89 +/-8% RTSM-64,7X30,5X25,9 (26)""",PLN,100,47.54,0,0,1,,"RTSM-64,7X30,5X25,9 (26) Rdzeń toroid SM-64,7X30,5X25,9 (SM-250026-2) AL=89 +/-8% RTSM-64,7X30,5X25,9 (26)",https://sklep.feryster.pl/85641-RTSM-64-7X30-5X25-9-26.html,,2026-09-30T22:21:40Z,,,,,,,no Micrometals PN in Feryster name; maker not stated on page,0.259899,"ECB euro reference rates 2026-09-30 (extra/ecb.xml, fetched 2026-09-30T20:12:47Z)",12.3556
"Feryster (sklep.feryster.pl, PL; listed by Micrometals as authorized distributor)","distributor web shop product page (""Rabaty ilościowe"" table, net PLN)",,"RTSM-64,7X30,5X25,9 (26)","RTSM-64,7X30,5X25,9 (26)",,unmapped,C,"RTSM-64,7X30,5X25,9 (26)",per piece,"Feryster name ""RTSM-64,7X30,5X25,9 (26) Rdzeń toroid SM-64,7X30,5X25,9 (SM-250026-2) AL=89 +/-8% RTSM-64,7X30,5X25,9 (26)""",PLN,500,45.04,0,0,1,,"RTSM-64,7X30,5X25,9 (26) Rdzeń toroid SM-64,7X30,5X25,9 (SM-250026-2) AL=89 +/-8% RTSM-64,7X30,5X25,9 (26)",https://sklep.feryster.pl/85641-RTSM-64-7X30-5X25-9-26.html,,2026-09-30T22:21:40Z,,,,,,,no Micrometals PN in Feryster name; maker not stated on page,0.259899,"ECB euro reference rates 2026-09-30 (extra/ecb.xml, fetched 2026-09-30T20:12:47Z)",11.7059
"Feryster (sklep.feryster.pl, PL; listed by Micrometals as authorized distributor)","distributor web shop product page (""Rabaty ilościowe"" table, net PLN)",,"RTSM-64,7X30,5X25,9 (26)","RTSM-64,7X30,5X25,9 (26)",,unmapped,C,"RTSM-64,7X30,5X25,9 (26)",per piece,"Feryster name ""RTSM-64,7X30,5X25,9 (26) Rdzeń toroid SM-64,7X30,5X25,9 (SM-250026-2) AL=89 +/-8% RTSM-64,7X30,5X25,9 (26)""",PLN,1000,42.53,0,1,1,,"RTSM-64,7X30,5X25,9 (26) Rdzeń toroid SM-64,7X30,5X25,9 (SM-250026-2) AL=89 +/-8% RTSM-64,7X30,5X25,9 (26)",https://sklep.feryster.pl/85641-RTSM-64-7X30-5X25-9-26.html,,2026-09-30T22:21:40Z,,,,,,,no Micrometals PN in Feryster name; maker not stated on page,0.259899,"ECB euro reference rates 2026-09-30 (extra/ecb.xml, fetched 2026-09-30T20:12:47Z)",11.0535
"Feryster (sklep.feryster.pl, PL; listed by Micrometals as authorized distributor)","distributor web shop product page (""Rabaty ilościowe"" table, net PLN)",,"RTSM-64,7X30,5X25,9 (26)","RTSM-64,7X30,5X25,9 (26)",,unmapped,C,"RTSM-64,7X30,5X25,9 (26)",per piece,"Feryster name ""RTSM-64,7X30,5X25,9 (26) Rdzeń toroid SM-64,7X30,5X25,9 (SM-250026-2) AL=89 +/-8% RTSM-64,7X30,5X25,9 (26)""",PLN,5000,40.03,0,0,1,,"RTSM-64,7X30,5X25,9 (26) Rdzeń toroid SM-64,7X30,5X25,9 (SM-250026-2) AL=89 +/-8% RTSM-64,7X30,5X25,9 (26)",https://sklep.feryster.pl/85641-RTSM-64-7X30-5X25-9-26.html,,2026-09-30T22:21:40Z,,,,,,,no Micrometals PN in Feryster name; maker not stated on page,0.259899,"ECB euro reference rates 2026-09-30 (extra/ecb.xml, fetched 2026-09-30T20:12:47Z)",10.4038
"Feryster (sklep.feryster.pl, PL; listed by Micrometals as authorized distributor)","distributor web shop product page (""Rabaty ilościowe"" table, net PLN)",Micrometals,GX-130060-2,"RTGX-33,8X19,3X11,6 (060)",GX 60,powder: proprietary,G,GX-130060-2,per piece,"Feryster name ""RTGX-33,8X19,3X11,6 (060) Rdzeń toroid GX-33,8X19,3X11,6 (GX-130060-2) AL=61 +/-8% RTGX-33,8X19,3X11,6 (060)""",PLN,1,15.42,1,0,1,,"RTGX-33,8X19,3X11,6 (060) Rdzeń toroid GX-33,8X19,3X11,6 (GX-130060-2) AL=61 +/-8% RTGX-33,8X19,3X11,6 (060)",https://sklep.feryster.pl/85644-RTGX-33-8X19-3X11-6-060.html,,2026-09-30T22:21:43Z,5480.0,,41.0,"Micrometals datasheet ""Mass (approximate)"" (part GX-130060-2)",https://datasheets.micrometals.com/GX-130060-2-DataSheet.pdf @ 2026-09-30T22:28:47Z,proprietary,MAS core reference GX-130060-2,0.259899,"ECB euro reference rates 2026-09-30 (extra/ecb.xml, fetched 2026-09-30T20:12:47Z)",4.0076
"Feryster (sklep.feryster.pl, PL; listed by Micrometals as authorized distributor)","distributor web shop product page (""Rabaty ilościowe"" table, net PLN)",Micrometals,GX-130060-2,"RTGX-33,8X19,3X11,6 (060)",GX 60,powder: proprietary,G,GX-130060-2,per piece,"Feryster name ""RTGX-33,8X19,3X11,6 (060) Rdzeń toroid GX-33,8X19,3X11,6 (GX-130060-2) AL=61 +/-8% RTGX-33,8X19,3X11,6 (060)""",PLN,100,14.65,0,0,1,,"RTGX-33,8X19,3X11,6 (060) Rdzeń toroid GX-33,8X19,3X11,6 (GX-130060-2) AL=61 +/-8% RTGX-33,8X19,3X11,6 (060)",https://sklep.feryster.pl/85644-RTGX-33-8X19-3X11-6-060.html,,2026-09-30T22:21:43Z,5480.0,,41.0,"Micrometals datasheet ""Mass (approximate)"" (part GX-130060-2)",https://datasheets.micrometals.com/GX-130060-2-DataSheet.pdf @ 2026-09-30T22:28:47Z,proprietary,MAS core reference GX-130060-2,0.259899,"ECB euro reference rates 2026-09-30 (extra/ecb.xml, fetched 2026-09-30T20:12:47Z)",3.8075
"Feryster (sklep.feryster.pl, PL; listed by Micrometals as authorized distributor)","distributor web shop product page (""Rabaty ilościowe"" table, net PLN)",Micrometals,GX-130060-2,"RTGX-33,8X19,3X11,6 (060)",GX 60,powder: proprietary,G,GX-130060-2,per piece,"Feryster name ""RTGX-33,8X19,3X11,6 (060) Rdzeń toroid GX-33,8X19,3X11,6 (GX-130060-2) AL=61 +/-8% RTGX-33,8X19,3X11,6 (060)""",PLN,500,13.88,0,0,1,,"RTGX-33,8X19,3X11,6 (060) Rdzeń toroid GX-33,8X19,3X11,6 (GX-130060-2) AL=61 +/-8% RTGX-33,8X19,3X11,6 (060)",https://sklep.feryster.pl/85644-RTGX-33-8X19-3X11-6-060.html,,2026-09-30T22:21:43Z,5480.0,,41.0,"Micrometals datasheet ""Mass (approximate)"" (part GX-130060-2)",https://datasheets.micrometals.com/GX-130060-2-DataSheet.pdf @ 2026-09-30T22:28:47Z,proprietary,MAS core reference GX-130060-2,0.259899,"ECB euro reference rates 2026-09-30 (extra/ecb.xml, fetched 2026-09-30T20:12:47Z)",3.6074
"Feryster (sklep.feryster.pl, PL; listed by Micrometals as authorized distributor)","distributor web shop product page (""Rabaty ilościowe"" table, net PLN)",Micrometals,GX-130060-2,"RTGX-33,8X19,3X11,6 (060)",GX 60,powder: proprietary,G,GX-130060-2,per piece,"Feryster name ""RTGX-33,8X19,3X11,6 (060) Rdzeń toroid GX-33,8X19,3X11,6 (GX-130060-2) AL=61 +/-8% RTGX-33,8X19,3X11,6 (060)""",PLN,1000,13.11,0,1,1,,"RTGX-33,8X19,3X11,6 (060) Rdzeń toroid GX-33,8X19,3X11,6 (GX-130060-2) AL=61 +/-8% RTGX-33,8X19,3X11,6 (060)",https://sklep.feryster.pl/85644-RTGX-33-8X19-3X11-6-060.html,,2026-09-30T22:21:43Z,5480.0,,41.0,"Micrometals datasheet ""Mass (approximate)"" (part GX-130060-2)",https://datasheets.micrometals.com/GX-130060-2-DataSheet.pdf @ 2026-09-30T22:28:47Z,proprietary,MAS core reference GX-130060-2,0.259899,"ECB euro reference rates 2026-09-30 (extra/ecb.xml, fetched 2026-09-30T20:12:47Z)",3.4073
"Feryster (sklep.feryster.pl, PL; listed by Micrometals as authorized distributor)","distributor web shop product page (""Rabaty ilościowe"" table, net PLN)",Micrometals,GX-130060-2,"RTGX-33,8X19,3X11,6 (060)",GX 60,powder: proprietary,G,GX-130060-2,per piece,"Feryster name ""RTGX-33,8X19,3X11,6 (060) Rdzeń toroid GX-33,8X19,3X11,6 (GX-130060-2) AL=61 +/-8% RTGX-33,8X19,3X11,6 (060)""",PLN,5000,12.34,0,0,1,,"RTGX-33,8X19,3X11,6 (060) Rdzeń toroid GX-33,8X19,3X11,6 (GX-130060-2) AL=61 +/-8% RTGX-33,8X19,3X11,6 (060)",https://sklep.feryster.pl/85644-RTGX-33-8X19-3X11-6-060.html,,2026-09-30T22:21:43Z,5480.0,,41.0,"Micrometals datasheet ""Mass (approximate)"" (part GX-130060-2)",https://datasheets.micrometals.com/GX-130060-2-DataSheet.pdf @ 2026-09-30T22:28:47Z,proprietary,MAS core reference GX-130060-2,0.259899,"ECB euro reference rates 2026-09-30 (extra/ecb.xml, fetched 2026-09-30T20:12:47Z)",3.2072
"Feryster (sklep.feryster.pl, PL; listed by Micrometals as authorized distributor)","distributor web shop product page (""Rabaty ilościowe"" table, net PLN)",Micrometals,GX-141060-2,"RTGX-36,6X21,5X11,3 (060)",GX 60,powder: proprietary,G,GX-141060-2,per piece,"Feryster name ""RTGX-36,6X21,5X11,3 (060) Rdzeń toroid GX-36,6X21,5X11,3 (GX-141060-2) AL=56 +/-8% RTGX-36,6X21,5X11,3 (060)""",PLN,1,18.05,1,0,1,,"RTGX-36,6X21,5X11,3 (060) Rdzeń toroid GX-36,6X21,5X11,3 (GX-141060-2) AL=56 +/-8% RTGX-36,6X21,5X11,3 (060)",https://sklep.feryster.pl/85645-RTGX-36-6X21-5X11-3-060.html,,2026-09-30T22:21:46Z,6090.0,,46.0,"Micrometals datasheet ""Mass (approximate)"" (part GX-141060-2)",https://datasheets.micrometals.com/GX-141060-2-DataSheet.pdf @ 2026-09-30T22:28:53Z,proprietary,MAS core reference GX-141060-2,0.259899,"ECB euro reference rates 2026-09-30 (extra/ecb.xml, fetched 2026-09-30T20:12:47Z)",4.6912
"Feryster (sklep.feryster.pl, PL; listed by Micrometals as authorized distributor)","distributor web shop product page (""Rabaty ilościowe"" table, net PLN)",Micrometals,GX-141060-2,"RTGX-36,6X21,5X11,3 (060)",GX 60,powder: proprietary,G,GX-141060-2,per piece,"Feryster name ""RTGX-36,6X21,5X11,3 (060) Rdzeń toroid GX-36,6X21,5X11,3 (GX-141060-2) AL=56 +/-8% RTGX-36,6X21,5X11,3 (060)""",PLN,100,17.15,0,0,1,,"RTGX-36,6X21,5X11,3 (060) Rdzeń toroid GX-36,6X21,5X11,3 (GX-141060-2) AL=56 +/-8% RTGX-36,6X21,5X11,3 (060)",https://sklep.feryster.pl/85645-RTGX-36-6X21-5X11-3-060.html,,2026-09-30T22:21:46Z,6090.0,,46.0,"Micrometals datasheet ""Mass (approximate)"" (part GX-141060-2)",https://datasheets.micrometals.com/GX-141060-2-DataSheet.pdf @ 2026-09-30T22:28:53Z,proprietary,MAS core reference GX-141060-2,0.259899,"ECB euro reference rates 2026-09-30 (extra/ecb.xml, fetched 2026-09-30T20:12:47Z)",4.4573
"Feryster (sklep.feryster.pl, PL; listed by Micrometals as authorized distributor)","distributor web shop product page (""Rabaty ilościowe"" table, net PLN)",Micrometals,GX-141060-2,"RTGX-36,6X21,5X11,3 (060)",GX 60,powder: proprietary,G,GX-141060-2,per piece,"Feryster name ""RTGX-36,6X21,5X11,3 (060) Rdzeń toroid GX-36,6X21,5X11,3 (GX-141060-2) AL=56 +/-8% RTGX-36,6X21,5X11,3 (060)""",PLN,500,16.25,0,0,1,,"RTGX-36,6X21,5X11,3 (060) Rdzeń toroid GX-36,6X21,5X11,3 (GX-141060-2) AL=56 +/-8% RTGX-36,6X21,5X11,3 (060)",https://sklep.feryster.pl/85645-RTGX-36-6X21-5X11-3-060.html,,2026-09-30T22:21:46Z,6090.0,,46.0,"Micrometals datasheet ""Mass (approximate)"" (part GX-141060-2)",https://datasheets.micrometals.com/GX-141060-2-DataSheet.pdf @ 2026-09-30T22:28:53Z,proprietary,MAS core reference GX-141060-2,0.259899,"ECB euro reference rates 2026-09-30 (extra/ecb.xml, fetched 2026-09-30T20:12:47Z)",4.2234
"Feryster (sklep.feryster.pl, PL; listed by Micrometals as authorized distributor)","distributor web shop product page (""Rabaty ilościowe"" table, net PLN)",Micrometals,GX-141060-2,"RTGX-36,6X21,5X11,3 (060)",GX 60,powder: proprietary,G,GX-141060-2,per piece,"Feryster name ""RTGX-36,6X21,5X11,3 (060) Rdzeń toroid GX-36,6X21,5X11,3 (GX-141060-2) AL=56 +/-8% RTGX-36,6X21,5X11,3 (060)""",PLN,1000,15.34,0,1,1,,"RTGX-36,6X21,5X11,3 (060) Rdzeń toroid GX-36,6X21,5X11,3 (GX-141060-2) AL=56 +/-8% RTGX-36,6X21,5X11,3 (060)",https://sklep.feryster.pl/85645-RTGX-36-6X21-5X11-3-060.html,,2026-09-30T22:21:46Z,6090.0,,46.0,"Micrometals datasheet ""Mass (approximate)"" (part GX-141060-2)",https://datasheets.micrometals.com/GX-141060-2-DataSheet.pdf @ 2026-09-30T22:28:53Z,proprietary,MAS core reference GX-141060-2,0.259899,"ECB euro reference rates 2026-09-30 (extra/ecb.xml, fetched 2026-09-30T20:12:47Z)",3.9869
"Feryster (sklep.feryster.pl, PL; listed by Micrometals as authorized distributor)","distributor web shop product page (""Rabaty ilościowe"" table, net PLN)",Micrometals,GX-141060-2,"RTGX-36,6X21,5X11,3 (060)",GX 60,powder: proprietary,G,GX-141060-2,per piece,"Feryster name ""RTGX-36,6X21,5X11,3 (060) Rdzeń toroid GX-36,6X21,5X11,3 (GX-141060-2) AL=56 +/-8% RTGX-36,6X21,5X11,3 (060)""",PLN,5000,14.44,0,0,1,,"RTGX-36,6X21,5X11,3 (060) Rdzeń toroid GX-36,6X21,5X11,3 (GX-141060-2) AL=56 +/-8% RTGX-36,6X21,5X11,3 (060)",https://sklep.feryster.pl/85645-RTGX-36-6X21-5X11-3-060.html,,2026-09-30T22:21:46Z,6090.0,,46.0,"Micrometals datasheet ""Mass (approximate)"" (part GX-141060-2)",https://datasheets.micrometals.com/GX-141060-2-DataSheet.pdf @ 2026-09-30T22:28:53Z,proprietary,MAS core reference GX-141060-2,0.259899,"ECB euro reference rates 2026-09-30 (extra/ecb.xml, fetched 2026-09-30T20:12:47Z)",3.7529
"Feryster (sklep.feryster.pl, PL; listed by Micrometals as authorized distributor)","distributor web shop product page (""Rabaty ilościowe"" table, net PLN)",Micrometals,GX-157060-2,"RTGX-40,7X23,3X15,4 (060)",GX 60,powder: proprietary,G,GX-157060-2,per piece,"Feryster name ""RTGX-40,7X23,3X15,4 (060) Rdzeń toroid GX-40,7X23,3X15,4 (GX-157060-2) AL=81 +/-8% RTGX-40,7X23,3X15,4 (060)""",PLN,1,31.02,1,0,1,,"RTGX-40,7X23,3X15,4 (060) Rdzeń toroid GX-40,7X23,3X15,4 (GX-157060-2) AL=81 +/-8% RTGX-40,7X23,3X15,4 (060)",https://sklep.feryster.pl/85646-RTGX-40-7X23-3X15-4-060.html,,2026-09-30T22:21:49Z,10500.0,,80.0,"Micrometals datasheet ""Mass (approximate)"" (part GX-157060-2)",https://datasheets.micrometals.com/GX-157060-2-DataSheet.pdf @ 2026-09-30T22:28:56Z,proprietary,MAS core reference GX-157060-2,0.259899,"ECB euro reference rates 2026-09-30 (extra/ecb.xml, fetched 2026-09-30T20:12:47Z)",8.0621
"Feryster (sklep.feryster.pl, PL; listed by Micrometals as authorized distributor)","distributor web shop product page (""Rabaty ilościowe"" table, net PLN)",Micrometals,GX-157060-2,"RTGX-40,7X23,3X15,4 (060)",GX 60,powder: proprietary,G,GX-157060-2,per piece,"Feryster name ""RTGX-40,7X23,3X15,4 (060) Rdzeń toroid GX-40,7X23,3X15,4 (GX-157060-2) AL=81 +/-8% RTGX-40,7X23,3X15,4 (060)""",PLN,100,29.47,0,0,1,,"RTGX-40,7X23,3X15,4 (060) Rdzeń toroid GX-40,7X23,3X15,4 (GX-157060-2) AL=81 +/-8% RTGX-40,7X23,3X15,4 (060)",https://sklep.feryster.pl/85646-RTGX-40-7X23-3X15-4-060.html,,2026-09-30T22:21:49Z,10500.0,,80.0,"Micrometals datasheet ""Mass (approximate)"" (part GX-157060-2)",https://datasheets.micrometals.com/GX-157060-2-DataSheet.pdf @ 2026-09-30T22:28:56Z,proprietary,MAS core reference GX-157060-2,0.259899,"ECB euro reference rates 2026-09-30 (extra/ecb.xml, fetched 2026-09-30T20:12:47Z)",7.6592
"Feryster (sklep.feryster.pl, PL; listed by Micrometals as authorized distributor)","distributor web shop product page (""Rabaty ilościowe"" table, net PLN)",Micrometals,GX-157060-2,"RTGX-40,7X23,3X15,4 (060)",GX 60,powder: proprietary,G,GX-157060-2,per piece,"Feryster name ""RTGX-40,7X23,3X15,4 (060) Rdzeń toroid GX-40,7X23,3X15,4 (GX-157060-2) AL=81 +/-8% RTGX-40,7X23,3X15,4 (060)""",PLN,500,27.92,0,0,1,,"RTGX-40,7X23,3X15,4 (060) Rdzeń toroid GX-40,7X23,3X15,4 (GX-157060-2) AL=81 +/-8% RTGX-40,7X23,3X15,4 (060)",https://sklep.feryster.pl/85646-RTGX-40-7X23-3X15-4-060.html,,2026-09-30T22:21:49Z,10500.0,,80.0,"Micrometals datasheet ""Mass (approximate)"" (part GX-157060-2)",https://datasheets.micrometals.com/GX-157060-2-DataSheet.pdf @ 2026-09-30T22:28:56Z,proprietary,MAS core reference GX-157060-2,0.259899,"ECB euro reference rates 2026-09-30 (extra/ecb.xml, fetched 2026-09-30T20:12:47Z)",7.2564
"Feryster (sklep.feryster.pl, PL; listed by Micrometals as authorized distributor)","distributor web shop product page (""Rabaty ilościowe"" table, net PLN)",Micrometals,GX-157060-2,"RTGX-40,7X23,3X15,4 (060)",GX 60,powder: proprietary,G,GX-157060-2,per piece,"Feryster name ""RTGX-40,7X23,3X15,4 (060) Rdzeń toroid GX-40,7X23,3X15,4 (GX-157060-2) AL=81 +/-8% RTGX-40,7X23,3X15,4 (060)""",PLN,1000,26.37,0,1,1,,"RTGX-40,7X23,3X15,4 (060) Rdzeń toroid GX-40,7X23,3X15,4 (GX-157060-2) AL=81 +/-8% RTGX-40,7X23,3X15,4 (060)",https://sklep.feryster.pl/85646-RTGX-40-7X23-3X15-4-060.html,,2026-09-30T22:21:49Z,10500.0,,80.0,"Micrometals datasheet ""Mass (approximate)"" (part GX-157060-2)",https://datasheets.micrometals.com/GX-157060-2-DataSheet.pdf @ 2026-09-30T22:28:56Z,proprietary,MAS core reference GX-157060-2,0.259899,"ECB euro reference rates 2026-09-30 (extra/ecb.xml, fetched 2026-09-30T20:12:47Z)",6.8535
"Feryster (sklep.feryster.pl, PL; listed by Micrometals as authorized distributor)","distributor web shop product page (""Rabaty ilościowe"" table, net PLN)",Micrometals,GX-157060-2,"RTGX-40,7X23,3X15,4 (060)",GX 60,powder: proprietary,G,GX-157060-2,per piece,"Feryster name ""RTGX-40,7X23,3X15,4 (060) Rdzeń toroid GX-40,7X23,3X15,4 (GX-157060-2) AL=81 +/-8% RTGX-40,7X23,3X15,4 (060)""",PLN,5000,24.82,0,0,1,,"RTGX-40,7X23,3X15,4 (060) Rdzeń toroid GX-40,7X23,3X15,4 (GX-157060-2) AL=81 +/-8% RTGX-40,7X23,3X15,4 (060)",https://sklep.feryster.pl/85646-RTGX-40-7X23-3X15-4-060.html,,2026-09-30T22:21:49Z,10500.0,,80.0,"Micrometals datasheet ""Mass (approximate)"" (part GX-157060-2)",https://datasheets.micrometals.com/GX-157060-2-DataSheet.pdf @ 2026-09-30T22:28:56Z,proprietary,MAS core reference GX-157060-2,0.259899,"ECB euro reference rates 2026-09-30 (extra/ecb.xml, fetched 2026-09-30T20:12:47Z)",6.4507
"Feryster (sklep.feryster.pl, PL; listed by Micrometals as authorized distributor)","distributor web shop product page (""Rabaty ilościowe"" table, net PLN)",Micrometals,T106-52,"RTP-26,9X14,5X11,1-52",Mix 52,powder: iron,T,T106-52,per piece,"Feryster name ""RTP-26,9X14,5X11,1-52 Rdzeń toroid proszkowy (T106-52) AL=95 RTP-26,9X14,5X11,1-52""",PLN,1,2.31,1,0,1,,"RTP-26,9X14,5X11,1-52 Rdzeń toroid proszkowy (T106-52) AL=95 RTP-26,9X14,5X11,1-52",https://sklep.feryster.pl/24516-RTP-26-9X14-5X11-1-52.html,,2026-09-30T22:21:52Z,4280.0,,30.0,"Micrometals datasheet ""Mass (approximate)"" (part T106-52)",https://datasheets.micrometals.com/T106-52-DataSheet.pdf @ 2026-09-30T22:30:07Z,iron,MAS core reference T106-52,0.259899,"ECB euro reference rates 2026-09-30 (extra/ecb.xml, fetched 2026-09-30T20:12:47Z)",0.6004
"Feryster (sklep.feryster.pl, PL; listed by Micrometals as authorized distributor)","distributor web shop product page (""Rabaty ilościowe"" table, net PLN)",Micrometals,T106-52,"RTP-26,9X14,5X11,1-52",Mix 52,powder: iron,T,T106-52,per piece,"Feryster name ""RTP-26,9X14,5X11,1-52 Rdzeń toroid proszkowy (T106-52) AL=95 RTP-26,9X14,5X11,1-52""",PLN,100,2.19,0,0,1,,"RTP-26,9X14,5X11,1-52 Rdzeń toroid proszkowy (T106-52) AL=95 RTP-26,9X14,5X11,1-52",https://sklep.feryster.pl/24516-RTP-26-9X14-5X11-1-52.html,,2026-09-30T22:21:52Z,4280.0,,30.0,"Micrometals datasheet ""Mass (approximate)"" (part T106-52)",https://datasheets.micrometals.com/T106-52-DataSheet.pdf @ 2026-09-30T22:30:07Z,iron,MAS core reference T106-52,0.259899,"ECB euro reference rates 2026-09-30 (extra/ecb.xml, fetched 2026-09-30T20:12:47Z)",0.5692
"Feryster (sklep.feryster.pl, PL; listed by Micrometals as authorized distributor)","distributor web shop product page (""Rabaty ilościowe"" table, net PLN)",Micrometals,T106-52,"RTP-26,9X14,5X11,1-52",Mix 52,powder: iron,T,T106-52,per piece,"Feryster name ""RTP-26,9X14,5X11,1-52 Rdzeń toroid proszkowy (T106-52) AL=95 RTP-26,9X14,5X11,1-52""",PLN,500,2.08,0,0,1,,"RTP-26,9X14,5X11,1-52 Rdzeń toroid proszkowy (T106-52) AL=95 RTP-26,9X14,5X11,1-52",https://sklep.feryster.pl/24516-RTP-26-9X14-5X11-1-52.html,,2026-09-30T22:21:52Z,4280.0,,30.0,"Micrometals datasheet ""Mass (approximate)"" (part T106-52)",https://datasheets.micrometals.com/T106-52-DataSheet.pdf @ 2026-09-30T22:30:07Z,iron,MAS core reference T106-52,0.259899,"ECB euro reference rates 2026-09-30 (extra/ecb.xml, fetched 2026-09-30T20:12:47Z)",0.5406
"Feryster (sklep.feryster.pl, PL; listed by Micrometals as authorized distributor)","distributor web shop product page (""Rabaty ilościowe"" table, net PLN)",Micrometals,T106-52,"RTP-26,9X14,5X11,1-52",Mix 52,powder: iron,T,T106-52,per piece,"Feryster name ""RTP-26,9X14,5X11,1-52 Rdzeń toroid proszkowy (T106-52) AL=95 RTP-26,9X14,5X11,1-52""",PLN,1000,1.96,0,1,1,,"RTP-26,9X14,5X11,1-52 Rdzeń toroid proszkowy (T106-52) AL=95 RTP-26,9X14,5X11,1-52",https://sklep.feryster.pl/24516-RTP-26-9X14-5X11-1-52.html,,2026-09-30T22:21:52Z,4280.0,,30.0,"Micrometals datasheet ""Mass (approximate)"" (part T106-52)",https://datasheets.micrometals.com/T106-52-DataSheet.pdf @ 2026-09-30T22:30:07Z,iron,MAS core reference T106-52,0.259899,"ECB euro reference rates 2026-09-30 (extra/ecb.xml, fetched 2026-09-30T20:12:47Z)",0.5094
"Feryster (sklep.feryster.pl, PL; listed by Micrometals as authorized distributor)","distributor web shop product page (""Rabaty ilościowe"" table, net PLN)",Micrometals,T106-52,"RTP-26,9X14,5X11,1-52",Mix 52,powder: iron,T,T106-52,per piece,"Feryster name ""RTP-26,9X14,5X11,1-52 Rdzeń toroid proszkowy (T106-52) AL=95 RTP-26,9X14,5X11,1-52""",PLN,5000,1.85,0,0,1,,"RTP-26,9X14,5X11,1-52 Rdzeń toroid proszkowy (T106-52) AL=95 RTP-26,9X14,5X11,1-52",https://sklep.feryster.pl/24516-RTP-26-9X14-5X11-1-52.html,,2026-09-30T22:21:52Z,4280.0,,30.0,"Micrometals datasheet ""Mass (approximate)"" (part T106-52)",https://datasheets.micrometals.com/T106-52-DataSheet.pdf @ 2026-09-30T22:30:07Z,iron,MAS core reference T106-52,0.259899,"ECB euro reference rates 2026-09-30 (extra/ecb.xml, fetched 2026-09-30T20:12:47Z)",0.4808
"Feryster (sklep.feryster.pl, PL; listed by Micrometals as authorized distributor)","distributor web shop product page (""Rabaty ilościowe"" table, net PLN)",Micrometals,T130-0,"RTP-33X19,8X11,1-0",,unmapped,T,T130-0,per piece,"Feryster name ""RTP-33X19,8X11,1-0 Rdzeń toroid proszkowy (T130-0) AL=1.5 RTP-33X19,8X11,1-0""",PLN,1,3.77,1,0,1,,"RTP-33X19,8X11,1-0 Rdzeń toroid proszkowy (T130-0) AL=1.5 RTP-33X19,8X11,1-0",https://sklep.feryster.pl/75401-RTP-33X19-8X11-1-0.html,,2026-09-30T22:21:53Z,5780.0,,13.0,"Micrometals datasheet ""Mass (approximate)"" (part T130-0)",https://datasheets.micrometals.com/T130-0-DataSheet.pdf @ 2026-09-30T20:17:37Z,,,0.259899,"ECB euro reference rates 2026-09-30 (extra/ecb.xml, fetched 2026-09-30T20:12:47Z)",0.9798
"Feryster (sklep.feryster.pl, PL; listed by Micrometals as authorized distributor)","distributor web shop product page (""Rabaty ilościowe"" table, net PLN)",Micrometals,T130-0,"RTP-33X19,8X11,1-0",,unmapped,T,T130-0,per piece,"Feryster name ""RTP-33X19,8X11,1-0 Rdzeń toroid proszkowy (T130-0) AL=1.5 RTP-33X19,8X11,1-0""",PLN,100,3.58,0,0,1,,"RTP-33X19,8X11,1-0 Rdzeń toroid proszkowy (T130-0) AL=1.5 RTP-33X19,8X11,1-0",https://sklep.feryster.pl/75401-RTP-33X19-8X11-1-0.html,,2026-09-30T22:21:53Z,5780.0,,13.0,"Micrometals datasheet ""Mass (approximate)"" (part T130-0)",https://datasheets.micrometals.com/T130-0-DataSheet.pdf @ 2026-09-30T20:17:37Z,,,0.259899,"ECB euro reference rates 2026-09-30 (extra/ecb.xml, fetched 2026-09-30T20:12:47Z)",0.9304
"Feryster (sklep.feryster.pl, PL; listed by Micrometals as authorized distributor)","distributor web shop product page (""Rabaty ilościowe"" table, net PLN)",Micrometals,T130-0,"RTP-33X19,8X11,1-0",,unmapped,T,T130-0,per piece,"Feryster name ""RTP-33X19,8X11,1-0 Rdzeń toroid proszkowy (T130-0) AL=1.5 RTP-33X19,8X11,1-0""",PLN,500,3.39,0,0,1,,"RTP-33X19,8X11,1-0 Rdzeń toroid proszkowy (T130-0) AL=1.5 RTP-33X19,8X11,1-0",https://sklep.feryster.pl/75401-RTP-33X19-8X11-1-0.html,,2026-09-30T22:21:53Z,5780.0,,13.0,"Micrometals datasheet ""Mass (approximate)"" (part T130-0)",https://datasheets.micrometals.com/T130-0-DataSheet.pdf @ 2026-09-30T20:17:37Z,,,0.259899,"ECB euro reference rates 2026-09-30 (extra/ecb.xml, fetched 2026-09-30T20:12:47Z)",0.8811
"Feryster (sklep.feryster.pl, PL; listed by Micrometals as authorized distributor)","distributor web shop product page (""Rabaty ilościowe"" table, net PLN)",Micrometals,T130-0,"RTP-33X19,8X11,1-0",,unmapped,T,T130-0,per piece,"Feryster name ""RTP-33X19,8X11,1-0 Rdzeń toroid proszkowy (T130-0) AL=1.5 RTP-33X19,8X11,1-0""",PLN,1000,3.2,0,1,1,,"RTP-33X19,8X11,1-0 Rdzeń toroid proszkowy (T130-0) AL=1.5 RTP-33X19,8X11,1-0",https://sklep.feryster.pl/75401-RTP-33X19-8X11-1-0.html,,2026-09-30T22:21:53Z,5780.0,,13.0,"Micrometals datasheet ""Mass (approximate)"" (part T130-0)",https://datasheets.micrometals.com/T130-0-DataSheet.pdf @ 2026-09-30T20:17:37Z,,,0.259899,"ECB euro reference rates 2026-09-30 (extra/ecb.xml, fetched 2026-09-30T20:12:47Z)",0.8317
"Feryster (sklep.feryster.pl, PL; listed by Micrometals as authorized distributor)","distributor web shop product page (""Rabaty ilościowe"" table, net PLN)",Micrometals,T130-0,"RTP-33X19,8X11,1-0",,unmapped,T,T130-0,per piece,"Feryster name ""RTP-33X19,8X11,1-0 Rdzeń toroid proszkowy (T130-0) AL=1.5 RTP-33X19,8X11,1-0""",PLN,5000,3.02,0,0,1,,"RTP-33X19,8X11,1-0 Rdzeń toroid proszkowy (T130-0) AL=1.5 RTP-33X19,8X11,1-0",https://sklep.feryster.pl/75401-RTP-33X19-8X11-1-0.html,,2026-09-30T22:21:53Z,5780.0,,13.0,"Micrometals datasheet ""Mass (approximate)"" (part T130-0)",https://datasheets.micrometals.com/T130-0-DataSheet.pdf @ 2026-09-30T20:17:37Z,,,0.259899,"ECB euro reference rates 2026-09-30 (extra/ecb.xml, fetched 2026-09-30T20:12:47Z)",0.7849
"Feryster (sklep.feryster.pl, PL; listed by Micrometals as authorized distributor)","distributor web shop product page (""Rabaty ilościowe"" table, net PLN)",Micrometals,OD-132060-2,"RTOD-33,8X19,3X12 (060)",OD 60,powder: proprietary,O,OD-132060-2,per piece,"Feryster name ""RTOD-33,8X19,3X12 (060) RTOD-33,8X19,3X12 (060) OD-132060-2 AL=65±8% RTOD-33,8X19,3X12 (060)""",PLN,1,16.06,1,0,1,,"RTOD-33,8X19,3X12 (060) RTOD-33,8X19,3X12 (060) OD-132060-2 AL=65±8% RTOD-33,8X19,3X12 (060)",https://sklep.feryster.pl/82180-RTOD-33-8X19-3X12-060.html,,2026-09-30T22:21:56Z,5690.0,,40.0,"Micrometals datasheet ""Mass (approximate)"" (part OD-132060-2)",https://datasheets.micrometals.com/OD-132060-2-DataSheet.pdf @ 2026-09-30T22:29:32Z,proprietary,MAS core reference OD-132060-2,0.259899,"ECB euro reference rates 2026-09-30 (extra/ecb.xml, fetched 2026-09-30T20:12:47Z)",4.174
"Feryster (sklep.feryster.pl, PL; listed by Micrometals as authorized distributor)","distributor web shop product page (""Rabaty ilościowe"" table, net PLN)",Micrometals,OD-132060-2,"RTOD-33,8X19,3X12 (060)",OD 60,powder: proprietary,O,OD-132060-2,per piece,"Feryster name ""RTOD-33,8X19,3X12 (060) RTOD-33,8X19,3X12 (060) OD-132060-2 AL=65±8% RTOD-33,8X19,3X12 (060)""",PLN,100,15.26,0,0,1,,"RTOD-33,8X19,3X12 (060) RTOD-33,8X19,3X12 (060) OD-132060-2 AL=65±8% RTOD-33,8X19,3X12 (060)",https://sklep.feryster.pl/82180-RTOD-33-8X19-3X12-060.html,,2026-09-30T22:21:56Z,5690.0,,40.0,"Micrometals datasheet ""Mass (approximate)"" (part OD-132060-2)",https://datasheets.micrometals.com/OD-132060-2-DataSheet.pdf @ 2026-09-30T22:29:32Z,proprietary,MAS core reference OD-132060-2,0.259899,"ECB euro reference rates 2026-09-30 (extra/ecb.xml, fetched 2026-09-30T20:12:47Z)",3.9661
"Feryster (sklep.feryster.pl, PL; listed by Micrometals as authorized distributor)","distributor web shop product page (""Rabaty ilościowe"" table, net PLN)",Micrometals,OD-132060-2,"RTOD-33,8X19,3X12 (060)",OD 60,powder: proprietary,O,OD-132060-2,per piece,"Feryster name ""RTOD-33,8X19,3X12 (060) RTOD-33,8X19,3X12 (060) OD-132060-2 AL=65±8% RTOD-33,8X19,3X12 (060)""",PLN,500,14.45,0,0,1,,"RTOD-33,8X19,3X12 (060) RTOD-33,8X19,3X12 (060) OD-132060-2 AL=65±8% RTOD-33,8X19,3X12 (060)",https://sklep.feryster.pl/82180-RTOD-33-8X19-3X12-060.html,,2026-09-30T22:21:56Z,5690.0,,40.0,"Micrometals datasheet ""Mass (approximate)"" (part OD-132060-2)",https://datasheets.micrometals.com/OD-132060-2-DataSheet.pdf @ 2026-09-30T22:29:32Z,proprietary,MAS core reference OD-132060-2,0.259899,"ECB euro reference rates 2026-09-30 (extra/ecb.xml, fetched 2026-09-30T20:12:47Z)",3.7555
"Feryster (sklep.feryster.pl, PL; listed by Micrometals as authorized distributor)","distributor web shop product page (""Rabaty ilościowe"" table, net PLN)",Micrometals,OD-132060-2,"RTOD-33,8X19,3X12 (060)",OD 60,powder: proprietary,O,OD-132060-2,per piece,"Feryster name ""RTOD-33,8X19,3X12 (060) RTOD-33,8X19,3X12 (060) OD-132060-2 AL=65±8% RTOD-33,8X19,3X12 (060)""",PLN,1000,13.65,0,1,1,,"RTOD-33,8X19,3X12 (060) RTOD-33,8X19,3X12 (060) OD-132060-2 AL=65±8% RTOD-33,8X19,3X12 (060)",https://sklep.feryster.pl/82180-RTOD-33-8X19-3X12-060.html,,2026-09-30T22:21:56Z,5690.0,,40.0,"Micrometals datasheet ""Mass (approximate)"" (part OD-132060-2)",https://datasheets.micrometals.com/OD-132060-2-DataSheet.pdf @ 2026-09-30T22:29:32Z,proprietary,MAS core reference OD-132060-2,0.259899,"ECB euro reference rates 2026-09-30 (extra/ecb.xml, fetched 2026-09-30T20:12:47Z)",3.5476
"Feryster (sklep.feryster.pl, PL; listed by Micrometals as authorized distributor)","distributor web shop product page (""Rabaty ilościowe"" table, net PLN)",Micrometals,OD-132060-2,"RTOD-33,8X19,3X12 (060)",OD 60,powder: proprietary,O,OD-132060-2,per piece,"Feryster name ""RTOD-33,8X19,3X12 (060) RTOD-33,8X19,3X12 (060) OD-132060-2 AL=65±8% RTOD-33,8X19,3X12 (060)""",PLN,5000,12.85,0,0,1,,"RTOD-33,8X19,3X12 (060) RTOD-33,8X19,3X12 (060) OD-132060-2 AL=65±8% RTOD-33,8X19,3X12 (060)",https://sklep.feryster.pl/82180-RTOD-33-8X19-3X12-060.html,,2026-09-30T22:21:56Z,5690.0,,40.0,"Micrometals datasheet ""Mass (approximate)"" (part OD-132060-2)",https://datasheets.micrometals.com/OD-132060-2-DataSheet.pdf @ 2026-09-30T22:29:32Z,proprietary,MAS core reference OD-132060-2,0.259899,"ECB euro reference rates 2026-09-30 (extra/ecb.xml, fetched 2026-09-30T20:12:47Z)",3.3397
"Feryster (sklep.feryster.pl, PL; listed by Micrometals as authorized distributor)","distributor web shop product page (""Rabaty ilościowe"" table, net PLN)",Micrometals,OC-106090-2,"RTOC-27,8X14,1X12(090)",OC 90,powder: proprietary,O,OC-106090-2,per piece,"Feryster name ""RTOC-27,8X14,1X12(090) Rdzeń toroid RTOC-27,8X14,1X12 (OC-106090-2) AL=113 RTOC-27,8X14,1X12(090)""",PLN,1,28.39,1,0,1,,"RTOC-27,8X14,1X12(090) Rdzeń toroid RTOC-27,8X14,1X12 (OC-106090-2) AL=113 RTOC-27,8X14,1X12(090)",https://sklep.feryster.pl/88316-RTOC-27-8X14-1X12090.html,,2026-09-30T22:21:59Z,4150.0,,29.0,"Micrometals datasheet ""Mass (approximate)"" (part OC-106090-2)",https://datasheets.micrometals.com/OC-106090-2-DataSheet.pdf @ 2026-09-30T22:29:03Z,proprietary,MAS core reference OC-106090-2,0.259899,"ECB euro reference rates 2026-09-30 (extra/ecb.xml, fetched 2026-09-30T20:12:47Z)",7.3785
"Feryster (sklep.feryster.pl, PL; listed by Micrometals as authorized distributor)","distributor web shop product page (""Rabaty ilościowe"" table, net PLN)",Micrometals,OC-106090-2,"RTOC-27,8X14,1X12(090)",OC 90,powder: proprietary,O,OC-106090-2,per piece,"Feryster name ""RTOC-27,8X14,1X12(090) Rdzeń toroid RTOC-27,8X14,1X12 (OC-106090-2) AL=113 RTOC-27,8X14,1X12(090)""",PLN,100,26.97,0,0,1,,"RTOC-27,8X14,1X12(090) Rdzeń toroid RTOC-27,8X14,1X12 (OC-106090-2) AL=113 RTOC-27,8X14,1X12(090)",https://sklep.feryster.pl/88316-RTOC-27-8X14-1X12090.html,,2026-09-30T22:21:59Z,4150.0,,29.0,"Micrometals datasheet ""Mass (approximate)"" (part OC-106090-2)",https://datasheets.micrometals.com/OC-106090-2-DataSheet.pdf @ 2026-09-30T22:29:03Z,proprietary,MAS core reference OC-106090-2,0.259899,"ECB euro reference rates 2026-09-30 (extra/ecb.xml, fetched 2026-09-30T20:12:47Z)",7.0095
"Feryster (sklep.feryster.pl, PL; listed by Micrometals as authorized distributor)","distributor web shop product page (""Rabaty ilościowe"" table, net PLN)",Micrometals,OC-106090-2,"RTOC-27,8X14,1X12(090)",OC 90,powder: proprietary,O,OC-106090-2,per piece,"Feryster name ""RTOC-27,8X14,1X12(090) Rdzeń toroid RTOC-27,8X14,1X12 (OC-106090-2) AL=113 RTOC-27,8X14,1X12(090)""",PLN,500,25.55,0,0,1,,"RTOC-27,8X14,1X12(090) Rdzeń toroid RTOC-27,8X14,1X12 (OC-106090-2) AL=113 RTOC-27,8X14,1X12(090)",https://sklep.feryster.pl/88316-RTOC-27-8X14-1X12090.html,,2026-09-30T22:21:59Z,4150.0,,29.0,"Micrometals datasheet ""Mass (approximate)"" (part OC-106090-2)",https://datasheets.micrometals.com/OC-106090-2-DataSheet.pdf @ 2026-09-30T22:29:03Z,proprietary,MAS core reference OC-106090-2,0.259899,"ECB euro reference rates 2026-09-30 (extra/ecb.xml, fetched 2026-09-30T20:12:47Z)",6.6404
"Feryster (sklep.feryster.pl, PL; listed by Micrometals as authorized distributor)","distributor web shop product page (""Rabaty ilościowe"" table, net PLN)",Micrometals,OC-106090-2,"RTOC-27,8X14,1X12(090)",OC 90,powder: proprietary,O,OC-106090-2,per piece,"Feryster name ""RTOC-27,8X14,1X12(090) Rdzeń toroid RTOC-27,8X14,1X12 (OC-106090-2) AL=113 RTOC-27,8X14,1X12(090)""",PLN,1000,24.13,0,1,1,,"RTOC-27,8X14,1X12(090) Rdzeń toroid RTOC-27,8X14,1X12 (OC-106090-2) AL=113 RTOC-27,8X14,1X12(090)",https://sklep.feryster.pl/88316-RTOC-27-8X14-1X12090.html,,2026-09-30T22:21:59Z,4150.0,,29.0,"Micrometals datasheet ""Mass (approximate)"" (part OC-106090-2)",https://datasheets.micrometals.com/OC-106090-2-DataSheet.pdf @ 2026-09-30T22:29:03Z,proprietary,MAS core reference OC-106090-2,0.259899,"ECB euro reference rates 2026-09-30 (extra/ecb.xml, fetched 2026-09-30T20:12:47Z)",6.2714
"Feryster (sklep.feryster.pl, PL; listed by Micrometals as authorized distributor)","distributor web shop product page (""Rabaty ilościowe"" table, net PLN)",Micrometals,OC-106090-2,"RTOC-27,8X14,1X12(090)",OC 90,powder: proprietary,O,OC-106090-2,per piece,"Feryster name ""RTOC-27,8X14,1X12(090) Rdzeń toroid RTOC-27,8X14,1X12 (OC-106090-2) AL=113 RTOC-27,8X14,1X12(090)""",PLN,5000,22.71,0,0,1,,"RTOC-27,8X14,1X12(090) Rdzeń toroid RTOC-27,8X14,1X12 (OC-106090-2) AL=113 RTOC-27,8X14,1X12(090)",https://sklep.feryster.pl/88316-RTOC-27-8X14-1X12090.html,,2026-09-30T22:21:59Z,4150.0,,29.0,"Micrometals datasheet ""Mass (approximate)"" (part OC-106090-2)",https://datasheets.micrometals.com/OC-106090-2-DataSheet.pdf @ 2026-09-30T22:29:03Z,proprietary,MAS core reference OC-106090-2,0.259899,"ECB euro reference rates 2026-09-30 (extra/ecb.xml, fetched 2026-09-30T20:12:47Z)",5.9023
"Feryster (sklep.feryster.pl, PL; listed by Micrometals as authorized distributor)","distributor web shop product page (""Rabaty ilościowe"" table, net PLN)",Micrometals,T132-52,"RTP-33X17,8X11,1-52",Mix 52,powder: iron,T,T132-52,per piece,"Feryster name ""RTP-33X17,8X11,1-52 Rdzeń toroid proszkowy (T132-52) AL=95 RTP-33X17,8X11,1-52""",PLN,1,4.84,1,0,1,,"RTP-33X17,8X11,1-52 Rdzeń toroid proszkowy (T132-52) AL=95 RTP-33X17,8X11,1-52",https://sklep.feryster.pl/23236-RTP-33X17-8X11-1-52.html,,2026-09-30T22:22:05Z,6410.0,,45.0,"Micrometals datasheet ""Mass (approximate)"" (part T132-52)",https://datasheets.micrometals.com/T132-52-DataSheet.pdf @ 2026-09-30T20:18:21Z,iron,MAS core reference T132-52,0.259899,"ECB euro reference rates 2026-09-30 (extra/ecb.xml, fetched 2026-09-30T20:12:47Z)",1.2579
"Feryster (sklep.feryster.pl, PL; listed by Micrometals as authorized distributor)","distributor web shop product page (""Rabaty ilościowe"" table, net PLN)",Micrometals,T132-52,"RTP-33X17,8X11,1-52",Mix 52,powder: iron,T,T132-52,per piece,"Feryster name ""RTP-33X17,8X11,1-52 Rdzeń toroid proszkowy (T132-52) AL=95 RTP-33X17,8X11,1-52""",PLN,100,4.6,0,0,1,,"RTP-33X17,8X11,1-52 Rdzeń toroid proszkowy (T132-52) AL=95 RTP-33X17,8X11,1-52",https://sklep.feryster.pl/23236-RTP-33X17-8X11-1-52.html,,2026-09-30T22:22:05Z,6410.0,,45.0,"Micrometals datasheet ""Mass (approximate)"" (part T132-52)",https://datasheets.micrometals.com/T132-52-DataSheet.pdf @ 2026-09-30T20:18:21Z,iron,MAS core reference T132-52,0.259899,"ECB euro reference rates 2026-09-30 (extra/ecb.xml, fetched 2026-09-30T20:12:47Z)",1.1955
"Feryster (sklep.feryster.pl, PL; listed by Micrometals as authorized distributor)","distributor web shop product page (""Rabaty ilościowe"" table, net PLN)",Micrometals,T132-52,"RTP-33X17,8X11,1-52",Mix 52,powder: iron,T,T132-52,per piece,"Feryster name ""RTP-33X17,8X11,1-52 Rdzeń toroid proszkowy (T132-52) AL=95 RTP-33X17,8X11,1-52""",PLN,500,4.36,0,0,1,,"RTP-33X17,8X11,1-52 Rdzeń toroid proszkowy (T132-52) AL=95 RTP-33X17,8X11,1-52",https://sklep.feryster.pl/23236-RTP-33X17-8X11-1-52.html,,2026-09-30T22:22:05Z,6410.0,,45.0,"Micrometals datasheet ""Mass (approximate)"" (part T132-52)",https://datasheets.micrometals.com/T132-52-DataSheet.pdf @ 2026-09-30T20:18:21Z,iron,MAS core reference T132-52,0.259899,"ECB euro reference rates 2026-09-30 (extra/ecb.xml, fetched 2026-09-30T20:12:47Z)",1.1332
"Feryster (sklep.feryster.pl, PL; listed by Micrometals as authorized distributor)","distributor web shop product page (""Rabaty ilościowe"" table, net PLN)",Micrometals,T132-52,"RTP-33X17,8X11,1-52",Mix 52,powder: iron,T,T132-52,per piece,"Feryster name ""RTP-33X17,8X11,1-52 Rdzeń toroid proszkowy (T132-52) AL=95 RTP-33X17,8X11,1-52""",PLN,1000,4.11,0,1,1,,"RTP-33X17,8X11,1-52 Rdzeń toroid proszkowy (T132-52) AL=95 RTP-33X17,8X11,1-52",https://sklep.feryster.pl/23236-RTP-33X17-8X11-1-52.html,,2026-09-30T22:22:05Z,6410.0,,45.0,"Micrometals datasheet ""Mass (approximate)"" (part T132-52)",https://datasheets.micrometals.com/T132-52-DataSheet.pdf @ 2026-09-30T20:18:21Z,iron,MAS core reference T132-52,0.259899,"ECB euro reference rates 2026-09-30 (extra/ecb.xml, fetched 2026-09-30T20:12:47Z)",1.0682
"Feryster (sklep.feryster.pl, PL; listed by Micrometals as authorized distributor)","distributor web shop product page (""Rabaty ilościowe"" table, net PLN)",Micrometals,T132-52,"RTP-33X17,8X11,1-52",Mix 52,powder: iron,T,T132-52,per piece,"Feryster name ""RTP-33X17,8X11,1-52 Rdzeń toroid proszkowy (T132-52) AL=95 RTP-33X17,8X11,1-52""",PLN,5000,3.87,0,0,1,,"RTP-33X17,8X11,1-52 Rdzeń toroid proszkowy (T132-52) AL=95 RTP-33X17,8X11,1-52",https://sklep.feryster.pl/23236-RTP-33X17-8X11-1-52.html,,2026-09-30T22:22:05Z,6410.0,,45.0,"Micrometals datasheet ""Mass (approximate)"" (part T132-52)",https://datasheets.micrometals.com/T132-52-DataSheet.pdf @ 2026-09-30T20:18:21Z,iron,MAS core reference T132-52,0.259899,"ECB euro reference rates 2026-09-30 (extra/ecb.xml, fetched 2026-09-30T20:12:47Z)",1.0058
"Feryster (sklep.feryster.pl, PL; listed by Micrometals as authorized distributor)","distributor web shop product page (""Rabaty ilościowe"" table, net PLN)",Micrometals,OD-226090-2H305,"RTOD-58X25,6X31,4 (90)",OD 90,powder: proprietary,O,OD-226090-2H305,per piece,"Feryster name ""RTOD-58X25,6X31,4 (90) Rdzeń toroid Optilloy-DC-58X25,6X31,4 (OD-226090-2H305) AL=414 RTOD-58X25,6X31,4 (90)""",PLN,1,126.83,1,0,1,,"RTOD-58X25,6X31,4 (90) Rdzeń toroid Optilloy-DC-58X25,6X31,4 (OD-226090-2H305) AL=414 RTOD-58X25,6X31,4 (90)",https://sklep.feryster.pl/86202-rtod-58x256x314-90.html,,2026-09-30T22:22:08Z,57200.0,,420.0,"Micrometals datasheet ""Mass (approximate)"" (part OD-226090-2H305)",https://datasheets.micrometals.com/OD-226090-2H305-DataSheet.pdf @ 2026-09-30T22:29:48Z,proprietary,MAS core reference OD-226090-2H305,0.259899,"ECB euro reference rates 2026-09-30 (extra/ecb.xml, fetched 2026-09-30T20:12:47Z)",32.963
"Feryster (sklep.feryster.pl, PL; listed by Micrometals as authorized distributor)","distributor web shop product page (""Rabaty ilościowe"" table, net PLN)",Micrometals,OD-226090-2H305,"RTOD-58X25,6X31,4 (90)",OD 90,powder: proprietary,O,OD-226090-2H305,per piece,"Feryster name ""RTOD-58X25,6X31,4 (90) Rdzeń toroid Optilloy-DC-58X25,6X31,4 (OD-226090-2H305) AL=414 RTOD-58X25,6X31,4 (90)""",PLN,100,120.49,0,0,1,,"RTOD-58X25,6X31,4 (90) Rdzeń toroid Optilloy-DC-58X25,6X31,4 (OD-226090-2H305) AL=414 RTOD-58X25,6X31,4 (90)",https://sklep.feryster.pl/86202-rtod-58x256x314-90.html,,2026-09-30T22:22:08Z,57200.0,,420.0,"Micrometals datasheet ""Mass (approximate)"" (part OD-226090-2H305)",https://datasheets.micrometals.com/OD-226090-2H305-DataSheet.pdf @ 2026-09-30T22:29:48Z,proprietary,MAS core reference OD-226090-2H305,0.259899,"ECB euro reference rates 2026-09-30 (extra/ecb.xml, fetched 2026-09-30T20:12:47Z)",31.3153
"Feryster (sklep.feryster.pl, PL; listed by Micrometals as authorized distributor)","distributor web shop product page (""Rabaty ilościowe"" table, net PLN)",Micrometals,OD-226090-2H305,"RTOD-58X25,6X31,4 (90)",OD 90,powder: proprietary,O,OD-226090-2H305,per piece,"Feryster name ""RTOD-58X25,6X31,4 (90) Rdzeń toroid Optilloy-DC-58X25,6X31,4 (OD-226090-2H305) AL=414 RTOD-58X25,6X31,4 (90)""",PLN,500,114.15,0,0,1,,"RTOD-58X25,6X31,4 (90) Rdzeń toroid Optilloy-DC-58X25,6X31,4 (OD-226090-2H305) AL=414 RTOD-58X25,6X31,4 (90)",https://sklep.feryster.pl/86202-rtod-58x256x314-90.html,,2026-09-30T22:22:08Z,57200.0,,420.0,"Micrometals datasheet ""Mass (approximate)"" (part OD-226090-2H305)",https://datasheets.micrometals.com/OD-226090-2H305-DataSheet.pdf @ 2026-09-30T22:29:48Z,proprietary,MAS core reference OD-226090-2H305,0.259899,"ECB euro reference rates 2026-09-30 (extra/ecb.xml, fetched 2026-09-30T20:12:47Z)",29.6675
"Feryster (sklep.feryster.pl, PL; listed by Micrometals as authorized distributor)","distributor web shop product page (""Rabaty ilościowe"" table, net PLN)",Micrometals,OD-226090-2H305,"RTOD-58X25,6X31,4 (90)",OD 90,powder: proprietary,O,OD-226090-2H305,per piece,"Feryster name ""RTOD-58X25,6X31,4 (90) Rdzeń toroid Optilloy-DC-58X25,6X31,4 (OD-226090-2H305) AL=414 RTOD-58X25,6X31,4 (90)""",PLN,1000,107.81,0,1,1,,"RTOD-58X25,6X31,4 (90) Rdzeń toroid Optilloy-DC-58X25,6X31,4 (OD-226090-2H305) AL=414 RTOD-58X25,6X31,4 (90)",https://sklep.feryster.pl/86202-rtod-58x256x314-90.html,,2026-09-30T22:22:08Z,57200.0,,420.0,"Micrometals datasheet ""Mass (approximate)"" (part OD-226090-2H305)",https://datasheets.micrometals.com/OD-226090-2H305-DataSheet.pdf @ 2026-09-30T22:29:48Z,proprietary,MAS core reference OD-226090-2H305,0.259899,"ECB euro reference rates 2026-09-30 (extra/ecb.xml, fetched 2026-09-30T20:12:47Z)",28.0197
"Feryster (sklep.feryster.pl, PL; listed by Micrometals as authorized distributor)","distributor web shop product page (""Rabaty ilościowe"" table, net PLN)",Micrometals,OD-226090-2H305,"RTOD-58X25,6X31,4 (90)",OD 90,powder: proprietary,O,OD-226090-2H305,per piece,"Feryster name ""RTOD-58X25,6X31,4 (90) Rdzeń toroid Optilloy-DC-58X25,6X31,4 (OD-226090-2H305) AL=414 RTOD-58X25,6X31,4 (90)""",PLN,5000,101.46,0,0,1,,"RTOD-58X25,6X31,4 (90) Rdzeń toroid Optilloy-DC-58X25,6X31,4 (OD-226090-2H305) AL=414 RTOD-58X25,6X31,4 (90)",https://sklep.feryster.pl/86202-rtod-58x256x314-90.html,,2026-09-30T22:22:08Z,57200.0,,420.0,"Micrometals datasheet ""Mass (approximate)"" (part OD-226090-2H305)",https://datasheets.micrometals.com/OD-226090-2H305-DataSheet.pdf @ 2026-09-30T22:29:48Z,proprietary,MAS core reference OD-226090-2H305,0.259899,"ECB euro reference rates 2026-09-30 (extra/ecb.xml, fetched 2026-09-30T20:12:47Z)",26.3694
"Feryster (sklep.feryster.pl, PL; listed by Micrometals as authorized distributor)","distributor web shop product page (""Rabaty ilościowe"" table, net PLN)",Micrometals,OD-226090-2,"RTOD-58X25,6X16,1 (90)",OD 90,powder: proprietary,O,OD-226090-2,per piece,"Feryster name ""RTOD-58X25,6X16,1 (90) Rdzeń toroid Optilloy-DC-58X25,6X16,1 (OD-226090-2) AL=207 RTOD-58X25,6X16,1 (90)""",PLN,1,116.1,1,0,1,,"RTOD-58X25,6X16,1 (90) Rdzeń toroid Optilloy-DC-58X25,6X16,1 (OD-226090-2) AL=207 RTOD-58X25,6X16,1 (90)",https://sklep.feryster.pl/86402-RTOD-58X25-6X16-1-90.html,,2026-09-30T22:22:11Z,28600.0,,210.0,"Micrometals datasheet ""Mass (approximate)"" (part OD-226090-2)",https://datasheets.micrometals.com/OD-226090-2-DataSheet.pdf @ 2026-09-30T22:29:45Z,proprietary,MAS core reference OD-226090-2,0.259899,"ECB euro reference rates 2026-09-30 (extra/ecb.xml, fetched 2026-09-30T20:12:47Z)",30.1743
"Feryster (sklep.feryster.pl, PL; listed by Micrometals as authorized distributor)","distributor web shop product page (""Rabaty ilościowe"" table, net PLN)",Micrometals,OD-226090-2,"RTOD-58X25,6X16,1 (90)",OD 90,powder: proprietary,O,OD-226090-2,per piece,"Feryster name ""RTOD-58X25,6X16,1 (90) Rdzeń toroid Optilloy-DC-58X25,6X16,1 (OD-226090-2) AL=207 RTOD-58X25,6X16,1 (90)""",PLN,100,110.3,0,0,1,,"RTOD-58X25,6X16,1 (90) Rdzeń toroid Optilloy-DC-58X25,6X16,1 (OD-226090-2) AL=207 RTOD-58X25,6X16,1 (90)",https://sklep.feryster.pl/86402-RTOD-58X25-6X16-1-90.html,,2026-09-30T22:22:11Z,28600.0,,210.0,"Micrometals datasheet ""Mass (approximate)"" (part OD-226090-2)",https://datasheets.micrometals.com/OD-226090-2-DataSheet.pdf @ 2026-09-30T22:29:45Z,proprietary,MAS core reference OD-226090-2,0.259899,"ECB euro reference rates 2026-09-30 (extra/ecb.xml, fetched 2026-09-30T20:12:47Z)",28.6669
"Feryster (sklep.feryster.pl, PL; listed by Micrometals as authorized distributor)","distributor web shop product page (""Rabaty ilościowe"" table, net PLN)",Micrometals,OD-226090-2,"RTOD-58X25,6X16,1 (90)",OD 90,powder: proprietary,O,OD-226090-2,per piece,"Feryster name ""RTOD-58X25,6X16,1 (90) Rdzeń toroid Optilloy-DC-58X25,6X16,1 (OD-226090-2) AL=207 RTOD-58X25,6X16,1 (90)""",PLN,500,104.49,0,0,1,,"RTOD-58X25,6X16,1 (90) Rdzeń toroid Optilloy-DC-58X25,6X16,1 (OD-226090-2) AL=207 RTOD-58X25,6X16,1 (90)",https://sklep.feryster.pl/86402-RTOD-58X25-6X16-1-90.html,,2026-09-30T22:22:11Z,28600.0,,210.0,"Micrometals datasheet ""Mass (approximate)"" (part OD-226090-2)",https://datasheets.micrometals.com/OD-226090-2-DataSheet.pdf @ 2026-09-30T22:29:45Z,proprietary,MAS core reference OD-226090-2,0.259899,"ECB euro reference rates 2026-09-30 (extra/ecb.xml, fetched 2026-09-30T20:12:47Z)",27.1569
"Feryster (sklep.feryster.pl, PL; listed by Micrometals as authorized distributor)","distributor web shop product page (""Rabaty ilościowe"" table, net PLN)",Micrometals,OD-226090-2,"RTOD-58X25,6X16,1 (90)",OD 90,powder: proprietary,O,OD-226090-2,per piece,"Feryster name ""RTOD-58X25,6X16,1 (90) Rdzeń toroid Optilloy-DC-58X25,6X16,1 (OD-226090-2) AL=207 RTOD-58X25,6X16,1 (90)""",PLN,1000,98.69,0,1,1,,"RTOD-58X25,6X16,1 (90) Rdzeń toroid Optilloy-DC-58X25,6X16,1 (OD-226090-2) AL=207 RTOD-58X25,6X16,1 (90)",https://sklep.feryster.pl/86402-RTOD-58X25-6X16-1-90.html,,2026-09-30T22:22:11Z,28600.0,,210.0,"Micrometals datasheet ""Mass (approximate)"" (part OD-226090-2)",https://datasheets.micrometals.com/OD-226090-2-DataSheet.pdf @ 2026-09-30T22:29:45Z,proprietary,MAS core reference OD-226090-2,0.259899,"ECB euro reference rates 2026-09-30 (extra/ecb.xml, fetched 2026-09-30T20:12:47Z)",25.6495
"Feryster (sklep.feryster.pl, PL; listed by Micrometals as authorized distributor)","distributor web shop product page (""Rabaty ilościowe"" table, net PLN)",Micrometals,OD-226090-2,"RTOD-58X25,6X16,1 (90)",OD 90,powder: proprietary,O,OD-226090-2,per piece,"Feryster name ""RTOD-58X25,6X16,1 (90) Rdzeń toroid Optilloy-DC-58X25,6X16,1 (OD-226090-2) AL=207 RTOD-58X25,6X16,1 (90)""",PLN,5000,92.88,0,0,1,,"RTOD-58X25,6X16,1 (90) Rdzeń toroid Optilloy-DC-58X25,6X16,1 (OD-226090-2) AL=207 RTOD-58X25,6X16,1 (90)",https://sklep.feryster.pl/86402-RTOD-58X25-6X16-1-90.html,,2026-09-30T22:22:11Z,28600.0,,210.0,"Micrometals datasheet ""Mass (approximate)"" (part OD-226090-2)",https://datasheets.micrometals.com/OD-226090-2-DataSheet.pdf @ 2026-09-30T22:29:45Z,proprietary,MAS core reference OD-226090-2,0.259899,"ECB euro reference rates 2026-09-30 (extra/ecb.xml, fetched 2026-09-30T20:12:47Z)",24.1394
"Feryster (sklep.feryster.pl, PL; listed by Micrometals as authorized distributor)","distributor web shop product page (""Rabaty ilościowe"" table, net PLN)",Micrometals,OC-250090-2,"RTOC-64,8X30,5X25,9(90)",OC 90,powder: proprietary,O,OC-250090-2,per piece,"Feryster name ""RTOC-64,8X30,5X25,9(90) Rdzeń toroid OC 64,8X30,5X25,9 (OC-250090-2) AL=310 RTOC-64,8X30,5X25,9(90)""",PLN,1,0.0,1,0,1,,"RTOC-64,8X30,5X25,9(90) Rdzeń toroid OC 64,8X30,5X25,9 (OC-250090-2) AL=310 RTOC-64,8X30,5X25,9(90)",https://sklep.feryster.pl/90041-RTOC-64-8X30-5X25-990.html,,2026-09-30T22:22:14Z,55800.0,,380.0,"Micrometals datasheet ""Mass (approximate)"" (part OC-250090-2)",https://datasheets.micrometals.com/OC-250090-2-DataSheet.pdf @ 2026-09-30T22:29:17Z,proprietary,MAS core reference OC-250090-2,0.259899,"ECB euro reference rates 2026-09-30 (extra/ecb.xml, fetched 2026-09-30T20:12:47Z)",0.0
"Feryster (sklep.feryster.pl, PL; listed by Micrometals as authorized distributor)","distributor web shop product page (""Rabaty ilościowe"" table, net PLN)",Micrometals,OC-250090-2,"RTOC-64,8X30,5X25,9(90)",OC 90,powder: proprietary,O,OC-250090-2,per piece,"Feryster name ""RTOC-64,8X30,5X25,9(90) Rdzeń toroid OC 64,8X30,5X25,9 (OC-250090-2) AL=310 RTOC-64,8X30,5X25,9(90)""",PLN,100,0.0,0,0,1,,"RTOC-64,8X30,5X25,9(90) Rdzeń toroid OC 64,8X30,5X25,9 (OC-250090-2) AL=310 RTOC-64,8X30,5X25,9(90)",https://sklep.feryster.pl/90041-RTOC-64-8X30-5X25-990.html,,2026-09-30T22:22:14Z,55800.0,,380.0,"Micrometals datasheet ""Mass (approximate)"" (part OC-250090-2)",https://datasheets.micrometals.com/OC-250090-2-DataSheet.pdf @ 2026-09-30T22:29:17Z,proprietary,MAS core reference OC-250090-2,0.259899,"ECB euro reference rates 2026-09-30 (extra/ecb.xml, fetched 2026-09-30T20:12:47Z)",0.0
"Feryster (sklep.feryster.pl, PL; listed by Micrometals as authorized distributor)","distributor web shop product page (""Rabaty ilościowe"" table, net PLN)",Micrometals,OC-250090-2,"RTOC-64,8X30,5X25,9(90)",OC 90,powder: proprietary,O,OC-250090-2,per piece,"Feryster name ""RTOC-64,8X30,5X25,9(90) Rdzeń toroid OC 64,8X30,5X25,9 (OC-250090-2) AL=310 RTOC-64,8X30,5X25,9(90)""",PLN,500,0.0,0,0,1,,"RTOC-64,8X30,5X25,9(90) Rdzeń toroid OC 64,8X30,5X25,9 (OC-250090-2) AL=310 RTOC-64,8X30,5X25,9(90)",https://sklep.feryster.pl/90041-RTOC-64-8X30-5X25-990.html,,2026-09-30T22:22:14Z,55800.0,,380.0,"Micrometals datasheet ""Mass (approximate)"" (part OC-250090-2)",https://datasheets.micrometals.com/OC-250090-2-DataSheet.pdf @ 2026-09-30T22:29:17Z,proprietary,MAS core reference OC-250090-2,0.259899,"ECB euro reference rates 2026-09-30 (extra/ecb.xml, fetched 2026-09-30T20:12:47Z)",0.0
"Feryster (sklep.feryster.pl, PL; listed by Micrometals as authorized distributor)","distributor web shop product page (""Rabaty ilościowe"" table, net PLN)",Micrometals,OC-250090-2,"RTOC-64,8X30,5X25,9(90)",OC 90,powder: proprietary,O,OC-250090-2,per piece,"Feryster name ""RTOC-64,8X30,5X25,9(90) Rdzeń toroid OC 64,8X30,5X25,9 (OC-250090-2) AL=310 RTOC-64,8X30,5X25,9(90)""",PLN,1000,0.0,0,1,1,,"RTOC-64,8X30,5X25,9(90) Rdzeń toroid OC 64,8X30,5X25,9 (OC-250090-2) AL=310 RTOC-64,8X30,5X25,9(90)",https://sklep.feryster.pl/90041-RTOC-64-8X30-5X25-990.html,,2026-09-30T22:22:14Z,55800.0,,380.0,"Micrometals datasheet ""Mass (approximate)"" (part OC-250090-2)",https://datasheets.micrometals.com/OC-250090-2-DataSheet.pdf @ 2026-09-30T22:29:17Z,proprietary,MAS core reference OC-250090-2,0.259899,"ECB euro reference rates 2026-09-30 (extra/ecb.xml, fetched 2026-09-30T20:12:47Z)",0.0
"Feryster (sklep.feryster.pl, PL; listed by Micrometals as authorized distributor)","distributor web shop product page (""Rabaty ilościowe"" table, net PLN)",Micrometals,OC-250090-2,"RTOC-64,8X30,5X25,9(90)",OC 90,powder: proprietary,O,OC-250090-2,per piece,"Feryster name ""RTOC-64,8X30,5X25,9(90) Rdzeń toroid OC 64,8X30,5X25,9 (OC-250090-2) AL=310 RTOC-64,8X30,5X25,9(90)""",PLN,5000,0.0,0,0,1,,"RTOC-64,8X30,5X25,9(90) Rdzeń toroid OC 64,8X30,5X25,9 (OC-250090-2) AL=310 RTOC-64,8X30,5X25,9(90)",https://sklep.feryster.pl/90041-RTOC-64-8X30-5X25-990.html,,2026-09-30T22:22:14Z,55800.0,,380.0,"Micrometals datasheet ""Mass (approximate)"" (part OC-250090-2)",https://datasheets.micrometals.com/OC-250090-2-DataSheet.pdf @ 2026-09-30T22:29:17Z,proprietary,MAS core reference OC-250090-2,0.259899,"ECB euro reference rates 2026-09-30 (extra/ecb.xml, fetched 2026-09-30T20:12:47Z)",0.0
"Feryster (sklep.feryster.pl, PL; listed by Micrometals as authorized distributor)","distributor web shop product page (""Rabaty ilościowe"" table, net PLN)",Micrometals,T50-52,"RTP-12,7X7,7X4,83-52",Mix 52,powder: iron,T,T50-52,per piece,"Feryster name ""RTP-12,7X7,7X4,83-52 Rdzeń toroid proszkowy (T50-52) AL=33 RTP-12,7X7,7X4,83-52""",PLN,1,0.84,1,0,1,,"RTP-12,7X7,7X4,83-52 Rdzeń toroid proszkowy (T50-52) AL=33 RTP-12,7X7,7X4,83-52",https://sklep.feryster.pl/27236-RTP-12-7X7-7X4-83-52.html,,2026-09-30T22:22:17Z,358.0,,2.5,"Micrometals datasheet ""Mass (approximate)"" (part T50-52)",https://datasheets.micrometals.com/T50-52-DataSheet.pdf @ 2026-09-30T20:24:54Z,iron,MAS core reference T50-52,0.259899,"ECB euro reference rates 2026-09-30 (extra/ecb.xml, fetched 2026-09-30T20:12:47Z)",0.2183
"Feryster (sklep.feryster.pl, PL; listed by Micrometals as authorized distributor)","distributor web shop product page (""Rabaty ilościowe"" table, net PLN)",Micrometals,T50-52,"RTP-12,7X7,7X4,83-52",Mix 52,powder: iron,T,T50-52,per piece,"Feryster name ""RTP-12,7X7,7X4,83-52 Rdzeń toroid proszkowy (T50-52) AL=33 RTP-12,7X7,7X4,83-52""",PLN,100,0.8,0,0,1,,"RTP-12,7X7,7X4,83-52 Rdzeń toroid proszkowy (T50-52) AL=33 RTP-12,7X7,7X4,83-52",https://sklep.feryster.pl/27236-RTP-12-7X7-7X4-83-52.html,,2026-09-30T22:22:17Z,358.0,,2.5,"Micrometals datasheet ""Mass (approximate)"" (part T50-52)",https://datasheets.micrometals.com/T50-52-DataSheet.pdf @ 2026-09-30T20:24:54Z,iron,MAS core reference T50-52,0.259899,"ECB euro reference rates 2026-09-30 (extra/ecb.xml, fetched 2026-09-30T20:12:47Z)",0.2079
"Feryster (sklep.feryster.pl, PL; listed by Micrometals as authorized distributor)","distributor web shop product page (""Rabaty ilościowe"" table, net PLN)",Micrometals,T50-52,"RTP-12,7X7,7X4,83-52",Mix 52,powder: iron,T,T50-52,per piece,"Feryster name ""RTP-12,7X7,7X4,83-52 Rdzeń toroid proszkowy (T50-52) AL=33 RTP-12,7X7,7X4,83-52""",PLN,500,0.76,0,0,1,,"RTP-12,7X7,7X4,83-52 Rdzeń toroid proszkowy (T50-52) AL=33 RTP-12,7X7,7X4,83-52",https://sklep.feryster.pl/27236-RTP-12-7X7-7X4-83-52.html,,2026-09-30T22:22:17Z,358.0,,2.5,"Micrometals datasheet ""Mass (approximate)"" (part T50-52)",https://datasheets.micrometals.com/T50-52-DataSheet.pdf @ 2026-09-30T20:24:54Z,iron,MAS core reference T50-52,0.259899,"ECB euro reference rates 2026-09-30 (extra/ecb.xml, fetched 2026-09-30T20:12:47Z)",0.1975
"Feryster (sklep.feryster.pl, PL; listed by Micrometals as authorized distributor)","distributor web shop product page (""Rabaty ilościowe"" table, net PLN)",Micrometals,T50-52,"RTP-12,7X7,7X4,83-52",Mix 52,powder: iron,T,T50-52,per piece,"Feryster name ""RTP-12,7X7,7X4,83-52 Rdzeń toroid proszkowy (T50-52) AL=33 RTP-12,7X7,7X4,83-52""",PLN,1000,0.71,0,1,1,,"RTP-12,7X7,7X4,83-52 Rdzeń toroid proszkowy (T50-52) AL=33 RTP-12,7X7,7X4,83-52",https://sklep.feryster.pl/27236-RTP-12-7X7-7X4-83-52.html,,2026-09-30T22:22:17Z,358.0,,2.5,"Micrometals datasheet ""Mass (approximate)"" (part T50-52)",https://datasheets.micrometals.com/T50-52-DataSheet.pdf @ 2026-09-30T20:24:54Z,iron,MAS core reference T50-52,0.259899,"ECB euro reference rates 2026-09-30 (extra/ecb.xml, fetched 2026-09-30T20:12:47Z)",0.1845
"Feryster (sklep.feryster.pl, PL; listed by Micrometals as authorized distributor)","distributor web shop product page (""Rabaty ilościowe"" table, net PLN)",Micrometals,T50-52,"RTP-12,7X7,7X4,83-52",Mix 52,powder: iron,T,T50-52,per piece,"Feryster name ""RTP-12,7X7,7X4,83-52 Rdzeń toroid proszkowy (T50-52) AL=33 RTP-12,7X7,7X4,83-52""",PLN,5000,0.67,0,0,1,,"RTP-12,7X7,7X4,83-52 Rdzeń toroid proszkowy (T50-52) AL=33 RTP-12,7X7,7X4,83-52",https://sklep.feryster.pl/27236-RTP-12-7X7-7X4-83-52.html,,2026-09-30T22:22:17Z,358.0,,2.5,"Micrometals datasheet ""Mass (approximate)"" (part T50-52)",https://datasheets.micrometals.com/T50-52-DataSheet.pdf @ 2026-09-30T20:24:54Z,iron,MAS core reference T50-52,0.259899,"ECB euro reference rates 2026-09-30 (extra/ecb.xml, fetched 2026-09-30T20:12:47Z)",0.1741
"Feryster (sklep.feryster.pl, PL; listed by Micrometals as authorized distributor)","distributor web shop product page (""Rabaty ilościowe"" table, net PLN)",Micrometals,T60-52,"RTP-15,2X8,53X5,94-52",Mix 52,powder: iron,T,T60-52,per piece,"Feryster name ""RTP-15,2X8,53X5,94-52 Rdzeń toroid proszkowy (T60-52) AL=47 RTP-15,2X8,53X5,94-52""",PLN,1,1.18,1,0,1,,"RTP-15,2X8,53X5,94-52 Rdzeń toroid proszkowy (T60-52) AL=47 RTP-15,2X8,53X5,94-52",https://sklep.feryster.pl/27237-RTP-15-2X8-53X5-94-52.html,,2026-09-30T22:22:20Z,699.0,,4.9,"Micrometals datasheet ""Mass (approximate)"" (part T60-52)",https://datasheets.micrometals.com/T60-52-DataSheet.pdf @ 2026-09-30T20:25:25Z,iron,MAS core reference T60-52,0.259899,"ECB euro reference rates 2026-09-30 (extra/ecb.xml, fetched 2026-09-30T20:12:47Z)",0.3067
"Feryster (sklep.feryster.pl, PL; listed by Micrometals as authorized distributor)","distributor web shop product page (""Rabaty ilościowe"" table, net PLN)",Micrometals,T60-52,"RTP-15,2X8,53X5,94-52",Mix 52,powder: iron,T,T60-52,per piece,"Feryster name ""RTP-15,2X8,53X5,94-52 Rdzeń toroid proszkowy (T60-52) AL=47 RTP-15,2X8,53X5,94-52""",PLN,100,1.12,0,0,1,,"RTP-15,2X8,53X5,94-52 Rdzeń toroid proszkowy (T60-52) AL=47 RTP-15,2X8,53X5,94-52",https://sklep.feryster.pl/27237-RTP-15-2X8-53X5-94-52.html,,2026-09-30T22:22:20Z,699.0,,4.9,"Micrometals datasheet ""Mass (approximate)"" (part T60-52)",https://datasheets.micrometals.com/T60-52-DataSheet.pdf @ 2026-09-30T20:25:25Z,iron,MAS core reference T60-52,0.259899,"ECB euro reference rates 2026-09-30 (extra/ecb.xml, fetched 2026-09-30T20:12:47Z)",0.2911
"Feryster (sklep.feryster.pl, PL; listed by Micrometals as authorized distributor)","distributor web shop product page (""Rabaty ilościowe"" table, net PLN)",Micrometals,T60-52,"RTP-15,2X8,53X5,94-52",Mix 52,powder: iron,T,T60-52,per piece,"Feryster name ""RTP-15,2X8,53X5,94-52 Rdzeń toroid proszkowy (T60-52) AL=47 RTP-15,2X8,53X5,94-52""",PLN,500,1.06,0,0,1,,"RTP-15,2X8,53X5,94-52 Rdzeń toroid proszkowy (T60-52) AL=47 RTP-15,2X8,53X5,94-52",https://sklep.feryster.pl/27237-RTP-15-2X8-53X5-94-52.html,,2026-09-30T22:22:20Z,699.0,,4.9,"Micrometals datasheet ""Mass (approximate)"" (part T60-52)",https://datasheets.micrometals.com/T60-52-DataSheet.pdf @ 2026-09-30T20:25:25Z,iron,MAS core reference T60-52,0.259899,"ECB euro reference rates 2026-09-30 (extra/ecb.xml, fetched 2026-09-30T20:12:47Z)",0.2755
"Feryster (sklep.feryster.pl, PL; listed by Micrometals as authorized distributor)","distributor web shop product page (""Rabaty ilościowe"" table, net PLN)",Micrometals,T60-52,"RTP-15,2X8,53X5,94-52",Mix 52,powder: iron,T,T60-52,per piece,"Feryster name ""RTP-15,2X8,53X5,94-52 Rdzeń toroid proszkowy (T60-52) AL=47 RTP-15,2X8,53X5,94-52""",PLN,1000,1.0,0,1,1,,"RTP-15,2X8,53X5,94-52 Rdzeń toroid proszkowy (T60-52) AL=47 RTP-15,2X8,53X5,94-52",https://sklep.feryster.pl/27237-RTP-15-2X8-53X5-94-52.html,,2026-09-30T22:22:20Z,699.0,,4.9,"Micrometals datasheet ""Mass (approximate)"" (part T60-52)",https://datasheets.micrometals.com/T60-52-DataSheet.pdf @ 2026-09-30T20:25:25Z,iron,MAS core reference T60-52,0.259899,"ECB euro reference rates 2026-09-30 (extra/ecb.xml, fetched 2026-09-30T20:12:47Z)",0.2599
"Feryster (sklep.feryster.pl, PL; listed by Micrometals as authorized distributor)","distributor web shop product page (""Rabaty ilościowe"" table, net PLN)",Micrometals,T60-52,"RTP-15,2X8,53X5,94-52",Mix 52,powder: iron,T,T60-52,per piece,"Feryster name ""RTP-15,2X8,53X5,94-52 Rdzeń toroid proszkowy (T60-52) AL=47 RTP-15,2X8,53X5,94-52""",PLN,5000,0.94,0,0,1,,"RTP-15,2X8,53X5,94-52 Rdzeń toroid proszkowy (T60-52) AL=47 RTP-15,2X8,53X5,94-52",https://sklep.feryster.pl/27237-RTP-15-2X8-53X5-94-52.html,,2026-09-30T22:22:20Z,699.0,,4.9,"Micrometals datasheet ""Mass (approximate)"" (part T60-52)",https://datasheets.micrometals.com/T60-52-DataSheet.pdf @ 2026-09-30T20:25:25Z,iron,MAS core reference T60-52,0.259899,"ECB euro reference rates 2026-09-30 (extra/ecb.xml, fetched 2026-09-30T20:12:47Z)",0.2443
"Feryster (sklep.feryster.pl, PL; listed by Micrometals as authorized distributor)","distributor web shop product page (""Rabaty ilościowe"" table, net PLN)",Micrometals,T184-52,"RTP-46,7X24,1X18-52",Mix 52,powder: iron,T,T184-52,per piece,"Feryster name ""RTP-46,7X24,1X18-52 Rdzeń toroid proszkowy (T184-52) AL=159 RTP-46,7X24,1X18-52""",PLN,1,8.35,1,0,1,,"RTP-46,7X24,1X18-52 Rdzeń toroid proszkowy (T184-52) AL=159 RTP-46,7X24,1X18-52",https://sklep.feryster.pl/27238-RTP-46-7X24-1X18-52.html,,2026-09-30T22:22:22Z,21000.0,,150.0,"Micrometals datasheet ""Mass (approximate)"" (part T184-52)",https://datasheets.micrometals.com/T184-52-DataSheet.pdf @ 2026-09-30T20:19:43Z,iron,MAS core reference T184-52,0.259899,"ECB euro reference rates 2026-09-30 (extra/ecb.xml, fetched 2026-09-30T20:12:47Z)",2.1702
"Feryster (sklep.feryster.pl, PL; listed by Micrometals as authorized distributor)","distributor web shop product page (""Rabaty ilościowe"" table, net PLN)",Micrometals,T184-52,"RTP-46,7X24,1X18-52",Mix 52,powder: iron,T,T184-52,per piece,"Feryster name ""RTP-46,7X24,1X18-52 Rdzeń toroid proszkowy (T184-52) AL=159 RTP-46,7X24,1X18-52""",PLN,100,7.93,0,0,1,,"RTP-46,7X24,1X18-52 Rdzeń toroid proszkowy (T184-52) AL=159 RTP-46,7X24,1X18-52",https://sklep.feryster.pl/27238-RTP-46-7X24-1X18-52.html,,2026-09-30T22:22:22Z,21000.0,,150.0,"Micrometals datasheet ""Mass (approximate)"" (part T184-52)",https://datasheets.micrometals.com/T184-52-DataSheet.pdf @ 2026-09-30T20:19:43Z,iron,MAS core reference T184-52,0.259899,"ECB euro reference rates 2026-09-30 (extra/ecb.xml, fetched 2026-09-30T20:12:47Z)",2.061
"Feryster (sklep.feryster.pl, PL; listed by Micrometals as authorized distributor)","distributor web shop product page (""Rabaty ilościowe"" table, net PLN)",Micrometals,T184-52,"RTP-46,7X24,1X18-52",Mix 52,powder: iron,T,T184-52,per piece,"Feryster name ""RTP-46,7X24,1X18-52 Rdzeń toroid proszkowy (T184-52) AL=159 RTP-46,7X24,1X18-52""",PLN,500,7.52,0,0,1,,"RTP-46,7X24,1X18-52 Rdzeń toroid proszkowy (T184-52) AL=159 RTP-46,7X24,1X18-52",https://sklep.feryster.pl/27238-RTP-46-7X24-1X18-52.html,,2026-09-30T22:22:22Z,21000.0,,150.0,"Micrometals datasheet ""Mass (approximate)"" (part T184-52)",https://datasheets.micrometals.com/T184-52-DataSheet.pdf @ 2026-09-30T20:19:43Z,iron,MAS core reference T184-52,0.259899,"ECB euro reference rates 2026-09-30 (extra/ecb.xml, fetched 2026-09-30T20:12:47Z)",1.9544
"Feryster (sklep.feryster.pl, PL; listed by Micrometals as authorized distributor)","distributor web shop product page (""Rabaty ilościowe"" table, net PLN)",Micrometals,T184-52,"RTP-46,7X24,1X18-52",Mix 52,powder: iron,T,T184-52,per piece,"Feryster name ""RTP-46,7X24,1X18-52 Rdzeń toroid proszkowy (T184-52) AL=159 RTP-46,7X24,1X18-52""",PLN,1000,7.1,0,1,1,,"RTP-46,7X24,1X18-52 Rdzeń toroid proszkowy (T184-52) AL=159 RTP-46,7X24,1X18-52",https://sklep.feryster.pl/27238-RTP-46-7X24-1X18-52.html,,2026-09-30T22:22:22Z,21000.0,,150.0,"Micrometals datasheet ""Mass (approximate)"" (part T184-52)",https://datasheets.micrometals.com/T184-52-DataSheet.pdf @ 2026-09-30T20:19:43Z,iron,MAS core reference T184-52,0.259899,"ECB euro reference rates 2026-09-30 (extra/ecb.xml, fetched 2026-09-30T20:12:47Z)",1.8453
"Feryster (sklep.feryster.pl, PL; listed by Micrometals as authorized distributor)","distributor web shop product page (""Rabaty ilościowe"" table, net PLN)",Micrometals,T184-52,"RTP-46,7X24,1X18-52",Mix 52,powder: iron,T,T184-52,per piece,"Feryster name ""RTP-46,7X24,1X18-52 Rdzeń toroid proszkowy (T184-52) AL=159 RTP-46,7X24,1X18-52""",PLN,5000,6.68,0,0,1,,"RTP-46,7X24,1X18-52 Rdzeń toroid proszkowy (T184-52) AL=159 RTP-46,7X24,1X18-52",https://sklep.feryster.pl/27238-RTP-46-7X24-1X18-52.html,,2026-09-30T22:22:22Z,21000.0,,150.0,"Micrometals datasheet ""Mass (approximate)"" (part T184-52)",https://datasheets.micrometals.com/T184-52-DataSheet.pdf @ 2026-09-30T20:19:43Z,iron,MAS core reference T184-52,0.259899,"ECB euro reference rates 2026-09-30 (extra/ecb.xml, fetched 2026-09-30T20:12:47Z)",1.7361
"Feryster (sklep.feryster.pl, PL; listed by Micrometals as authorized distributor)","distributor web shop product page (""Rabaty ilościowe"" table, net PLN)",Micrometals,T200-52,"RTP-50,8X31,8X14-52",Mix 52,powder: iron,T,T200-52,per piece,"Feryster name ""RTP-50,8X31,8X14-52 Rdzeń toroid proszkowy (T200-52) AL=92 RTP-50,8X31,8X14-52""",PLN,1,9.37,1,0,1,,"RTP-50,8X31,8X14-52 Rdzeń toroid proszkowy (T200-52) AL=92 RTP-50,8X31,8X14-52",https://sklep.feryster.pl/27239-RTP-50-8X31-8X14-52.html,,2026-09-30T22:22:25Z,16400.0,,110.0,"Micrometals datasheet ""Mass (approximate)"" (part T200-52)",https://datasheets.micrometals.com/T200-52-DataSheet.pdf @ 2026-09-30T20:20:38Z,iron,MAS core reference T200-52,0.259899,"ECB euro reference rates 2026-09-30 (extra/ecb.xml, fetched 2026-09-30T20:12:47Z)",2.4353
"Feryster (sklep.feryster.pl, PL; listed by Micrometals as authorized distributor)","distributor web shop product page (""Rabaty ilościowe"" table, net PLN)",Micrometals,T200-52,"RTP-50,8X31,8X14-52",Mix 52,powder: iron,T,T200-52,per piece,"Feryster name ""RTP-50,8X31,8X14-52 Rdzeń toroid proszkowy (T200-52) AL=92 RTP-50,8X31,8X14-52""",PLN,100,8.9,0,0,1,,"RTP-50,8X31,8X14-52 Rdzeń toroid proszkowy (T200-52) AL=92 RTP-50,8X31,8X14-52",https://sklep.feryster.pl/27239-RTP-50-8X31-8X14-52.html,,2026-09-30T22:22:25Z,16400.0,,110.0,"Micrometals datasheet ""Mass (approximate)"" (part T200-52)",https://datasheets.micrometals.com/T200-52-DataSheet.pdf @ 2026-09-30T20:20:38Z,iron,MAS core reference T200-52,0.259899,"ECB euro reference rates 2026-09-30 (extra/ecb.xml, fetched 2026-09-30T20:12:47Z)",2.3131
"Feryster (sklep.feryster.pl, PL; listed by Micrometals as authorized distributor)","distributor web shop product page (""Rabaty ilościowe"" table, net PLN)",Micrometals,T200-52,"RTP-50,8X31,8X14-52",Mix 52,powder: iron,T,T200-52,per piece,"Feryster name ""RTP-50,8X31,8X14-52 Rdzeń toroid proszkowy (T200-52) AL=92 RTP-50,8X31,8X14-52""",PLN,500,8.43,0,0,1,,"RTP-50,8X31,8X14-52 Rdzeń toroid proszkowy (T200-52) AL=92 RTP-50,8X31,8X14-52",https://sklep.feryster.pl/27239-RTP-50-8X31-8X14-52.html,,2026-09-30T22:22:25Z,16400.0,,110.0,"Micrometals datasheet ""Mass (approximate)"" (part T200-52)",https://datasheets.micrometals.com/T200-52-DataSheet.pdf @ 2026-09-30T20:20:38Z,iron,MAS core reference T200-52,0.259899,"ECB euro reference rates 2026-09-30 (extra/ecb.xml, fetched 2026-09-30T20:12:47Z)",2.191
"Feryster (sklep.feryster.pl, PL; listed by Micrometals as authorized distributor)","distributor web shop product page (""Rabaty ilościowe"" table, net PLN)",Micrometals,T200-52,"RTP-50,8X31,8X14-52",Mix 52,powder: iron,T,T200-52,per piece,"Feryster name ""RTP-50,8X31,8X14-52 Rdzeń toroid proszkowy (T200-52) AL=92 RTP-50,8X31,8X14-52""",PLN,1000,7.96,0,1,1,,"RTP-50,8X31,8X14-52 Rdzeń toroid proszkowy (T200-52) AL=92 RTP-50,8X31,8X14-52",https://sklep.feryster.pl/27239-RTP-50-8X31-8X14-52.html,,2026-09-30T22:22:25Z,16400.0,,110.0,"Micrometals datasheet ""Mass (approximate)"" (part T200-52)",https://datasheets.micrometals.com/T200-52-DataSheet.pdf @ 2026-09-30T20:20:38Z,iron,MAS core reference T200-52,0.259899,"ECB euro reference rates 2026-09-30 (extra/ecb.xml, fetched 2026-09-30T20:12:47Z)",2.0688
"Feryster (sklep.feryster.pl, PL; listed by Micrometals as authorized distributor)","distributor web shop product page (""Rabaty ilościowe"" table, net PLN)",Micrometals,T200-52,"RTP-50,8X31,8X14-52",Mix 52,powder: iron,T,T200-52,per piece,"Feryster name ""RTP-50,8X31,8X14-52 Rdzeń toroid proszkowy (T200-52) AL=92 RTP-50,8X31,8X14-52""",PLN,5000,7.5,0,0,1,,"RTP-50,8X31,8X14-52 Rdzeń toroid proszkowy (T200-52) AL=92 RTP-50,8X31,8X14-52",https://sklep.feryster.pl/27239-RTP-50-8X31-8X14-52.html,,2026-09-30T22:22:25Z,16400.0,,110.0,"Micrometals datasheet ""Mass (approximate)"" (part T200-52)",https://datasheets.micrometals.com/T200-52-DataSheet.pdf @ 2026-09-30T20:20:38Z,iron,MAS core reference T200-52,0.259899,"ECB euro reference rates 2026-09-30 (extra/ecb.xml, fetched 2026-09-30T20:12:47Z)",1.9492
Mouser Europe (eu.mouser.com),Mouser Europe search listing via headless browser (www.mouser.com and API blocked),Proterial,AMCC0025,205-AMCC0025,Metglas 2605SA1,amorphous: FeSi,C,AMCC-25,"per core set (C-core pair, unverified)",Ferrite Cores & Accessories 41x82x25 Amorphous Cut Core,EUR,1,28.94,1,0,,,Ferrite Cores & Accessories 41x82x25 Amorphous Cut Core,https://eu.mouser.com/en/c/?q=AMCC0&m=Proterial,,2026-09-30T22:29:21.794Z,,,380.0,Metglas POWERLITE C-Cores catalogue weight column (g) for AMCC-25; Mouser MPN AMCC0025 mapped by number,"https://download.siliconexpert.com/pdfs/2012/12/12/6/59/11/344/mtgls_/manual/amcc-25bob.pdf (Metglas Inc. document, SiliconExpert copy) @ 2026-09-30T22:30:49Z",FeSi,"MAS material ""Metglas 2605SA1""",1.1355,"ECB euro reference rates 2026-09-30 (extra/ecb.xml, fetched 2026-09-30T20:12:47Z)",32.8614
Mouser Europe (eu.mouser.com),Mouser Europe search listing via headless browser (www.mouser.com and API blocked),Proterial,AMCC0025,205-AMCC0025,Metglas 2605SA1,amorphous: FeSi,C,AMCC-25,"per core set (C-core pair, unverified)",Ferrite Cores & Accessories 41x82x25 Amorphous Cut Core,EUR,10,22.51,0,0,,,Ferrite Cores & Accessories 41x82x25 Amorphous Cut Core,https://eu.mouser.com/en/c/?q=AMCC0&m=Proterial,,2026-09-30T22:29:21.794Z,,,380.0,Metglas POWERLITE C-Cores catalogue weight column (g) for AMCC-25; Mouser MPN AMCC0025 mapped by number,"https://download.siliconexpert.com/pdfs/2012/12/12/6/59/11/344/mtgls_/manual/amcc-25bob.pdf (Metglas Inc. document, SiliconExpert copy) @ 2026-09-30T22:30:49Z",FeSi,"MAS material ""Metglas 2605SA1""",1.1355,"ECB euro reference rates 2026-09-30 (extra/ecb.xml, fetched 2026-09-30T20:12:47Z)",25.5601
Mouser Europe (eu.mouser.com),Mouser Europe search listing via headless browser (www.mouser.com and API blocked),Proterial,AMCC0025,205-AMCC0025,Metglas 2605SA1,amorphous: FeSi,C,AMCC-25,"per core set (C-core pair, unverified)",Ferrite Cores & Accessories 41x82x25 Amorphous Cut Core,EUR,25,19.87,0,1,,,Ferrite Cores & Accessories 41x82x25 Amorphous Cut Core,https://eu.mouser.com/en/c/?q=AMCC0&m=Proterial,,2026-09-30T22:29:21.794Z,,,380.0,Metglas POWERLITE C-Cores catalogue weight column (g) for AMCC-25; Mouser MPN AMCC0025 mapped by number,"https://download.siliconexpert.com/pdfs/2012/12/12/6/59/11/344/mtgls_/manual/amcc-25bob.pdf (Metglas Inc. document, SiliconExpert copy) @ 2026-09-30T22:30:49Z",FeSi,"MAS material ""Metglas 2605SA1""",1.1355,"ECB euro reference rates 2026-09-30 (extra/ecb.xml, fetched 2026-09-30T20:12:47Z)",22.5624
Mouser Europe (eu.mouser.com),Mouser Europe search listing via headless browser (www.mouser.com and API blocked),Proterial,AMCC0200,205-AMCC0200,Metglas 2605SA1,amorphous: FeSi,C,AMCC-200,"per core set (C-core pair, unverified)",Ferrite Cores & Accessories 63x121x50 Amorphous Cut Core,EUR,1,70.01,1,0,,,Ferrite Cores & Accessories 63x121x50 Amorphous Cut Core,https://eu.mouser.com/en/c/?q=AMCC0&m=Proterial,,2026-09-30T22:29:21.794Z,,,1670.0,Metglas POWERLITE C-Cores catalogue weight column (g) for AMCC-200; Mouser MPN AMCC0200 mapped by number,"https://download.siliconexpert.com/pdfs/2012/12/12/6/59/11/344/mtgls_/manual/amcc-25bob.pdf (Metglas Inc. document, SiliconExpert copy) @ 2026-09-30T22:30:49Z",FeSi,"MAS material ""Metglas 2605SA1""",1.1355,"ECB euro reference rates 2026-09-30 (extra/ecb.xml, fetched 2026-09-30T20:12:47Z)",79.4964
Mouser Europe (eu.mouser.com),Mouser Europe search listing via headless browser (www.mouser.com and API blocked),Proterial,AMCC0200,205-AMCC0200,Metglas 2605SA1,amorphous: FeSi,C,AMCC-200,"per core set (C-core pair, unverified)",Ferrite Cores & Accessories 63x121x50 Amorphous Cut Core,EUR,12,58.52,0,1,,,Ferrite Cores & Accessories 63x121x50 Amorphous Cut Core,https://eu.mouser.com/en/c/?q=AMCC0&m=Proterial,,2026-09-30T22:29:21.794Z,,,1670.0,Metglas POWERLITE C-Cores catalogue weight column (g) for AMCC-200; Mouser MPN AMCC0200 mapped by number,"https://download.siliconexpert.com/pdfs/2012/12/12/6/59/11/344/mtgls_/manual/amcc-25bob.pdf (Metglas Inc. document, SiliconExpert copy) @ 2026-09-30T22:30:49Z",FeSi,"MAS material ""Metglas 2605SA1""",1.1355,"ECB euro reference rates 2026-09-30 (extra/ecb.xml, fetched 2026-09-30T20:12:47Z)",66.4495
Mouser Europe (eu.mouser.com),Mouser Europe search listing via headless browser (www.mouser.com and API blocked),Proterial,AMCC0010,205-AMCC0010,Metglas 2605SA1,amorphous: FeSi,C,AMCC-10,"per core set (C-core pair, unverified)",Ferrite Cores & Accessories 35x62x20 Amorphous Cut Core,EUR,1,24.0,1,0,,,Ferrite Cores & Accessories 35x62x20 Amorphous Cut Core,https://eu.mouser.com/en/c/?q=AMCC0&m=Proterial,,2026-09-30T22:29:21.794Z,,,200.0,Metglas POWERLITE C-Cores catalogue weight column (g) for AMCC-10; Mouser MPN AMCC0010 mapped by number,"https://download.siliconexpert.com/pdfs/2012/12/12/6/59/11/344/mtgls_/manual/amcc-25bob.pdf (Metglas Inc. document, SiliconExpert copy) @ 2026-09-30T22:30:49Z",FeSi,"MAS material ""Metglas 2605SA1""",1.1355,"ECB euro reference rates 2026-09-30 (extra/ecb.xml, fetched 2026-09-30T20:12:47Z)",27.252
Mouser Europe (eu.mouser.com),Mouser Europe search listing via headless browser (www.mouser.com and API blocked),Proterial,AMCC0010,205-AMCC0010,Metglas 2605SA1,amorphous: FeSi,C,AMCC-10,"per core set (C-core pair, unverified)",Ferrite Cores & Accessories 35x62x20 Amorphous Cut Core,EUR,10,17.86,0,0,,,Ferrite Cores & Accessories 35x62x20 Amorphous Cut Core,https://eu.mouser.com/en/c/?q=AMCC0&m=Proterial,,2026-09-30T22:29:21.794Z,,,200.0,Metglas POWERLITE C-Cores catalogue weight column (g) for AMCC-10; Mouser MPN AMCC0010 mapped by number,"https://download.siliconexpert.com/pdfs/2012/12/12/6/59/11/344/mtgls_/manual/amcc-25bob.pdf (Metglas Inc. document, SiliconExpert copy) @ 2026-09-30T22:30:49Z",FeSi,"MAS material ""Metglas 2605SA1""",1.1355,"ECB euro reference rates 2026-09-30 (extra/ecb.xml, fetched 2026-09-30T20:12:47Z)",20.28
Mouser Europe (eu.mouser.com),Mouser Europe search listing via headless browser (www.mouser.com and API blocked),Proterial,AMCC0010,205-AMCC0010,Metglas 2605SA1,amorphous: FeSi,C,AMCC-10,"per core set (C-core pair, unverified)",Ferrite Cores & Accessories 35x62x20 Amorphous Cut Core,EUR,25,15.91,0,1,,,Ferrite Cores & Accessories 35x62x20 Amorphous Cut Core,https://eu.mouser.com/en/c/?q=AMCC0&m=Proterial,,2026-09-30T22:29:21.794Z,,,200.0,Metglas POWERLITE C-Cores catalogue weight column (g) for AMCC-10; Mouser MPN AMCC0010 mapped by number,"https://download.siliconexpert.com/pdfs/2012/12/12/6/59/11/344/mtgls_/manual/amcc-25bob.pdf (Metglas Inc. document, SiliconExpert copy) @ 2026-09-30T22:30:49Z",FeSi,"MAS material ""Metglas 2605SA1""",1.1355,"ECB euro reference rates 2026-09-30 (extra/ecb.xml, fetched 2026-09-30T20:12:47Z)",18.0658
Mouser Europe (eu.mouser.com),Mouser Europe search listing via headless browser (www.mouser.com and API blocked),Proterial,AMCC0040,205-AMCC0040,Metglas 2605SA1,amorphous: FeSi,C,AMCC-40,"per core set (C-core pair, unverified)",Ferrite Cores & Accessories 41x82x35 Amorphous Cut Core,EUR,1,33.54,1,0,,,Ferrite Cores & Accessories 41x82x35 Amorphous Cut Core,https://eu.mouser.com/en/c/?q=AMCC0&m=Proterial,,2026-09-30T22:29:21.794Z,,,530.0,Metglas POWERLITE C-Cores catalogue weight column (g) for AMCC-40; Mouser MPN AMCC0040 mapped by number,"https://download.siliconexpert.com/pdfs/2012/12/12/6/59/11/344/mtgls_/manual/amcc-25bob.pdf (Metglas Inc. document, SiliconExpert copy) @ 2026-09-30T22:30:49Z",FeSi,"MAS material ""Metglas 2605SA1""",1.1355,"ECB euro reference rates 2026-09-30 (extra/ecb.xml, fetched 2026-09-30T20:12:47Z)",38.0847
Mouser Europe (eu.mouser.com),Mouser Europe search listing via headless browser (www.mouser.com and API blocked),Proterial,AMCC0040,205-AMCC0040,Metglas 2605SA1,amorphous: FeSi,C,AMCC-40,"per core set (C-core pair, unverified)",Ferrite Cores & Accessories 41x82x35 Amorphous Cut Core,EUR,10,26.08,0,0,,,Ferrite Cores & Accessories 41x82x35 Amorphous Cut Core,https://eu.mouser.com/en/c/?q=AMCC0&m=Proterial,,2026-09-30T22:29:21.794Z,,,530.0,Metglas POWERLITE C-Cores catalogue weight column (g) for AMCC-40; Mouser MPN AMCC0040 mapped by number,"https://download.siliconexpert.com/pdfs/2012/12/12/6/59/11/344/mtgls_/manual/amcc-25bob.pdf (Metglas Inc. document, SiliconExpert copy) @ 2026-09-30T22:30:49Z",FeSi,"MAS material ""Metglas 2605SA1""",1.1355,"ECB euro reference rates 2026-09-30 (extra/ecb.xml, fetched 2026-09-30T20:12:47Z)",29.6138
Mouser Europe (eu.mouser.com),Mouser Europe search listing via headless browser (www.mouser.com and API blocked),Proterial,AMCC0040,205-AMCC0040,Metglas 2605SA1,amorphous: FeSi,C,AMCC-40,"per core set (C-core pair, unverified)",Ferrite Cores & Accessories 41x82x35 Amorphous Cut Core,EUR,18,23.01,0,1,,,Ferrite Cores & Accessories 41x82x35 Amorphous Cut Core,https://eu.mouser.com/en/c/?q=AMCC0&m=Proterial,,2026-09-30T22:29:21.794Z,,,530.0,Metglas POWERLITE C-Cores catalogue weight column (g) for AMCC-40; Mouser MPN AMCC0040 mapped by number,"https://download.siliconexpert.com/pdfs/2012/12/12/6/59/11/344/mtgls_/manual/amcc-25bob.pdf (Metglas Inc. document, SiliconExpert copy) @ 2026-09-30T22:30:49Z",FeSi,"MAS material ""Metglas 2605SA1""",1.1355,"ECB euro reference rates 2026-09-30 (extra/ecb.xml, fetched 2026-09-30T20:12:47Z)",26.1279
Mouser Europe (eu.mouser.com),Mouser Europe search listing via headless browser (www.mouser.com and API blocked),Proterial,AMCC0500,205-AMCC0500,Metglas 2605SA1,amorphous: FeSi,C,AMCC-500,"per core set (C-core pair, unverified)",Ferrite Cores & Accessories 90x135x55 Amorphous Cut Core,EUR,1,104.38,1,0,,,Ferrite Cores & Accessories 90x135x55 Amorphous Cut Core,https://eu.mouser.com/en/c/?q=AMCC0&m=Proterial,,2026-09-30T22:29:21.794Z,,,2900.0,Metglas POWERLITE C-Cores catalogue weight column (g) for AMCC-500; Mouser MPN AMCC0500 mapped by number,"https://download.siliconexpert.com/pdfs/2012/12/12/6/59/11/344/mtgls_/manual/amcc-25bob.pdf (Metglas Inc. document, SiliconExpert copy) @ 2026-09-30T22:30:49Z",FeSi,"MAS material ""Metglas 2605SA1""",1.1355,"ECB euro reference rates 2026-09-30 (extra/ecb.xml, fetched 2026-09-30T20:12:47Z)",118.5235
Mouser Europe (eu.mouser.com),Mouser Europe search listing via headless browser (www.mouser.com and API blocked),Proterial,AMCC0500,205-AMCC0500,Metglas 2605SA1,amorphous: FeSi,C,AMCC-500,"per core set (C-core pair, unverified)",Ferrite Cores & Accessories 90x135x55 Amorphous Cut Core,EUR,10,96.06,0,1,,,Ferrite Cores & Accessories 90x135x55 Amorphous Cut Core,https://eu.mouser.com/en/c/?q=AMCC0&m=Proterial,,2026-09-30T22:29:21.794Z,,,2900.0,Metglas POWERLITE C-Cores catalogue weight column (g) for AMCC-500; Mouser MPN AMCC0500 mapped by number,"https://download.siliconexpert.com/pdfs/2012/12/12/6/59/11/344/mtgls_/manual/amcc-25bob.pdf (Metglas Inc. document, SiliconExpert copy) @ 2026-09-30T22:30:49Z",FeSi,"MAS material ""Metglas 2605SA1""",1.1355,"ECB euro reference rates 2026-09-30 (extra/ecb.xml, fetched 2026-09-30T20:12:47Z)",109.0761
Mouser Europe (eu.mouser.com),Mouser Europe search listing via headless browser (www.mouser.com and API blocked),Proterial,AMCC0160,205-AMCC0160,Metglas 2605SA1,amorphous: FeSi,C,AMCC-160,"per core set (C-core pair, unverified)",Ferrite Cores & Accessories 63x121x40 Amorphous Cut Core,EUR,1,62.14,1,0,,,Ferrite Cores & Accessories 63x121x40 Amorphous Cut Core,https://eu.mouser.com/en/c/?q=AMCC0&m=Proterial,,2026-09-30T22:29:21.794Z,,,1330.0,Metglas POWERLITE C-Cores catalogue weight column (g) for AMCC-160; Mouser MPN AMCC0160 mapped by number,"https://download.siliconexpert.com/pdfs/2012/12/12/6/59/11/344/mtgls_/manual/amcc-25bob.pdf (Metglas Inc. document, SiliconExpert copy) @ 2026-09-30T22:30:49Z",FeSi,"MAS material ""Metglas 2605SA1""",1.1355,"ECB euro reference rates 2026-09-30 (extra/ecb.xml, fetched 2026-09-30T20:12:47Z)",70.56
Mouser Europe (eu.mouser.com),Mouser Europe search listing via headless browser (www.mouser.com and API blocked),Proterial,AMCC0160,205-AMCC0160,Metglas 2605SA1,amorphous: FeSi,C,AMCC-160,"per core set (C-core pair, unverified)",Ferrite Cores & Accessories 63x121x40 Amorphous Cut Core,EUR,12,51.94,0,1,,,Ferrite Cores & Accessories 63x121x40 Amorphous Cut Core,https://eu.mouser.com/en/c/?q=AMCC0&m=Proterial,,2026-09-30T22:29:21.794Z,,,1330.0,Metglas POWERLITE C-Cores catalogue weight column (g) for AMCC-160; Mouser MPN AMCC0160 mapped by number,"https://download.siliconexpert.com/pdfs/2012/12/12/6/59/11/344/mtgls_/manual/amcc-25bob.pdf (Metglas Inc. document, SiliconExpert copy) @ 2026-09-30T22:30:49Z",FeSi,"MAS material ""Metglas 2605SA1""",1.1355,"ECB euro reference rates 2026-09-30 (extra/ecb.xml, fetched 2026-09-30T20:12:47Z)",58.9779
Mouser Europe (eu.mouser.com),Mouser Europe search listing via headless browser (www.mouser.com and API blocked),Proterial,AMCC0320,205-AMCC0320,Metglas 2605SA1,amorphous: FeSi,C,AMCC-320,"per core set (C-core pair, unverified)",Ferrite Cores & Accessories 79x129x50 Amorphous Cut Core,EUR,1,78.25,1,0,,,Ferrite Cores & Accessories 79x129x50 Amorphous Cut Core,https://eu.mouser.com/en/c/?q=AMCC0&m=Proterial,,2026-09-30T22:29:21.794Z,,,2170.0,Metglas POWERLITE C-Cores catalogue weight column (g) for AMCC-320; Mouser MPN AMCC0320 mapped by number,"https://download.siliconexpert.com/pdfs/2012/12/12/6/59/11/344/mtgls_/manual/amcc-25bob.pdf (Metglas Inc. document, SiliconExpert copy) @ 2026-09-30T22:30:49Z",FeSi,"MAS material ""Metglas 2605SA1""",1.1355,"ECB euro reference rates 2026-09-30 (extra/ecb.xml, fetched 2026-09-30T20:12:47Z)",88.8529
Mouser Europe (eu.mouser.com),Mouser Europe search listing via headless browser (www.mouser.com and API blocked),Proterial,AMCC0320,205-AMCC0320,Metglas 2605SA1,amorphous: FeSi,C,AMCC-320,"per core set (C-core pair, unverified)",Ferrite Cores & Accessories 79x129x50 Amorphous Cut Core,EUR,12,72.03,0,1,,,Ferrite Cores & Accessories 79x129x50 Amorphous Cut Core,https://eu.mouser.com/en/c/?q=AMCC0&m=Proterial,,2026-09-30T22:29:21.794Z,,,2170.0,Metglas POWERLITE C-Cores catalogue weight column (g) for AMCC-320; Mouser MPN AMCC0320 mapped by number,"https://download.siliconexpert.com/pdfs/2012/12/12/6/59/11/344/mtgls_/manual/amcc-25bob.pdf (Metglas Inc. document, SiliconExpert copy) @ 2026-09-30T22:30:49Z",FeSi,"MAS material ""Metglas 2605SA1""",1.1355,"ECB euro reference rates 2026-09-30 (extra/ecb.xml, fetched 2026-09-30T20:12:47Z)",81.7901
Mouser Europe (eu.mouser.com),Mouser Europe search listing via headless browser (www.mouser.com and API blocked),Proterial,AMCC06R3,205-AMCC06R3,Metglas 2605SA1,amorphous: FeSi,C,AMCC-6.3,"per core set (C-core pair, unverified)",Ferrite Cores & Accessories 31x53x20 Amorphous Cut Core,EUR,1,23.01,1,0,,,Ferrite Cores & Accessories 31x53x20 Amorphous Cut Core,https://eu.mouser.com/en/c/?q=AMCC0&m=Proterial,,2026-09-30T22:29:21.794Z,,,150.0,Metglas POWERLITE C-Cores catalogue weight column (g) for AMCC-6.3; Mouser MPN AMCC06R3 mapped by number,"https://download.siliconexpert.com/pdfs/2012/12/12/6/59/11/344/mtgls_/manual/amcc-25bob.pdf (Metglas Inc. document, SiliconExpert copy) @ 2026-09-30T22:30:49Z",FeSi,"MAS material ""Metglas 2605SA1""",1.1355,"ECB euro reference rates 2026-09-30 (extra/ecb.xml, fetched 2026-09-30T20:12:47Z)",26.1279
Mouser Europe (eu.mouser.com),Mouser Europe search listing via headless browser (www.mouser.com and API blocked),Proterial,AMCC06R3,205-AMCC06R3,Metglas 2605SA1,amorphous: FeSi,C,AMCC-6.3,"per core set (C-core pair, unverified)",Ferrite Cores & Accessories 31x53x20 Amorphous Cut Core,EUR,10,17.12,0,0,,,Ferrite Cores & Accessories 31x53x20 Amorphous Cut Core,https://eu.mouser.com/en/c/?q=AMCC0&m=Proterial,,2026-09-30T22:29:21.794Z,,,150.0,Metglas POWERLITE C-Cores catalogue weight column (g) for AMCC-6.3; Mouser MPN AMCC06R3 mapped by number,"https://download.siliconexpert.com/pdfs/2012/12/12/6/59/11/344/mtgls_/manual/amcc-25bob.pdf (Metglas Inc. document, SiliconExpert copy) @ 2026-09-30T22:30:49Z",FeSi,"MAS material ""Metglas 2605SA1""",1.1355,"ECB euro reference rates 2026-09-30 (extra/ecb.xml, fetched 2026-09-30T20:12:47Z)",19.4398
Mouser Europe (eu.mouser.com),Mouser Europe search listing via headless browser (www.mouser.com and API blocked),Proterial,AMCC06R3,205-AMCC06R3,Metglas 2605SA1,amorphous: FeSi,C,AMCC-6.3,"per core set (C-core pair, unverified)",Ferrite Cores & Accessories 31x53x20 Amorphous Cut Core,EUR,25,15.25,0,1,,,Ferrite Cores & Accessories 31x53x20 Amorphous Cut Core,https://eu.mouser.com/en/c/?q=AMCC0&m=Proterial,,2026-09-30T22:29:21.794Z,,,150.0,Metglas POWERLITE C-Cores catalogue weight column (g) for AMCC-6.3; Mouser MPN AMCC06R3 mapped by number,"https://download.siliconexpert.com/pdfs/2012/12/12/6/59/11/344/mtgls_/manual/amcc-25bob.pdf (Metglas Inc. document, SiliconExpert copy) @ 2026-09-30T22:30:49Z",FeSi,"MAS material ""Metglas 2605SA1""",1.1355,"ECB euro reference rates 2026-09-30 (extra/ecb.xml, fetched 2026-09-30T20:12:47Z)",17.3164
Mouser Europe (eu.mouser.com),Mouser Europe search listing via headless browser (www.mouser.com and API blocked),Proterial,AMCC0004,205-AMCC0004,Metglas 2605SA1,amorphous: FeSi,C,AMCC-4,"per core set (C-core pair, unverified)",Ferrite Cores & Accessories 28x51x15 Amorphous Cut Core,EUR,1,19.98,1,0,,,Ferrite Cores & Accessories 28x51x15 Amorphous Cut Core,https://eu.mouser.com/en/c/?q=AMCC0&m=Proterial,,2026-09-30T22:29:21.794Z,,,,,,FeSi,"MAS material ""Metglas 2605SA1""",1.1355,"ECB euro reference rates 2026-09-30 (extra/ecb.xml, fetched 2026-09-30T20:12:47Z)",22.6873
Mouser Europe (eu.mouser.com),Mouser Europe search listing via headless browser (www.mouser.com and API blocked),Proterial,AMCC0004,205-AMCC0004,Metglas 2605SA1,amorphous: FeSi,C,AMCC-4,"per core set (C-core pair, unverified)",Ferrite Cores & Accessories 28x51x15 Amorphous Cut Core,EUR,10,14.87,0,0,,,Ferrite Cores & Accessories 28x51x15 Amorphous Cut Core,https://eu.mouser.com/en/c/?q=AMCC0&m=Proterial,,2026-09-30T22:29:21.794Z,,,,,,FeSi,"MAS material ""Metglas 2605SA1""",1.1355,"ECB euro reference rates 2026-09-30 (extra/ecb.xml, fetched 2026-09-30T20:12:47Z)",16.8849
Mouser Europe (eu.mouser.com),Mouser Europe search listing via headless browser (www.mouser.com and API blocked),Proterial,AMCC0004,205-AMCC0004,Metglas 2605SA1,amorphous: FeSi,C,AMCC-4,"per core set (C-core pair, unverified)",Ferrite Cores & Accessories 28x51x15 Amorphous Cut Core,EUR,25,13.24,0,1,,,Ferrite Cores & Accessories 28x51x15 Amorphous Cut Core,https://eu.mouser.com/en/c/?q=AMCC0&m=Proterial,,2026-09-30T22:29:21.794Z,,,,,,FeSi,"MAS material ""Metglas 2605SA1""",1.1355,"ECB euro reference rates 2026-09-30 (extra/ecb.xml, fetched 2026-09-30T20:12:47Z)",15.034
Mouser Europe (eu.mouser.com),Mouser Europe search listing via headless browser (www.mouser.com and API blocked),Proterial,AMCC0020,205-AMCC0020,Metglas 2605SA1,amorphous: FeSi,C,AMCC-20,"per core set (C-core pair, unverified)",Ferrite Cores & Accessories 35x72x30 Amorphous Cut Core,EUR,1,28.17,1,0,,,Ferrite Cores & Accessories 35x72x30 Amorphous Cut Core,https://eu.mouser.com/en/c/?q=AMCC0&m=Proterial,,2026-09-30T22:29:21.794Z,,,340.0,Metglas POWERLITE C-Cores catalogue weight column (g) for AMCC-20; Mouser MPN AMCC0020 mapped by number,"https://download.siliconexpert.com/pdfs/2012/12/12/6/59/11/344/mtgls_/manual/amcc-25bob.pdf (Metglas Inc. document, SiliconExpert copy) @ 2026-09-30T22:30:49Z",FeSi,"MAS material ""Metglas 2605SA1""",1.1355,"ECB euro reference rates 2026-09-30 (extra/ecb.xml, fetched 2026-09-30T20:12:47Z)",31.987
Mouser Europe (eu.mouser.com),Mouser Europe search listing via headless browser (www.mouser.com and API blocked),Proterial,AMCC0020,205-AMCC0020,Metglas 2605SA1,amorphous: FeSi,C,AMCC-20,"per core set (C-core pair, unverified)",Ferrite Cores & Accessories 35x72x30 Amorphous Cut Core,EUR,10,21.9,0,0,,,Ferrite Cores & Accessories 35x72x30 Amorphous Cut Core,https://eu.mouser.com/en/c/?q=AMCC0&m=Proterial,,2026-09-30T22:29:21.794Z,,,340.0,Metglas POWERLITE C-Cores catalogue weight column (g) for AMCC-20; Mouser MPN AMCC0020 mapped by number,"https://download.siliconexpert.com/pdfs/2012/12/12/6/59/11/344/mtgls_/manual/amcc-25bob.pdf (Metglas Inc. document, SiliconExpert copy) @ 2026-09-30T22:30:49Z",FeSi,"MAS material ""Metglas 2605SA1""",1.1355,"ECB euro reference rates 2026-09-30 (extra/ecb.xml, fetched 2026-09-30T20:12:47Z)",24.8674
Mouser Europe (eu.mouser.com),Mouser Europe search listing via headless browser (www.mouser.com and API blocked),Proterial,AMCC0020,205-AMCC0020,Metglas 2605SA1,amorphous: FeSi,C,AMCC-20,"per core set (C-core pair, unverified)",Ferrite Cores & Accessories 35x72x30 Amorphous Cut Core,EUR,18,19.32,0,1,,,Ferrite Cores & Accessories 35x72x30 Amorphous Cut Core,https://eu.mouser.com/en/c/?q=AMCC0&m=Proterial,,2026-09-30T22:29:21.794Z,,,340.0,Metglas POWERLITE C-Cores catalogue weight column (g) for AMCC-20; Mouser MPN AMCC0020 mapped by number,"https://download.siliconexpert.com/pdfs/2012/12/12/6/59/11/344/mtgls_/manual/amcc-25bob.pdf (Metglas Inc. document, SiliconExpert copy) @ 2026-09-30T22:30:49Z",FeSi,"MAS material ""Metglas 2605SA1""",1.1355,"ECB euro reference rates 2026-09-30 (extra/ecb.xml, fetched 2026-09-30T20:12:47Z)",21.9379
Mouser Europe (eu.mouser.com),Mouser Europe search listing via headless browser (www.mouser.com and API blocked),Proterial,AMCC0050,205-AMCC0050,Metglas 2605SA1,amorphous: FeSi,C,AMCC-50,"per core set (C-core pair, unverified)",Ferrite Cores & Accessories 52x102x25 Amorphous Cut Core,EUR,1,34.0,1,0,,,Ferrite Cores & Accessories 52x102x25 Amorphous Cut Core,https://eu.mouser.com/en/c/?q=AMCC0&m=Proterial,,2026-09-30T22:29:21.794Z,,,590.0,Metglas POWERLITE C-Cores catalogue weight column (g) for AMCC-50; Mouser MPN AMCC0050 mapped by number,"https://download.siliconexpert.com/pdfs/2012/12/12/6/59/11/344/mtgls_/manual/amcc-25bob.pdf (Metglas Inc. document, SiliconExpert copy) @ 2026-09-30T22:30:49Z",FeSi,"MAS material ""Metglas 2605SA1""",1.1355,"ECB euro reference rates 2026-09-30 (extra/ecb.xml, fetched 2026-09-30T20:12:47Z)",38.607
Mouser Europe (eu.mouser.com),Mouser Europe search listing via headless browser (www.mouser.com and API blocked),Proterial,AMCC0050,205-AMCC0050,Metglas 2605SA1,amorphous: FeSi,C,AMCC-50,"per core set (C-core pair, unverified)",Ferrite Cores & Accessories 52x102x25 Amorphous Cut Core,EUR,10,26.45,0,0,,,Ferrite Cores & Accessories 52x102x25 Amorphous Cut Core,https://eu.mouser.com/en/c/?q=AMCC0&m=Proterial,,2026-09-30T22:29:21.794Z,,,590.0,Metglas POWERLITE C-Cores catalogue weight column (g) for AMCC-50; Mouser MPN AMCC0050 mapped by number,"https://download.siliconexpert.com/pdfs/2012/12/12/6/59/11/344/mtgls_/manual/amcc-25bob.pdf (Metglas Inc. document, SiliconExpert copy) @ 2026-09-30T22:30:49Z",FeSi,"MAS material ""Metglas 2605SA1""",1.1355,"ECB euro reference rates 2026-09-30 (extra/ecb.xml, fetched 2026-09-30T20:12:47Z)",30.034
Mouser Europe (eu.mouser.com),Mouser Europe search listing via headless browser (www.mouser.com and API blocked),Proterial,AMCC0050,205-AMCC0050,Metglas 2605SA1,amorphous: FeSi,C,AMCC-50,"per core set (C-core pair, unverified)",Ferrite Cores & Accessories 52x102x25 Amorphous Cut Core,EUR,20,23.33,0,1,,,Ferrite Cores & Accessories 52x102x25 Amorphous Cut Core,https://eu.mouser.com/en/c/?q=AMCC0&m=Proterial,,2026-09-30T22:29:21.794Z,,,590.0,Metglas POWERLITE C-Cores catalogue weight column (g) for AMCC-50; Mouser MPN AMCC0050 mapped by number,"https://download.siliconexpert.com/pdfs/2012/12/12/6/59/11/344/mtgls_/manual/amcc-25bob.pdf (Metglas Inc. document, SiliconExpert copy) @ 2026-09-30T22:30:49Z",FeSi,"MAS material ""Metglas 2605SA1""",1.1355,"ECB euro reference rates 2026-09-30 (extra/ecb.xml, fetched 2026-09-30T20:12:47Z)",26.4912
Mouser Europe (eu.mouser.com),Mouser Europe search listing via headless browser (www.mouser.com and API blocked),Proterial,AMCC0100,205-AMCC0100,Metglas 2605SA1,amorphous: FeSi,C,AMCC-100,"per core set (C-core pair, unverified)",Ferrite Cores & Accessories 52x102x45 Amorphous Cut Core,EUR,1,54.16,1,0,,,Ferrite Cores & Accessories 52x102x45 Amorphous Cut Core,https://eu.mouser.com/en/c/?q=AMCC0&m=Proterial,,2026-09-30T22:29:21.794Z,,,1060.0,Metglas POWERLITE C-Cores catalogue weight column (g) for AMCC-100; Mouser MPN AMCC0100 mapped by number,"https://download.siliconexpert.com/pdfs/2012/12/12/6/59/11/344/mtgls_/manual/amcc-25bob.pdf (Metglas Inc. document, SiliconExpert copy) @ 2026-09-30T22:30:49Z",FeSi,"MAS material ""Metglas 2605SA1""",1.1355,"ECB euro reference rates 2026-09-30 (extra/ecb.xml, fetched 2026-09-30T20:12:47Z)",61.4987
Mouser Europe (eu.mouser.com),Mouser Europe search listing via headless browser (www.mouser.com and API blocked),Proterial,AMCC0100,205-AMCC0100,Metglas 2605SA1,amorphous: FeSi,C,AMCC-100,"per core set (C-core pair, unverified)",Ferrite Cores & Accessories 52x102x45 Amorphous Cut Core,EUR,12,45.28,0,1,,,Ferrite Cores & Accessories 52x102x45 Amorphous Cut Core,https://eu.mouser.com/en/c/?q=AMCC0&m=Proterial,,2026-09-30T22:29:21.794Z,,,1060.0,Metglas POWERLITE C-Cores catalogue weight column (g) for AMCC-100; Mouser MPN AMCC0100 mapped by number,"https://download.siliconexpert.com/pdfs/2012/12/12/6/59/11/344/mtgls_/manual/amcc-25bob.pdf (Metglas Inc. document, SiliconExpert copy) @ 2026-09-30T22:30:49Z",FeSi,"MAS material ""Metglas 2605SA1""",1.1355,"ECB euro reference rates 2026-09-30 (extra/ecb.xml, fetched 2026-09-30T20:12:47Z)",51.4154
Mouser Europe (eu.mouser.com),Mouser Europe search listing via headless browser (www.mouser.com and API blocked),Proterial,AMCC0125,205-AMCC0125,Metglas 2605SA1,amorphous: FeSi,C,AMCC-125,"per core set (C-core pair, unverified)",Ferrite Cores & Accessories 63x121x35 Amorphous Cut Core,EUR,1,58.25,1,0,,,Ferrite Cores & Accessories 63x121x35 Amorphous Cut Core,https://eu.mouser.com/en/c/?q=AMCC0&m=Proterial,,2026-09-30T22:29:21.794Z,,,1170.0,Metglas POWERLITE C-Cores catalogue weight column (g) for AMCC-125; Mouser MPN AMCC0125 mapped by number,"https://download.siliconexpert.com/pdfs/2012/12/12/6/59/11/344/mtgls_/manual/amcc-25bob.pdf (Metglas Inc. document, SiliconExpert copy) @ 2026-09-30T22:30:49Z",FeSi,"MAS material ""Metglas 2605SA1""",1.1355,"ECB euro reference rates 2026-09-30 (extra/ecb.xml, fetched 2026-09-30T20:12:47Z)",66.1429
Mouser Europe (eu.mouser.com),Mouser Europe search listing via headless browser (www.mouser.com and API blocked),Proterial,AMCC0125,205-AMCC0125,Metglas 2605SA1,amorphous: FeSi,C,AMCC-125,"per core set (C-core pair, unverified)",Ferrite Cores & Accessories 63x121x35 Amorphous Cut Core,EUR,9,48.7,0,1,,,Ferrite Cores & Accessories 63x121x35 Amorphous Cut Core,https://eu.mouser.com/en/c/?q=AMCC0&m=Proterial,,2026-09-30T22:29:21.794Z,,,1170.0,Metglas POWERLITE C-Cores catalogue weight column (g) for AMCC-125; Mouser MPN AMCC0125 mapped by number,"https://download.siliconexpert.com/pdfs/2012/12/12/6/59/11/344/mtgls_/manual/amcc-25bob.pdf (Metglas Inc. document, SiliconExpert copy) @ 2026-09-30T22:30:49Z",FeSi,"MAS material ""Metglas 2605SA1""",1.1355,"ECB euro reference rates 2026-09-30 (extra/ecb.xml, fetched 2026-09-30T20:12:47Z)",55.2989
Mouser Europe (eu.mouser.com),Mouser Europe search listing via headless browser (www.mouser.com and API blocked),Proterial,AMCC0630,205-AMCC0630,Metglas 2605SA1,amorphous: FeSi,C,AMCC-630,"per core set (C-core pair, unverified)",Ferrite Cores & Accessories 90x135x70 Amorphous Cut Core,EUR,1,131.35,1,0,,,Ferrite Cores & Accessories 90x135x70 Amorphous Cut Core,https://eu.mouser.com/en/c/?q=AMCC0&m=Proterial,,2026-09-30T22:29:21.794Z,,,3670.0,Metglas POWERLITE C-Cores catalogue weight column (g) for AMCC-630; Mouser MPN AMCC0630 mapped by number,"https://download.siliconexpert.com/pdfs/2012/12/12/6/59/11/344/mtgls_/manual/amcc-25bob.pdf (Metglas Inc. document, SiliconExpert copy) @ 2026-09-30T22:30:49Z",FeSi,"MAS material ""Metglas 2605SA1""",1.1355,"ECB euro reference rates 2026-09-30 (extra/ecb.xml, fetched 2026-09-30T20:12:47Z)",149.1479
Mouser Europe (eu.mouser.com),Mouser Europe search listing via headless browser (www.mouser.com and API blocked),Proterial,AMCC0630,205-AMCC0630,Metglas 2605SA1,amorphous: FeSi,C,AMCC-630,"per core set (C-core pair, unverified)",Ferrite Cores & Accessories 90x135x70 Amorphous Cut Core,EUR,10,120.89,0,1,,,Ferrite Cores & Accessories 90x135x70 Amorphous Cut Core,https://eu.mouser.com/en/c/?q=AMCC0&m=Proterial,,2026-09-30T22:29:21.794Z,,,3670.0,Metglas POWERLITE C-Cores catalogue weight column (g) for AMCC-630; Mouser MPN AMCC0630 mapped by number,"https://download.siliconexpert.com/pdfs/2012/12/12/6/59/11/344/mtgls_/manual/amcc-25bob.pdf (Metglas Inc. document, SiliconExpert copy) @ 2026-09-30T22:30:49Z",FeSi,"MAS material ""Metglas 2605SA1""",1.1355,"ECB euro reference rates 2026-09-30 (extra/ecb.xml, fetched 2026-09-30T20:12:47Z)",137.2706
Mouser Europe (eu.mouser.com),Mouser Europe search listing via headless browser (www.mouser.com and API blocked),Proterial,AMCC0008,205-AMCC0008,Metglas 2605SA1,amorphous: FeSi,C,AMCC-8,"per core set (C-core pair, unverified)",Ferrite Cores & Accessories 35x52x20 Amorphous Cut Core,EUR,1,23.01,1,0,,,Ferrite Cores & Accessories 35x52x20 Amorphous Cut Core,https://eu.mouser.com/en/c/?q=AMCC0&m=Proterial,,2026-09-30T22:29:21.794Z,,,170.0,Metglas POWERLITE C-Cores catalogue weight column (g) for AMCC-8; Mouser MPN AMCC0008 mapped by number,"https://download.siliconexpert.com/pdfs/2012/12/12/6/59/11/344/mtgls_/manual/amcc-25bob.pdf (Metglas Inc. document, SiliconExpert copy) @ 2026-09-30T22:30:49Z",FeSi,"MAS material ""Metglas 2605SA1""",1.1355,"ECB euro reference rates 2026-09-30 (extra/ecb.xml, fetched 2026-09-30T20:12:47Z)",26.1279
Mouser Europe (eu.mouser.com),Mouser Europe search listing via headless browser (www.mouser.com and API blocked),Proterial,AMCC0008,205-AMCC0008,Metglas 2605SA1,amorphous: FeSi,C,AMCC-8,"per core set (C-core pair, unverified)",Ferrite Cores & Accessories 35x52x20 Amorphous Cut Core,EUR,10,17.13,0,0,,,Ferrite Cores & Accessories 35x52x20 Amorphous Cut Core,https://eu.mouser.com/en/c/?q=AMCC0&m=Proterial,,2026-09-30T22:29:21.794Z,,,170.0,Metglas POWERLITE C-Cores catalogue weight column (g) for AMCC-8; Mouser MPN AMCC0008 mapped by number,"https://download.siliconexpert.com/pdfs/2012/12/12/6/59/11/344/mtgls_/manual/amcc-25bob.pdf (Metglas Inc. document, SiliconExpert copy) @ 2026-09-30T22:30:49Z",FeSi,"MAS material ""Metglas 2605SA1""",1.1355,"ECB euro reference rates 2026-09-30 (extra/ecb.xml, fetched 2026-09-30T20:12:47Z)",19.4511
Mouser Europe (eu.mouser.com),Mouser Europe search listing via headless browser (www.mouser.com and API blocked),Proterial,AMCC0008,205-AMCC0008,Metglas 2605SA1,amorphous: FeSi,C,AMCC-8,"per core set (C-core pair, unverified)",Ferrite Cores & Accessories 35x52x20 Amorphous Cut Core,EUR,25,15.26,0,1,,,Ferrite Cores & Accessories 35x52x20 Amorphous Cut Core,https://eu.mouser.com/en/c/?q=AMCC0&m=Proterial,,2026-09-30T22:29:21.794Z,,,170.0,Metglas POWERLITE C-Cores catalogue weight column (g) for AMCC-8; Mouser MPN AMCC0008 mapped by number,"https://download.siliconexpert.com/pdfs/2012/12/12/6/59/11/344/mtgls_/manual/amcc-25bob.pdf (Metglas Inc. document, SiliconExpert copy) @ 2026-09-30T22:30:49Z",FeSi,"MAS material ""Metglas 2605SA1""",1.1355,"ECB euro reference rates 2026-09-30 (extra/ecb.xml, fetched 2026-09-30T20:12:47Z)",17.3277
Mouser Europe (eu.mouser.com),Mouser Europe search listing via headless browser (www.mouser.com and API blocked),Proterial,AMCC0032,205-AMCC0032,Metglas 2605SA1,amorphous: FeSi,C,AMCC-32,"per core set (C-core pair, unverified)",Ferrite Cores & Accessories 41x82x30 Amorphous Cut Core,EUR,1,31.18,1,0,,,Ferrite Cores & Accessories 41x82x30 Amorphous Cut Core,https://eu.mouser.com/en/c/?q=AMCC0&m=Proterial,,2026-09-30T22:29:21.794Z,,,460.0,Metglas POWERLITE C-Cores catalogue weight column (g) for AMCC-32; Mouser MPN AMCC0032 mapped by number,"https://download.siliconexpert.com/pdfs/2012/12/12/6/59/11/344/mtgls_/manual/amcc-25bob.pdf (Metglas Inc. document, SiliconExpert copy) @ 2026-09-30T22:30:49Z",FeSi,"MAS material ""Metglas 2605SA1""",1.1355,"ECB euro reference rates 2026-09-30 (extra/ecb.xml, fetched 2026-09-30T20:12:47Z)",35.4049
Mouser Europe (eu.mouser.com),Mouser Europe search listing via headless browser (www.mouser.com and API blocked),Proterial,AMCC0032,205-AMCC0032,Metglas 2605SA1,amorphous: FeSi,C,AMCC-32,"per core set (C-core pair, unverified)",Ferrite Cores & Accessories 41x82x30 Amorphous Cut Core,EUR,10,24.24,0,0,,,Ferrite Cores & Accessories 41x82x30 Amorphous Cut Core,https://eu.mouser.com/en/c/?q=AMCC0&m=Proterial,,2026-09-30T22:29:21.794Z,,,460.0,Metglas POWERLITE C-Cores catalogue weight column (g) for AMCC-32; Mouser MPN AMCC0032 mapped by number,"https://download.siliconexpert.com/pdfs/2012/12/12/6/59/11/344/mtgls_/manual/amcc-25bob.pdf (Metglas Inc. document, SiliconExpert copy) @ 2026-09-30T22:30:49Z",FeSi,"MAS material ""Metglas 2605SA1""",1.1355,"ECB euro reference rates 2026-09-30 (extra/ecb.xml, fetched 2026-09-30T20:12:47Z)",27.5245
Mouser Europe (eu.mouser.com),Mouser Europe search listing via headless browser (www.mouser.com and API blocked),Proterial,AMCC0032,205-AMCC0032,Metglas 2605SA1,amorphous: FeSi,C,AMCC-32,"per core set (C-core pair, unverified)",Ferrite Cores & Accessories 41x82x30 Amorphous Cut Core,EUR,18,21.39,0,1,,,Ferrite Cores & Accessories 41x82x30 Amorphous Cut Core,https://eu.mouser.com/en/c/?q=AMCC0&m=Proterial,,2026-09-30T22:29:21.794Z,,,460.0,Metglas POWERLITE C-Cores catalogue weight column (g) for AMCC-32; Mouser MPN AMCC0032 mapped by number,"https://download.siliconexpert.com/pdfs/2012/12/12/6/59/11/344/mtgls_/manual/amcc-25bob.pdf (Metglas Inc. document, SiliconExpert copy) @ 2026-09-30T22:30:49Z",FeSi,"MAS material ""Metglas 2605SA1""",1.1355,"ECB euro reference rates 2026-09-30 (extra/ecb.xml, fetched 2026-09-30T20:12:47Z)",24.2883
Mouser Europe (eu.mouser.com),Mouser Europe search listing via headless browser (www.mouser.com and API blocked),Proterial,AMCC016A,205-AMCC016A,Metglas 2605SA1,amorphous: FeSi,C,AMCC-16A,"per core set (C-core pair, unverified)",Ferrite Cores & Accessories 35x62x25 Amorphous Cut Core,EUR,1,25.74,1,0,,,Ferrite Cores & Accessories 35x62x25 Amorphous Cut Core,https://eu.mouser.com/en/c/?q=AMCC0&m=Proterial,,2026-09-30T22:29:21.794Z,,,250.0,Metglas POWERLITE C-Cores catalogue weight column (g) for AMCC-16A; Mouser MPN AMCC016A mapped by number,"https://download.siliconexpert.com/pdfs/2012/12/12/6/59/11/344/mtgls_/manual/amcc-25bob.pdf (Metglas Inc. document, SiliconExpert copy) @ 2026-09-30T22:30:49Z",FeSi,"MAS material ""Metglas 2605SA1""",1.1355,"ECB euro reference rates 2026-09-30 (extra/ecb.xml, fetched 2026-09-30T20:12:47Z)",29.2278
Mouser Europe (eu.mouser.com),Mouser Europe search listing via headless browser (www.mouser.com and API blocked),Proterial,AMCC016A,205-AMCC016A,Metglas 2605SA1,amorphous: FeSi,C,AMCC-16A,"per core set (C-core pair, unverified)",Ferrite Cores & Accessories 35x62x25 Amorphous Cut Core,EUR,10,19.16,0,0,,,Ferrite Cores & Accessories 35x62x25 Amorphous Cut Core,https://eu.mouser.com/en/c/?q=AMCC0&m=Proterial,,2026-09-30T22:29:21.794Z,,,250.0,Metglas POWERLITE C-Cores catalogue weight column (g) for AMCC-16A; Mouser MPN AMCC016A mapped by number,"https://download.siliconexpert.com/pdfs/2012/12/12/6/59/11/344/mtgls_/manual/amcc-25bob.pdf (Metglas Inc. document, SiliconExpert copy) @ 2026-09-30T22:30:49Z",FeSi,"MAS material ""Metglas 2605SA1""",1.1355,"ECB euro reference rates 2026-09-30 (extra/ecb.xml, fetched 2026-09-30T20:12:47Z)",21.7562
Mouser Europe (eu.mouser.com),Mouser Europe search listing via headless browser (www.mouser.com and API blocked),Proterial,AMCC016A,205-AMCC016A,Metglas 2605SA1,amorphous: FeSi,C,AMCC-16A,"per core set (C-core pair, unverified)",Ferrite Cores & Accessories 35x62x25 Amorphous Cut Core,EUR,25,17.07,0,1,,,Ferrite Cores & Accessories 35x62x25 Amorphous Cut Core,https://eu.mouser.com/en/c/?q=AMCC0&m=Proterial,,2026-09-30T22:29:21.794Z,,,250.0,Metglas POWERLITE C-Cores catalogue weight column (g) for AMCC-16A; Mouser MPN AMCC016A mapped by number,"https://download.siliconexpert.com/pdfs/2012/12/12/6/59/11/344/mtgls_/manual/amcc-25bob.pdf (Metglas Inc. document, SiliconExpert copy) @ 2026-09-30T22:30:49Z",FeSi,"MAS material ""Metglas 2605SA1""",1.1355,"ECB euro reference rates 2026-09-30 (extra/ecb.xml, fetched 2026-09-30T20:12:47Z)",19.383
Mouser Europe (eu.mouser.com),Mouser Europe search listing via headless browser (www.mouser.com and API blocked),Proterial,AMCC0063,205-AMCC0063,Metglas 2605SA1,amorphous: FeSi,C,AMCC-63,"per core set (C-core pair, unverified)",Ferrite Cores & Accessories 52x102x30 Amorphous Cut Core,EUR,1,37.29,1,0,,,Ferrite Cores & Accessories 52x102x30 Amorphous Cut Core,https://eu.mouser.com/en/c/?q=AMCC0&m=Proterial,,2026-09-30T22:29:21.794Z,,,710.0,Metglas POWERLITE C-Cores catalogue weight column (g) for AMCC-63; Mouser MPN AMCC0063 mapped by number,"https://download.siliconexpert.com/pdfs/2012/12/12/6/59/11/344/mtgls_/manual/amcc-25bob.pdf (Metglas Inc. document, SiliconExpert copy) @ 2026-09-30T22:30:49Z",FeSi,"MAS material ""Metglas 2605SA1""",1.1355,"ECB euro reference rates 2026-09-30 (extra/ecb.xml, fetched 2026-09-30T20:12:47Z)",42.3428
Mouser Europe (eu.mouser.com),Mouser Europe search listing via headless browser (www.mouser.com and API blocked),Proterial,AMCC0063,205-AMCC0063,Metglas 2605SA1,amorphous: FeSi,C,AMCC-63,"per core set (C-core pair, unverified)",Ferrite Cores & Accessories 52x102x30 Amorphous Cut Core,EUR,9,30.34,0,0,,,Ferrite Cores & Accessories 52x102x30 Amorphous Cut Core,https://eu.mouser.com/en/c/?q=AMCC0&m=Proterial,,2026-09-30T22:29:21.794Z,,,710.0,Metglas POWERLITE C-Cores catalogue weight column (g) for AMCC-63; Mouser MPN AMCC0063 mapped by number,"https://download.siliconexpert.com/pdfs/2012/12/12/6/59/11/344/mtgls_/manual/amcc-25bob.pdf (Metglas Inc. document, SiliconExpert copy) @ 2026-09-30T22:30:49Z",FeSi,"MAS material ""Metglas 2605SA1""",1.1355,"ECB euro reference rates 2026-09-30 (extra/ecb.xml, fetched 2026-09-30T20:12:47Z)",34.4511
Mouser Europe (eu.mouser.com),Mouser Europe search listing via headless browser (www.mouser.com and API blocked),Proterial,AMCC0063,205-AMCC0063,Metglas 2605SA1,amorphous: FeSi,C,AMCC-63,"per core set (C-core pair, unverified)",Ferrite Cores & Accessories 52x102x30 Amorphous Cut Core,EUR,27,27.27,0,1,,,Ferrite Cores & Accessories 52x102x30 Amorphous Cut Core,https://eu.mouser.com/en/c/?q=AMCC0&m=Proterial,,2026-09-30T22:29:21.794Z,,,710.0,Metglas POWERLITE C-Cores catalogue weight column (g) for AMCC-63; Mouser MPN AMCC0063 mapped by number,"https://download.siliconexpert.com/pdfs/2012/12/12/6/59/11/344/mtgls_/manual/amcc-25bob.pdf (Metglas Inc. document, SiliconExpert copy) @ 2026-09-30T22:30:49Z",FeSi,"MAS material ""Metglas 2605SA1""",1.1355,"ECB euro reference rates 2026-09-30 (extra/ecb.xml, fetched 2026-09-30T20:12:47Z)",30.9651
Mouser Europe (eu.mouser.com),Mouser Europe search listing via headless browser (www.mouser.com and API blocked),Proterial,AMCC0250,205-AMCC0250,Metglas 2605SA1,amorphous: FeSi,C,AMCC-250,"per core set (C-core pair, unverified)",Ferrite Cores & Accessories 63x128x60 Amorphous Cut Core,EUR,1,82.04,1,0,,,Ferrite Cores & Accessories 63x128x60 Amorphous Cut Core,https://eu.mouser.com/en/c/?q=AMCC0&m=Proterial,,2026-09-30T22:29:21.794Z,,,2100.0,Metglas POWERLITE C-Cores catalogue weight column (g) for AMCC-250; Mouser MPN AMCC0250 mapped by number,"https://download.siliconexpert.com/pdfs/2012/12/12/6/59/11/344/mtgls_/manual/amcc-25bob.pdf (Metglas Inc. document, SiliconExpert copy) @ 2026-09-30T22:30:49Z",FeSi,"MAS material ""Metglas 2605SA1""",1.1355,"ECB euro reference rates 2026-09-30 (extra/ecb.xml, fetched 2026-09-30T20:12:47Z)",93.1564
Mouser Europe (eu.mouser.com),Mouser Europe search listing via headless browser (www.mouser.com and API blocked),Proterial,AMCC0250,205-AMCC0250,Metglas 2605SA1,amorphous: FeSi,C,AMCC-250,"per core set (C-core pair, unverified)",Ferrite Cores & Accessories 63x128x60 Amorphous Cut Core,EUR,12,68.59,0,1,,,Ferrite Cores & Accessories 63x128x60 Amorphous Cut Core,https://eu.mouser.com/en/c/?q=AMCC0&m=Proterial,,2026-09-30T22:29:21.794Z,,,2100.0,Metglas POWERLITE C-Cores catalogue weight column (g) for AMCC-250; Mouser MPN AMCC0250 mapped by number,"https://download.siliconexpert.com/pdfs/2012/12/12/6/59/11/344/mtgls_/manual/amcc-25bob.pdf (Metglas Inc. document, SiliconExpert copy) @ 2026-09-30T22:30:49Z",FeSi,"MAS material ""Metglas 2605SA1""",1.1355,"ECB euro reference rates 2026-09-30 (extra/ecb.xml, fetched 2026-09-30T20:12:47Z)",77.8839
Mouser Europe (eu.mouser.com),Mouser Europe search listing via headless browser (www.mouser.com and API blocked),Proterial,AMCC0080,205-AMCC0080,Metglas 2605SA1,amorphous: FeSi,C,AMCC-80,"per core set (C-core pair, unverified)",Ferrite Cores & Accessories 52x102x40 Amorphous Cut Core,EUR,1,50.56,1,0,,,Ferrite Cores & Accessories 52x102x40 Amorphous Cut Core,https://eu.mouser.com/en/c/?q=AMCC0&m=Proterial,,2026-09-30T22:29:21.794Z,,,950.0,Metglas POWERLITE C-Cores catalogue weight column (g) for AMCC-80; Mouser MPN AMCC0080 mapped by number,"https://download.siliconexpert.com/pdfs/2012/12/12/6/59/11/344/mtgls_/manual/amcc-25bob.pdf (Metglas Inc. document, SiliconExpert copy) @ 2026-09-30T22:30:49Z",FeSi,"MAS material ""Metglas 2605SA1""",1.1355,"ECB euro reference rates 2026-09-30 (extra/ecb.xml, fetched 2026-09-30T20:12:47Z)",57.4109
Mouser Europe (eu.mouser.com),Mouser Europe search listing via headless browser (www.mouser.com and API blocked),Proterial,AMCC0080,205-AMCC0080,Metglas 2605SA1,amorphous: FeSi,C,AMCC-80,"per core set (C-core pair, unverified)",Ferrite Cores & Accessories 52x102x40 Amorphous Cut Core,EUR,12,41.14,0,0,,,Ferrite Cores & Accessories 52x102x40 Amorphous Cut Core,https://eu.mouser.com/en/c/?q=AMCC0&m=Proterial,,2026-09-30T22:29:21.794Z,,,950.0,Metglas POWERLITE C-Cores catalogue weight column (g) for AMCC-80; Mouser MPN AMCC0080 mapped by number,"https://download.siliconexpert.com/pdfs/2012/12/12/6/59/11/344/mtgls_/manual/amcc-25bob.pdf (Metglas Inc. document, SiliconExpert copy) @ 2026-09-30T22:30:49Z",FeSi,"MAS material ""Metglas 2605SA1""",1.1355,"ECB euro reference rates 2026-09-30 (extra/ecb.xml, fetched 2026-09-30T20:12:47Z)",46.7145
Mouser Europe (eu.mouser.com),Mouser Europe search listing via headless browser (www.mouser.com and API blocked),Proterial,AMCC0080,205-AMCC0080,Metglas 2605SA1,amorphous: FeSi,C,AMCC-80,"per core set (C-core pair, unverified)",Ferrite Cores & Accessories 52x102x40 Amorphous Cut Core,EUR,30,36.97,0,1,,,Ferrite Cores & Accessories 52x102x40 Amorphous Cut Core,https://eu.mouser.com/en/c/?q=AMCC0&m=Proterial,,2026-09-30T22:29:21.794Z,,,950.0,Metglas POWERLITE C-Cores catalogue weight column (g) for AMCC-80; Mouser MPN AMCC0080 mapped by number,"https://download.siliconexpert.com/pdfs/2012/12/12/6/59/11/344/mtgls_/manual/amcc-25bob.pdf (Metglas Inc. document, SiliconExpert copy) @ 2026-09-30T22:30:49Z",FeSi,"MAS material ""Metglas 2605SA1""",1.1355,"ECB euro reference rates 2026-09-30 (extra/ecb.xml, fetched 2026-09-30T20:12:47Z)",41.9794
Mouser Europe (eu.mouser.com),Mouser Europe search listing via headless browser (www.mouser.com and API blocked),Proterial,AMCC0400,205-AMCC0400,Metglas 2605SA1,amorphous: FeSi,C,AMCC-400,"per core set (C-core pair, unverified)",Ferrite Cores & Accessories 79x129x65 Amorphous Cut Core,EUR,1,97.66,1,0,,,Ferrite Cores & Accessories 79x129x65 Amorphous Cut Core,https://eu.mouser.com/en/c/?q=AMCC0&m=Proterial,,2026-09-30T22:29:21.794Z,,,2820.0,Metglas POWERLITE C-Cores catalogue weight column (g) for AMCC-400; Mouser MPN AMCC0400 mapped by number,"https://download.siliconexpert.com/pdfs/2012/12/12/6/59/11/344/mtgls_/manual/amcc-25bob.pdf (Metglas Inc. document, SiliconExpert copy) @ 2026-09-30T22:30:49Z",FeSi,"MAS material ""Metglas 2605SA1""",1.1355,"ECB euro reference rates 2026-09-30 (extra/ecb.xml, fetched 2026-09-30T20:12:47Z)",110.8929
Mouser Europe (eu.mouser.com),Mouser Europe search listing via headless browser (www.mouser.com and API blocked),Proterial,AMCC0400,205-AMCC0400,Metglas 2605SA1,amorphous: FeSi,C,AMCC-400,"per core set (C-core pair, unverified)",Ferrite Cores & Accessories 79x129x65 Amorphous Cut Core,EUR,10,89.89,0,1,,,Ferrite Cores & Accessories 79x129x65 Amorphous Cut Core,https://eu.mouser.com/en/c/?q=AMCC0&m=Proterial,,2026-09-30T22:29:21.794Z,,,2820.0,Metglas POWERLITE C-Cores catalogue weight column (g) for AMCC-400; Mouser MPN AMCC0400 mapped by number,"https://download.siliconexpert.com/pdfs/2012/12/12/6/59/11/344/mtgls_/manual/amcc-25bob.pdf (Metglas Inc. document, SiliconExpert copy) @ 2026-09-30T22:30:49Z",FeSi,"MAS material ""Metglas 2605SA1""",1.1355,"ECB euro reference rates 2026-09-30 (extra/ecb.xml, fetched 2026-09-30T20:12:47Z)",102.0701
Mouser Europe (eu.mouser.com),Mouser Europe search listing via headless browser (www.mouser.com and API blocked),Proterial,AMCC016B,205-AMCC016B,Metglas 2605SA1,amorphous: FeSi,C,AMCC-16B,"per core set (C-core pair, unverified)",Ferrite Cores & Accessories 35x72x25 Amorphous Cut Core,EUR,1,26.87,1,0,,,Ferrite Cores & Accessories 35x72x25 Amorphous Cut Core,https://eu.mouser.com/en/c/?q=AMCC0&m=Proterial,,2026-09-30T22:29:21.794Z,,,280.0,Metglas POWERLITE C-Cores catalogue weight column (g) for AMCC-16B; Mouser MPN AMCC016B mapped by number,"https://download.siliconexpert.com/pdfs/2012/12/12/6/59/11/344/mtgls_/manual/amcc-25bob.pdf (Metglas Inc. document, SiliconExpert copy) @ 2026-09-30T22:30:49Z",FeSi,"MAS material ""Metglas 2605SA1""",1.1355,"ECB euro reference rates 2026-09-30 (extra/ecb.xml, fetched 2026-09-30T20:12:47Z)",30.5109
Mouser Europe (eu.mouser.com),Mouser Europe search listing via headless browser (www.mouser.com and API blocked),Proterial,AMCC016B,205-AMCC016B,Metglas 2605SA1,amorphous: FeSi,C,AMCC-16B,"per core set (C-core pair, unverified)",Ferrite Cores & Accessories 35x72x25 Amorphous Cut Core,EUR,10,20.0,0,0,,,Ferrite Cores & Accessories 35x72x25 Amorphous Cut Core,https://eu.mouser.com/en/c/?q=AMCC0&m=Proterial,,2026-09-30T22:29:21.794Z,,,280.0,Metglas POWERLITE C-Cores catalogue weight column (g) for AMCC-16B; Mouser MPN AMCC016B mapped by number,"https://download.siliconexpert.com/pdfs/2012/12/12/6/59/11/344/mtgls_/manual/amcc-25bob.pdf (Metglas Inc. document, SiliconExpert copy) @ 2026-09-30T22:30:49Z",FeSi,"MAS material ""Metglas 2605SA1""",1.1355,"ECB euro reference rates 2026-09-30 (extra/ecb.xml, fetched 2026-09-30T20:12:47Z)",22.71
Mouser Europe (eu.mouser.com),Mouser Europe search listing via headless browser (www.mouser.com and API blocked),Proterial,AMCC016B,205-AMCC016B,Metglas 2605SA1,amorphous: FeSi,C,AMCC-16B,"per core set (C-core pair, unverified)",Ferrite Cores & Accessories 35x72x25 Amorphous Cut Core,EUR,18,17.8,0,1,,,Ferrite Cores & Accessories 35x72x25 Amorphous Cut Core,https://eu.mouser.com/en/c/?q=AMCC0&m=Proterial,,2026-09-30T22:29:21.794Z,,,280.0,Metglas POWERLITE C-Cores catalogue weight column (g) for AMCC-16B; Mouser MPN AMCC016B mapped by number,"https://download.siliconexpert.com/pdfs/2012/12/12/6/59/11/344/mtgls_/manual/amcc-25bob.pdf (Metglas Inc. document, SiliconExpert copy) @ 2026-09-30T22:30:49Z",FeSi,"MAS material ""Metglas 2605SA1""",1.1355,"ECB euro reference rates 2026-09-30 (extra/ecb.xml, fetched 2026-09-30T20:12:47Z)",20.2119
Mouser Europe (eu.mouser.com),Mouser Europe search listing via headless browser (www.mouser.com and API blocked),Proterial,F3CC0040,205-F3CC0040,FT-3M,nanocrystalline: FeSi,C,F3CC0040,"per core set (C-core pair, unverified)",Ferrite Cores & Accessories 41x82x35 FINEMET Cut Core	,EUR,1,221.18,1,0,,,Ferrite Cores & Accessories 41x82x35 FINEMET Cut Core	,https://eu.mouser.com/en/c/?q=F3CC&m=Proterial,,2026-09-30T22:29:39.960Z,,,,,,FeSi,"MAS material ""FT-3M""",1.1355,"ECB euro reference rates 2026-09-30 (extra/ecb.xml, fetched 2026-09-30T20:12:47Z)",251.1499
Mouser Europe (eu.mouser.com),Mouser Europe search listing via headless browser (www.mouser.com and API blocked),Proterial,F3CC0040,205-F3CC0040,FT-3M,nanocrystalline: FeSi,C,F3CC0040,"per core set (C-core pair, unverified)",Ferrite Cores & Accessories 41x82x35 FINEMET Cut Core	,EUR,12,203.59,0,1,,,Ferrite Cores & Accessories 41x82x35 FINEMET Cut Core	,https://eu.mouser.com/en/c/?q=F3CC&m=Proterial,,2026-09-30T22:29:39.960Z,,,,,,FeSi,"MAS material ""FT-3M""",1.1355,"ECB euro reference rates 2026-09-30 (extra/ecb.xml, fetched 2026-09-30T20:12:47Z)",231.1764
Mouser Europe (eu.mouser.com),Mouser Europe search listing via headless browser (www.mouser.com and API blocked),Proterial,F3CC0125,205-F3CC0125,FT-3M,nanocrystalline: FeSi,C,F3CC0125,"per core set (C-core pair, unverified)",Ferrite Cores & Accessories 63x121x35 FINEMET Cut Core	,EUR,1,384.35,1,0,,,Ferrite Cores & Accessories 63x121x35 FINEMET Cut Core	,https://eu.mouser.com/en/c/?q=F3CC&m=Proterial,,2026-09-30T22:29:39.960Z,,,,,,FeSi,"MAS material ""FT-3M""",1.1355,"ECB euro reference rates 2026-09-30 (extra/ecb.xml, fetched 2026-09-30T20:12:47Z)",436.4294
Mouser Europe (eu.mouser.com),Mouser Europe search listing via headless browser (www.mouser.com and API blocked),Proterial,F3CC0125,205-F3CC0125,FT-3M,nanocrystalline: FeSi,C,F3CC0125,"per core set (C-core pair, unverified)",Ferrite Cores & Accessories 63x121x35 FINEMET Cut Core	,EUR,12,353.78,0,1,,,Ferrite Cores & Accessories 63x121x35 FINEMET Cut Core	,https://eu.mouser.com/en/c/?q=F3CC&m=Proterial,,2026-09-30T22:29:39.960Z,,,,,,FeSi,"MAS material ""FT-3M""",1.1355,"ECB euro reference rates 2026-09-30 (extra/ecb.xml, fetched 2026-09-30T20:12:47Z)",401.7172
Mouser Europe (eu.mouser.com),Mouser Europe search listing via headless browser (www.mouser.com and API blocked),Proterial,F3CC06.3,205-F3CC06.3,FT-3M,nanocrystalline: FeSi,C,F3CC06.3,"per core set (C-core pair, unverified)",Ferrite Cores & Accessories 31x53x20 FINEMET Cut Core	,EUR,1,141.21,1,0,,,Ferrite Cores & Accessories 31x53x20 FINEMET Cut Core	,https://eu.mouser.com/en/c/?q=F3CC&m=Proterial,,2026-09-30T22:29:39.960Z,,,,,,FeSi,"MAS material ""FT-3M""",1.1355,"ECB euro reference rates 2026-09-30 (extra/ecb.xml, fetched 2026-09-30T20:12:47Z)",160.344
Mouser Europe (eu.mouser.com),Mouser Europe search listing via headless browser (www.mouser.com and API blocked),Proterial,F3CC06.3,205-F3CC06.3,FT-3M,nanocrystalline: FeSi,C,F3CC06.3,"per core set (C-core pair, unverified)",Ferrite Cores & Accessories 31x53x20 FINEMET Cut Core	,EUR,10,129.98,0,1,,,Ferrite Cores & Accessories 31x53x20 FINEMET Cut Core	,https://eu.mouser.com/en/c/?q=F3CC&m=Proterial,,2026-09-30T22:29:39.960Z,,,,,,FeSi,"MAS material ""FT-3M""",1.1355,"ECB euro reference rates 2026-09-30 (extra/ecb.xml, fetched 2026-09-30T20:12:47Z)",147.5923
Mouser Europe (eu.mouser.com),Mouser Europe search listing via headless browser (www.mouser.com and API blocked),Proterial,F3CC0050,205-F3CC0050,FT-3M,nanocrystalline: FeSi,C,F3CC0050,"per core set (C-core pair, unverified)",Ferrite Cores & Accessories 52x102x25 FINEMET Cut Core	,EUR,1,238.44,1,0,,,Ferrite Cores & Accessories 52x102x25 FINEMET Cut Core	,https://eu.mouser.com/en/c/?q=F3CC&m=Proterial,,2026-09-30T22:29:39.960Z,,,,,,FeSi,"MAS material ""FT-3M""",1.1355,"ECB euro reference rates 2026-09-30 (extra/ecb.xml, fetched 2026-09-30T20:12:47Z)",270.7486
Mouser Europe (eu.mouser.com),Mouser Europe search listing via headless browser (www.mouser.com and API blocked),Proterial,F3CC0050,205-F3CC0050,FT-3M,nanocrystalline: FeSi,C,F3CC0050,"per core set (C-core pair, unverified)",Ferrite Cores & Accessories 52x102x25 FINEMET Cut Core	,EUR,9,219.47,0,1,,,Ferrite Cores & Accessories 52x102x25 FINEMET Cut Core	,https://eu.mouser.com/en/c/?q=F3CC&m=Proterial,,2026-09-30T22:29:39.960Z,,,,,,FeSi,"MAS material ""FT-3M""",1.1355,"ECB euro reference rates 2026-09-30 (extra/ecb.xml, fetched 2026-09-30T20:12:47Z)",249.2082
Mouser Europe (eu.mouser.com),Mouser Europe search listing via headless browser (www.mouser.com and API blocked),Proterial,F3CC016A,205-F3CC016A,FT-3M,nanocrystalline: FeSi,C,F3CC016A,"per core set (C-core pair, unverified)",Ferrite Cores & Accessories 35x62x25 FINEMET Cut Core	,EUR,1,161.59,1,0,,,Ferrite Cores & Accessories 35x62x25 FINEMET Cut Core	,https://eu.mouser.com/en/c/?q=F3CC&m=Proterial,,2026-09-30T22:29:39.960Z,,,,,,FeSi,"MAS material ""FT-3M""",1.1355,"ECB euro reference rates 2026-09-30 (extra/ecb.xml, fetched 2026-09-30T20:12:47Z)",183.4854
Mouser Europe (eu.mouser.com),Mouser Europe search listing via headless browser (www.mouser.com and API blocked),Proterial,F3CC016A,205-F3CC016A,FT-3M,nanocrystalline: FeSi,C,F3CC016A,"per core set (C-core pair, unverified)",Ferrite Cores & Accessories 35x62x25 FINEMET Cut Core	,EUR,10,148.73,0,1,,,Ferrite Cores & Accessories 35x62x25 FINEMET Cut Core	,https://eu.mouser.com/en/c/?q=F3CC&m=Proterial,,2026-09-30T22:29:39.960Z,,,,,,FeSi,"MAS material ""FT-3M""",1.1355,"ECB euro reference rates 2026-09-30 (extra/ecb.xml, fetched 2026-09-30T20:12:47Z)",168.8829
Mouser Europe (eu.mouser.com),Mouser Europe search listing via headless browser (www.mouser.com and API blocked),Proterial,F3CC0010,205-F3CC0010,FT-3M,nanocrystalline: FeSi,C,F3CC0010,"per core set (C-core pair, unverified)",Ferrite Cores & Accessories 35x62x20 FINEMET Cut Core	,EUR,40,140.07,0,1,,,Ferrite Cores & Accessories 35x62x20 FINEMET Cut Core	,https://eu.mouser.com/en/c/?q=F3CC&m=Proterial,,2026-09-30T22:29:39.960Z,,,,,,FeSi,"MAS material ""FT-3M""",1.1355,"ECB euro reference rates 2026-09-30 (extra/ecb.xml, fetched 2026-09-30T20:12:47Z)",159.0495
Mouser Europe (eu.mouser.com),Mouser Europe search listing via headless browser (www.mouser.com and API blocked),Proterial,F3CC0020,205-F3CC0020,FT-3M,nanocrystalline: FeSi,C,F3CC0020,"per core set (C-core pair, unverified)",Ferrite Cores & Accessories 35x72x30 FINEMET Cut Core	,EUR,24,166.04,0,1,,,Ferrite Cores & Accessories 35x72x30 FINEMET Cut Core	,https://eu.mouser.com/en/c/?q=F3CC&m=Proterial,,2026-09-30T22:29:39.960Z,,,,,,FeSi,"MAS material ""FT-3M""",1.1355,"ECB euro reference rates 2026-09-30 (extra/ecb.xml, fetched 2026-09-30T20:12:47Z)",188.5384
Mouser Europe (eu.mouser.com),Mouser Europe search listing via headless browser (www.mouser.com and API blocked),Proterial,F3CC0063,205-F3CC0063,FT-3M,nanocrystalline: FeSi,C,F3CC0063,"per core set (C-core pair, unverified)",Ferrite Cores & Accessories 52x102x30 FINEMET Cut Core	,EUR,27,244.03,0,1,,,Ferrite Cores & Accessories 52x102x30 FINEMET Cut Core	,https://eu.mouser.com/en/c/?q=F3CC&m=Proterial,,2026-09-30T22:29:39.960Z,,,,,,FeSi,"MAS material ""FT-3M""",1.1355,"ECB euro reference rates 2026-09-30 (extra/ecb.xml, fetched 2026-09-30T20:12:47Z)",277.0961
Mouser Europe (eu.mouser.com),Mouser Europe search listing via headless browser (www.mouser.com and API blocked),Proterial,F3CC0032,205-F3CC0032,FT-3M,nanocrystalline: FeSi,C,F3CC0032,"per core set (C-core pair, unverified)",Ferrite Cores & Accessories 41x82x30 FINEMET Cut Core	,EUR,24,190.61,0,1,,,Ferrite Cores & Accessories 41x82x30 FINEMET Cut Core	,https://eu.mouser.com/en/c/?q=F3CC&m=Proterial,,2026-09-30T22:29:39.960Z,,,,,,FeSi,"MAS material ""FT-3M""",1.1355,"ECB euro reference rates 2026-09-30 (extra/ecb.xml, fetched 2026-09-30T20:12:47Z)",216.4377
Mouser Europe (eu.mouser.com),Mouser Europe search listing via headless browser (www.mouser.com and API blocked),Proterial,F3CC016B,205-F3CC016B,FT-3M,nanocrystalline: FeSi,C,F3CC016B,"per core set (C-core pair, unverified)",Ferrite Cores & Accessories 35x72x25 FINEMET Cut Core	,EUR,36,154.5,0,1,,,Ferrite Cores & Accessories 35x72x25 FINEMET Cut Core	,https://eu.mouser.com/en/c/?q=F3CC&m=Proterial,,2026-09-30T22:29:39.960Z,,,,,,FeSi,"MAS material ""FT-3M""",1.1355,"ECB euro reference rates 2026-09-30 (extra/ecb.xml, fetched 2026-09-30T20:12:47Z)",175.4347
Mouser Europe (eu.mouser.com),Mouser Europe search listing via headless browser (www.mouser.com and API blocked),Proterial,F3CC0025,205-F3CC0025,FT-3M,nanocrystalline: FeSi,C,F3CC0025,"per core set (C-core pair, unverified)",Ferrite Cores & Accessories 41x82x25 FINEMET Cut Core	,EUR,36,176.15,0,1,,,Ferrite Cores & Accessories 41x82x25 FINEMET Cut Core	,https://eu.mouser.com/en/c/?q=F3CC&m=Proterial,,2026-09-30T22:29:39.960Z,,,,,,FeSi,"MAS material ""FT-3M""",1.1355,"ECB euro reference rates 2026-09-30 (extra/ecb.xml, fetched 2026-09-30T20:12:47Z)",200.0183
Mouser Europe (eu.mouser.com),Mouser Europe search listing via headless browser (www.mouser.com and API blocked),Proterial,F3CC0008,205-F3CC0008,FT-3M,nanocrystalline: FeSi,C,F3CC0008,"per core set (C-core pair, unverified)",Ferrite Cores & Accessories 35x52x20 FINEMET Cut Core	,EUR,40,134.28,0,1,,,Ferrite Cores & Accessories 35x52x20 FINEMET Cut Core	,https://eu.mouser.com/en/c/?q=F3CC&m=Proterial,,2026-09-30T22:29:39.960Z,,,,,,FeSi,"MAS material ""FT-3M""",1.1355,"ECB euro reference rates 2026-09-30 (extra/ecb.xml, fetched 2026-09-30T20:12:47Z)",152.4749
