{
    "Table 2": {
        "InhomogeneusField": [[330, 0.00001], [400, 0.00002], [500, 0.00004], [600, 0.00006], [800, 0.0001], [1000, 0.00015], [1200, 0.00025], [1500, 0.0005], [2000, 0.001], [2500, 0.0015], [3000, 0.002], [4000, 0.0012], [5000, 0.0015], [6000, 0.002]],
        "HomogeneusField": [[330, 0.00001], [400, 0.00002], [500, 0.00004], [600, 0.00006], [800, 0.0001], [1000, 0.00015], [1200, 0.0002], [1500, 0.0003], [2000, 0.00045], [2500, 0.0006], [3000, 0.0008]]
    },
    "Table 3": {
        "InhomogeneusField": [[40, 0.000001], [60, 0.000002], [100, 0.000003], [120, 0.000004], [150, 0.000005], [200, 0.000006], [250, 0.000008], [330, 0.00001], [400, 0.00002], [500, 0.00004], [600, 0.00006], [800, 0.00013], [1000, 0.00026], [1200, 0.00042], [1500, 0.00076], [2000, 0.00127], [2500, 0.0018], [3000, 0.0024], [4000, 0.0012], [5000, 0.0015], [6000, 0.002]],
        "HomogeneusField": [[40, 0.000001], [60, 0.000002], [100, 0.000003], [120, 0.000004], [150, 0.000005], [200, 0.000006], [250, 0.000008], [330, 0.00001], [400, 0.00002], [500, 0.00004], [600, 0.00006], [800, 0.0001], [1000, 0.00015], [1200, 0.0002], [1500, 0.0003], [2000, 0.00045], [2500, 0.0006], [3000, 0.0008]]
    },
    "Table 4": {
        "P1": {
            "Group I": [[40, 0.000025], [50, 0.000025], [63, 0.00004], [80, 0.000063], [100, 0.0001], [125, 0.00016], [160, 0.00025], [200, 0.0004], [250, 0.00056], [320, 0.00075], [400, 0.001], [500, 0.0013], [630, 0.0018], [800, 0.0024]],
            "Group II": [[40, 0.000025], [50, 0.000025], [63, 0.00004], [80, 0.000063], [100, 0.0001], [125, 0.00016], [160, 0.00025], [200, 0.0004], [250, 0.00056], [320, 0.00075], [400, 0.001], [500, 0.0013], [630, 0.0018], [800, 0.0024]],
            "Group IIIA": [[40, 0.000025], [50, 0.000025], [63, 0.00004], [80, 0.000063], [100, 0.0001], [125, 0.00016], [160, 0.00025], [200, 0.0004], [250, 0.00056], [320, 0.00075], [400, 0.001], [500, 0.0013], [630, 0.0018], [800, 0.0024]],
            "Group IIIB": [[40, 0.000025], [50, 0.000025], [63, 0.00004], [80, 0.000063], [100, 0.0001], [125, 0.00016], [160, 0.00025], [200, 0.0004], [250, 0.00056], [320, 0.00075], [400, 0.001], [500, 0.0013], [630, 0.0018], [800, 0.0024]]
        },
        "P2": {
            "Group I": [[40, 0.00004], [50, 0.00004], [63, 0.000063], [80, 0.0001], [100, 0.00016], [125, 0.00025], [160, 0.0004], [200, 0.00063], [250, 0.001], [320, 0.0016], [400, 0.002]],
            "Group II": [[40, 0.00004], [50, 0.00004], [63, 0.000063], [80, 0.0001], [100, 0.00016], [125, 0.00025], [160, 0.0004], [200, 0.00063], [250, 0.001], [320, 0.0016], [400, 0.002]],
            "Group IIIA": [[40, 0.00004], [50, 0.00004], [63, 0.000063], [80, 0.0001], [100, 0.00016], [125, 0.00025], [160, 0.0004], [200, 0.00063], [250, 0.001], [320, 0.0016], [400, 0.002]]
        },
        "P3": {
            "Group I": [[40, 0.001], [50, 0.001], [63, 0.001], [80, 0.001], [100, 0.00125], [125, 0.0016], [160, 0.002]],
            "Group II": [[40, 0.001], [50, 0.001], [63, 0.001], [80, 0.0011], [100, 0.0014], [125, 0.0018], [160, 0.0022]],
            "Group IIIA": [[40, 0.001], [50, 0.001], [63, 0.001], [80, 0.00125], [100, 0.0016], [125, 0.002]]
        }
    }
}
