{
    "A.2": [[2000, 1.00], [3000, 1.14], [4000, 1.29], [5000, 1.48], [6000, 1.70], [7000, 1.95], [8000, 2.25], [9000, 2.62], [10000, 3.02], [15000, 6.67], [20000, 14.5]],
    "F.1": {
        "OVC-I": [[50, 330], [100, 500], [150, 800], [300, 1500], [600, 2500], [1000, 4000], [1500, 6000]],
        "OVC-II": [[50, 500], [100, 800], [150, 1500], [300, 2500], [600, 4000], [1000, 6000], [1500, 8000]],
        "OVC-III": [[50, 800], [100, 1500], [150, 2500], [300, 4000], [600, 6000], [1000, 8000], [1500, 10000]],
        "OVC-IV": [[50, 1500], [100, 2500], [150, 4000], [300, 6000], [600, 8000], [1000, 12000], [1500, 15000]]
    },
    "F.2": {
        "InhomogeneusField": {
            "P1": [[330, 0.00001], [400, 0.00002], [500, 0.00004], [600, 0.00006], [800, 0.0001], [1000, 0.00015], [1200, 0.00025], [1500, 0.0005], [2000, 0.001], [2500, 0.0015], [3000, 0.002], [4000, 0.003], [5000, 0.004], [6000, 0.0055], [8000, 0.008], [10000, 0.011], [12000, 0.014], [15000, 0.018], [20000, 0.025], [25000, 0.033], [30000, 0.04], [40000, 0.06], [50000, 0.075], [60000, 0.09], [80000, 0.13], [100000, 0.17]],
            "P2": [[330, 0.0002], [400, 0.0002], [500, 0.0002], [600, 0.0002], [800, 0.0002], [1000, 0.0002], [1200, 0.00025], [1500, 0.0005], [2000, 0.001], [2500, 0.0015], [3000, 0.002], [4000, 0.003], [5000, 0.004], [6000, 0.0055], [8000, 0.008], [10000, 0.011], [12000, 0.014], [15000, 0.018], [20000, 0.025], [25000, 0.033], [30000, 0.04], [40000, 0.06], [50000, 0.075], [60000, 0.09], [80000, 0.13], [100000, 0.17]],
            "P3": [[330, 0.0008], [400, 0.0008], [500, 0.0008], [600, 0.0008], [800, 0.0008], [1000, 0.0008], [1200, 0.0008], [1500, 0.0008], [2000, 0.001], [2500, 0.0015], [3000, 0.002], [4000, 0.003], [5000, 0.004], [6000, 0.0055], [8000, 0.008], [10000, 0.011], [12000, 0.014], [15000, 0.018], [20000, 0.025], [25000, 0.033], [30000, 0.04], [40000, 0.06], [50000, 0.075], [60000, 0.09], [80000, 0.13], [100000, 0.17]]
        },
        "HomogeneusField": {
            "P1": [[330, 0.00001], [400, 0.00002], [500, 0.00004], [600, 0.00006], [800, 0.0001], [1000, 0.00015], [1200, 0.0002], [1500, 0.0003], [2000, 0.00045], [2500, 0.0006], [3000, 0.0008], [4000, 0.0012], [5000, 0.0015], [6000, 0.002], [8000, 0.003], [10000, 0.0035], [12000, 0.0045], [15000, 0.0055], [20000, 0.008], [25000, 0.01], [30000, 0.0125], [40000, 0.017], [50000, 0.022], [60000, 0.027], [80000, 0.035], [100000, 0.045]],
            "P2": [[330, 0.0002], [400, 0.0002], [500, 0.0002], [600, 0.0002], [800, 0.0002], [1000, 0.0002], [1200, 0.0002], [1500, 0.0003], [2000, 0.00045], [2500, 0.0006], [3000, 0.0008], [4000, 0.0012], [5000, 0.0015], [6000, 0.002], [8000, 0.003], [10000, 0.0035], [12000, 0.0045], [15000, 0.0055], [20000, 0.008], [25000, 0.01], [30000, 0.0125], [40000, 0.017], [50000, 0.022], [60000, 0.027], [80000, 0.035], [100000, 0.045]],
            "P3": [[330, 0.0008], [400, 0.0008], [500, 0.0008], [600, 0.0008], [800, 0.0008], [1000, 0.0008], [1200, 0.0008], [1500, 0.0008], [2000, 0.0008], [2500, 0.0008], [3000, 0.0008], [4000, 0.0012], [5000, 0.0015], [6000, 0.002], [8000, 0.003], [10000, 0.0035], [12000, 0.0045], [15000, 0.0055], [20000, 0.008], [25000, 0.01], [30000, 0.0125], [40000, 0.017], [50000, 0.022], [60000, 0.027], [80000, 0.035], [100000, 0.045]]
        }
    },
    "F.3": [[12.5, 12.5], [25, 25], [30, 32], [42, 50], [48, 50], [50, 50], [60, 63], [100, 100], [110, 125], [120, 125], [150, 160], [200, 200], [220, 250], [300, 320], [600, 630], [1000, 1000], [1500, 1500]],
    "F.5": {
        "Printed": {
            "P1": {
                "Group I": [[10, 0.000025], [12.5, 0.000025], [16, 0.000025], [20, 0.000025], [25, 0.000025], [32, 0.000025], [40, 0.000025], [50, 0.000025], [63, 0.000040], [80, 0.000063], [100, 0.000100], [125, 0.000160], [160, 0.000250], [200, 0.000400], [250, 0.000560], [320, 0.000750], [400, 0.001000], [500, 0.001300], [630, 0.001800], [800, 0.002400], [1000, 0.003200]],
                "Group II": [[10, 0.000025], [12.5, 0.000025], [16, 0.000025], [20, 0.000025], [25, 0.000025], [32, 0.000025], [40, 0.000025], [50, 0.000025], [63, 0.000040], [80, 0.000063], [100, 0.000100], [125, 0.000160], [160, 0.000250], [200, 0.000400], [250, 0.000560], [320, 0.000750], [400, 0.001000], [500, 0.001300], [630, 0.001800], [800, 0.002400], [1000, 0.003200]],
                "Group IIIA": [[10, 0.000025], [12.5, 0.000025], [16, 0.000025], [20, 0.000025], [25, 0.000025], [32, 0.000025], [40, 0.000025], [50, 0.000025], [63, 0.000040], [80, 0.000063], [100, 0.000100], [125, 0.000160], [160, 0.000250], [200, 0.000400], [250, 0.000560], [320, 0.000750], [400, 0.001000], [500, 0.001300], [630, 0.001800], [800, 0.002400], [1000, 0.003200]],
                "Group IIIB": [[10, 0.000025], [12.5, 0.000025], [16, 0.000025], [20, 0.000025], [25, 0.000025], [32, 0.000025], [40, 0.000025], [50, 0.000025], [63, 0.000040], [80, 0.000063], [100, 0.000100], [125, 0.000160], [160, 0.000250], [200, 0.000400], [250, 0.000560], [320, 0.000750], [400, 0.001000], [500, 0.001300], [630, 0.001800], [800, 0.002400], [1000, 0.003200]]
            },
            "P2": {
                "Group I": [[10, 0.000040], [12.5, 0.000040], [16, 0.000040], [20, 0.000040], [25, 0.000040], [32, 0.000040], [40, 0.000040], [50, 0.000040], [63, 0.000063], [80, 0.000100], [100, 0.000160], [125, 0.000250], [160, 0.000400], [200, 0.000630], [250, 0.001000], [320, 0.001600], [400, 0.002000], [500, 0.002500], [630, 0.003200], [800, 0.004000], [1000, 0.005000]],
                "Group II": [[10, 0.000040], [12.5, 0.000040], [16, 0.000040], [20, 0.000040], [25, 0.000040], [32, 0.000040], [40, 0.000040], [50, 0.000040], [63, 0.000063], [80, 0.000100], [100, 0.000160], [125, 0.000250], [160, 0.000400], [200, 0.000630], [250, 0.001000], [320, 0.001600], [400, 0.002000], [500, 0.002500], [630, 0.003200], [800, 0.004000], [1000, 0.005000]],
                "Group IIIA": [[10, 0.000040], [12.5, 0.000040], [16, 0.000040], [20, 0.000040], [25, 0.000040], [32, 0.000040], [40, 0.000040], [50, 0.000040], [63, 0.000063], [80, 0.000100], [100, 0.000160], [125, 0.000250], [160, 0.000400], [200, 0.000630], [250, 0.001000], [320, 0.001600], [400, 0.002000], [500, 0.002500], [630, 0.003200], [800, 0.004000], [1000, 0.005000]]
            }
        },
        "Wound": {
            "P1": {
                "Group I": [[10, 0.000080], [12.5, 0.000090], [16, 0.000100], [20, 0.000110], [25, 0.000125], [32, 0.000140], [40, 0.000160], [50, 0.000180], [63, 0.000200], [80, 0.000220], [100, 0.000250], [125, 0.000280], [160, 0.000320], [200, 0.000420], [250, 0.000560], [320, 0.000750], [400, 0.001000], [500, 0.001300], [630, 0.001800], [800, 0.002400], [1000, 0.003200], [1250, 0.004200], [1600, 0.005600], [2000, 0.007500], [2500, 0.010000], [3200, 0.012500], [4000, 0.016], [5000, 0.02], [6300, 0.025], [8000, 0.032], [10000, 0.04], [12500, 0.05], [16000, 0.063], [20000, 0.08], [25000, 0.1], [32000, 0.125], [40000, 0.16], [50000, 0.2], [63000, 0.25]],
                "Group II": [[10, 0.000080], [12.5, 0.000090], [16, 0.000100], [20, 0.000110], [25, 0.000125], [32, 0.000140], [40, 0.000160], [50, 0.000180], [63, 0.000200], [80, 0.000220], [100, 0.000250], [125, 0.000280], [160, 0.000320], [200, 0.000420], [250, 0.000560], [320, 0.000750], [400, 0.001000], [500, 0.001300], [630, 0.001800], [800, 0.002400], [1000, 0.003200], [1250, 0.004200], [1600, 0.005600], [2000, 0.007500], [2500, 0.010000], [3200, 0.012500], [4000, 0.016], [5000, 0.02], [6300, 0.025], [8000, 0.032], [10000, 0.04], [12500, 0.05], [16000, 0.063], [20000, 0.08], [25000, 0.1], [32000, 0.125], [40000, 0.16], [50000, 0.2], [63000, 0.25]],