{
  "Table 2": {
    "InhomogeneusField": [
      [
        330,
        1e-05
      ],
      [
        400,
        2e-05
      ],
      [
        500,
        4e-05
      ],
      [
        600,
        6e-05
      ],
      [
        800,
        0.0001
      ],
      [
        1000,
        0.00015
      ],
      [
        1200,
        0.00025
      ],
      [
        1500,
        0.0005
      ],
      [
        2000,
        0.001
      ],
      [
        2500,
        0.0015
      ],
      [
        3000,
        0.002
      ],
      [
        4000,
        0.0012
      ],
      [
        5000,
        0.0015
      ],
      [
        6000,
        0.002
      ]
    ],
    "HomogeneusField": [
      [
        330,
        1e-05
      ],
      [
        400,
        2e-05
      ],
      [
        500,
        4e-05
      ],
      [
        600,
        6e-05
      ],
      [
        800,
        0.0001
      ],
      [
        1000,
        0.00015
      ],
      [
        1200,
        0.0002
      ],
      [
        1500,
        0.0003
      ],
      [
        2000,
        0.00045
      ],
      [
        2500,
        0.0006
      ],
      [
        3000,
        0.0008
      ]
    ]
  },
  "Table 3": {
    "InhomogeneusField": [
      [
        40,
        1e-06
      ],
      [
        60,
        2e-06
      ],
      [
        100,
        3e-06
      ],
      [
        120,
        4e-06
      ],
      [
        150,
        5e-06
      ],
      [
        200,
        6e-06
      ],
      [
        250,
        8e-06
      ],
      [
        330,
        1e-05
      ],
      [
        400,
        2e-05
      ],
      [
        500,
        4e-05
      ],
      [
        600,
        6e-05
      ],
      [
        800,
        0.00013
      ],
      [
        1000,
        0.00026
      ],
      [
        1200,
        0.00042
      ],
      [
        1500,
        0.00076
      ],
      [
        2000,
        0.00127
      ],
      [
        2500,
        0.0018
      ],
      [
        3000,
        0.0024
      ],
      [
        4000,
        0.0012
      ],
      [
        5000,
        0.0015
      ],
      [
        6000,
        0.002
      ]
    ],
    "HomogeneusField": [
      [
        40,
        1e-06
      ],
      [
        60,
        2e-06
      ],
      [
        100,
        3e-06
      ],
      [
        120,
        4e-06
      ],
      [
        150,
        5e-06
      ],
      [
        200,
        6e-06
      ],
      [
        250,
        8e-06
      ],
      [
        330,
        1e-05
      ],
      [
        400,
        2e-05
      ],
      [
        500,
        4e-05
      ],
      [
        600,
        6e-05
      ],
      [
        800,
        0.0001
      ],
      [
        1000,
        0.00015
      ],
      [
        1200,
        0.0002
      ],
      [
        1500,
        0.0003
      ],
      [
        2000,
        0.00045
      ],
      [
        2500,
        0.0006
      ],
      [
        3000,
        0.0008
      ]
    ]
  },
  "Table 4": {
    "PD1": {
      "groupI": [
        [
          40,
          2.5e-05
        ],
        [
          50,
          2.5e-05
        ],
        [
          63,
          4e-05
        ],
        [
          80,
          6.3e-05
        ],
        [
          100,
          0.0001
        ],
        [
          125,
          0.00016
        ],
        [
          160,
          0.00025
        ],
        [
          200,
          0.0004
        ],
        [
          250,
          0.00056
        ],
        [
          320,
          0.00075
        ],
        [
          400,
          0.001
        ],
        [
          500,
          0.0013
        ],
        [
          630,
          0.0018
        ],
        [
          800,
          0.0024
        ]
      ],
      "groupII": [
        [
          40,
          2.5e-05
        ],
        [
          50,
          2.5e-05
        ],
        [
          63,
          4e-05
        ],
        [
          80,
          6.3e-05
        ],
        [
          100,
          0.0001
        ],
        [
          125,
          0.00016
        ],
        [
          160,
          0.00025
        ],
        [
          200,
          0.0004
        ],
        [
          250,
          0.00056
        ],
        [
          320,
          0.00075
        ],
        [
          400,
          0.001
        ],
        [
          500,
          0.0013
        ],
        [
          630,
          0.0018
        ],
        [
          800,
          0.0024
        ]
      ],
      "groupIIIA": [
        [
          40,
          2.5e-05
        ],
        [
          50,
          2.5e-05
        ],
        [
          63,
          4e-05
        ],
        [
          80,
          6.3e-05
        ],
        [
          100,
          0.0001
        ],
        [
          125,
          0.00016
        ],
        [
          160,
          0.00025
        ],
        [
          200,
          0.0004
        ],
        [
          250,
          0.00056
        ],
        [
          320,
          0.00075
        ],
        [
          400,
          0.001
        ],
        [
          500,
          0.0013
        ],
        [
          630,
          0.0018
        ],
        [
          800,
          0.0024
        ]
      ],
      "groupIIIB": [
        [
          40,
          2.5e-05
        ],
        [
          50,
          2.5e-05
        ],
        [
          63,
          4e-05
        ],
        [
          80,
          6.3e-05
        ],
        [
          100,
          0.0001
        ],
        [
          125,
          0.00016
        ],
        [
          160,
          0.00025
        ],
        [
          200,
          0.0004
        ],
        [
          250,
          0.00056
        ],
        [
          320,
          0.00075
        ],
        [
          400,
          0.001
        ],
        [
          500,
          0.0013
        ],
        [
          630,
          0.0018
        ],
        [
          800,
          0.0024
        ]
      ]
    },
    "PD2": {
      "groupI": [
        [
          40,
          4e-05
        ],
        [
          50,
          4e-05
        ],
        [
          63,
          6.3e-05
        ],
        [
          80,
          0.0001
        ],
        [
          100,
          0.00016
        ],
        [
          125,
          0.00025
        ],
        [
          160,
          0.0004
        ],
        [
          200,
          0.00063
        ],
        [
          250,
          0.001
        ],
        [
          320,
          0.0016
        ],
        [
          400,
          0.002
        ]
      ],
      "groupII": [
        [
          40,
          4e-05
        ],
        [
          50,
          4e-05
        ],
        [
          63,
          6.3e-05
        ],
        [
          80,
          0.0001
        ],
        [
          100,
          0.00016
        ],
        [
          125,
          0.00025
        ],
        [
          160,
          0.0004
        ],
        [
          200,
          0.00063
        ],
        [
          250,
          0.001
        ],
        [
          320,
          0.0016
        ],
        [
          400,
          0.002
        ]
      ],