{
    "Table 7": {
        "BASIC": [[150, 1250], [250, 1250]],
        "SUPPLEMENTARY": [[150, 1250], [250, 1750]],
        "REINFORCED": [[150, 2500], [250, 3000]],
        "DOUBLE": [[150, 2500], [250, 3000]]
    },
    "Table 15": {
        "OVC_I": [[50, 330], [150, 800], [300, 1500]],
        "OVC_II": [[50, 500], [150, 1500], [300, 2500]],
        "OVC_III": [[50, 800], [150, 2500], [300, 4000]]
    },
    "Table 16": [[330, 0.0005], [500, 0.0005], [800, 0.0005], [1500, 0.0005], [2500, 0.0015], [4000, 0.003], [6000, 0.0055], [8000, 0.008], [10000, 0.011]],
    "Table 17": {
        "P1": {
            "GROUP_I": [[50, 0.00018], [125, 0.00028], [250, 0.00056], [400, 0.001], [500, 0.0013], [800, 0.0018], [1000, 0.0024], [1250, 0.0032], [1600, 0.0042], [2000, 0.0056], [2500, 0.0075], [3200, 0.01], [4000, 0.0125], [5000, 0.016], [6300, 0.02], [8000, 0.025], [10000, 0.032], [12500, 0.04]],
            "GROUP_II": [[50, 0.00018], [125, 0.00028], [250, 0.00056], [400, 0.001], [500, 0.0013], [800, 0.0018], [1000, 0.0024], [1250, 0.0032], [1600, 0.0042], [2000, 0.0056], [2500, 0.0075], [3200, 0.01], [4000, 0.0125], [5000, 0.016], [6300, 0.02], [8000, 0.025], [10000, 0.032], [12500, 0.04]],
            "GROUP_IIIA": [[50, 0.00018], [125, 0.00028], [250, 0.00056], [400, 0.001], [500, 0.0013], [800, 0.0018], [1000, 0.0024], [1250, 0.0032], [1600, 0.0042], [2000, 0.0056], [2500, 0.0075], [3200, 0.01], [4000, 0.0125], [5000, 0.016], [6300, 0.02], [8000, 0.025], [10000, 0.032], [12500, 0.04]],
            "GROUP_IIIB": [[50, 0.00018], [125, 0.00028], [250, 0.00056], [400, 0.001], [500, 0.0013], [800, 0.0018], [1000, 0.0024], [1250, 0.0032], [1600, 0.0042], [2000, 0.0056], [2500, 0.0075], [3200, 0.01], [4000, 0.0125], [5000, 0.016], [6300, 0.02], [8000, 0.025], [10000, 0.032], [12500, 0.04]]
        },
        "P2": {
            "GROUP_I": [[50, 0.0006], [125, 0.00075], [250, 0.00125], [400, 0.002], [500, 0.0025], [800, 0.0032], [1000, 0.004], [1250, 0.005], [1600, 0.0063], [2000, 0.008], [2500, 0.01], [3200, 0.0125], [4000, 0.016], [5000, 0.02], [6300, 0.025], [8000, 0.032], [10000, 0.04], [12500, 0.05]],
            "GROUP_II": [[50, 0.00085], [125, 0.00105], [250, 0.0018], [400, 0.0028], [500, 0.0036], [800, 0.0045], [1000, 0.0056], [1250, 0.0071], [1600, 0.009], [2000, 0.011], [2500, 0.014], [3200, 0.018], [4000, 0.022], [5000, 0.028], [6300, 0.036], [8000, 0.045], [10000, 0.056], [12500, 0.071]],
            "GROUP_IIIA": [[50, 0.0012], [125, 0.0015], [250, 0.0025], [400, 0.004], [500, 0.005], [800, 0.0063], [1000, 0.008], [1250, 0.01], [1600, 0.0125], [2000, 0.016], [2500, 0.02], [3200, 0.025], [4000, 0.032], [5000, 0.04], [6300, 0.05], [8000, 0.063], [10000, 0.08], [12500, 0.1]],
            "GROUP_IIIB": [[50, 0.0012], [125, 0.0015], [250, 0.0025], [400, 0.004], [500, 0.005], [800, 0.0063], [1000, 0.008], [1250, 0.01], [1600, 0.0125], [2000, 0.016], [2500, 0.02], [3200, 0.025], [4000, 0.032], [5000, 0.04], [6300, 0.05], [8000, 0.063], [10000, 0.08], [12500, 0.1]]
        },
        "P3": {
            "GROUP_I": [[50, 0.0015], [125, 0.0019], [250, 0.0032], [400, 0.005], [500, 0.0063], [800, 0.008], [1000, 0.01], [1250, 0.0125], [1600, 0.016], [2000, 0.02], [2500, 0.025], [3200, 0.032], [4000, 0.04], [5000, 0.05], [6300, 0.063], [8000, 0.08], [10000, 0.1], [12500, 0.125]],
            "GROUP_II": [[50, 0.0017], [125, 0.0021], [250, 0.0036], [400, 0.0056], [500, 0.0071], [800, 0.009], [1000, 0.011], [1250, 0.014], [1600, 0.018], [2000, 0.022], [2500, 0.028], [3200, 0.036], [4000, 0.045], [5000, 0.056], [6300, 0.071], [8000, 0.09], [10000, 0.11], [12500, 0.14]],
            "GROUP_IIIA": [[50, 0.0019], [125, 0.0024], [250, 0.004], [400, 0.0063], [500, 0.008], [800, 0.01], [1000, 0.0125], [1250, 0.016], [1600, 0.02], [2000, 0.025], [2500, 0.032], [3200, 0.04], [4000, 0.05], [5000, 0.063], [6300, 0.08], [8000, 0.1], [10000, 0.125], [12500, 0.16]],
            "GROUP_IIIB": [[50, 0.0019]]
        }
    },
    "Table 18": {
        "P1": {
            "GROUP_I": [[10, 0.00008], [50, 0.00016], [125, 0.00025], [250, 0.00042], [400, 0.00075], [500, 0.001], [800, 0.0018], [1000, 0.0024], [1250, 0.0032], [1600, 0.0042], [2000, 0.0056], [2500, 0.0075], [3200, 0.01], [4000, 0.0125], [5000, 0.016], [6300, 0.02], [8000, 0.025], [10000, 0.032], [12500, 0.04]],
            "GROUP_II": [[10, 0.00008], [50, 0.00016], [125, 0.00025], [250, 0.00042], [400, 0.00075], [500, 0.001], [800, 0.0018], [1000, 0.0024], [1250, 0.0032], [1600, 0.0042], [2000, 0.0056], [2500, 0.0075], [3200, 0.01], [4000, 0.0125], [5000, 0.016], [6300, 0.02], [8000, 0.025], [10000, 0.032], [12500, 0.04]],
            "GROUP_IIIA": [[10, 0.00008], [50, 0.00016], [125, 0.00025], [250, 0.00042], [400, 0.00075], [500, 0.001], [800, 0.0018], [1000, 0.0024], [1250, 0.0032], [1600, 0.0042], [2000, 0.0056], [2500, 0.0075], [3200, 0.01], [4000, 0.0125], [5000, 0.016], [6300, 0.02], [8000, 0.025], [10000, 0.032], [12500, 0.04]],
            "GROUP_IIIB": [[10, 0.00008], [50, 0.00016], [125, 0.00025], [250, 0.00042], [400, 0.00075], [500, 0.001], [800, 0.0018], [1000, 0.0024], [1250, 0.0032], [1600, 0.0042], [2000, 0.0056], [2500, 0.0075], [3200, 0.01], [4000, 0.0125], [5000, 0.016], [6300, 0.02], [8000, 0.025], [10000, 0.032], [12500, 0.04]]
        },
        "P2": {
            "GROUP_I": [[10, 0.0004], [50, 0.00056], [125, 0.00071], [250, 0.001], [400, 0.0016], [500, 0.002], [800, 0.0032], [1000, 0.004], [1250, 0.005], [1600, 0.0063], [2000, 0.008], [2500, 0.01], [3200, 0.0125], [4000, 0.016], [5000, 0.02], [6300, 0.025], [8000, 0.032], [10000, 0.04], [12500, 0.05]],
            "GROUP_II": [[10, 0.0004], [50, 0.0008], [125, 0.001], [250, 0.0014], [400, 0.0022], [500, 0.0028], [800, 0.0045], [1000, 0.0056], [1250, 0.0071], [1600, 0.009], [2000, 0.011], [2500, 0.014], [3200, 0.018], [4000, 0.022], [5000, 0.028], [6300, 0.036], [8000, 0.045], [10000, 0.056], [12500, 0.071]],
            "GROUP_IIIA": [[10, 0.0004], [50, 0.0011], [125, 0.0014], [250, 0.002], [400, 0.0032], [500, 0.004], [800, 0.0063], [1000, 0.008], [1250, 0.01], [1600, 0.0125], [2000, 0.016], [2500, 0.02], [3200, 0.025], [4000, 0.032], [5000, 0.04], [6300, 0.05], [8000, 0.063], [10000, 0.08], [12500, 0.1]],
            "GROUP_IIIB": [[10, 0.0004], [50, 0.0011], [125, 0.0014], [250, 0.002], [400, 0.0032], [500, 0.004], [800, 0.0063], [1000, 0.008], [1250, 0.01], [1600, 0.0125], [2000, 0.016], [2500, 0.02], [3200, 0.025], [4000, 0.032], [5000, 0.04], [6300, 0.05], [8000, 0.063], [10000, 0.08], [12500, 0.1]]
        },
        "P3": {
            "GROUP_I": [[10, 0.001], [50, 0.0014], [125, 0.0018], [250, 0.0025], [400, 0.004], [500, 0.005], [800, 0.008], [1000, 0.01], [1250, 0.0125], [1600, 0.016], [2000, 0.02], [2500, 0.025], [3200, 0.032], [4000, 0.04], [5000, 0.05], [6300, 0.063], [8000, 0.08], [10000, 0.1], [12500, 0.125]],
            "GROUP_II": [[10, 0.001], [50, 0.0016], [125, 0.002], [250, 0.0028], [400, 0.0045], [500, 0.0056], [800, 0.009], [1000, 0.011], [1250, 0.014], [1600, 0.018], [2000, 0.022], [2500, 0.028], [3200, 0.036], [4000, 0.045], [5000, 0.056], [6300, 0.071], [8000, 0.09], [10000, 0.11], [12500, 0.14]],
            "GROUP_IIIA": [[10, 0.001], [50, 0.0018], [125, 0.0022], [250, 0.0032], [400, 0.005], [500, 0.0063], [800, 0.01], [1000, 0.0125], [1250, 0.016], [1600, 0.02], [2000, 0.025], [2500, 0.032], [3200, 0.04], [4000, 0.05], [5000, 0.063], [6300, 0.08], [8000, 0.1], [10000, 0.125], [12500, 0.16]],
            "GROUP_IIIB": [[10, 0.001], [50, 0.0018]]
        }
    },
    "Table 19": {
        "OVC_I": [[50, 0.00001], [150, 0.0001], [300, 0.0003]],
        "OVC_II": [[50, 0.00004], [150, 0.0003], [300, 0.0006]],
        "OVC_III": [[50, 0.0001], [150, 0.0006], [300, 0.0012]]
    }
}