{
    "Table 10": {
        "Basic": {
            "P1": [[330, 0.00001], [400, 0.00002], [500, 0.00004], [600, 0.00006], [800, 0.00013], [1000, 0.00026], [1200, 0.00042], [1500, 0.00076], [2000, 0.00127], [2500, 0.0018], [3000, 0.0024], [4000, 0.0038], [5000, 0.0057], [6000, 0.0079], [8000, 0.011], [10000, 0.0152], [12000, 0.019], [15000, 0.025], [20000, 0.034], [25000, 0.044], [30000, 0.055], [40000, 0.077], [50000, 0.1], [60000, 0.12], [80000, 0.175], [100000, 0.23]],
            "P2": [[330, 0.0002], [400, 0.0002], [500, 0.0002], [600, 0.0002], [800, 0.0002], [1000, 0.00026], [1200, 0.00042], [1500, 0.00076], [2000, 0.00127], [2500, 0.0018], [3000, 0.0024], [4000, 0.0038], [5000, 0.0057], [6000, 0.0079], [8000, 0.011], [10000, 0.0152], [12000, 0.019], [15000, 0.025], [20000, 0.034], [25000, 0.044], [30000, 0.055], [40000, 0.077], [50000, 0.1], [60000, 0.12], [80000, 0.175], [100000, 0.23]],
            "P3": [[330, 0.0008], [400, 0.0008], [500, 0.0008], [600, 0.0008], [800, 0.0008], [1000, 0.0008], [1200, 0.0008], [1500, 0.0008], [2000, 0.00127], [2500, 0.0018], [3000, 0.0024], [4000, 0.0038], [5000, 0.0057], [6000, 0.0079], [8000, 0.011], [10000, 0.0152], [12000, 0.019], [15000, 0.025], [20000, 0.034], [25000, 0.044], [30000, 0.055], [40000, 0.077], [50000, 0.1], [60000, 0.12], [80000, 0.175], [100000, 0.23]]
        },
        "Reinforced": {
            "P1": [[330, 0.00002], [400, 0.00004], [500, 0.00008], [600, 0.00012], [800, 0.00026], [1000, 0.00052], [1200, 0.00084], [1500, 0.00152], [2000, 0.00254], [2500, 0.0036], [3000, 0.0048], [4000, 0.0076], [5000, 0.011], [6000, 0.0158], [8000, 0.02], [10000, 0.027], [12000, 0.033], [15000, 0.042], [20000, 0.059], [25000, 0.077], [30000, 0.095], [40000, 0.131], [50000, 0.175], [60000, 0.219], [80000, 0.307], [100000, 0.395]],
            "P2": [[330, 0.0004], [400, 0.0004], [500, 0.0004], [600, 0.0004], [800, 0.0004], [1000, 0.00052], [1200, 0.00084], [1500, 0.00152], [2000, 0.00254], [2500, 0.0036], [3000, 0.0048], [4000, 0.0076], [5000, 0.011], [6000, 0.0158], [8000, 0.02], [10000, 0.027], [12000, 0.033], [15000, 0.042], [20000, 0.059], [25000, 0.077], [30000, 0.095], [40000, 0.131], [50000, 0.175], [60000, 0.219], [80000, 0.307], [100000, 0.395]],
            "P3": [[330, 0.0015], [400, 0.0015], [500, 0.0015], [600, 0.0015], [800, 0.0015], [1000, 0.0015], [1200, 0.0015], [1500, 0.0016], [2000, 0.00254], [2500, 0.0036], [3000, 0.0048], [4000, 0.0076], [5000, 0.011], [6000, 0.0158], [8000, 0.02], [10000, 0.027], [12000, 0.033], [15000, 0.042], [20000, 0.059], [25000, 0.077], [30000, 0.095], [40000, 0.131], [50000, 0.175], [60000, 0.219], [80000, 0.307], [100000, 0.395]]
        }
    },
    "Table 11": {
        "Basic": [[600, 0.00007], [800, 0.00022], [1000, 0.0006], [1200, 0.00168], [1400, 0.00282], [1600, 0.0048], [1800, 0.00804], [2000, 0.0132]],
        "Reinforced": [[600, 0.00014], [800, 0.00044], [1000, 0.0012], [1200, 0.00336], [1400, 0.00564], [1600, 0.0096], [1800, 0.01608], [2000, 0.0264]]
    },
    "Table 12": {
        "OVC_I": [[50, 330], [150, 500], [240, 800], [480, 1500], [690, 2500]],
        "OVC_II": [[50, 500], [150, 800], [240, 1500], [480, 2500], [690, 4000]],
        "OVC_III": [[50, 800], [150, 1500], [240, 2500], [480, 4000], [690, 6000]],
        "OVC_IV": [[50, 1500], [150, 2500], [240, 4000], [480, 6000], [690, 8000]]
    },
    "Table 14": {
        "Basic": {
            "P1": [[330, 0.00001], [400, 0.00002], [500, 0.00004], [600, 0.00006], [800, 0.0001], [1000, 0.00015], [1200, 0.00025], [1500, 0.0005], [2000, 0.001], [2500, 0.0015], [3000, 0.002], [4000, 0.003], [5000, 0.004], [6000, 0.0055], [8000, 0.008], [10000, 0.011], [12000, 0.014], [15000, 0.018], [20000, 0.025], [25000, 0.033], [30000, 0.04], [40000, 0.06], [50000, 0.075], [60000, 0.09], [80000, 0.13], [100000, 0.17]],
            "P2": [[330, 0.0002], [400, 0.0002], [500, 0.0002], [600, 0.0002], [800, 0.0002], [1000, 0.0002], [1200, 0.00025], [1500, 0.0005], [2000, 0.001], [2500, 0.0015], [3000, 0.002], [4000, 0.003], [5000, 0.004], [6000, 0.0055], [8000, 0.008], [10000, 0.011], [12000, 0.014], [15000, 0.018], [20000, 0.025], [25000, 0.033], [30000, 0.04], [40000, 0.06], [50000, 0.075], [60000, 0.09], [80000, 0.13], [100000, 0.17]],
            "P3": [[330, 0.0008], [400, 0.0008], [500, 0.0008], [600, 0.0008], [800, 0.0008], [1000, 0.0008], [1200, 0.0008], [1500, 0.0008], [2000, 0.001], [2500, 0.0015], [3000, 0.002], [4000, 0.003], [5000, 0.004], [6000, 0.0055], [8000, 0.008], [10000, 0.011], [12000, 0.014], [15000, 0.018], [20000, 0.025], [25000, 0.033], [30000, 0.04], [40000, 0.06], [50000, 0.075], [60000, 0.09], [80000, 0.13], [100000, 0.17]]
        },
        "Reinforced": {
            "P1": [[330, 0.00002], [400, 0.00004], [500, 0.00008], [600, 0.00012], [800, 0.0002], [1000, 0.0003], [1200, 0.0005], [1500, 0.001], [2000, 0.002], [2500, 0.003], [3000, 0.0038], [4000, 0.0055], [5000, 0.008], [6000, 0.008], [8000, 0.014], [10000, 0.019], [12000, 0.024], [15000, 0.031], [20000, 0.044], [25000, 0.06], [30000, 0.072], [40000, 0.098], [50000, 0.13], [60000, 0.162], [80000, 0.226], [100000, 0.29]],
            "P2": [[330, 0.0004], [400, 0.0004], [500, 0.0004], [600, 0.0004], [800, 0.0004], [1000, 0.0004], [1200, 0.0005], [1500, 0.001], [2000, 0.002], [2500, 0.003], [3000, 0.0038], [4000, 0.0055], [5000, 0.008], [6000, 0.008], [8000, 0.014], [10000, 0.019], [12000, 0.024], [15000, 0.031], [20000, 0.044], [25000, 0.06], [30000, 0.072], [40000, 0.098], [50000, 0.13], [60000, 0.162], [80000, 0.226], [100000, 0.29]],
            "P3": [[330, 0.0015], [400, 0.0015], [500, 0.0015], [600, 0.0015], [800, 0.0015], [1000, 0.0015], [1200, 0.0015], [1500, 0.0015], [2000, 0.002], [2500, 0.003], [3000, 0.0038], [4000, 0.0055], [5000, 0.008], [6000, 0.008], [8000, 0.014], [10000, 0.019], [12000, 0.024], [15000, 0.031], [20000, 0.044], [25000, 0.06], [30000, 0.072], [40000, 0.098], [50000, 0.13], [60000, 0.162], [80000, 0.226], [100000, 0.29]]
        }
    },
    "Table 15": [[330, 360], [500, 540], [800, 930], [1500, 1750], [2500, 2920], [4000, 4920], [6000, 7390], [8000, 9850], [12000, 14770]],
    "Table 16": [[2000, 1.00], [3000, 1.14], [4000, 1.29], [5000, 1.48]],
    "Table 17": {
        "P1": {
            "GROUP_I": [[10, 0.00008], [12.5, 0.00009], [16, 0.0001], [20, 0.00011], [25, 0.000125], [32, 0.00014], [40, 0.00016], [50, 0.00018], [63, 0.0002], [80, 0.00022], [100, 0.00025], [125, 0.00028], [160, 0.00032], [200, 0.00042], [250, 0.00056], [320, 0.00075], [400, 0.001], [500, 0.0013], [630, 0.0018], [800, 0.0024], [1000, 0.0032], [1250, 0.0042], [1600, 0.0056], [2000, 0.0075], [2500, 0.01], [3200, 0.0125], [4000, 0.016], [5000, 0.02], [6300, 0.025], [8000, 0.032], [10000, 0.04], [12500, 0.05], [16000, 0.063], [20000, 0.08], [25000, 0.1], [32000, 0.125], [40000, 0.16], [50000, 0.2], [63000, 0.25]],
            "GROUP_II": [[10, 0.00008], [12.5, 0.00009], [16, 0.0001], [20, 0.00011], [25, 0.000125], [32, 0.00014], [40, 0.00016], [50, 0.00018], [63, 0.0002], [80, 0.00022], [100, 0.00025], [125, 0.00028], [160, 0.00032], [200, 0.00042], [250, 0.00056], [320, 0.00075], [400, 0.001], [500, 0.0013], [630, 0.0018], [800, 0.0024], [1000, 0.0032], [1250, 0.0042], [1600, 0.0056], [2000, 0.0075], [2500, 0.01], [3200, 0.0125], [4000, 0.016], [5000, 0.02], [6300, 0.025], [8000, 0.032], [10000, 0.04], [12500, 0.05], [16000, 0.063], [20000, 0.08], [25000, 0.1], [32000, 0.125], [40000, 0.16], [50000, 0.2], [63000, 0.25]],